
> beat-galer@0.9.0-alpha.2 test:component:dom
> vitest run tests/component-dom --environment jsdom


[1m[46m RUN [49m[22m [36mv3.2.7 [39m[90m/home/runner/work/BeatGaler/BeatGaler[39m

[90mstdout[2m | tests/component-dom/webTransportWorker.test.ts
[22m[39m[play-trace] {"context_id":"l91tmfjg","t_ms":1137.4,"time_origin_ms":1788963446333.957,"ts_ms":1788963447471.4,"stage":"WORKER_MODULE_READY"}

[90mstdout[2m | tests/component-dom/webTransportWorkerScheduler.behavior.test.ts
[22m[39m[play-trace] {"context_id":"m9gkwifv","t_ms":1144.1,"time_origin_ms":1788963446328.211,"ts_ms":1788963447472.3,"stage":"WORKER_MODULE_READY"}

[90mstdout[2m | tests/component-dom/webTransportWorker.test.ts
[22m[39m[play-trace] {"request_id":"init","operation":"initialize","context_id":"l91tmfjg","t_ms":1139.4,"time_origin_ms":1788963446333.957,"ts_ms":1788963447473.3,"stage":"WORKER_REQUEST_RECEIVED"}
[play-trace] {"context_id":"l91tmfjg","t_ms":1139.8,"time_origin_ms":1788963446333.957,"ts_ms":1788963447473.8,"stage":"WORKER_INITIALIZE_BEGIN"}

[90mstdout[2m | tests/component-dom/webTransportWorker.test.ts
[22m[39m[play-trace] {"span_id":1,"context_id":"l91tmfjg","t_ms":1143.7,"time_origin_ms":1788963446333.957,"ts_ms":1788963447477.6,"stage":"WORKER_MTPROTO_CONNECT_BEGIN"}

[90mstdout[2m | tests/component-dom/webTransportWorker.test.ts
[22m[39m[play-trace] {"span_id":1,"elapsed_ms":0.4,"context_id":"l91tmfjg","t_ms":1144.1,"time_origin_ms":1788963446333.957,"ts_ms":1788963447478.1,"stage":"WORKER_MTPROTO_CONNECT_DONE"}
[play-trace] {"elapsed_ms":5,"context_id":"l91tmfjg","t_ms":1144.2,"time_origin_ms":1788963446333.957,"ts_ms":1788963447478.1,"stage":"DIRECT_MTPROTO_READY"}
[play-trace] {"elapsed_ms":5,"context_id":"l91tmfjg","t_ms":1144.3,"time_origin_ms":1788963446333.957,"ts_ms":1788963447478.2,"stage":"WORKER_INITIALIZE_DONE"}

[90mstdout[2m | tests/component-dom/webTransportWorkerScheduler.behavior.test.ts
[22m[39m[play-trace] {"request_id":"scheduler-init","operation":"initialize","context_id":"m9gkwifv","t_ms":1145.8,"time_origin_ms":1788963446328.211,"ts_ms":1788963447474,"stage":"WORKER_REQUEST_RECEIVED"}
[play-trace] {"context_id":"m9gkwifv","t_ms":1146.6,"time_origin_ms":1788963446328.211,"ts_ms":1788963447474.8,"stage":"WORKER_INITIALIZE_BEGIN"}

[90mstdout[2m | tests/component-dom/webTransportWorkerScheduler.behavior.test.ts
[22m[39m[play-trace] {"span_id":1,"context_id":"m9gkwifv","t_ms":1151.2,"time_origin_ms":1788963446328.211,"ts_ms":1788963447479.4,"stage":"WORKER_MTPROTO_CONNECT_BEGIN"}

[90mstdout[2m | tests/component-dom/webTransportWorkerScheduler.behavior.test.ts
[22m[39m[play-trace] {"span_id":1,"elapsed_ms":0.5,"context_id":"m9gkwifv","t_ms":1151.6,"time_origin_ms":1788963446328.211,"ts_ms":1788963447479.8,"stage":"WORKER_MTPROTO_CONNECT_DONE"}
[play-trace] {"elapsed_ms":5,"context_id":"m9gkwifv","t_ms":1151.7,"time_origin_ms":1788963446328.211,"ts_ms":1788963447479.9,"stage":"DIRECT_MTPROTO_READY"}
[play-trace] {"elapsed_ms":6,"context_id":"m9gkwifv","t_ms":1151.8,"time_origin_ms":1788963446328.211,"ts_ms":1788963447480,"stage":"WORKER_INITIALIZE_DONE"}

[90mstdout[2m | tests/component-dom/webPlaybackSource.test.ts[2m > [22m[2mWeb MASTER playback source[2m > [22m[2mreplays completed MSE audio from retained bytes with a fresh Blob URL
[22m[39m[play-trace] {"beat_id":"beat-1","mime_type":"audio/mpeg","mode":"mse","context_id":"p87kl1uz","t_ms":1142,"time_origin_ms":1788963446340.406,"ts_ms":1788963447482.4,"stage":"SOURCE_PREPARE"}
[play-trace] {"beat_id":"beat-1","context_id":"p87kl1uz","t_ms":1143.5,"time_origin_ms":1788963446340.406,"ts_ms":1788963447483.9,"stage":"SOURCE_MSE_BEGIN"}
[play-trace] {"beat_id":"beat-1","mode":"mse","context_id":"p87kl1uz","t_ms":1144,"time_origin_ms":1788963446340.406,"ts_ms":1788963447484.4,"stage":"SOURCE_URL_READY"}
[play-trace] {"beat_id":"beat-1","message_id":91,"offset_bytes":0,"context_id":"p87kl1uz","t_ms":1144.1,"time_origin_ms":1788963446340.406,"ts_ms":1788963447484.5,"stage":"PLAY_STREAM_BEGIN"}

[90mstdout[2m | tests/component-dom/webPlaybackSource.test.ts[2m > [22m[2mWeb MASTER playback source[2m > [22m[2mreplays completed MSE audio from retained bytes with a fresh Blob URL
[22m[39m[play-trace] {"beat_id":"beat-1","context_id":"p87kl1uz","t_ms":1150.5,"time_origin_ms":1788963446340.406,"ts_ms":1788963447490.9,"stage":"SOURCE_MSE_SOURCEOPEN"}
[play-trace] {"beat_id":"beat-1","bytes":2,"offset_bytes":0,"context_id":"p87kl1uz","t_ms":1150.8,"time_origin_ms":1788963446340.406,"ts_ms":1788963447491.2,"stage":"PLAY_STREAM_FIRST_CHUNK"}
[play-trace] {"beat_id":"beat-1","message_id":91,"append_seq":1,"origin":"stream","bytes":2,"queue_depth":0,"context_id":"p87kl1uz","t_ms":1151.1,"time_origin_ms":1788963446340.406,"ts_ms":1788963447491.5,"stage":"SOURCE_MSE_APPEND_BEGIN"}

[90mstdout[2m | tests/component-dom/webPlaybackSource.test.ts[2m > [22m[2mWeb MASTER playback source[2m > [22m[2mreplays completed MSE audio from retained bytes with a fresh Blob URL
[22m[39m[play-trace] {"beat_id":"beat-1","message_id":91,"append_seq":1,"origin":"stream","bytes":2,"append_ms":1,"queue_depth":0,"media_source_state":"open","buffered_ranges":0,"buffered_start_s":null,"buffered_end_s":null,"buffered_duration_s":0,"context_id":"p87kl1uz","t_ms":1152.2,"time_origin_ms":1788963446340.406,"ts_ms":1788963447492.6,"stage":"SOURCE_MSE_APPEND_DONE"}

[90mstdout[2m | tests/component-dom/webPlaybackSource.test.ts[2m > [22m[2mWeb MASTER playback source[2m > [22m[2mreplays completed MSE audio from retained bytes with a fresh Blob URL
[22m[39m[play-trace] {"beat_id":"beat-1","message_id":91,"append_seq":2,"origin":"stream","bytes":2,"queue_depth":0,"context_id":"p87kl1uz","t_ms":1152.9,"time_origin_ms":1788963446340.406,"ts_ms":1788963447493.3,"stage":"SOURCE_MSE_APPEND_BEGIN"}

[90mstdout[2m | tests/component-dom/webPlaybackSource.test.ts[2m > [22m[2mWeb MASTER playback source[2m > [22m[2mreplays completed MSE audio from retained bytes with a fresh Blob URL
[22m[39m[play-trace] {"beat_id":"beat-1","message_id":91,"append_seq":2,"origin":"stream","bytes":2,"append_ms":0.7,"queue_depth":0,"media_source_state":"open","buffered_ranges":0,"buffered_start_s":null,"buffered_end_s":null,"buffered_duration_s":0,"context_id":"p87kl1uz","t_ms":1153.7,"time_origin_ms":1788963446340.406,"ts_ms":1788963447494.1,"stage":"SOURCE_MSE_APPEND_DONE"}

[90mstdout[2m | tests/component-dom/webPlaybackSource.test.ts[2m > [22m[2mWeb MASTER playback source[2m > [22m[2mreplays completed MSE audio from retained bytes with a fresh Blob URL
[22m[39m[play-trace] {"beat_id":"beat-1","message_id":91,"bytes":4,"retained_bytes":4,"context_id":"p87kl1uz","t_ms":1154.2,"time_origin_ms":1788963446340.406,"ts_ms":1788963447494.6,"stage":"SOURCE_SESSION_CACHE_READY"}
[play-trace] {"beat_id":"beat-1","message_id":91,"buffered_ahead_s":0,"stream_done":true,"context_id":"p87kl1uz","t_ms":1154.3,"time_origin_ms":1788963446340.406,"ts_ms":1788963447494.7,"stage":"PLAY_BUFFER_STABLE"}

[90mstdout[2m | tests/component-dom/webPlaybackSource.test.ts[2m > [22m[2mWeb MASTER playback source[2m > [22m[2mreplays completed MSE audio from retained bytes with a fresh Blob URL
[22m[39m[play-trace] {"beat_id":"beat-1","message_id":91,"bytes":4,"retained_bytes":4,"context_id":"p87kl1uz","t_ms":1155.5,"time_origin_ms":1788963446340.406,"ts_ms":1788963447495.9,"stage":"SOURCE_SESSION_CACHE_RETAINED"}

[90mstdout[2m | tests/component-dom/webPlaybackSource.test.ts[2m > [22m[2mWeb MASTER playback source[2m > [22m[2mreplays completed MSE audio from retained bytes with a fresh Blob URL
[22m[39m[play-trace] {"beat_id":"beat-1","mime_type":"audio/mpeg","mode":"mse","context_id":"p87kl1uz","t_ms":1155.8,"time_origin_ms":1788963446340.406,"ts_ms":1788963447496.2,"stage":"SOURCE_PREPARE"}
[play-trace] {"beat_id":"beat-1","message_id":91,"complete":true,"bytes":4,"fresh_blob_url":true,"context_id":"p87kl1uz","t_ms":1156.6,"time_origin_ms":1788963446340.406,"ts_ms":1788963447497,"stage":"SOURCE_SESSION_CACHE_HIT"}

[90mstdout[2m | tests/component-dom/webPlaybackSource.test.ts[2m > [22m[2mWeb MASTER playback source[2m > [22m[2mcoalesces all currently visible warm candidates into one batch
[22m[39m[play-trace] {"beat_id":"beat-1","message_id":1,"priority":"visible","context_id":"p87kl1uz","t_ms":1159.4,"time_origin_ms":1788963446340.406,"ts_ms":1788963447499.8,"stage":"SOURCE_PREFETCH_QUEUED"}
[play-trace] {"beat_id":"beat-2","message_id":2,"priority":"visible","context_id":"p87kl1uz","t_ms":1159.5,"time_origin_ms":1788963446340.406,"ts_ms":1788963447499.9,"stage":"SOURCE_PREFETCH_QUEUED"}
[play-trace] {"beat_id":"beat-3","message_id":3,"priority":"visible","context_id":"p87kl1uz","t_ms":1159.6,"time_origin_ms":1788963446340.406,"ts_ms":1788963447500,"stage":"SOURCE_PREFETCH_QUEUED"}
[play-trace] {"beat_id":"beat-4","message_id":4,"priority":"visible","context_id":"p87kl1uz","t_ms":1159.6,"time_origin_ms":1788963446340.406,"ts_ms":1788963447500,"stage":"SOURCE_PREFETCH_QUEUED"}
[play-trace] {"beat_id":"beat-5","message_id":5,"priority":"visible","context_id":"p87kl1uz","t_ms":1159.6,"time_origin_ms":1788963446340.406,"ts_ms":1788963447500,"stage":"SOURCE_PREFETCH_QUEUED"}
[play-trace] {"beat_id":"beat-6","message_id":6,"priority":"visible","context_id":"p87kl1uz","t_ms":1159.6,"time_origin_ms":1788963446340.406,"ts_ms":1788963447500,"stage":"SOURCE_PREFETCH_QUEUED"}
[play-trace] {"beat_id":"beat-7","message_id":7,"priority":"visible","context_id":"p87kl1uz","t_ms":1159.6,"time_origin_ms":1788963446340.406,"ts_ms":1788963447500,"stage":"SOURCE_PREFETCH_QUEUED"}
[play-trace] {"beat_id":"beat-8","message_id":8,"priority":"visible","context_id":"p87kl1uz","t_ms":1159.7,"time_origin_ms":1788963446340.406,"ts_ms":1788963447500.1,"stage":"SOURCE_PREFETCH_QUEUED"}
[play-trace] {"beat_id":"beat-9","message_id":9,"priority":"visible","context_id":"p87kl1uz","t_ms":1159.7,"time_origin_ms":1788963446340.406,"ts_ms":1788963447500.1,"stage":"SOURCE_PREFETCH_QUEUED"}
[play-trace] {"beat_id":"beat-10","message_id":10,"priority":"visible","context_id":"p87kl1uz","t_ms":1159.8,"time_origin_ms":1788963446340.406,"ts_ms":1788963447500.2,"stage":"SOURCE_PREFETCH_QUEUED"}
[play-trace] {"beat_id":"beat-11","message_id":11,"priority":"visible","context_id":"p87kl1uz","t_ms":1159.8,"time_origin_ms":1788963446340.406,"ts_ms":1788963447500.2,"stage":"SOURCE_PREFETCH_QUEUED"}
[play-trace] {"beat_id":"beat-12","message_id":12,"priority":"visible","context_id":"p87kl1uz","t_ms":1159.8,"time_origin_ms":1788963446340.406,"ts_ms":1788963447500.2,"stage":"SOURCE_PREFETCH_QUEUED"}
[play-trace] {"beat_id":"beat-13","message_id":13,"priority":"visible","context_id":"p87kl1uz","t_ms":1159.9,"time_origin_ms":1788963446340.406,"ts_ms":1788963447500.3,"stage":"SOURCE_PREFETCH_QUEUED"}
[play-trace] {"beat_id":"beat-14","message_id":14,"priority":"visible","context_id":"p87kl1uz","t_ms":1159.9,"time_origin_ms":1788963446340.406,"ts_ms":1788963447500.3,"stage":"SOURCE_PREFETCH_QUEUED"}
[play-trace] {"priority":"visible","count":14,"context_id":"p87kl1uz","t_ms":1160,"time_origin_ms":1788963446340.406,"ts_ms":1788963447500.4,"stage":"SOURCE_PREFETCH_BATCH_BEGIN"}
[play-trace] {"beat_id":"beat-1","message_id":1,"bytes":65536,"playable_seconds":0,"context_id":"p87kl1uz","t_ms":1163.9,"time_origin_ms":1788963446340.406,"ts_ms":1788963447504.3,"stage":"WARM_PREFIX_READY"}
[play-trace] {"beat_id":"beat-1","message_id":1,"bytes":65536,"playable_seconds":0,"target_met":false,"context_id":"p87kl1uz","t_ms":1164,"time_origin_ms":1788963446340.406,"ts_ms":1788963447504.4,"stage":"SOURCE_PREFETCH_READY"}
[play-trace] {"beat_id":"beat-2","message_id":2,"bytes":65536,"playable_seconds":0,"context_id":"p87kl1uz","t_ms":1164.8,"time_origin_ms":1788963446340.406,"ts_ms":1788963447505.2,"stage":"WARM_PREFIX_READY"}
[play-trace] {"beat_id":"beat-2","message_id":2,"bytes":65536,"playable_seconds":0,"target_met":false,"context_id":"p87kl1uz","t_ms":1164.9,"time_origin_ms":1788963446340.406,"ts_ms":1788963447505.3,"stage":"SOURCE_PREFETCH_READY"}
[play-trace] {"beat_id":"beat-3","message_id":3,"bytes":65536,"playable_seconds":0,"context_id":"p87kl1uz","t_ms":1165.7,"time_origin_ms":1788963446340.406,"ts_ms":1788963447506.1,"stage":"WARM_PREFIX_READY"}
[play-trace] {"beat_id":"beat-3","message_id":3,"bytes":65536,"playable_seconds":0,"target_met":false,"context_id":"p87kl1uz","t_ms":1165.7,"time_origin_ms":1788963446340.406,"ts_ms":1788963447506.1,"stage":"SOURCE_PREFETCH_READY"}
[play-trace] {"beat_id":"beat-4","message_id":4,"bytes":65536,"playable_seconds":0,"context_id":"p87kl1uz","t_ms":1166.7,"time_origin_ms":1788963446340.406,"ts_ms":1788963447507.1,"stage":"WARM_PREFIX_READY"}
[play-trace] {"beat_id":"beat-4","message_id":4,"bytes":65536,"playable_seconds":0,"target_met":false,"context_id":"p87kl1uz","t_ms":1166.7,"time_origin_ms":1788963446340.406,"ts_ms":1788963447507.1,"stage":"SOURCE_PREFETCH_READY"}
[play-trace] {"beat_id":"beat-5","message_id":5,"bytes":65536,"playable_seconds":0,"context_id":"p87kl1uz","t_ms":1168.2,"time_origin_ms":1788963446340.406,"ts_ms":1788963447508.6,"stage":"WARM_PREFIX_READY"}
[play-trace] {"beat_id":"beat-5","message_id":5,"bytes":65536,"playable_seconds":0,"target_met":false,"context_id":"p87kl1uz","t_ms":1168.2,"time_origin_ms":1788963446340.406,"ts_ms":1788963447508.7,"stage":"SOURCE_PREFETCH_READY"}
[play-trace] {"beat_id":"beat-6","message_id":6,"bytes":65536,"playable_seconds":0,"context_id":"p87kl1uz","t_ms":1169.7,"time_origin_ms":1788963446340.406,"ts_ms":1788963447510.1,"stage":"WARM_PREFIX_READY"}
[play-trace] {"beat_id":"beat-6","message_id":6,"bytes":65536,"playable_seconds":0,"target_met":false,"context_id":"p87kl1uz","t_ms":1169.7,"time_origin_ms":1788963446340.406,"ts_ms":1788963447510.1,"stage":"SOURCE_PREFETCH_READY"}
[play-trace] {"beat_id":"beat-7","message_id":7,"bytes":65536,"playable_seconds":0,"context_id":"p87kl1uz","t_ms":1170.6,"time_origin_ms":1788963446340.406,"ts_ms":1788963447511,"stage":"WARM_PREFIX_READY"}
[play-trace] {"beat_id":"beat-7","message_id":7,"bytes":65536,"playable_seconds":0,"target_met":false,"context_id":"p87kl1uz","t_ms":1170.7,"time_origin_ms":1788963446340.406,"ts_ms":1788963447511.1,"stage":"SOURCE_PREFETCH_READY"}
[play-trace] {"beat_id":"beat-8","message_id":8,"bytes":65536,"playable_seconds":0,"context_id":"p87kl1uz","t_ms":1171.5,"time_origin_ms":1788963446340.406,"ts_ms":1788963447511.9,"stage":"WARM_PREFIX_READY"}
[play-trace] {"beat_id":"beat-8","message_id":8,"bytes":65536,"playable_seconds":0,"target_met":false,"context_id":"p87kl1uz","t_ms":1171.5,"time_origin_ms":1788963446340.406,"ts_ms":1788963447511.9,"stage":"SOURCE_PREFETCH_READY"}
[play-trace] {"beat_id":"beat-9","message_id":9,"bytes":65536,"playable_seconds":0,"context_id":"p87kl1uz","t_ms":1172.4,"time_origin_ms":1788963446340.406,"ts_ms":1788963447512.8,"stage":"WARM_PREFIX_READY"}
[play-trace] {"beat_id":"beat-9","message_id":9,"bytes":65536,"playable_seconds":0,"target_met":false,"context_id":"p87kl1uz","t_ms":1172.4,"time_origin_ms":1788963446340.406,"ts_ms":1788963447512.8,"stage":"SOURCE_PREFETCH_READY"}
[play-trace] {"beat_id":"beat-10","message_id":10,"bytes":65536,"playable_seconds":0,"context_id":"p87kl1uz","t_ms":1173.3,"time_origin_ms":1788963446340.406,"ts_ms":1788963447513.7,"stage":"WARM_PREFIX_READY"}
[play-trace] {"beat_id":"beat-10","message_id":10,"bytes":65536,"playable_seconds":0,"target_met":false,"context_id":"p87kl1uz","t_ms":1173.4,"time_origin_ms":1788963446340.406,"ts_ms":1788963447513.8,"stage":"SOURCE_PREFETCH_READY"}
[play-trace] {"beat_id":"beat-11","message_id":11,"bytes":65536,"playable_seconds":0,"context_id":"p87kl1uz","t_ms":1174.2,"time_origin_ms":1788963446340.406,"ts_ms":1788963447514.6,"stage":"WARM_PREFIX_READY"}
[play-trace] {"beat_id":"beat-11","message_id":11,"bytes":65536,"playable_seconds":0,"target_met":false,"context_id":"p87kl1uz","t_ms":1174.2,"time_origin_ms":1788963446340.406,"ts_ms":1788963447514.6,"stage":"SOURCE_PREFETCH_READY"}
[play-trace] {"beat_id":"beat-12","message_id":12,"bytes":65536,"playable_seconds":0,"context_id":"p87kl1uz","t_ms":1175,"time_origin_ms":1788963446340.406,"ts_ms":1788963447515.5,"stage":"WARM_PREFIX_READY"}
[play-trace] {"beat_id":"beat-12","message_id":12,"bytes":65536,"playable_seconds":0,"target_met":false,"context_id":"p87kl1uz","t_ms":1175.1,"time_origin_ms":1788963446340.406,"ts_ms":1788963447515.5,"stage":"SOURCE_PREFETCH_READY"}
[play-trace] {"beat_id":"beat-13","message_id":13,"bytes":65536,"playable_seconds":0,"context_id":"p87kl1uz","t_ms":1175.9,"time_origin_ms":1788963446340.406,"ts_ms":1788963447516.3,"stage":"WARM_PREFIX_READY"}
[play-trace] {"beat_id":"beat-13","message_id":13,"bytes":65536,"playable_seconds":0,"target_met":false,"context_id":"p87kl1uz","t_ms":1175.9,"time_origin_ms":1788963446340.406,"ts_ms":1788963447516.3,"stage":"SOURCE_PREFETCH_READY"}
[play-trace] {"beat_id":"beat-14","message_id":14,"bytes":65536,"playable_seconds":0,"context_id":"p87kl1uz","t_ms":1176.7,"time_origin_ms":1788963446340.406,"ts_ms":1788963447517.1,"stage":"WARM_PREFIX_READY"}
[play-trace] {"beat_id":"beat-14","message_id":14,"bytes":65536,"playable_seconds":0,"target_met":false,"context_id":"p87kl1uz","t_ms":1176.7,"time_origin_ms":1788963446340.406,"ts_ms":1788963447517.1,"stage":"SOURCE_PREFETCH_READY"}

[90mstdout[2m | tests/component-dom/webPlaybackSource.test.ts[2m > [22m[2mWeb MASTER playback source[2m > [22m[2mtreats FAR as advisory and never turns an existing warm into a terminal cancellation
[22m[39m[play-trace] {"beat_id":"beat-far","message_id":41,"priority":"visible","context_id":"p87kl1uz","t_ms":1179.3,"time_origin_ms":1788963446340.406,"ts_ms":1788963447519.7,"stage":"SOURCE_PREFETCH_QUEUED"}

[90mstdout[2m | tests/component-dom/webPlaybackSource.test.ts[2m > [22m[2mWeb MASTER playback source[2m > [22m[2mtreats FAR as advisory and never turns an existing warm into a terminal cancellation
[22m[39m[play-trace] {"priority":"visible","count":1,"context_id":"p87kl1uz","t_ms":1180.4,"time_origin_ms":1788963446340.406,"ts_ms":1788963447520.8,"stage":"SOURCE_PREFETCH_BATCH_BEGIN"}

[90mstdout[2m | tests/component-dom/webTransportWorker.test.ts
[22m[39m[play-trace] {"request_id":"verify","operation":"verify","context_id":"l91tmfjg","t_ms":1192.9,"time_origin_ms":1788963446333.957,"ts_ms":1788963447526.8,"stage":"WORKER_REQUEST_RECEIVED"}

[90mstdout[2m | tests/component-dom/webTransportWorker.test.ts
[22m[39m[play-trace] {"context_id":"l91tmfjg","t_ms":1193.4,"time_origin_ms":1788963446333.957,"ts_ms":1788963447527.4,"stage":"DIRECT_BACKGROUND_GET_CHAT_OK"}

[90mstdout[2m | tests/component-dom/webPlaybackSource.test.ts[2m > [22m[2mWeb MASTER playback source[2m > [22m[2mtreats FAR as advisory and never turns an existing warm into a terminal cancellation
[22m[39m[play-trace] {"beat_id":"beat-far","message_id":41,"context_id":"p87kl1uz","t_ms":1231.5,"time_origin_ms":1788963446340.406,"ts_ms":1788963447571.9,"stage":"SOURCE_PREFETCH_FAR_ADVISORY"}

[90mstdout[2m | tests/component-dom/webPlaybackSource.test.ts[2m > [22m[2mWeb MASTER playback source[2m > [22m[2madopts any aligned partial prefix for Play and resumes at its exact byte length
[22m[39m[play-trace] {"beat_id":"beat-partial","message_id":77,"priority":"visible","context_id":"p87kl1uz","t_ms":1232.7,"time_origin_ms":1788963446340.406,"ts_ms":1788963447573.1,"stage":"SOURCE_PREFETCH_QUEUED"}

[90mstdout[2m | tests/component-dom/webPlaybackSource.test.ts[2m > [22m[2mWeb MASTER playback source[2m > [22m[2madopts any aligned partial prefix for Play and resumes at its exact byte length
[22m[39m[play-trace] {"priority":"visible","count":1,"context_id":"p87kl1uz","t_ms":1233.2,"time_origin_ms":1788963446340.406,"ts_ms":1788963447573.6,"stage":"SOURCE_PREFETCH_BATCH_BEGIN"}

[90mstdout[2m | tests/component-dom/webPlaybackSource.test.ts[2m > [22m[2mWeb MASTER playback source[2m > [22m[2madopts any aligned partial prefix for Play and resumes at its exact byte length
[22m[39m[play-trace] {"beat_id":"beat-partial","message_id":77,"bytes":65536,"playable_seconds":0,"context_id":"p87kl1uz","t_ms":1283.8,"time_origin_ms":1788963446340.406,"ts_ms":1788963447624.2,"stage":"WARM_PREFIX_READY"}
[play-trace] {"beat_id":"beat-partial","message_id":77,"bytes":65536,"playable_seconds":0,"target_met":false,"context_id":"p87kl1uz","t_ms":1283.9,"time_origin_ms":1788963446340.406,"ts_ms":1788963447624.3,"stage":"SOURCE_PREFETCH_READY"}
[play-trace] {"beat_id":"beat-partial","message_id":77,"context_id":"p87kl1uz","t_ms":1283.9,"time_origin_ms":1788963446340.406,"ts_ms":1788963447624.3,"stage":"PLAY_WARM_PROMOTED"}

[90mstdout[2m | tests/component-dom/webPlaybackSource.test.ts[2m > [22m[2mWeb MASTER playback source[2m > [22m[2madopts any aligned partial prefix for Play and resumes at its exact byte length
[22m[39m[play-trace] {"beat_id":"beat-partial","mime_type":"audio/mpeg","mode":"mse","context_id":"p87kl1uz","t_ms":1284.1,"time_origin_ms":1788963446340.406,"ts_ms":1788963447624.5,"stage":"SOURCE_PREPARE"}
[play-trace] {"beat_id":"beat-partial","context_id":"p87kl1uz","t_ms":1284.2,"time_origin_ms":1788963446340.406,"ts_ms":1788963447624.6,"stage":"SOURCE_MSE_BEGIN"}
[play-trace] {"beat_id":"beat-partial","message_id":77,"bytes":65536,"playable_seconds":0,"context_id":"p87kl1uz","t_ms":1284.3,"time_origin_ms":1788963446340.406,"ts_ms":1788963447624.7,"stage":"PLAY_PREFIX_READY"}
[play-trace] {"beat_id":"beat-partial","mode":"mse","context_id":"p87kl1uz","t_ms":1284.3,"time_origin_ms":1788963446340.406,"ts_ms":1788963447624.7,"stage":"SOURCE_URL_READY"}
[play-trace] {"beat_id":"beat-partial","message_id":77,"offset_bytes":65536,"context_id":"p87kl1uz","t_ms":1284.4,"time_origin_ms":1788963446340.406,"ts_ms":1788963447624.8,"stage":"PLAY_STREAM_BEGIN"}

[90mstdout[2m | tests/component-dom/webPlaybackSource.test.ts[2m > [22m[2mWeb MASTER playback source[2m > [22m[2mpromotes a target queued only in SourceManager without waiting for the unrelated active batch
[22m[39m[play-trace] {"beat_id":"beat-a","message_id":1,"priority":"visible","context_id":"p87kl1uz","t_ms":1286,"time_origin_ms":1788963446340.406,"ts_ms":1788963447626.4,"stage":"SOURCE_PREFETCH_QUEUED"}

[90mstdout[2m | tests/component-dom/webPlaybackSource.test.ts[2m > [22m[2mWeb MASTER playback source[2m > [22m[2mpromotes a target queued only in SourceManager without waiting for the unrelated active batch
[22m[39m[play-trace] {"priority":"visible","count":1,"context_id":"p87kl1uz","t_ms":1286.3,"time_origin_ms":1788963446340.406,"ts_ms":1788963447626.7,"stage":"SOURCE_PREFETCH_BATCH_BEGIN"}

[90mstdout[2m | tests/component-dom/webTransportWorker.test.ts[2m > [22m[2mGaler Cloud single-file Web Worker[2m > [22m[2mreads the authorized pinned library index directly
[22m[39m[play-trace] {"request_id":"get-index","context_id":"l91tmfjg","t_ms":1299.8,"time_origin_ms":1788963446333.957,"ts_ms":1788963447633.8,"stage":"INDEX_BEGIN"}

[90mstdout[2m | tests/component-dom/webTransportWorker.test.ts[2m > [22m[2mGaler Cloud single-file Web Worker[2m > [22m[2mreads the authorized pinned library index directly
[22m[39m[play-trace] {"elapsed_ms":1,"bytes":117,"request_id":"get-index","context_id":"l91tmfjg","t_ms":1300.5,"time_origin_ms":1788963446333.957,"ts_ms":1788963447634.5,"stage":"INDEX_DONE"}

[90mstdout[2m | tests/component-dom/webPlaybackSource.test.ts[2m > [22m[2mWeb MASTER playback source[2m > [22m[2mpromotes a target queued only in SourceManager without waiting for the unrelated active batch
[22m[39m[play-trace] {"beat_id":"beat-b","message_id":2,"priority":"visible","context_id":"p87kl1uz","t_ms":1337.1,"time_origin_ms":1788963446340.406,"ts_ms":1788963447677.6,"stage":"SOURCE_PREFETCH_QUEUED"}

[90mstdout[2m | tests/component-dom/webPlaybackSource.test.ts[2m > [22m[2mWeb MASTER playback source[2m > [22m[2mpromotes a target queued only in SourceManager without waiting for the unrelated active batch
[22m[39m[play-trace] {"beat_id":"beat-b","message_id":2,"source":"local_queue","context_id":"p87kl1uz","t_ms":1337.5,"time_origin_ms":1788963446340.406,"ts_ms":1788963447677.9,"stage":"PLAY_WARM_PROMOTED"}

[90mstdout[2m | tests/component-dom/webPlaybackSource.test.ts[2m > [22m[2mWeb MASTER playback source[2m > [22m[2mpromotes a target queued only in SourceManager without waiting for the unrelated active batch
[22m[39m[play-trace] {"beat_id":"beat-b","message_id":2,"offset_bytes":0,"bytes":65536,"context_id":"p87kl1uz","t_ms":1338.8,"time_origin_ms":1788963446340.406,"ts_ms":1788963447679.2,"stage":"PLAY_WARM_PROMOTED_READY"}

[90mstdout[2m | tests/component-dom/webPlaybackSource.test.ts[2m > [22m[2mWeb MASTER playback source[2m > [22m[2mpromotes a target queued only in SourceManager without waiting for the unrelated active batch
[22m[39m[play-trace] {"beat_id":"beat-b","mime_type":"audio/mpeg","mode":"mse","context_id":"p87kl1uz","t_ms":1338.9,"time_origin_ms":1788963446340.406,"ts_ms":1788963447679.3,"stage":"SOURCE_PREPARE"}
[play-trace] {"beat_id":"beat-b","context_id":"p87kl1uz","t_ms":1338.9,"time_origin_ms":1788963446340.406,"ts_ms":1788963447679.3,"stage":"SOURCE_MSE_BEGIN"}
[play-trace] {"beat_id":"beat-b","message_id":2,"bytes":65536,"playable_seconds":0,"context_id":"p87kl1uz","t_ms":1339.1,"time_origin_ms":1788963446340.406,"ts_ms":1788963447679.5,"stage":"PLAY_PREFIX_READY"}
[play-trace] {"beat_id":"beat-b","mode":"mse","context_id":"p87kl1uz","t_ms":1339.2,"time_origin_ms":1788963446340.406,"ts_ms":1788963447679.6,"stage":"SOURCE_URL_READY"}
[play-trace] {"beat_id":"beat-b","message_id":2,"offset_bytes":65536,"context_id":"p87kl1uz","t_ms":1339.2,"time_origin_ms":1788963446340.406,"ts_ms":1788963447679.6,"stage":"PLAY_STREAM_BEGIN"}

[90mstdout[2m | tests/component-dom/webPlaybackSource.test.ts[2m > [22m[2mWeb MASTER playback source[2m > [22m[2mkeeps waiting critical even with >=2s buffered and a completed stream, then stabilizes after waiting clears
[22m[39m[play-trace] {"beat_id":"beat-wait","mime_type":"audio/mpeg","mode":"mse","context_id":"p87kl1uz","t_ms":1341.4,"time_origin_ms":1788963446340.406,"ts_ms":1788963447681.8,"stage":"SOURCE_PREPARE"}
[play-trace] {"beat_id":"beat-wait","context_id":"p87kl1uz","t_ms":1341.4,"time_origin_ms":1788963446340.406,"ts_ms":1788963447681.8,"stage":"SOURCE_MSE_BEGIN"}
[play-trace] {"beat_id":"beat-wait","mode":"mse","context_id":"p87kl1uz","t_ms":1341.5,"time_origin_ms":1788963446340.406,"ts_ms":1788963447681.9,"stage":"SOURCE_URL_READY"}
[play-trace] {"beat_id":"beat-wait","message_id":51,"offset_bytes":0,"context_id":"p87kl1uz","t_ms":1341.5,"time_origin_ms":1788963446340.406,"ts_ms":1788963447681.9,"stage":"PLAY_STREAM_BEGIN"}

[90mstdout[2m | tests/component-dom/webPlaybackSource.test.ts[2m > [22m[2mWeb MASTER playback source[2m > [22m[2mkeeps waiting critical even with >=2s buffered and a completed stream, then stabilizes after waiting clears
[22m[39m[play-trace] {"beat_id":"beat-wait","message_id":51,"reason":"waiting","context_id":"p87kl1uz","t_ms":1342,"time_origin_ms":1788963446340.406,"ts_ms":1788963447682.4,"stage":"PLAY_FOCUS_BEGIN"}
[play-trace] {"beat_id":"beat-wait","context_id":"p87kl1uz","t_ms":1342.3,"time_origin_ms":1788963446340.406,"ts_ms":1788963447682.7,"stage":"SOURCE_MSE_SOURCEOPEN"}
[play-trace] {"beat_id":"beat-wait","bytes":8,"offset_bytes":0,"context_id":"p87kl1uz","t_ms":1342.4,"time_origin_ms":1788963446340.406,"ts_ms":1788963447682.8,"stage":"PLAY_STREAM_FIRST_CHUNK"}
[play-trace] {"beat_id":"beat-wait","message_id":51,"append_seq":1,"origin":"stream","bytes":8,"queue_depth":0,"context_id":"p87kl1uz","t_ms":1342.5,"time_origin_ms":1788963446340.406,"ts_ms":1788963447682.9,"stage":"SOURCE_MSE_APPEND_BEGIN"}

[90mstdout[2m | tests/component-dom/webPlaybackSource.test.ts[2m > [22m[2mWeb MASTER playback source[2m > [22m[2mkeeps waiting critical even with >=2s buffered and a completed stream, then stabilizes after waiting clears
[22m[39m[play-trace] {"beat_id":"beat-wait","message_id":51,"append_seq":1,"origin":"stream","bytes":8,"append_ms":0.2,"queue_depth":0,"media_source_state":"open","buffered_ranges":1,"buffered_start_s":0,"buffered_end_s":5,"buffered_duration_s":5,"context_id":"p87kl1uz","t_ms":1342.7,"time_origin_ms":1788963446340.406,"ts_ms":1788963447683.1,"stage":"SOURCE_MSE_APPEND_DONE"}

[90mstdout[2m | tests/component-dom/webPlaybackSource.test.ts[2m > [22m[2mWeb MASTER playback source[2m > [22m[2mkeeps waiting critical even with >=2s buffered and a completed stream, then stabilizes after waiting clears
[22m[39m[play-trace] {"beat_id":"beat-wait","message_id":51,"bytes":8,"retained_bytes":8,"context_id":"p87kl1uz","t_ms":1342.8,"time_origin_ms":1788963446340.406,"ts_ms":1788963447683.2,"stage":"SOURCE_SESSION_CACHE_READY"}

[90mstdout[2m | tests/component-dom/webPlaybackSource.test.ts[2m > [22m[2mWeb MASTER playback source[2m > [22m[2mkeeps waiting critical even with >=2s buffered and a completed stream, then stabilizes after waiting clears
[22m[39m[play-trace] {"beat_id":"beat-wait","message_id":51,"buffered_ahead_s":5,"stream_done":true,"context_id":"p87kl1uz","t_ms":1343.1,"time_origin_ms":1788963446340.406,"ts_ms":1788963447683.5,"stage":"PLAY_BUFFER_STABLE"}
[play-trace] {"beat_id":"beat-wait","message_id":51,"reason":"pause_or_end","context_id":"p87kl1uz","t_ms":1343.3,"time_origin_ms":1788963446340.406,"ts_ms":1788963447683.7,"stage":"PLAY_FOCUS_RELEASED"}
[play-trace] {"beat_id":"beat-wait","message_id":51,"reason":"resume","context_id":"p87kl1uz","t_ms":1343.4,"time_origin_ms":1788963446340.406,"ts_ms":1788963447683.8,"stage":"PLAY_FOCUS_BEGIN"}
[play-trace] {"beat_id":"beat-wait","message_id":51,"buffered_ahead_s":5,"stream_done":true,"context_id":"p87kl1uz","t_ms":1343.5,"time_origin_ms":1788963446340.406,"ts_ms":1788963447683.9,"stage":"PLAY_BUFFER_STABLE"}

[90mstdout[2m | tests/component-dom/webPlaybackSource.test.ts[2m > [22m[2mWeb MASTER playback source[2m > [22m[2mstops retaining replay bytes at a zero cache budget without interrupting the active MSE stream
[22m[39m[play-trace] {"beat_id":"beat-big","mime_type":"audio/mpeg","mode":"mse","context_id":"p87kl1uz","t_ms":1344.5,"time_origin_ms":1788963446340.406,"ts_ms":1788963447684.9,"stage":"SOURCE_PREPARE"}
[play-trace] {"beat_id":"beat-big","context_id":"p87kl1uz","t_ms":1344.5,"time_origin_ms":1788963446340.406,"ts_ms":1788963447684.9,"stage":"SOURCE_MSE_BEGIN"}
[play-trace] {"beat_id":"beat-big","mode":"mse","context_id":"p87kl1uz","t_ms":1344.6,"time_origin_ms":1788963446340.406,"ts_ms":1788963447685,"stage":"SOURCE_URL_READY"}
[play-trace] {"beat_id":"beat-big","message_id":71,"offset_bytes":0,"context_id":"p87kl1uz","t_ms":1344.6,"time_origin_ms":1788963446340.406,"ts_ms":1788963447685,"stage":"PLAY_STREAM_BEGIN"}

[90mstdout[2m | tests/component-dom/webPlaybackSource.test.ts[2m > [22m[2mWeb MASTER playback source[2m > [22m[2mstops retaining replay bytes at a zero cache budget without interrupting the active MSE stream
[22m[39m[play-trace] {"beat_id":"beat-big","context_id":"p87kl1uz","t_ms":1344.9,"time_origin_ms":1788963446340.406,"ts_ms":1788963447685.3,"stage":"SOURCE_MSE_SOURCEOPEN"}
[play-trace] {"beat_id":"beat-big","bytes":16,"offset_bytes":0,"context_id":"p87kl1uz","t_ms":1345,"time_origin_ms":1788963446340.406,"ts_ms":1788963447685.4,"stage":"PLAY_STREAM_FIRST_CHUNK"}
[play-trace] {"beat_id":"beat-big","message_id":71,"retained_bytes":0,"limit_bytes":0,"context_id":"p87kl1uz","t_ms":1345,"time_origin_ms":1788963446340.406,"ts_ms":1788963447685.4,"stage":"SOURCE_SESSION_REPLAY_RETENTION_STOPPED"}
[play-trace] {"beat_id":"beat-big","message_id":71,"append_seq":1,"origin":"stream","bytes":16,"queue_depth":0,"context_id":"p87kl1uz","t_ms":1345,"time_origin_ms":1788963446340.406,"ts_ms":1788963447685.5,"stage":"SOURCE_MSE_APPEND_BEGIN"}

[90mstdout[2m | tests/component-dom/webPlaybackSource.test.ts[2m > [22m[2mWeb MASTER playback source[2m > [22m[2mstops retaining replay bytes at a zero cache budget without interrupting the active MSE stream
[22m[39m[play-trace] {"beat_id":"beat-big","message_id":71,"append_seq":1,"origin":"stream","bytes":16,"append_ms":0.2,"queue_depth":0,"media_source_state":"open","buffered_ranges":0,"buffered_start_s":null,"buffered_end_s":null,"buffered_duration_s":0,"context_id":"p87kl1uz","t_ms":1345.2,"time_origin_ms":1788963446340.406,"ts_ms":1788963447685.6,"stage":"SOURCE_MSE_APPEND_DONE"}

[90mstdout[2m | tests/component-dom/webPlaybackSource.test.ts[2m > [22m[2mWeb MASTER playback source[2m > [22m[2mstops retaining replay bytes at a zero cache budget without interrupting the active MSE stream
[22m[39m[play-trace] {"beat_id":"beat-big","message_id":71,"bytes":16,"retained_bytes":0,"context_id":"p87kl1uz","t_ms":1345.4,"time_origin_ms":1788963446340.406,"ts_ms":1788963447685.8,"stage":"SOURCE_SESSION_CACHE_READY"}
[play-trace] {"beat_id":"beat-big","message_id":71,"buffered_ahead_s":0,"stream_done":true,"context_id":"p87kl1uz","t_ms":1345.4,"time_origin_ms":1788963446340.406,"ts_ms":1788963447685.8,"stage":"PLAY_BUFFER_STABLE"}

[90mstdout[2m | tests/component-dom/webPlaybackSource.test.ts[2m > [22m[2mWeb MASTER playback source[2m > [22m[2mstops retaining replay bytes at a zero cache budget without interrupting the active MSE stream
[22m[39m[play-trace] {"beat_id":"beat-big","message_id":71,"bytes":16,"retained_bytes":0,"context_id":"p87kl1uz","t_ms":1345.6,"time_origin_ms":1788963446340.406,"ts_ms":1788963447686,"stage":"SOURCE_SESSION_CACHE_RETAINED"}

[90mstdout[2m | tests/component-dom/webTransportWorker.test.ts[2m > [22m[2mGaler Cloud single-file Web Worker[2m > [22m[2mwaits for a new phone session to receive the pinned library index
[22m[39m[play-trace] {"request_id":"get-index-after-propagation","context_id":"l91tmfjg","t_ms":1352,"time_origin_ms":1788963446333.957,"ts_ms":1788963447685.9,"stage":"INDEX_BEGIN"}

[90mstdout[2m | tests/component-dom/webTransportWorker.test.ts[2m > [22m[2mGaler Cloud single-file Web Worker[2m > [22m[2mwaits for a new phone session to receive the pinned library index
[22m[39m[play-trace] {"attempt":1,"error_name":"Error","context_id":"l91tmfjg","t_ms":1352.2,"time_origin_ms":1788963446333.957,"ts_ms":1788963447686.2,"stage":"WORKER_GET_INDEX_RETRY"}

[90mstdout[2m | tests/component-dom/webTransportWorkerScheduler.behavior.test.ts[2m > [22m[2mWorker playback scheduler with pending Telegram transfers[2m > [22m[2menforces 7 idle lanes, aborts unrelated warm for queued Play, keeps 0 unrelated critical lanes and resumes exactly 6 when stable
[22m[39m[play-trace] {"count":14,"prefix_bytes":65536,"lanes":7,"context_id":"m9gkwifv","t_ms":1355.5,"time_origin_ms":1788963446328.211,"ts_ms":1788963447683.7,"stage":"WARM_BATCH_BEGIN"}
[play-trace] {"count":14,"attempt":1,"context_id":"m9gkwifv","t_ms":1356.2,"time_origin_ms":1788963446328.211,"ts_ms":1788963447684.4,"stage":"WORKER_PLAYBACK_MEDIA_BATCH_RPC"}

[90mstdout[2m | tests/component-dom/webPlaybackSource.test.ts[2m > [22m[2mWeb MASTER playback source[2m > [22m[2mstops retaining replay bytes at a zero cache budget without interrupting the active MSE stream
[22m[39m[play-trace] {"beat_id":"beat-big","mime_type":"audio/mpeg","mode":"mse","context_id":"p87kl1uz","t_ms":1345.7,"time_origin_ms":1788963446340.406,"ts_ms":1788963447686.1,"stage":"SOURCE_PREPARE"}
[play-trace] {"beat_id":"beat-big","message_id":71,"expected_bytes":16,"available_bytes":0,"context_id":"p87kl1uz","t_ms":1345.7,"time_origin_ms":1788963446340.406,"ts_ms":1788963447686.1,"stage":"SOURCE_SESSION_CACHE_INVALID"}
[play-trace] {"beat_id":"beat-big","context_id":"p87kl1uz","t_ms":1345.9,"time_origin_ms":1788963446340.406,"ts_ms":1788963447686.3,"stage":"SOURCE_MSE_BEGIN"}
[play-trace] {"beat_id":"beat-big","mode":"mse","context_id":"p87kl1uz","t_ms":1346,"time_origin_ms":1788963446340.406,"ts_ms":1788963447686.4,"stage":"SOURCE_URL_READY"}
[play-trace] {"beat_id":"beat-big","message_id":71,"offset_bytes":0,"context_id":"p87kl1uz","t_ms":1346,"time_origin_ms":1788963446340.406,"ts_ms":1788963447686.4,"stage":"PLAY_STREAM_BEGIN"}

[90mstdout[2m | tests/component-dom/webPlaybackSource.test.ts[2m > [22m[2mWeb MASTER playback source[2m > [22m[2mcools down the whole batch when transport admission fails
[22m[39m[play-trace] {"beat_id":"beat-fail-1","message_id":401,"priority":"visible","context_id":"p87kl1uz","t_ms":1346.7,"time_origin_ms":1788963446340.406,"ts_ms":1788963447687.1,"stage":"SOURCE_PREFETCH_QUEUED"}
[play-trace] {"beat_id":"beat-fail-2","message_id":402,"priority":"visible","context_id":"p87kl1uz","t_ms":1346.7,"time_origin_ms":1788963446340.406,"ts_ms":1788963447687.1,"stage":"SOURCE_PREFETCH_QUEUED"}
[play-trace] {"priority":"visible","count":2,"context_id":"p87kl1uz","t_ms":1346.9,"time_origin_ms":1788963446340.406,"ts_ms":1788963447687.4,"stage":"SOURCE_PREFETCH_BATCH_BEGIN"}

[90mstdout[2m | tests/component-dom/webPlaybackSource.test.ts[2m > [22m[2mWeb MASTER playback source[2m > [22m[2mcools down the whole batch when transport admission fails
[22m[39m[play-trace] {"priority":"visible","count":2,"error_name":"WebPlaybackPrefetchError","code":"TRANSFER_FAILED","context_id":"p87kl1uz","t_ms":1347.3,"time_origin_ms":1788963446340.406,"ts_ms":1788963447687.7,"stage":"SOURCE_PREFETCH_BATCH_ERROR"}

[90mstdout[2m | tests/component-dom/webTransportWorkerScheduler.behavior.test.ts[2m > [22m[2mWorker playback scheduler with pending Telegram transfers[2m > [22m[2menforces 7 idle lanes, aborts unrelated warm for queued Play, keeps 0 unrelated critical lanes and resumes exactly 6 when stable
[22m[39m[play-trace] {"lane":1,"message_id":1,"scheduler":"IDLE","context_id":"m9gkwifv","t_ms":1358.7,"time_origin_ms":1788963446328.211,"ts_ms":1788963447686.9,"stage":"WORKER_PREFETCH_LANE_TAKE"}
[play-trace] {"lane":2,"message_id":2,"scheduler":"IDLE","context_id":"m9gkwifv","t_ms":1359.4,"time_origin_ms":1788963446328.211,"ts_ms":1788963447687.6,"stage":"WORKER_PREFETCH_LANE_TAKE"}
[play-trace] {"lane":3,"message_id":3,"scheduler":"IDLE","context_id":"m9gkwifv","t_ms":1359.5,"time_origin_ms":1788963446328.211,"ts_ms":1788963447687.8,"stage":"WORKER_PREFETCH_LANE_TAKE"}
[play-trace] {"lane":4,"message_id":4,"scheduler":"IDLE","context_id":"m9gkwifv","t_ms":1359.6,"time_origin_ms":1788963446328.211,"ts_ms":1788963447687.8,"stage":"WORKER_PREFETCH_LANE_TAKE"}
[play-trace] {"lane":5,"message_id":5,"scheduler":"IDLE","context_id":"m9gkwifv","t_ms":1359.7,"time_origin_ms":1788963446328.211,"ts_ms":1788963447687.9,"stage":"WORKER_PREFETCH_LANE_TAKE"}
[play-trace] {"lane":6,"message_id":6,"scheduler":"IDLE","context_id":"m9gkwifv","t_ms":1359.8,"time_origin_ms":1788963446328.211,"ts_ms":1788963447688,"stage":"WORKER_PREFETCH_LANE_TAKE"}
[play-trace] {"lane":7,"message_id":7,"scheduler":"IDLE","context_id":"m9gkwifv","t_ms":1359.9,"time_origin_ms":1788963446328.211,"ts_ms":1788963447688.1,"stage":"WORKER_PREFETCH_LANE_TAKE"}

[90mstdout[2m | tests/component-dom/webPlaybackSource.test.ts[2m > [22m[2mWeb MASTER playback source[2m > [22m[2mcools down the whole batch when transport admission fails
[22m[39m[play-trace] {"beat_id":"beat-fail-1","message_id":401,"retry_in_ms":9999,"context_id":"p87kl1uz","t_ms":1348.3,"time_origin_ms":1788963446340.406,"ts_ms":1788963447688.7,"stage":"SOURCE_PREFETCH_COOLDOWN"}

[90mstdout[2m | tests/component-dom/webPlaybackSource.test.ts[2m > [22m[2mWeb MASTER playback source[2m > [22m[2mcools down the whole batch when transport admission fails
[22m[39m[play-trace] {"beat_id":"beat-fail-2","message_id":402,"retry_in_ms":9999,"context_id":"p87kl1uz","t_ms":1348.5,"time_origin_ms":1788963446340.406,"ts_ms":1788963447688.9,"stage":"SOURCE_PREFETCH_COOLDOWN"}

[90mstdout[2m | tests/component-dom/webPlaybackSource.test.ts[2m > [22m[2mWeb MASTER playback source[2m > [22m[2mfalls back to a complete MP3 Blob when MediaSource is unavailable
[22m[39m[play-trace] {"beat_id":"beat-2","mime_type":"audio/mpeg","mode":"blob","context_id":"p87kl1uz","t_ms":1349.3,"time_origin_ms":1788963446340.406,"ts_ms":1788963447689.7,"stage":"SOURCE_PREPARE"}
[play-trace] {"beat_id":"beat-2","context_id":"p87kl1uz","t_ms":1349.6,"time_origin_ms":1788963446340.406,"ts_ms":1788963447690,"stage":"SOURCE_BLOB_BEGIN"}
[play-trace] {"beat_id":"beat-2","bytes":3,"offset_bytes":0,"context_id":"p87kl1uz","t_ms":1349.7,"time_origin_ms":1788963446340.406,"ts_ms":1788963447690.1,"stage":"PLAY_STREAM_FIRST_CHUNK"}

[90mstdout[2m | tests/component-dom/webPlaybackSource.test.ts[2m > [22m[2mWeb MASTER playback source[2m > [22m[2mfalls back to a complete MP3 Blob when MediaSource is unavailable
[22m[39m[play-trace] {"beat_id":"beat-2","message_id":92,"stream_done":true,"context_id":"p87kl1uz","t_ms":1350.2,"time_origin_ms":1788963446340.406,"ts_ms":1788963447690.6,"stage":"PLAY_BUFFER_STABLE"}
[play-trace] {"beat_id":"beat-2","message_id":92,"bytes":3,"retained_bytes":3,"context_id":"p87kl1uz","t_ms":1350.2,"time_origin_ms":1788963446340.406,"ts_ms":1788963447690.6,"stage":"SOURCE_SESSION_CACHE_READY"}
[play-trace] {"beat_id":"beat-2","mode":"blob","context_id":"p87kl1uz","t_ms":1350.3,"time_origin_ms":1788963446340.406,"ts_ms":1788963447690.7,"stage":"SOURCE_URL_READY"}

 [32m✓[39m tests/component-dom/webPlaybackSource.test.ts [2m([22m[2m9 tests[22m[2m)[22m[32m 213[2mms[22m[39m
[90mstdout[2m | tests/component-dom/webTransportWorkerScheduler.behavior.test.ts[2m > [22m[2mWorker playback scheduler with pending Telegram transfers[2m > [22m[2menforces 7 idle lanes, aborts unrelated warm for queued Play, keeps 0 unrelated critical lanes and resumes exactly 6 when stable
[22m[39m[play-trace] {"message_id":10,"aborted":7,"context_id":"m9gkwifv","t_ms":1410.7,"time_origin_ms":1788963446328.211,"ts_ms":1788963447738.9,"stage":"PLAY_WARM_PREEMPT_ALL"}

[90mstdout[2m | tests/component-dom/webTransportWorkerScheduler.behavior.test.ts[2m > [22m[2mWorker playback scheduler with pending Telegram transfers[2m > [22m[2menforces 7 idle lanes, aborts unrelated warm for queued Play, keeps 0 unrelated critical lanes and resumes exactly 6 when stable
[22m[39m[play-trace] {"message_id":1,"context_id":"m9gkwifv","t_ms":1411.2,"time_origin_ms":1788963446328.211,"ts_ms":1788963447739.4,"stage":"WORKER_WARM_PREEMPTED"}
[play-trace] {"message_id":2,"context_id":"m9gkwifv","t_ms":1411.3,"time_origin_ms":1788963446328.211,"ts_ms":1788963447739.5,"stage":"WORKER_WARM_PREEMPTED"}
[play-trace] {"message_id":3,"context_id":"m9gkwifv","t_ms":1411.4,"time_origin_ms":1788963446328.211,"ts_ms":1788963447739.6,"stage":"WORKER_WARM_PREEMPTED"}
[play-trace] {"message_id":4,"context_id":"m9gkwifv","t_ms":1411.4,"time_origin_ms":1788963446328.211,"ts_ms":1788963447739.6,"stage":"WORKER_WARM_PREEMPTED"}
[play-trace] {"message_id":5,"context_id":"m9gkwifv","t_ms":1411.4,"time_origin_ms":1788963446328.211,"ts_ms":1788963447739.6,"stage":"WORKER_WARM_PREEMPTED"}
[play-trace] {"message_id":6,"context_id":"m9gkwifv","t_ms":1411.4,"time_origin_ms":1788963446328.211,"ts_ms":1788963447739.6,"stage":"WORKER_WARM_PREEMPTED"}
[play-trace] {"message_id":7,"context_id":"m9gkwifv","t_ms":1411.4,"time_origin_ms":1788963446328.211,"ts_ms":1788963447739.7,"stage":"WORKER_WARM_PREEMPTED"}

[90mstdout[2m | tests/component-dom/webTransportWorkerScheduler.behavior.test.ts[2m > [22m[2mWorker playback scheduler with pending Telegram transfers[2m > [22m[2menforces 7 idle lanes, aborts unrelated warm for queued Play, keeps 0 unrelated critical lanes and resumes exactly 6 when stable
[22m[39m[play-trace] {"lane":1,"message_id":10,"scheduler":"PLAY_CRITICAL","context_id":"m9gkwifv","t_ms":1412.9,"time_origin_ms":1788963446328.211,"ts_ms":1788963447741.2,"stage":"WORKER_PREFETCH_LANE_TAKE"}

[90mstdout[2m | tests/component-dom/webTransportWorker.test.ts[2m > [22m[2mGaler Cloud single-file Web Worker[2m > [22m[2mwaits for a new phone session to receive the pinned library index
[22m[39m[play-trace] {"request_id":"get-index-after-propagation","context_id":"l91tmfjg","t_ms":1432.2,"time_origin_ms":1788963446333.957,"ts_ms":1788963447766.2,"stage":"INDEX_BEGIN"}

[90mstdout[2m | tests/component-dom/webTransportWorker.test.ts[2m > [22m[2mGaler Cloud single-file Web Worker[2m > [22m[2mwaits for a new phone session to receive the pinned library index
[22m[39m[play-trace] {"attempt":2,"error_name":"Error","context_id":"l91tmfjg","t_ms":1432.6,"time_origin_ms":1788963446333.957,"ts_ms":1788963447766.6,"stage":"WORKER_GET_INDEX_RETRY"}

[90mstdout[2m | tests/component-dom/webTransportWorkerScheduler.behavior.test.ts[2m > [22m[2mWorker playback scheduler with pending Telegram transfers[2m > [22m[2menforces 7 idle lanes, aborts unrelated warm for queued Play, keeps 0 unrelated critical lanes and resumes exactly 6 when stable
[22m[39m[play-trace] {"message_id":10,"status":"READY","code":null,"context_id":"m9gkwifv","t_ms":1463.4,"time_origin_ms":1788963446328.211,"ts_ms":1788963447791.7,"stage":"WORKER_PREFETCH_TERMINAL"}
[play-trace] {"message_id":10,"bytes":65536,"offset_bytes":0,"context_id":"m9gkwifv","t_ms":1463.5,"time_origin_ms":1788963446328.211,"ts_ms":1788963447791.8,"stage":"WARM_PREFIX_READY"}

[90mstdout[2m | tests/component-dom/webTransportWorkerScheduler.behavior.test.ts[2m > [22m[2mWorker playback scheduler with pending Telegram transfers[2m > [22m[2menforces 7 idle lanes, aborts unrelated warm for queued Play, keeps 0 unrelated critical lanes and resumes exactly 6 when stable
[22m[39m[play-trace] {"lanes":6,"message_id":10,"context_id":"m9gkwifv","t_ms":1513.8,"time_origin_ms":1788963446328.211,"ts_ms":1788963447842,"stage":"WARM_RESUME"}

[90mstdout[2m | tests/component-dom/webTransportWorkerScheduler.behavior.test.ts[2m > [22m[2mWorker playback scheduler with pending Telegram transfers[2m > [22m[2menforces 7 idle lanes, aborts unrelated warm for queued Play, keeps 0 unrelated critical lanes and resumes exactly 6 when stable
[22m[39m[play-trace] {"lane":2,"message_id":8,"scheduler":"PLAY_STABLE","context_id":"m9gkwifv","t_ms":1514.4,"time_origin_ms":1788963446328.211,"ts_ms":1788963447842.6,"stage":"WORKER_PREFETCH_LANE_TAKE"}
[play-trace] {"lane":3,"message_id":9,"scheduler":"PLAY_STABLE","context_id":"m9gkwifv","t_ms":1515,"time_origin_ms":1788963446328.211,"ts_ms":1788963447843.3,"stage":"WORKER_PREFETCH_LANE_TAKE"}
[play-trace] {"lane":4,"message_id":11,"scheduler":"PLAY_STABLE","context_id":"m9gkwifv","t_ms":1515.2,"time_origin_ms":1788963446328.211,"ts_ms":1788963447843.4,"stage":"WORKER_PREFETCH_LANE_TAKE"}
[play-trace] {"lane":5,"message_id":12,"scheduler":"PLAY_STABLE","context_id":"m9gkwifv","t_ms":1515.2,"time_origin_ms":1788963446328.211,"ts_ms":1788963447843.4,"stage":"WORKER_PREFETCH_LANE_TAKE"}
[play-trace] {"lane":6,"message_id":13,"scheduler":"PLAY_STABLE","context_id":"m9gkwifv","t_ms":1515.3,"time_origin_ms":1788963446328.211,"ts_ms":1788963447843.5,"stage":"WORKER_PREFETCH_LANE_TAKE"}
[play-trace] {"lane":7,"message_id":14,"scheduler":"PLAY_STABLE","context_id":"m9gkwifv","t_ms":1515.3,"time_origin_ms":1788963446328.211,"ts_ms":1788963447843.5,"stage":"WORKER_PREFETCH_LANE_TAKE"}

[90mstdout[2m | tests/component-dom/webTransportWorkerScheduler.behavior.test.ts[2m > [22m[2mWorker playback scheduler with pending Telegram transfers[2m > [22m[2menforces 7 idle lanes, aborts unrelated warm for queued Play, keeps 0 unrelated critical lanes and resumes exactly 6 when stable
[22m[39m[play-trace] {"message_id":10,"aborted":6,"context_id":"m9gkwifv","t_ms":1566,"time_origin_ms":1788963446328.211,"ts_ms":1788963447894.2,"stage":"PLAY_WARM_PREEMPT_ALL"}

[90mstdout[2m | tests/component-dom/webTransportWorkerScheduler.behavior.test.ts[2m > [22m[2mWorker playback scheduler with pending Telegram transfers[2m > [22m[2menforces 7 idle lanes, aborts unrelated warm for queued Play, keeps 0 unrelated critical lanes and resumes exactly 6 when stable
[22m[39m[play-trace] {"message_id":8,"context_id":"m9gkwifv","t_ms":1567,"time_origin_ms":1788963446328.211,"ts_ms":1788963447895.2,"stage":"WORKER_WARM_PREEMPTED"}
[play-trace] {"message_id":9,"context_id":"m9gkwifv","t_ms":1567.2,"time_origin_ms":1788963446328.211,"ts_ms":1788963447895.5,"stage":"WORKER_WARM_PREEMPTED"}
[play-trace] {"message_id":11,"context_id":"m9gkwifv","t_ms":1567.4,"time_origin_ms":1788963446328.211,"ts_ms":1788963447895.6,"stage":"WORKER_WARM_PREEMPTED"}
[play-trace] {"message_id":12,"context_id":"m9gkwifv","t_ms":1567.5,"time_origin_ms":1788963446328.211,"ts_ms":1788963447895.7,"stage":"WORKER_WARM_PREEMPTED"}
[play-trace] {"message_id":13,"context_id":"m9gkwifv","t_ms":1567.5,"time_origin_ms":1788963446328.211,"ts_ms":1788963447895.7,"stage":"WORKER_WARM_PREEMPTED"}
[play-trace] {"message_id":14,"context_id":"m9gkwifv","t_ms":1567.5,"time_origin_ms":1788963446328.211,"ts_ms":1788963447895.7,"stage":"WORKER_WARM_PREEMPTED"}

[90mstdout[2m | tests/component-dom/webTransportWorker.test.ts[2m > [22m[2mGaler Cloud single-file Web Worker[2m > [22m[2mwaits for a new phone session to receive the pinned library index
[22m[39m[play-trace] {"request_id":"get-index-after-propagation","context_id":"l91tmfjg","t_ms":1593.9,"time_origin_ms":1788963446333.957,"ts_ms":1788963447927.8,"stage":"INDEX_BEGIN"}

[90mstdout[2m | tests/component-dom/webTransportWorker.test.ts[2m > [22m[2mGaler Cloud single-file Web Worker[2m > [22m[2mwaits for a new phone session to receive the pinned library index
[22m[39m[play-trace] {"elapsed_ms":243,"bytes":117,"request_id":"get-index-after-propagation","context_id":"l91tmfjg","t_ms":1594.3,"time_origin_ms":1788963446333.957,"ts_ms":1788963447928.3,"stage":"INDEX_DONE"}

[90mstdout[2m | tests/component-dom/webTransportWorker.test.ts[2m > [22m[2mGaler Cloud single-file Web Worker[2m > [22m[2mnever turns a missing pinned index into an authoritative empty gallery
[22m[39m[play-trace] {"request_id":"get-index-still-missing","context_id":"l91tmfjg","t_ms":1605,"time_origin_ms":1788963446333.957,"ts_ms":1788963447938.9,"stage":"INDEX_BEGIN"}

[90mstdout[2m | tests/component-dom/webTransportWorker.test.ts[2m > [22m[2mGaler Cloud single-file Web Worker[2m > [22m[2mnever turns a missing pinned index into an authoritative empty gallery
[22m[39m[play-trace] {"attempt":1,"error_name":"Error","context_id":"l91tmfjg","t_ms":1605.2,"time_origin_ms":1788963446333.957,"ts_ms":1788963447939.1,"stage":"WORKER_GET_INDEX_RETRY"}

[90mstdout[2m | tests/component-dom/webTransportWorkerScheduler.behavior.test.ts[2m > [22m[2mWorker playback scheduler with pending Telegram transfers[2m > [22m[2menforces 7 idle lanes, aborts unrelated warm for queued Play, keeps 0 unrelated critical lanes and resumes exactly 6 when stable
[22m[39m[play-trace] {"lanes":6,"message_id":10,"context_id":"m9gkwifv","t_ms":1618.3,"time_origin_ms":1788963446328.211,"ts_ms":1788963447946.5,"stage":"WARM_RESUME"}

[90mstdout[2m | tests/component-dom/webTransportWorkerScheduler.behavior.test.ts[2m > [22m[2mWorker playback scheduler with pending Telegram transfers[2m > [22m[2menforces 7 idle lanes, aborts unrelated warm for queued Play, keeps 0 unrelated critical lanes and resumes exactly 6 when stable
[22m[39m[play-trace] {"lane":1,"message_id":1,"scheduler":"PLAY_STABLE","context_id":"m9gkwifv","t_ms":1618.7,"time_origin_ms":1788963446328.211,"ts_ms":1788963447947,"stage":"WORKER_PREFETCH_LANE_TAKE"}
[play-trace] {"lane":2,"message_id":2,"scheduler":"PLAY_STABLE","context_id":"m9gkwifv","t_ms":1618.9,"time_origin_ms":1788963446328.211,"ts_ms":1788963447947.1,"stage":"WORKER_PREFETCH_LANE_TAKE"}
[play-trace] {"lane":3,"message_id":3,"scheduler":"PLAY_STABLE","context_id":"m9gkwifv","t_ms":1618.9,"time_origin_ms":1788963446328.211,"ts_ms":1788963447947.1,"stage":"WORKER_PREFETCH_LANE_TAKE"}
[play-trace] {"lane":4,"message_id":4,"scheduler":"PLAY_STABLE","context_id":"m9gkwifv","t_ms":1618.9,"time_origin_ms":1788963446328.211,"ts_ms":1788963447947.2,"stage":"WORKER_PREFETCH_LANE_TAKE"}
[play-trace] {"lane":5,"message_id":5,"scheduler":"PLAY_STABLE","context_id":"m9gkwifv","t_ms":1619,"time_origin_ms":1788963446328.211,"ts_ms":1788963447947.2,"stage":"WORKER_PREFETCH_LANE_TAKE"}
[play-trace] {"lane":6,"message_id":6,"scheduler":"PLAY_STABLE","context_id":"m9gkwifv","t_ms":1619,"time_origin_ms":1788963446328.211,"ts_ms":1788963447947.2,"stage":"WORKER_PREFETCH_LANE_TAKE"}

[90mstdout[2m | tests/component-dom/webTransportWorkerScheduler.behavior.test.ts[2m > [22m[2mWorker playback scheduler with pending Telegram transfers[2m > [22m[2menforces 7 idle lanes, aborts unrelated warm for queued Play, keeps 0 unrelated critical lanes and resumes exactly 6 when stable
[22m[39m[play-trace] {"lanes":7,"context_id":"m9gkwifv","t_ms":1670.8,"time_origin_ms":1788963446328.211,"ts_ms":1788963447999,"stage":"WARM_RESUME"}

[90mstdout[2m | tests/component-dom/webTransportWorkerScheduler.behavior.test.ts[2m > [22m[2mWorker playback scheduler with pending Telegram transfers[2m > [22m[2menforces 7 idle lanes, aborts unrelated warm for queued Play, keeps 0 unrelated critical lanes and resumes exactly 6 when stable
[22m[39m[play-trace] {"lane":7,"message_id":7,"scheduler":"IDLE","context_id":"m9gkwifv","t_ms":1671.2,"time_origin_ms":1788963446328.211,"ts_ms":1788963447999.4,"stage":"WORKER_PREFETCH_LANE_TAKE"}

[90mstdout[2m | tests/component-dom/webTransportWorker.test.ts[2m > [22m[2mGaler Cloud single-file Web Worker[2m > [22m[2mnever turns a missing pinned index into an authoritative empty gallery
[22m[39m[play-trace] {"request_id":"get-index-still-missing","context_id":"l91tmfjg","t_ms":1685.1,"time_origin_ms":1788963446333.957,"ts_ms":1788963448019,"stage":"INDEX_BEGIN"}

[90mstdout[2m | tests/component-dom/webTransportWorker.test.ts[2m > [22m[2mGaler Cloud single-file Web Worker[2m > [22m[2mnever turns a missing pinned index into an authoritative empty gallery
[22m[39m[play-trace] {"attempt":2,"error_name":"Error","context_id":"l91tmfjg","t_ms":1685.3,"time_origin_ms":1788963446333.957,"ts_ms":1788963448019.3,"stage":"WORKER_GET_INDEX_RETRY"}

[90mstdout[2m | tests/component-dom/webTransportWorkerScheduler.behavior.test.ts[2m > [22m[2mWorker playback scheduler with pending Telegram transfers[2m > [22m[2menforces 7 idle lanes, aborts unrelated warm for queued Play, keeps 0 unrelated critical lanes and resumes exactly 6 when stable
[22m[39m[play-trace] {"message_id":1,"status":"READY","code":null,"context_id":"m9gkwifv","t_ms":1721.9,"time_origin_ms":1788963446328.211,"ts_ms":1788963448050.1,"stage":"WORKER_PREFETCH_TERMINAL"}
[play-trace] {"message_id":1,"bytes":65536,"offset_bytes":0,"context_id":"m9gkwifv","t_ms":1722,"time_origin_ms":1788963446328.211,"ts_ms":1788963448050.2,"stage":"WARM_PREFIX_READY"}
[play-trace] {"message_id":2,"status":"READY","code":null,"context_id":"m9gkwifv","t_ms":1722.2,"time_origin_ms":1788963446328.211,"ts_ms":1788963448050.4,"stage":"WORKER_PREFETCH_TERMINAL"}
[play-trace] {"message_id":2,"bytes":65536,"offset_bytes":0,"context_id":"m9gkwifv","t_ms":1722.2,"time_origin_ms":1788963446328.211,"ts_ms":1788963448050.4,"stage":"WARM_PREFIX_READY"}
[play-trace] {"message_id":3,"status":"READY","code":null,"context_id":"m9gkwifv","t_ms":1722.3,"time_origin_ms":1788963446328.211,"ts_ms":1788963448050.5,"stage":"WORKER_PREFETCH_TERMINAL"}
[play-trace] {"message_id":3,"bytes":65536,"offset_bytes":0,"context_id":"m9gkwifv","t_ms":1722.4,"time_origin_ms":1788963446328.211,"ts_ms":1788963448050.6,"stage":"WARM_PREFIX_READY"}
[play-trace] {"message_id":4,"status":"READY","code":null,"context_id":"m9gkwifv","t_ms":1722.5,"time_origin_ms":1788963446328.211,"ts_ms":1788963448050.7,"stage":"WORKER_PREFETCH_TERMINAL"}
[play-trace] {"message_id":4,"bytes":65536,"offset_bytes":0,"context_id":"m9gkwifv","t_ms":1722.5,"time_origin_ms":1788963446328.211,"ts_ms":1788963448050.7,"stage":"WARM_PREFIX_READY"}
[play-trace] {"message_id":5,"status":"READY","code":null,"context_id":"m9gkwifv","t_ms":1722.7,"time_origin_ms":1788963446328.211,"ts_ms":1788963448050.9,"stage":"WORKER_PREFETCH_TERMINAL"}
[play-trace] {"message_id":5,"bytes":65536,"offset_bytes":0,"context_id":"m9gkwifv","t_ms":1722.7,"time_origin_ms":1788963446328.211,"ts_ms":1788963448050.9,"stage":"WARM_PREFIX_READY"}
[play-trace] {"message_id":6,"status":"READY","code":null,"context_id":"m9gkwifv","t_ms":1722.8,"time_origin_ms":1788963446328.211,"ts_ms":1788963448051,"stage":"WORKER_PREFETCH_TERMINAL"}
[play-trace] {"message_id":6,"bytes":65536,"offset_bytes":0,"context_id":"m9gkwifv","t_ms":1722.8,"time_origin_ms":1788963446328.211,"ts_ms":1788963448051,"stage":"WARM_PREFIX_READY"}
[play-trace] {"message_id":7,"status":"READY","code":null,"context_id":"m9gkwifv","t_ms":1722.9,"time_origin_ms":1788963446328.211,"ts_ms":1788963448051.2,"stage":"WORKER_PREFETCH_TERMINAL"}
[play-trace] {"message_id":7,"bytes":65536,"offset_bytes":0,"context_id":"m9gkwifv","t_ms":1723,"time_origin_ms":1788963446328.211,"ts_ms":1788963448051.2,"stage":"WARM_PREFIX_READY"}

[90mstdout[2m | tests/component-dom/webTransportWorkerScheduler.behavior.test.ts[2m > [22m[2mWorker playback scheduler with pending Telegram transfers[2m > [22m[2menforces 7 idle lanes, aborts unrelated warm for queued Play, keeps 0 unrelated critical lanes and resumes exactly 6 when stable
[22m[39m[play-trace] {"lane":1,"message_id":8,"scheduler":"IDLE","context_id":"m9gkwifv","t_ms":1723.4,"time_origin_ms":1788963446328.211,"ts_ms":1788963448051.6,"stage":"WORKER_PREFETCH_LANE_TAKE"}

[90mstdout[2m | tests/component-dom/webTransportWorkerScheduler.behavior.test.ts[2m > [22m[2mWorker playback scheduler with pending Telegram transfers[2m > [22m[2menforces 7 idle lanes, aborts unrelated warm for queued Play, keeps 0 unrelated critical lanes and resumes exactly 6 when stable
[22m[39m[play-trace] {"lane":2,"message_id":9,"scheduler":"IDLE","context_id":"m9gkwifv","t_ms":1723.6,"time_origin_ms":1788963446328.211,"ts_ms":1788963448051.8,"stage":"WORKER_PREFETCH_LANE_TAKE"}

[90mstdout[2m | tests/component-dom/webTransportWorkerScheduler.behavior.test.ts[2m > [22m[2mWorker playback scheduler with pending Telegram transfers[2m > [22m[2menforces 7 idle lanes, aborts unrelated warm for queued Play, keeps 0 unrelated critical lanes and resumes exactly 6 when stable
[22m[39m[play-trace] {"lane":3,"message_id":11,"scheduler":"IDLE","context_id":"m9gkwifv","t_ms":1723.7,"time_origin_ms":1788963446328.211,"ts_ms":1788963448051.9,"stage":"WORKER_PREFETCH_LANE_TAKE"}

[90mstdout[2m | tests/component-dom/webTransportWorkerScheduler.behavior.test.ts[2m > [22m[2mWorker playback scheduler with pending Telegram transfers[2m > [22m[2menforces 7 idle lanes, aborts unrelated warm for queued Play, keeps 0 unrelated critical lanes and resumes exactly 6 when stable
[22m[39m[play-trace] {"lane":4,"message_id":12,"scheduler":"IDLE","context_id":"m9gkwifv","t_ms":1723.8,"time_origin_ms":1788963446328.211,"ts_ms":1788963448052,"stage":"WORKER_PREFETCH_LANE_TAKE"}

[90mstdout[2m | tests/component-dom/webTransportWorkerScheduler.behavior.test.ts[2m > [22m[2mWorker playback scheduler with pending Telegram transfers[2m > [22m[2menforces 7 idle lanes, aborts unrelated warm for queued Play, keeps 0 unrelated critical lanes and resumes exactly 6 when stable
[22m[39m[play-trace] {"lane":5,"message_id":13,"scheduler":"IDLE","context_id":"m9gkwifv","t_ms":1723.9,"time_origin_ms":1788963446328.211,"ts_ms":1788963448052.1,"stage":"WORKER_PREFETCH_LANE_TAKE"}

[90mstdout[2m | tests/component-dom/webTransportWorkerScheduler.behavior.test.ts[2m > [22m[2mWorker playback scheduler with pending Telegram transfers[2m > [22m[2menforces 7 idle lanes, aborts unrelated warm for queued Play, keeps 0 unrelated critical lanes and resumes exactly 6 when stable
[22m[39m[play-trace] {"lane":6,"message_id":14,"scheduler":"IDLE","context_id":"m9gkwifv","t_ms":1724,"time_origin_ms":1788963446328.211,"ts_ms":1788963448052.2,"stage":"WORKER_PREFETCH_LANE_TAKE"}

[90mstdout[2m | tests/component-dom/webTransportWorkerScheduler.behavior.test.ts[2m > [22m[2mWorker playback scheduler with pending Telegram transfers[2m > [22m[2menforces 7 idle lanes, aborts unrelated warm for queued Play, keeps 0 unrelated critical lanes and resumes exactly 6 when stable
[22m[39m[play-trace] {"message_id":8,"status":"READY","code":null,"context_id":"m9gkwifv","t_ms":1725.6,"time_origin_ms":1788963446328.211,"ts_ms":1788963448053.8,"stage":"WORKER_PREFETCH_TERMINAL"}
[play-trace] {"message_id":8,"bytes":65536,"offset_bytes":0,"context_id":"m9gkwifv","t_ms":1725.7,"time_origin_ms":1788963446328.211,"ts_ms":1788963448053.9,"stage":"WARM_PREFIX_READY"}
[play-trace] {"message_id":9,"status":"READY","code":null,"context_id":"m9gkwifv","t_ms":1725.8,"time_origin_ms":1788963446328.211,"ts_ms":1788963448054,"stage":"WORKER_PREFETCH_TERMINAL"}
[play-trace] {"message_id":9,"bytes":65536,"offset_bytes":0,"context_id":"m9gkwifv","t_ms":1725.8,"time_origin_ms":1788963446328.211,"ts_ms":1788963448054,"stage":"WARM_PREFIX_READY"}
[play-trace] {"message_id":11,"status":"READY","code":null,"context_id":"m9gkwifv","t_ms":1726,"time_origin_ms":1788963446328.211,"ts_ms":1788963448054.2,"stage":"WORKER_PREFETCH_TERMINAL"}
[play-trace] {"message_id":11,"bytes":65536,"offset_bytes":0,"context_id":"m9gkwifv","t_ms":1726,"time_origin_ms":1788963446328.211,"ts_ms":1788963448054.2,"stage":"WARM_PREFIX_READY"}
[play-trace] {"message_id":12,"status":"READY","code":null,"context_id":"m9gkwifv","t_ms":1726.1,"time_origin_ms":1788963446328.211,"ts_ms":1788963448054.3,"stage":"WORKER_PREFETCH_TERMINAL"}
[play-trace] {"message_id":12,"bytes":65536,"offset_bytes":0,"context_id":"m9gkwifv","t_ms":1726.1,"time_origin_ms":1788963446328.211,"ts_ms":1788963448054.3,"stage":"WARM_PREFIX_READY"}
[play-trace] {"message_id":13,"status":"READY","code":null,"context_id":"m9gkwifv","t_ms":1726.2,"time_origin_ms":1788963446328.211,"ts_ms":1788963448054.5,"stage":"WORKER_PREFETCH_TERMINAL"}
[play-trace] {"message_id":13,"bytes":65536,"offset_bytes":0,"context_id":"m9gkwifv","t_ms":1726.3,"time_origin_ms":1788963446328.211,"ts_ms":1788963448054.5,"stage":"WARM_PREFIX_READY"}
[play-trace] {"message_id":14,"status":"READY","code":null,"context_id":"m9gkwifv","t_ms":1726.4,"time_origin_ms":1788963446328.211,"ts_ms":1788963448054.6,"stage":"WORKER_PREFETCH_TERMINAL"}
[play-trace] {"message_id":14,"bytes":65536,"offset_bytes":0,"context_id":"m9gkwifv","t_ms":1726.4,"time_origin_ms":1788963446328.211,"ts_ms":1788963448054.6,"stage":"WARM_PREFIX_READY"}

[90mstdout[2m | tests/component-dom/webTransportWorkerScheduler.behavior.test.ts[2m > [22m[2mWorker playback scheduler with pending Telegram transfers[2m > [22m[2menforces 7 idle lanes, aborts unrelated warm for queued Play, keeps 0 unrelated critical lanes and resumes exactly 6 when stable
[22m[39m[play-trace] {"count":14,"elapsed_ms":376,"failures":0,"context_id":"m9gkwifv","t_ms":1730.3,"time_origin_ms":1788963446328.211,"ts_ms":1788963448058.5,"stage":"WORKER_PREFETCH_BATCH_DONE"}

[90mstdout[2m | tests/component-dom/webTransportWorker.test.ts[2m > [22m[2mGaler Cloud single-file Web Worker[2m > [22m[2mnever turns a missing pinned index into an authoritative empty gallery
[22m[39m[play-trace] {"request_id":"get-index-still-missing","context_id":"l91tmfjg","t_ms":1844.9,"time_origin_ms":1788963446333.957,"ts_ms":1788963448178.8,"stage":"INDEX_BEGIN"}

[90mstdout[2m | tests/component-dom/webTransportWorker.test.ts[2m > [22m[2mGaler Cloud single-file Web Worker[2m > [22m[2mnever turns a missing pinned index into an authoritative empty gallery
[22m[39m[play-trace] {"attempt":3,"error_name":"Error","context_id":"l91tmfjg","t_ms":1845.2,"time_origin_ms":1788963446333.957,"ts_ms":1788963448179.1,"stage":"WORKER_GET_INDEX_RETRY"}

[90mstdout[2m | tests/component-dom/webTransportWorkerScheduler.behavior.test.ts[2m > [22m[2mWorker playback scheduler with pending Telegram transfers[2m > [22m[2mkeeps the physically active same-beat warm, aborts the other six lanes, and never restarts offset zero
[22m[39m[play-trace] {"count":14,"prefix_bytes":65536,"lanes":7,"context_id":"m9gkwifv","t_ms":1885.6,"time_origin_ms":1788963446328.211,"ts_ms":1788963448213.9,"stage":"WARM_BATCH_BEGIN"}
[play-trace] {"message_id":1,"context_id":"m9gkwifv","t_ms":1885.8,"time_origin_ms":1788963446328.211,"ts_ms":1788963448214.1,"stage":"WORKER_PLAYBACK_MEDIA_CACHE_HIT"}
[play-trace] {"message_id":2,"context_id":"m9gkwifv","t_ms":1885.9,"time_origin_ms":1788963446328.211,"ts_ms":1788963448214.1,"stage":"WORKER_PLAYBACK_MEDIA_CACHE_HIT"}
[play-trace] {"message_id":3,"context_id":"m9gkwifv","t_ms":1885.9,"time_origin_ms":1788963446328.211,"ts_ms":1788963448214.1,"stage":"WORKER_PLAYBACK_MEDIA_CACHE_HIT"}
[play-trace] {"message_id":4,"context_id":"m9gkwifv","t_ms":1885.9,"time_origin_ms":1788963446328.211,"ts_ms":1788963448214.1,"stage":"WORKER_PLAYBACK_MEDIA_CACHE_HIT"}
[play-trace] {"message_id":5,"context_id":"m9gkwifv","t_ms":1885.9,"time_origin_ms":1788963446328.211,"ts_ms":1788963448214.1,"stage":"WORKER_PLAYBACK_MEDIA_CACHE_HIT"}
[play-trace] {"message_id":6,"context_id":"m9gkwifv","t_ms":1885.9,"time_origin_ms":1788963446328.211,"ts_ms":1788963448214.1,"stage":"WORKER_PLAYBACK_MEDIA_CACHE_HIT"}
[play-trace] {"message_id":7,"context_id":"m9gkwifv","t_ms":1885.9,"time_origin_ms":1788963446328.211,"ts_ms":1788963448214.1,"stage":"WORKER_PLAYBACK_MEDIA_CACHE_HIT"}
[play-trace] {"message_id":8,"context_id":"m9gkwifv","t_ms":1885.9,"time_origin_ms":1788963446328.211,"ts_ms":1788963448214.1,"stage":"WORKER_PLAYBACK_MEDIA_CACHE_HIT"}
[play-trace] {"message_id":9,"context_id":"m9gkwifv","t_ms":1885.9,"time_origin_ms":1788963446328.211,"ts_ms":1788963448214.1,"stage":"WORKER_PLAYBACK_MEDIA_CACHE_HIT"}
[play-trace] {"message_id":10,"context_id":"m9gkwifv","t_ms":1885.9,"time_origin_ms":1788963446328.211,"ts_ms":1788963448214.1,"stage":"WORKER_PLAYBACK_MEDIA_CACHE_HIT"}
[play-trace] {"message_id":11,"context_id":"m9gkwifv","t_ms":1885.9,"time_origin_ms":1788963446328.211,"ts_ms":1788963448214.2,"stage":"WORKER_PLAYBACK_MEDIA_CACHE_HIT"}
[play-trace] {"message_id":12,"context_id":"m9gkwifv","t_ms":1885.9,"time_origin_ms":1788963446328.211,"ts_ms":1788963448214.2,"stage":"WORKER_PLAYBACK_MEDIA_CACHE_HIT"}
[play-trace] {"message_id":13,"context_id":"m9gkwifv","t_ms":1886,"time_origin_ms":1788963446328.211,"ts_ms":1788963448214.2,"stage":"WORKER_PLAYBACK_MEDIA_CACHE_HIT"}
[play-trace] {"message_id":14,"context_id":"m9gkwifv","t_ms":1886,"time_origin_ms":1788963446328.211,"ts_ms":1788963448214.2,"stage":"WORKER_PLAYBACK_MEDIA_CACHE_HIT"}

[90mstdout[2m | tests/component-dom/webTransportWorkerScheduler.behavior.test.ts[2m > [22m[2mWorker playback scheduler with pending Telegram transfers[2m > [22m[2mkeeps the physically active same-beat warm, aborts the other six lanes, and never restarts offset zero
[22m[39m[play-trace] {"lane":1,"message_id":1,"scheduler":"IDLE","context_id":"m9gkwifv","t_ms":1886.4,"time_origin_ms":1788963446328.211,"ts_ms":1788963448214.6,"stage":"WORKER_PREFETCH_LANE_TAKE"}
[play-trace] {"lane":2,"message_id":2,"scheduler":"IDLE","context_id":"m9gkwifv","t_ms":1886.5,"time_origin_ms":1788963446328.211,"ts_ms":1788963448214.7,"stage":"WORKER_PREFETCH_LANE_TAKE"}
[play-trace] {"lane":3,"message_id":3,"scheduler":"IDLE","context_id":"m9gkwifv","t_ms":1886.5,"time_origin_ms":1788963446328.211,"ts_ms":1788963448214.7,"stage":"WORKER_PREFETCH_LANE_TAKE"}
[play-trace] {"lane":4,"message_id":4,"scheduler":"IDLE","context_id":"m9gkwifv","t_ms":1886.6,"time_origin_ms":1788963446328.211,"ts_ms":1788963448214.8,"stage":"WORKER_PREFETCH_LANE_TAKE"}
[play-trace] {"lane":5,"message_id":5,"scheduler":"IDLE","context_id":"m9gkwifv","t_ms":1886.6,"time_origin_ms":1788963446328.211,"ts_ms":1788963448214.8,"stage":"WORKER_PREFETCH_LANE_TAKE"}
[play-trace] {"lane":6,"message_id":6,"scheduler":"IDLE","context_id":"m9gkwifv","t_ms":1886.6,"time_origin_ms":1788963446328.211,"ts_ms":1788963448214.8,"stage":"WORKER_PREFETCH_LANE_TAKE"}
[play-trace] {"lane":7,"message_id":7,"scheduler":"IDLE","context_id":"m9gkwifv","t_ms":1886.6,"time_origin_ms":1788963446328.211,"ts_ms":1788963448214.8,"stage":"WORKER_PREFETCH_LANE_TAKE"}

[90mstdout[2m | tests/component-dom/webTransportWorkerScheduler.behavior.test.ts[2m > [22m[2mWorker playback scheduler with pending Telegram transfers[2m > [22m[2mkeeps the physically active same-beat warm, aborts the other six lanes, and never restarts offset zero
[22m[39m[play-trace] {"message_id":3,"aborted":6,"context_id":"m9gkwifv","t_ms":1936.6,"time_origin_ms":1788963446328.211,"ts_ms":1788963448264.8,"stage":"PLAY_WARM_PREEMPT_ALL"}

[90mstdout[2m | tests/component-dom/webTransportWorkerScheduler.behavior.test.ts[2m > [22m[2mWorker playback scheduler with pending Telegram transfers[2m > [22m[2mkeeps the physically active same-beat warm, aborts the other six lanes, and never restarts offset zero
[22m[39m[play-trace] {"message_id":1,"context_id":"m9gkwifv","t_ms":1937,"time_origin_ms":1788963446328.211,"ts_ms":1788963448265.2,"stage":"WORKER_WARM_PREEMPTED"}
[play-trace] {"message_id":2,"context_id":"m9gkwifv","t_ms":1937,"time_origin_ms":1788963446328.211,"ts_ms":1788963448265.2,"stage":"WORKER_WARM_PREEMPTED"}
[play-trace] {"message_id":4,"context_id":"m9gkwifv","t_ms":1937,"time_origin_ms":1788963446328.211,"ts_ms":1788963448265.2,"stage":"WORKER_WARM_PREEMPTED"}
[play-trace] {"message_id":5,"context_id":"m9gkwifv","t_ms":1937,"time_origin_ms":1788963446328.211,"ts_ms":1788963448265.2,"stage":"WORKER_WARM_PREEMPTED"}
[play-trace] {"message_id":6,"context_id":"m9gkwifv","t_ms":1937,"time_origin_ms":1788963446328.211,"ts_ms":1788963448265.2,"stage":"WORKER_WARM_PREEMPTED"}
[play-trace] {"message_id":7,"context_id":"m9gkwifv","t_ms":1937,"time_origin_ms":1788963446328.211,"ts_ms":1788963448265.2,"stage":"WORKER_WARM_PREEMPTED"}

[90mstdout[2m | tests/component-dom/webTransportWorkerScheduler.behavior.test.ts[2m > [22m[2mWorker playback scheduler with pending Telegram transfers[2m > [22m[2mkeeps the physically active same-beat warm, aborts the other six lanes, and never restarts offset zero
[22m[39m[play-trace] {"lanes":7,"context_id":"m9gkwifv","t_ms":1988.2,"time_origin_ms":1788963446328.211,"ts_ms":1788963448316.4,"stage":"WARM_RESUME"}
[play-trace] {"message_id":3,"status":"READY","code":null,"context_id":"m9gkwifv","t_ms":1988.5,"time_origin_ms":1788963446328.211,"ts_ms":1788963448316.7,"stage":"WORKER_PREFETCH_TERMINAL"}
[play-trace] {"message_id":3,"bytes":65536,"offset_bytes":0,"context_id":"m9gkwifv","t_ms":1988.6,"time_origin_ms":1788963446328.211,"ts_ms":1788963448316.8,"stage":"WARM_PREFIX_READY"}
[play-trace] {"lane":1,"message_id":8,"scheduler":"IDLE","context_id":"m9gkwifv","t_ms":1988.6,"time_origin_ms":1788963446328.211,"ts_ms":1788963448316.8,"stage":"WORKER_PREFETCH_LANE_TAKE"}
[play-trace] {"lane":2,"message_id":9,"scheduler":"IDLE","context_id":"m9gkwifv","t_ms":1988.7,"time_origin_ms":1788963446328.211,"ts_ms":1788963448316.9,"stage":"WORKER_PREFETCH_LANE_TAKE"}
[play-trace] {"lane":4,"message_id":10,"scheduler":"IDLE","context_id":"m9gkwifv","t_ms":1988.7,"time_origin_ms":1788963446328.211,"ts_ms":1788963448317,"stage":"WORKER_PREFETCH_LANE_TAKE"}
[play-trace] {"lane":5,"message_id":11,"scheduler":"IDLE","context_id":"m9gkwifv","t_ms":1988.8,"time_origin_ms":1788963446328.211,"ts_ms":1788963448317,"stage":"WORKER_PREFETCH_LANE_TAKE"}
[play-trace] {"lane":6,"message_id":12,"scheduler":"IDLE","context_id":"m9gkwifv","t_ms":1988.8,"time_origin_ms":1788963446328.211,"ts_ms":1788963448317,"stage":"WORKER_PREFETCH_LANE_TAKE"}
[play-trace] {"lane":7,"message_id":13,"scheduler":"IDLE","context_id":"m9gkwifv","t_ms":1988.8,"time_origin_ms":1788963446328.211,"ts_ms":1788963448317,"stage":"WORKER_PREFETCH_LANE_TAKE"}

[90mstdout[2m | tests/component-dom/webTransportWorkerScheduler.behavior.test.ts[2m > [22m[2mWorker playback scheduler with pending Telegram transfers[2m > [22m[2mkeeps the physically active same-beat warm, aborts the other six lanes, and never restarts offset zero
[22m[39m[play-trace] {"lane":3,"message_id":14,"scheduler":"IDLE","context_id":"m9gkwifv","t_ms":1990.2,"time_origin_ms":1788963446328.211,"ts_ms":1788963448318.4,"stage":"WORKER_PREFETCH_LANE_TAKE"}

[90mstdout[2m | tests/component-dom/webPlaybackSourceAdvanced.behavior.test.ts[2m > [22m[2mWebPlaybackSourceManager advanced scheduling behavior[2m > [22m[2madopts the same active warm transfer for Play and never starts a second offset-zero prefix
[22m[39m[play-trace] {"beat_id":"beat-active","message_id":77,"priority":"visible","context_id":"0yk7dwhy","t_ms":611,"time_origin_ms":1788963447714.818,"ts_ms":1788963448325.8,"stage":"SOURCE_PREFETCH_QUEUED"}

[90mstdout[2m | tests/component-dom/webPlaybackSourceAdvanced.behavior.test.ts[2m > [22m[2mWebPlaybackSourceManager advanced scheduling behavior[2m > [22m[2madopts the same active warm transfer for Play and never starts a second offset-zero prefix
[22m[39m[play-trace] {"priority":"visible","count":1,"context_id":"0yk7dwhy","t_ms":613.2,"time_origin_ms":1788963447714.818,"ts_ms":1788963448328,"stage":"SOURCE_PREFETCH_BATCH_BEGIN"}

[90mstdout[2m | tests/component-dom/webTransportWorkerScheduler.behavior.test.ts[2m > [22m[2mWorker playback scheduler with pending Telegram transfers[2m > [22m[2mkeeps the physically active same-beat warm, aborts the other six lanes, and never restarts offset zero
[22m[39m[play-trace] {"message_id":8,"status":"READY","code":null,"context_id":"m9gkwifv","t_ms":2038.7,"time_origin_ms":1788963446328.211,"ts_ms":1788963448366.9,"stage":"WORKER_PREFETCH_TERMINAL"}
[play-trace] {"message_id":8,"bytes":65536,"offset_bytes":0,"context_id":"m9gkwifv","t_ms":2038.8,"time_origin_ms":1788963446328.211,"ts_ms":1788963448367,"stage":"WARM_PREFIX_READY"}
[play-trace] {"message_id":9,"status":"READY","code":null,"context_id":"m9gkwifv","t_ms":2038.8,"time_origin_ms":1788963446328.211,"ts_ms":1788963448367,"stage":"WORKER_PREFETCH_TERMINAL"}
[play-trace] {"message_id":9,"bytes":65536,"offset_bytes":0,"context_id":"m9gkwifv","t_ms":2038.8,"time_origin_ms":1788963446328.211,"ts_ms":1788963448367.1,"stage":"WARM_PREFIX_READY"}
[play-trace] {"message_id":10,"status":"READY","code":null,"context_id":"m9gkwifv","t_ms":2038.9,"time_origin_ms":1788963446328.211,"ts_ms":1788963448367.1,"stage":"WORKER_PREFETCH_TERMINAL"}
[play-trace] {"message_id":10,"bytes":65536,"offset_bytes":0,"context_id":"m9gkwifv","t_ms":2038.9,"time_origin_ms":1788963446328.211,"ts_ms":1788963448367.1,"stage":"WARM_PREFIX_READY"}
[play-trace] {"message_id":11,"status":"READY","code":null,"context_id":"m9gkwifv","t_ms":2038.9,"time_origin_ms":1788963446328.211,"ts_ms":1788963448367.1,"stage":"WORKER_PREFETCH_TERMINAL"}
[play-trace] {"message_id":11,"bytes":65536,"offset_bytes":0,"context_id":"m9gkwifv","t_ms":2038.9,"time_origin_ms":1788963446328.211,"ts_ms":1788963448367.1,"stage":"WARM_PREFIX_READY"}
[play-trace] {"message_id":12,"status":"READY","code":null,"context_id":"m9gkwifv","t_ms":2038.9,"time_origin_ms":1788963446328.211,"ts_ms":1788963448367.1,"stage":"WORKER_PREFETCH_TERMINAL"}
[play-trace] {"message_id":12,"bytes":65536,"offset_bytes":0,"context_id":"m9gkwifv","t_ms":2038.9,"time_origin_ms":1788963446328.211,"ts_ms":1788963448367.1,"stage":"WARM_PREFIX_READY"}
[play-trace] {"message_id":13,"status":"READY","code":null,"context_id":"m9gkwifv","t_ms":2038.9,"time_origin_ms":1788963446328.211,"ts_ms":1788963448367.1,"stage":"WORKER_PREFETCH_TERMINAL"}
[play-trace] {"message_id":13,"bytes":65536,"offset_bytes":0,"context_id":"m9gkwifv","t_ms":2038.9,"time_origin_ms":1788963446328.211,"ts_ms":1788963448367.1,"stage":"WARM_PREFIX_READY"}
[play-trace] {"message_id":14,"status":"READY","code":null,"context_id":"m9gkwifv","t_ms":2039,"time_origin_ms":1788963446328.211,"ts_ms":1788963448367.2,"stage":"WORKER_PREFETCH_TERMINAL"}
[play-trace] {"message_id":14,"bytes":65536,"offset_bytes":0,"context_id":"m9gkwifv","t_ms":2039,"time_origin_ms":1788963446328.211,"ts_ms":1788963448367.2,"stage":"WARM_PREFIX_READY"}

[90mstdout[2m | tests/component-dom/webTransportWorkerScheduler.behavior.test.ts[2m > [22m[2mWorker playback scheduler with pending Telegram transfers[2m > [22m[2mkeeps the physically active same-beat warm, aborts the other six lanes, and never restarts offset zero
[22m[39m[play-trace] {"lane":1,"message_id":1,"scheduler":"IDLE","context_id":"m9gkwifv","t_ms":2040.4,"time_origin_ms":1788963446328.211,"ts_ms":1788963448368.6,"stage":"WORKER_PREFETCH_LANE_TAKE"}

[90mstdout[2m | tests/component-dom/webTransportWorkerScheduler.behavior.test.ts[2m > [22m[2mWorker playback scheduler with pending Telegram transfers[2m > [22m[2mkeeps the physically active same-beat warm, aborts the other six lanes, and never restarts offset zero
[22m[39m[play-trace] {"lane":2,"message_id":2,"scheduler":"IDLE","context_id":"m9gkwifv","t_ms":2040.6,"time_origin_ms":1788963446328.211,"ts_ms":1788963448368.8,"stage":"WORKER_PREFETCH_LANE_TAKE"}

[90mstdout[2m | tests/component-dom/webTransportWorkerScheduler.behavior.test.ts[2m > [22m[2mWorker playback scheduler with pending Telegram transfers[2m > [22m[2mkeeps the physically active same-beat warm, aborts the other six lanes, and never restarts offset zero
[22m[39m[play-trace] {"lane":4,"message_id":4,"scheduler":"IDLE","context_id":"m9gkwifv","t_ms":2040.8,"time_origin_ms":1788963446328.211,"ts_ms":1788963448369,"stage":"WORKER_PREFETCH_LANE_TAKE"}

[90mstdout[2m | tests/component-dom/webTransportWorkerScheduler.behavior.test.ts[2m > [22m[2mWorker playback scheduler with pending Telegram transfers[2m > [22m[2mkeeps the physically active same-beat warm, aborts the other six lanes, and never restarts offset zero
[22m[39m[play-trace] {"lane":5,"message_id":5,"scheduler":"IDLE","context_id":"m9gkwifv","t_ms":2040.9,"time_origin_ms":1788963446328.211,"ts_ms":1788963448369.1,"stage":"WORKER_PREFETCH_LANE_TAKE"}

[90mstdout[2m | tests/component-dom/webTransportWorkerScheduler.behavior.test.ts[2m > [22m[2mWorker playback scheduler with pending Telegram transfers[2m > [22m[2mkeeps the physically active same-beat warm, aborts the other six lanes, and never restarts offset zero
[22m[39m[play-trace] {"lane":6,"message_id":6,"scheduler":"IDLE","context_id":"m9gkwifv","t_ms":2041,"time_origin_ms":1788963446328.211,"ts_ms":1788963448369.2,"stage":"WORKER_PREFETCH_LANE_TAKE"}

[90mstdout[2m | tests/component-dom/webTransportWorkerScheduler.behavior.test.ts[2m > [22m[2mWorker playback scheduler with pending Telegram transfers[2m > [22m[2mkeeps the physically active same-beat warm, aborts the other six lanes, and never restarts offset zero
[22m[39m[play-trace] {"lane":7,"message_id":7,"scheduler":"IDLE","context_id":"m9gkwifv","t_ms":2041.1,"time_origin_ms":1788963446328.211,"ts_ms":1788963448369.3,"stage":"WORKER_PREFETCH_LANE_TAKE"}

[90mstdout[2m | tests/component-dom/webTransportWorkerScheduler.behavior.test.ts[2m > [22m[2mWorker playback scheduler with pending Telegram transfers[2m > [22m[2mkeeps the physically active same-beat warm, aborts the other six lanes, and never restarts offset zero
[22m[39m[play-trace] {"message_id":1,"status":"READY","code":null,"context_id":"m9gkwifv","t_ms":2042.5,"time_origin_ms":1788963446328.211,"ts_ms":1788963448370.8,"stage":"WORKER_PREFETCH_TERMINAL"}
[play-trace] {"message_id":1,"bytes":65536,"offset_bytes":0,"context_id":"m9gkwifv","t_ms":2042.6,"time_origin_ms":1788963446328.211,"ts_ms":1788963448370.8,"stage":"WARM_PREFIX_READY"}
[play-trace] {"message_id":2,"status":"READY","code":null,"context_id":"m9gkwifv","t_ms":2042.6,"time_origin_ms":1788963446328.211,"ts_ms":1788963448370.8,"stage":"WORKER_PREFETCH_TERMINAL"}
[play-trace] {"message_id":2,"bytes":65536,"offset_bytes":0,"context_id":"m9gkwifv","t_ms":2042.6,"time_origin_ms":1788963446328.211,"ts_ms":1788963448370.8,"stage":"WARM_PREFIX_READY"}
[play-trace] {"message_id":4,"status":"READY","code":null,"context_id":"m9gkwifv","t_ms":2042.7,"time_origin_ms":1788963446328.211,"ts_ms":1788963448370.9,"stage":"WORKER_PREFETCH_TERMINAL"}
[play-trace] {"message_id":4,"bytes":65536,"offset_bytes":0,"context_id":"m9gkwifv","t_ms":2042.7,"time_origin_ms":1788963446328.211,"ts_ms":1788963448370.9,"stage":"WARM_PREFIX_READY"}
[play-trace] {"message_id":5,"status":"READY","code":null,"context_id":"m9gkwifv","t_ms":2042.8,"time_origin_ms":1788963446328.211,"ts_ms":1788963448371.1,"stage":"WORKER_PREFETCH_TERMINAL"}
[play-trace] {"message_id":5,"bytes":65536,"offset_bytes":0,"context_id":"m9gkwifv","t_ms":2042.9,"time_origin_ms":1788963446328.211,"ts_ms":1788963448371.1,"stage":"WARM_PREFIX_READY"}
[play-trace] {"message_id":6,"status":"READY","code":null,"context_id":"m9gkwifv","t_ms":2043,"time_origin_ms":1788963446328.211,"ts_ms":1788963448371.2,"stage":"WORKER_PREFETCH_TERMINAL"}
[play-trace] {"message_id":6,"bytes":65536,"offset_bytes":0,"context_id":"m9gkwifv","t_ms":2043,"time_origin_ms":1788963446328.211,"ts_ms":1788963448371.2,"stage":"WARM_PREFIX_READY"}
[play-trace] {"message_id":7,"status":"READY","code":null,"context_id":"m9gkwifv","t_ms":2043.1,"time_origin_ms":1788963446328.211,"ts_ms":1788963448371.3,"stage":"WORKER_PREFETCH_TERMINAL"}
[play-trace] {"message_id":7,"bytes":65536,"offset_bytes":0,"context_id":"m9gkwifv","t_ms":2043.1,"time_origin_ms":1788963446328.211,"ts_ms":1788963448371.3,"stage":"WARM_PREFIX_READY"}

[90mstdout[2m | tests/component-dom/webTransportWorkerScheduler.behavior.test.ts[2m > [22m[2mWorker playback scheduler with pending Telegram transfers[2m > [22m[2mkeeps the physically active same-beat warm, aborts the other six lanes, and never restarts offset zero
[22m[39m[play-trace] {"count":14,"elapsed_ms":161,"failures":0,"context_id":"m9gkwifv","t_ms":2045.8,"time_origin_ms":1788963446328.211,"ts_ms":1788963448374,"stage":"WORKER_PREFETCH_BATCH_DONE"}

[90mstdout[2m | tests/component-dom/webPlaybackSourceAdvanced.behavior.test.ts[2m > [22m[2mWebPlaybackSourceManager advanced scheduling behavior[2m > [22m[2madopts the same active warm transfer for Play and never starts a second offset-zero prefix
[22m[39m[play-trace] {"beat_id":"beat-active","message_id":77,"context_id":"0yk7dwhy","t_ms":663.7,"time_origin_ms":1788963447714.818,"ts_ms":1788963448378.5,"stage":"PLAY_WARM_ADOPTED"}

[90mstdout[2m | tests/component-dom/webPlaybackSourceAdvanced.behavior.test.ts[2m > [22m[2mWebPlaybackSourceManager advanced scheduling behavior[2m > [22m[2madopts the same active warm transfer for Play and never starts a second offset-zero prefix
[22m[39m[play-trace] {"beat_id":"beat-active","message_id":77,"bytes":65536,"playable_seconds":0,"context_id":"0yk7dwhy","t_ms":717.4,"time_origin_ms":1788963447714.818,"ts_ms":1788963448432.2,"stage":"WARM_PREFIX_READY"}
[play-trace] {"beat_id":"beat-active","message_id":77,"bytes":65536,"playable_seconds":0,"target_met":false,"context_id":"0yk7dwhy","t_ms":717.6,"time_origin_ms":1788963447714.818,"ts_ms":1788963448432.4,"stage":"SOURCE_PREFETCH_READY"}

[90mstdout[2m | tests/component-dom/webPlaybackSourceAdvanced.behavior.test.ts[2m > [22m[2mWebPlaybackSourceManager advanced scheduling behavior[2m > [22m[2madopts the same active warm transfer for Play and never starts a second offset-zero prefix
[22m[39m[play-trace] {"beat_id":"beat-active","mime_type":"audio/mpeg","mode":"mse","context_id":"0yk7dwhy","t_ms":718.5,"time_origin_ms":1788963447714.818,"ts_ms":1788963448433.3,"stage":"SOURCE_PREPARE"}
[play-trace] {"beat_id":"beat-active","context_id":"0yk7dwhy","t_ms":718.9,"time_origin_ms":1788963447714.818,"ts_ms":1788963448433.7,"stage":"SOURCE_MSE_BEGIN"}
[play-trace] {"beat_id":"beat-active","message_id":77,"bytes":65536,"playable_seconds":0,"context_id":"0yk7dwhy","t_ms":719.2,"time_origin_ms":1788963447714.818,"ts_ms":1788963448434,"stage":"PLAY_PREFIX_READY"}
[play-trace] {"beat_id":"beat-active","mode":"mse","context_id":"0yk7dwhy","t_ms":719.4,"time_origin_ms":1788963447714.818,"ts_ms":1788963448434.2,"stage":"SOURCE_URL_READY"}
[play-trace] {"beat_id":"beat-active","message_id":77,"offset_bytes":65536,"context_id":"0yk7dwhy","t_ms":719.6,"time_origin_ms":1788963447714.818,"ts_ms":1788963448434.4,"stage":"PLAY_STREAM_BEGIN"}

[90mstdout[2m | tests/component-dom/webPlaybackSourceAdvanced.behavior.test.ts[2m > [22m[2mWebPlaybackSourceManager advanced scheduling behavior[2m > [22m[2mpromotes a target queued only in SourceManager without waiting for the active warm batch
[22m[39m[play-trace] {"beat_id":"beat-a","message_id":101,"priority":"visible","context_id":"0yk7dwhy","t_ms":722.8,"time_origin_ms":1788963447714.818,"ts_ms":1788963448437.6,"stage":"SOURCE_PREFETCH_QUEUED"}

[90mstdout[2m | tests/component-dom/webPlaybackSourceAdvanced.behavior.test.ts[2m > [22m[2mWebPlaybackSourceManager advanced scheduling behavior[2m > [22m[2mpromotes a target queued only in SourceManager without waiting for the active warm batch
[22m[39m[play-trace] {"priority":"visible","count":1,"context_id":"0yk7dwhy","t_ms":723.2,"time_origin_ms":1788963447714.818,"ts_ms":1788963448438,"stage":"SOURCE_PREFETCH_BATCH_BEGIN"}

[90mstdout[2m | tests/component-dom/webPlaybackSourceAdvanced.behavior.test.ts[2m > [22m[2mWebPlaybackSourceManager advanced scheduling behavior[2m > [22m[2mpromotes a target queued only in SourceManager without waiting for the active warm batch
[22m[39m[play-trace] {"beat_id":"beat-b","message_id":102,"priority":"visible","context_id":"0yk7dwhy","t_ms":774,"time_origin_ms":1788963447714.818,"ts_ms":1788963448488.8,"stage":"SOURCE_PREFETCH_QUEUED"}

[90mstdout[2m | tests/component-dom/webPlaybackSourceAdvanced.behavior.test.ts[2m > [22m[2mWebPlaybackSourceManager advanced scheduling behavior[2m > [22m[2mpromotes a target queued only in SourceManager without waiting for the active warm batch
[22m[39m[play-trace] {"beat_id":"beat-b","message_id":102,"source":"local_queue","context_id":"0yk7dwhy","t_ms":774.3,"time_origin_ms":1788963447714.818,"ts_ms":1788963448489.1,"stage":"PLAY_WARM_PROMOTED"}

[90mstdout[2m | tests/component-dom/webPlaybackSourceAdvanced.behavior.test.ts[2m > [22m[2mWebPlaybackSourceManager advanced scheduling behavior[2m > [22m[2mpromotes a target queued only in SourceManager without waiting for the active warm batch
[22m[39m[play-trace] {"beat_id":"beat-b","message_id":102,"offset_bytes":0,"bytes":65536,"context_id":"0yk7dwhy","t_ms":775.6,"time_origin_ms":1788963447714.818,"ts_ms":1788963448490.4,"stage":"PLAY_WARM_PROMOTED_READY"}

[90mstdout[2m | tests/component-dom/webPlaybackSourceAdvanced.behavior.test.ts[2m > [22m[2mWebPlaybackSourceManager advanced scheduling behavior[2m > [22m[2mpromotes a target queued only in SourceManager without waiting for the active warm batch
[22m[39m[play-trace] {"beat_id":"beat-b","mime_type":"audio/mpeg","mode":"mse","context_id":"0yk7dwhy","t_ms":775.8,"time_origin_ms":1788963447714.818,"ts_ms":1788963448490.6,"stage":"SOURCE_PREPARE"}
[play-trace] {"beat_id":"beat-b","context_id":"0yk7dwhy","t_ms":775.8,"time_origin_ms":1788963447714.818,"ts_ms":1788963448490.6,"stage":"SOURCE_MSE_BEGIN"}
[play-trace] {"beat_id":"beat-b","message_id":102,"bytes":65536,"playable_seconds":0,"context_id":"0yk7dwhy","t_ms":775.9,"time_origin_ms":1788963447714.818,"ts_ms":1788963448490.7,"stage":"PLAY_PREFIX_READY"}
[play-trace] {"beat_id":"beat-b","mode":"mse","context_id":"0yk7dwhy","t_ms":776,"time_origin_ms":1788963447714.818,"ts_ms":1788963448490.8,"stage":"SOURCE_URL_READY"}
[play-trace] {"beat_id":"beat-b","message_id":102,"offset_bytes":65536,"context_id":"0yk7dwhy","t_ms":776,"time_origin_ms":1788963447714.818,"ts_ms":1788963448490.8,"stage":"PLAY_STREAM_BEGIN"}

[90mstdout[2m | tests/component-dom/webPlaybackSourceAdvanced.behavior.test.ts[2m > [22m[2mWebPlaybackSourceManager advanced scheduling behavior[2m > [22m[2mpromotes a target queued only in SourceManager without waiting for the active warm batch
[22m[39m[play-trace] {"beat_id":"beat-a","message_id":101,"bytes":65536,"playable_seconds":0,"context_id":"0yk7dwhy","t_ms":778.3,"time_origin_ms":1788963447714.818,"ts_ms":1788963448493.1,"stage":"WARM_PREFIX_READY"}
[play-trace] {"beat_id":"beat-a","message_id":101,"bytes":65536,"playable_seconds":0,"target_met":false,"context_id":"0yk7dwhy","t_ms":778.3,"time_origin_ms":1788963447714.818,"ts_ms":1788963448493.2,"stage":"SOURCE_PREFETCH_READY"}

[90mstdout[2m | tests/component-dom/webPlaybackSourceAdvanced.behavior.test.ts[2m > [22m[2mWebPlaybackSourceManager advanced scheduling behavior[2m > [22m[2muses a short EOF prefix as the complete file and performs no continuation
[22m[39m[play-trace] {"beat_id":"beat-eof","message_id":88,"priority":"visible","context_id":"0yk7dwhy","t_ms":779.2,"time_origin_ms":1788963447714.818,"ts_ms":1788963448494,"stage":"SOURCE_PREFETCH_QUEUED"}

[90mstdout[2m | tests/component-dom/webPlaybackSourceAdvanced.behavior.test.ts[2m > [22m[2mWebPlaybackSourceManager advanced scheduling behavior[2m > [22m[2muses a short EOF prefix as the complete file and performs no continuation
[22m[39m[play-trace] {"priority":"visible","count":1,"context_id":"0yk7dwhy","t_ms":779.5,"time_origin_ms":1788963447714.818,"ts_ms":1788963448494.3,"stage":"SOURCE_PREFETCH_BATCH_BEGIN"}

[90mstdout[2m | tests/component-dom/webTransportWorker.test.ts[2m > [22m[2mGaler Cloud single-file Web Worker[2m > [22m[2mnever turns a missing pinned index into an authoritative empty gallery
[22m[39m[play-trace] {"request_id":"get-index-still-missing","context_id":"l91tmfjg","t_ms":2164.8,"time_origin_ms":1788963446333.957,"ts_ms":1788963448498.8,"stage":"INDEX_BEGIN"}

[90mstdout[2m | tests/component-dom/webTransportWorker.test.ts[2m > [22m[2mGaler Cloud single-file Web Worker[2m > [22m[2mnever turns a missing pinned index into an authoritative empty gallery
[22m[39m[play-trace] {"attempt":4,"error_name":"Error","context_id":"l91tmfjg","t_ms":2165,"time_origin_ms":1788963446333.957,"ts_ms":1788963448499,"stage":"WORKER_GET_INDEX_RETRY"}

[90mstdout[2m | tests/component-dom/webTransportWorkerScheduler.behavior.test.ts[2m > [22m[2mWorker playback scheduler with pending Telegram transfers[2m > [22m[2mgives a Play outside startup14 foreground priority after physically preempting all startup warm
[22m[39m[play-trace] {"count":14,"prefix_bytes":65536,"lanes":7,"context_id":"m9gkwifv","t_ms":2197.3,"time_origin_ms":1788963446328.211,"ts_ms":1788963448525.5,"stage":"WARM_BATCH_BEGIN"}
[play-trace] {"count":14,"attempt":1,"context_id":"m9gkwifv","t_ms":2197.4,"time_origin_ms":1788963446328.211,"ts_ms":1788963448525.6,"stage":"WORKER_PLAYBACK_MEDIA_BATCH_RPC"}

[90mstdout[2m | tests/component-dom/webTransportWorkerScheduler.behavior.test.ts[2m > [22m[2mWorker playback scheduler with pending Telegram transfers[2m > [22m[2mgives a Play outside startup14 foreground priority after physically preempting all startup warm
[22m[39m[play-trace] {"lane":1,"message_id":101,"scheduler":"IDLE","context_id":"m9gkwifv","t_ms":2197.8,"time_origin_ms":1788963446328.211,"ts_ms":1788963448526,"stage":"WORKER_PREFETCH_LANE_TAKE"}
[play-trace] {"lane":2,"message_id":102,"scheduler":"IDLE","context_id":"m9gkwifv","t_ms":2197.9,"time_origin_ms":1788963446328.211,"ts_ms":1788963448526.1,"stage":"WORKER_PREFETCH_LANE_TAKE"}
[play-trace] {"lane":3,"message_id":103,"scheduler":"IDLE","context_id":"m9gkwifv","t_ms":2197.9,"time_origin_ms":1788963446328.211,"ts_ms":1788963448526.1,"stage":"WORKER_PREFETCH_LANE_TAKE"}
[play-trace] {"lane":4,"message_id":104,"scheduler":"IDLE","context_id":"m9gkwifv","t_ms":2197.9,"time_origin_ms":1788963446328.211,"ts_ms":1788963448526.2,"stage":"WORKER_PREFETCH_LANE_TAKE"}
[play-trace] {"lane":5,"message_id":105,"scheduler":"IDLE","context_id":"m9gkwifv","t_ms":2198,"time_origin_ms":1788963446328.211,"ts_ms":1788963448526.2,"stage":"WORKER_PREFETCH_LANE_TAKE"}
[play-trace] {"lane":6,"message_id":106,"scheduler":"IDLE","context_id":"m9gkwifv","t_ms":2198,"time_origin_ms":1788963446328.211,"ts_ms":1788963448526.2,"stage":"WORKER_PREFETCH_LANE_TAKE"}
[play-trace] {"lane":7,"message_id":107,"scheduler":"IDLE","context_id":"m9gkwifv","t_ms":2198,"time_origin_ms":1788963446328.211,"ts_ms":1788963448526.2,"stage":"WORKER_PREFETCH_LANE_TAKE"}

[90mstdout[2m | tests/component-dom/webPlaybackSourceAdvanced.behavior.test.ts[2m > [22m[2mWebPlaybackSourceManager advanced scheduling behavior[2m > [22m[2muses a short EOF prefix as the complete file and performs no continuation
[22m[39m[play-trace] {"beat_id":"beat-eof","message_id":88,"bytes":1000,"playable_seconds":0,"context_id":"0yk7dwhy","t_ms":829.5,"time_origin_ms":1788963447714.818,"ts_ms":1788963448544.3,"stage":"WARM_PREFIX_READY"}
[play-trace] {"beat_id":"beat-eof","message_id":88,"bytes":1000,"playable_seconds":0,"target_met":false,"context_id":"0yk7dwhy","t_ms":829.5,"time_origin_ms":1788963447714.818,"ts_ms":1788963448544.3,"stage":"SOURCE_PREFETCH_READY"}

[90mstdout[2m | tests/component-dom/webPlaybackSourceAdvanced.behavior.test.ts[2m > [22m[2mWebPlaybackSourceManager advanced scheduling behavior[2m > [22m[2muses a short EOF prefix as the complete file and performs no continuation
[22m[39m[play-trace] {"beat_id":"beat-eof","mime_type":"audio/mpeg","mode":"mse","context_id":"0yk7dwhy","t_ms":829.7,"time_origin_ms":1788963447714.818,"ts_ms":1788963448544.5,"stage":"SOURCE_PREPARE"}
[play-trace] {"beat_id":"beat-eof","context_id":"0yk7dwhy","t_ms":829.7,"time_origin_ms":1788963447714.818,"ts_ms":1788963448544.5,"stage":"SOURCE_MSE_BEGIN"}
[play-trace] {"beat_id":"beat-eof","message_id":88,"bytes":1000,"playable_seconds":0,"context_id":"0yk7dwhy","t_ms":829.8,"time_origin_ms":1788963447714.818,"ts_ms":1788963448544.6,"stage":"PLAY_PREFIX_READY"}
[play-trace] {"beat_id":"beat-eof","mode":"mse","context_id":"0yk7dwhy","t_ms":829.9,"time_origin_ms":1788963447714.818,"ts_ms":1788963448544.7,"stage":"SOURCE_URL_READY"}

[90mstdout[2m | tests/component-dom/webPlaybackSourceAdvanced.behavior.test.ts[2m > [22m[2mWebPlaybackSourceManager advanced scheduling behavior[2m > [22m[2mcontinues an aligned 32 KiB prefix exactly at 32768 without repeating bytes
[22m[39m[play-trace] {"beat_id":"beat-aligned","message_id":89,"priority":"visible","context_id":"0yk7dwhy","t_ms":830.9,"time_origin_ms":1788963447714.818,"ts_ms":1788963448545.7,"stage":"SOURCE_PREFETCH_QUEUED"}

[90mstdout[2m | tests/component-dom/webPlaybackSourceAdvanced.behavior.test.ts[2m > [22m[2mWebPlaybackSourceManager advanced scheduling behavior[2m > [22m[2mcontinues an aligned 32 KiB prefix exactly at 32768 without repeating bytes
[22m[39m[play-trace] {"priority":"visible","count":1,"context_id":"0yk7dwhy","t_ms":831.1,"time_origin_ms":1788963447714.818,"ts_ms":1788963448545.9,"stage":"SOURCE_PREFETCH_BATCH_BEGIN"}

[90mstdout[2m | tests/component-dom/webTransportWorkerScheduler.behavior.test.ts[2m > [22m[2mWorker playback scheduler with pending Telegram transfers[2m > [22m[2mgives a Play outside startup14 foreground priority after physically preempting all startup warm
[22m[39m[play-trace] {"message_id":99,"aborted":7,"context_id":"m9gkwifv","t_ms":2248.9,"time_origin_ms":1788963446328.211,"ts_ms":1788963448577.1,"stage":"PLAY_WARM_PREEMPT_ALL"}

[90mstdout[2m | tests/component-dom/webTransportWorkerScheduler.behavior.test.ts[2m > [22m[2mWorker playback scheduler with pending Telegram transfers[2m > [22m[2mgives a Play outside startup14 foreground priority after physically preempting all startup warm
[22m[39m[play-trace] {"message_id":101,"context_id":"m9gkwifv","t_ms":2249.2,"time_origin_ms":1788963446328.211,"ts_ms":1788963448577.5,"stage":"WORKER_WARM_PREEMPTED"}
[play-trace] {"message_id":102,"context_id":"m9gkwifv","t_ms":2249.3,"time_origin_ms":1788963446328.211,"ts_ms":1788963448577.5,"stage":"WORKER_WARM_PREEMPTED"}
[play-trace] {"message_id":103,"context_id":"m9gkwifv","t_ms":2249.3,"time_origin_ms":1788963446328.211,"ts_ms":1788963448577.5,"stage":"WORKER_WARM_PREEMPTED"}
[play-trace] {"message_id":104,"context_id":"m9gkwifv","t_ms":2249.3,"time_origin_ms":1788963446328.211,"ts_ms":1788963448577.5,"stage":"WORKER_WARM_PREEMPTED"}
[play-trace] {"message_id":105,"context_id":"m9gkwifv","t_ms":2249.3,"time_origin_ms":1788963446328.211,"ts_ms":1788963448577.5,"stage":"WORKER_WARM_PREEMPTED"}
[play-trace] {"message_id":106,"context_id":"m9gkwifv","t_ms":2249.3,"time_origin_ms":1788963446328.211,"ts_ms":1788963448577.6,"stage":"WORKER_WARM_PREEMPTED"}
[play-trace] {"message_id":107,"context_id":"m9gkwifv","t_ms":2249.4,"time_origin_ms":1788963446328.211,"ts_ms":1788963448577.6,"stage":"WORKER_WARM_PREEMPTED"}

[90mstdout[2m | tests/component-dom/webPlaybackSourceAdvanced.behavior.test.ts[2m > [22m[2mWebPlaybackSourceManager advanced scheduling behavior[2m > [22m[2mcontinues an aligned 32 KiB prefix exactly at 32768 without repeating bytes
[22m[39m[play-trace] {"beat_id":"beat-aligned","message_id":89,"bytes":32768,"playable_seconds":0,"context_id":"0yk7dwhy","t_ms":882,"time_origin_ms":1788963447714.818,"ts_ms":1788963448596.8,"stage":"WARM_PREFIX_READY"}
[play-trace] {"beat_id":"beat-aligned","message_id":89,"context_id":"0yk7dwhy","t_ms":882.1,"time_origin_ms":1788963447714.818,"ts_ms":1788963448596.9,"stage":"SOURCE_PREFETCH_TERMINAL_READY"}

[90mstdout[2m | tests/component-dom/webPlaybackSourceAdvanced.behavior.test.ts[2m > [22m[2mWebPlaybackSourceManager advanced scheduling behavior[2m > [22m[2mcontinues an aligned 32 KiB prefix exactly at 32768 without repeating bytes
[22m[39m[play-trace] {"beat_id":"beat-aligned","mime_type":"audio/mpeg","mode":"mse","context_id":"0yk7dwhy","t_ms":882.3,"time_origin_ms":1788963447714.818,"ts_ms":1788963448597.1,"stage":"SOURCE_PREPARE"}
[play-trace] {"beat_id":"beat-aligned","context_id":"0yk7dwhy","t_ms":882.3,"time_origin_ms":1788963447714.818,"ts_ms":1788963448597.1,"stage":"SOURCE_MSE_BEGIN"}
[play-trace] {"beat_id":"beat-aligned","message_id":89,"bytes":32768,"playable_seconds":0,"context_id":"0yk7dwhy","t_ms":882.5,"time_origin_ms":1788963447714.818,"ts_ms":1788963448597.3,"stage":"PLAY_PREFIX_READY"}
[play-trace] {"beat_id":"beat-aligned","mode":"mse","context_id":"0yk7dwhy","t_ms":882.5,"time_origin_ms":1788963447714.818,"ts_ms":1788963448597.3,"stage":"SOURCE_URL_READY"}
[play-trace] {"beat_id":"beat-aligned","message_id":89,"offset_bytes":32768,"context_id":"0yk7dwhy","t_ms":882.6,"time_origin_ms":1788963447714.818,"ts_ms":1788963448597.4,"stage":"PLAY_STREAM_BEGIN"}

[90mstdout[2m | tests/component-dom/webPlaybackSourceAdvanced.behavior.test.ts[2m > [22m[2mWebPlaybackSourceManager advanced scheduling behavior[2m > [22m[2mrequires a real contiguous 2.00 seconds ahead and evaluates the range containing currentTime after seek
[22m[39m[play-trace] {"beat_id":"beat-threshold","mime_type":"audio/mpeg","mode":"mse","context_id":"0yk7dwhy","t_ms":883.8,"time_origin_ms":1788963447714.818,"ts_ms":1788963448598.6,"stage":"SOURCE_PREPARE"}
[play-trace] {"beat_id":"beat-threshold","context_id":"0yk7dwhy","t_ms":883.9,"time_origin_ms":1788963447714.818,"ts_ms":1788963448598.7,"stage":"SOURCE_MSE_BEGIN"}
[play-trace] {"beat_id":"beat-threshold","mode":"mse","context_id":"0yk7dwhy","t_ms":884,"time_origin_ms":1788963447714.818,"ts_ms":1788963448598.8,"stage":"SOURCE_URL_READY"}
[play-trace] {"beat_id":"beat-threshold","message_id":90,"offset_bytes":0,"context_id":"0yk7dwhy","t_ms":884,"time_origin_ms":1788963447714.818,"ts_ms":1788963448598.8,"stage":"PLAY_STREAM_BEGIN"}

[90mstdout[2m | tests/component-dom/webPlaybackSourceAdvanced.behavior.test.ts[2m > [22m[2mWebPlaybackSourceManager advanced scheduling behavior[2m > [22m[2mrequires a real contiguous 2.00 seconds ahead and evaluates the range containing currentTime after seek
[22m[39m[play-trace] {"beat_id":"beat-threshold","context_id":"0yk7dwhy","t_ms":884.6,"time_origin_ms":1788963447714.818,"ts_ms":1788963448599.5,"stage":"SOURCE_MSE_SOURCEOPEN"}
[play-trace] {"beat_id":"beat-threshold","message_id":90,"reason":"resume","context_id":"0yk7dwhy","t_ms":884.9,"time_origin_ms":1788963447714.818,"ts_ms":1788963448599.8,"stage":"PLAY_FOCUS_BEGIN"}
[play-trace] {"beat_id":"beat-threshold","message_id":90,"buffered_ahead_s":2,"stream_done":false,"context_id":"0yk7dwhy","t_ms":885.3,"time_origin_ms":1788963447714.818,"ts_ms":1788963448600.1,"stage":"PLAY_BUFFER_STABLE"}

[90mstdout[2m | tests/component-dom/webPlaybackSourceAdvanced.behavior.test.ts[2m > [22m[2mWebPlaybackSourceManager advanced scheduling behavior[2m > [22m[2mrequires a real contiguous 2.00 seconds ahead and evaluates the range containing currentTime after seek
[22m[39m[play-trace] {"beat_id":"beat-seek","mime_type":"audio/mpeg","mode":"mse","context_id":"0yk7dwhy","t_ms":885.6,"time_origin_ms":1788963447714.818,"ts_ms":1788963448600.4,"stage":"SOURCE_PREPARE"}
[play-trace] {"beat_id":"beat-seek","context_id":"0yk7dwhy","t_ms":885.6,"time_origin_ms":1788963447714.818,"ts_ms":1788963448600.4,"stage":"SOURCE_MSE_BEGIN"}
[play-trace] {"beat_id":"beat-seek","mode":"mse","context_id":"0yk7dwhy","t_ms":885.8,"time_origin_ms":1788963447714.818,"ts_ms":1788963448600.6,"stage":"SOURCE_URL_READY"}
[play-trace] {"beat_id":"beat-seek","message_id":91,"offset_bytes":0,"context_id":"0yk7dwhy","t_ms":885.8,"time_origin_ms":1788963447714.818,"ts_ms":1788963448600.6,"stage":"PLAY_STREAM_BEGIN"}

[90mstdout[2m | tests/component-dom/webPlaybackSourceAdvanced.behavior.test.ts[2m > [22m[2mWebPlaybackSourceManager advanced scheduling behavior[2m > [22m[2mrequires a real contiguous 2.00 seconds ahead and evaluates the range containing currentTime after seek
[22m[39m[play-trace] {"beat_id":"beat-seek","context_id":"0yk7dwhy","t_ms":886.1,"time_origin_ms":1788963447714.818,"ts_ms":1788963448600.9,"stage":"SOURCE_MSE_SOURCEOPEN"}
[play-trace] {"beat_id":"beat-seek","message_id":91,"reason":"resume","context_id":"0yk7dwhy","t_ms":886.2,"time_origin_ms":1788963447714.818,"ts_ms":1788963448601,"stage":"PLAY_FOCUS_BEGIN"}
[play-trace] {"beat_id":"beat-seek","message_id":91,"buffered_ahead_s":2.9,"stream_done":false,"context_id":"0yk7dwhy","t_ms":886.3,"time_origin_ms":1788963447714.818,"ts_ms":1788963448601.2,"stage":"PLAY_BUFFER_STABLE"}

[90mstdout[2m | tests/component-dom/webPlaybackSourceAdvanced.behavior.test.ts[2m > [22m[2mWebPlaybackSourceManager advanced scheduling behavior[2m > [22m[2mdrops replay retention when a file exceeds the RAM budget but keeps feeding the active MSE stream
[22m[39m[play-trace] {"beat_id":"beat-large","mime_type":"audio/mpeg","mode":"mse","context_id":"0yk7dwhy","t_ms":887.3,"time_origin_ms":1788963447714.818,"ts_ms":1788963448602.1,"stage":"SOURCE_PREPARE"}
[play-trace] {"beat_id":"beat-large","context_id":"0yk7dwhy","t_ms":887.3,"time_origin_ms":1788963447714.818,"ts_ms":1788963448602.1,"stage":"SOURCE_MSE_BEGIN"}
[play-trace] {"beat_id":"beat-large","mode":"mse","context_id":"0yk7dwhy","t_ms":887.4,"time_origin_ms":1788963447714.818,"ts_ms":1788963448602.2,"stage":"SOURCE_URL_READY"}
[play-trace] {"beat_id":"beat-large","message_id":92,"offset_bytes":0,"context_id":"0yk7dwhy","t_ms":887.4,"time_origin_ms":1788963447714.818,"ts_ms":1788963448602.2,"stage":"PLAY_STREAM_BEGIN"}

[90mstdout[2m | tests/component-dom/webPlaybackSourceAdvanced.behavior.test.ts[2m > [22m[2mWebPlaybackSourceManager advanced scheduling behavior[2m > [22m[2mdrops replay retention when a file exceeds the RAM budget but keeps feeding the active MSE stream
[22m[39m[play-trace] {"beat_id":"beat-large","context_id":"0yk7dwhy","t_ms":887.6,"time_origin_ms":1788963447714.818,"ts_ms":1788963448602.4,"stage":"SOURCE_MSE_SOURCEOPEN"}
[play-trace] {"beat_id":"beat-large","bytes":716800,"offset_bytes":0,"context_id":"0yk7dwhy","t_ms":887.8,"time_origin_ms":1788963447714.818,"ts_ms":1788963448602.6,"stage":"PLAY_STREAM_FIRST_CHUNK"}
[play-trace] {"beat_id":"beat-large","message_id":92,"append_seq":1,"origin":"stream","bytes":716800,"queue_depth":0,"context_id":"0yk7dwhy","t_ms":887.9,"time_origin_ms":1788963447714.818,"ts_ms":1788963448602.7,"stage":"SOURCE_MSE_APPEND_BEGIN"}

[90mstdout[2m | tests/component-dom/webPlaybackSourceAdvanced.behavior.test.ts[2m > [22m[2mWebPlaybackSourceManager advanced scheduling behavior[2m > [22m[2mdrops replay retention when a file exceeds the RAM budget but keeps feeding the active MSE stream
[22m[39m[play-trace] {"beat_id":"beat-large","message_id":92,"append_seq":1,"origin":"stream","bytes":716800,"append_ms":0.3,"queue_depth":0,"media_source_state":"open","buffered_ranges":0,"buffered_start_s":null,"buffered_end_s":null,"buffered_duration_s":0,"context_id":"0yk7dwhy","t_ms":888.2,"time_origin_ms":1788963447714.818,"ts_ms":1788963448603,"stage":"SOURCE_MSE_APPEND_DONE"}

[90mstdout[2m | tests/component-dom/webPlaybackSourceAdvanced.behavior.test.ts[2m > [22m[2mWebPlaybackSourceManager advanced scheduling behavior[2m > [22m[2mdrops replay retention when a file exceeds the RAM budget but keeps feeding the active MSE stream
[22m[39m[play-trace] {"beat_id":"beat-large","message_id":92,"retained_bytes":716800,"limit_bytes":1048576,"context_id":"0yk7dwhy","t_ms":888.4,"time_origin_ms":1788963447714.818,"ts_ms":1788963448603.2,"stage":"SOURCE_SESSION_REPLAY_RETENTION_STOPPED"}
[play-trace] {"beat_id":"beat-large","message_id":92,"append_seq":2,"origin":"stream","bytes":716800,"queue_depth":0,"context_id":"0yk7dwhy","t_ms":888.4,"time_origin_ms":1788963447714.818,"ts_ms":1788963448603.3,"stage":"SOURCE_MSE_APPEND_BEGIN"}

[90mstdout[2m | tests/component-dom/webPlaybackSourceAdvanced.behavior.test.ts[2m > [22m[2mWebPlaybackSourceManager advanced scheduling behavior[2m > [22m[2mdrops replay retention when a file exceeds the RAM budget but keeps feeding the active MSE stream
[22m[39m[play-trace] {"beat_id":"beat-large","message_id":92,"append_seq":2,"origin":"stream","bytes":716800,"append_ms":0.2,"queue_depth":0,"media_source_state":"open","buffered_ranges":0,"buffered_start_s":null,"buffered_end_s":null,"buffered_duration_s":0,"context_id":"0yk7dwhy","t_ms":888.6,"time_origin_ms":1788963447714.818,"ts_ms":1788963448603.4,"stage":"SOURCE_MSE_APPEND_DONE"}

[90mstdout[2m | tests/component-dom/webPlaybackSourceAdvanced.behavior.test.ts[2m > [22m[2mWebPlaybackSourceManager advanced scheduling behavior[2m > [22m[2mdrops replay retention when a file exceeds the RAM budget but keeps feeding the active MSE stream
[22m[39m[play-trace] {"beat_id":"beat-large","message_id":92,"bytes":1433600,"retained_bytes":0,"context_id":"0yk7dwhy","t_ms":888.9,"time_origin_ms":1788963447714.818,"ts_ms":1788963448603.7,"stage":"SOURCE_SESSION_CACHE_READY"}
[play-trace] {"beat_id":"beat-large","message_id":92,"buffered_ahead_s":0,"stream_done":true,"context_id":"0yk7dwhy","t_ms":888.9,"time_origin_ms":1788963447714.818,"ts_ms":1788963448603.7,"stage":"PLAY_BUFFER_STABLE"}

[90mstdout[2m | tests/component-dom/webPlaybackSourceAdvanced.behavior.test.ts[2m > [22m[2mWebPlaybackSourceManager advanced scheduling behavior[2m > [22m[2mdrops replay retention when a file exceeds the RAM budget but keeps feeding the active MSE stream
[22m[39m[play-trace] {"beat_id":"beat-large","message_id":92,"bytes":1433600,"retained_bytes":0,"context_id":"0yk7dwhy","t_ms":889.7,"time_origin_ms":1788963447714.818,"ts_ms":1788963448604.5,"stage":"SOURCE_SESSION_CACHE_RETAINED"}

[90mstdout[2m | tests/component-dom/webPlaybackSourceAdvanced.behavior.test.ts[2m > [22m[2mWebPlaybackSourceManager advanced scheduling behavior[2m > [22m[2mdrops replay retention when a file exceeds the RAM budget but keeps feeding the active MSE stream
[22m[39m[play-trace] {"beat_id":"beat-large","mime_type":"audio/mpeg","mode":"mse","context_id":"0yk7dwhy","t_ms":889.8,"time_origin_ms":1788963447714.818,"ts_ms":1788963448604.6,"stage":"SOURCE_PREPARE"}
[play-trace] {"beat_id":"beat-large","message_id":92,"expected_bytes":1433600,"available_bytes":0,"context_id":"0yk7dwhy","t_ms":889.9,"time_origin_ms":1788963447714.818,"ts_ms":1788963448604.7,"stage":"SOURCE_SESSION_CACHE_INVALID"}
[play-trace] {"beat_id":"beat-large","context_id":"0yk7dwhy","t_ms":890.2,"time_origin_ms":1788963447714.818,"ts_ms":1788963448605,"stage":"SOURCE_MSE_BEGIN"}
[play-trace] {"beat_id":"beat-large","mode":"mse","context_id":"0yk7dwhy","t_ms":890.3,"time_origin_ms":1788963447714.818,"ts_ms":1788963448605.1,"stage":"SOURCE_URL_READY"}
[play-trace] {"beat_id":"beat-large","message_id":92,"offset_bytes":0,"context_id":"0yk7dwhy","t_ms":890.3,"time_origin_ms":1788963447714.818,"ts_ms":1788963448605.1,"stage":"PLAY_STREAM_BEGIN"}

 [32m✓[39m tests/component-dom/webPlaybackSourceAdvanced.behavior.test.ts [2m([22m[2m6 tests[22m[2m)[22m[32m 282[2mms[22m[39m
[90mstdout[2m | tests/component-dom/webTransportWorkerScheduler.behavior.test.ts[2m > [22m[2mWorker playback scheduler with pending Telegram transfers[2m > [22m[2mgives a Play outside startup14 foreground priority after physically preempting all startup warm
[22m[39m[play-trace] {"message_id":99,"context_id":"m9gkwifv","t_ms":2299,"time_origin_ms":1788963446328.211,"ts_ms":1788963448627.2,"stage":"WORKER_PLAYBACK_MEDIA_CACHE_MISS"}
[play-trace] {"count":1,"attempt":1,"context_id":"m9gkwifv","t_ms":2299.1,"time_origin_ms":1788963446328.211,"ts_ms":1788963448627.3,"stage":"WORKER_PLAYBACK_MEDIA_BATCH_RPC"}

[90mstdout[2m | tests/component-dom/webTransportWorkerScheduler.behavior.test.ts[2m > [22m[2mWorker playback scheduler with pending Telegram transfers[2m > [22m[2mgives a Play outside startup14 foreground priority after physically preempting all startup warm
[22m[39m[play-trace] {"message_id":99,"bytes":65536,"elapsed_ms":56,"media_cache_hit":false,"context_id":"m9gkwifv","t_ms":2354.9,"time_origin_ms":1788963446328.211,"ts_ms":1788963448683.1,"stage":"WORKER_PREFETCH_READY"}

[90mstdout[2m | tests/component-dom/webTransportWorkerScheduler.behavior.test.ts[2m > [22m[2mWorker playback scheduler with pending Telegram transfers[2m > [22m[2mgives a Play outside startup14 foreground priority after physically preempting all startup warm
[22m[39m[play-trace] {"lanes":7,"context_id":"m9gkwifv","t_ms":2401.6,"time_origin_ms":1788963446328.211,"ts_ms":1788963448729.8,"stage":"WARM_RESUME"}

[90mstdout[2m | tests/component-dom/webTransportWorkerScheduler.behavior.test.ts[2m > [22m[2mWorker playback scheduler with pending Telegram transfers[2m > [22m[2mgives a Play outside startup14 foreground priority after physically preempting all startup warm
[22m[39m[play-trace] {"lane":1,"message_id":108,"scheduler":"IDLE","context_id":"m9gkwifv","t_ms":2402,"time_origin_ms":1788963446328.211,"ts_ms":1788963448730.2,"stage":"WORKER_PREFETCH_LANE_TAKE"}
[play-trace] {"lane":2,"message_id":109,"scheduler":"IDLE","context_id":"m9gkwifv","t_ms":2402.1,"time_origin_ms":1788963446328.211,"ts_ms":1788963448730.3,"stage":"WORKER_PREFETCH_LANE_TAKE"}
[play-trace] {"lane":3,"message_id":110,"scheduler":"IDLE","context_id":"m9gkwifv","t_ms":2402.1,"time_origin_ms":1788963446328.211,"ts_ms":1788963448730.4,"stage":"WORKER_PREFETCH_LANE_TAKE"}
[play-trace] {"lane":4,"message_id":111,"scheduler":"IDLE","context_id":"m9gkwifv","t_ms":2402.2,"time_origin_ms":1788963446328.211,"ts_ms":1788963448730.4,"stage":"WORKER_PREFETCH_LANE_TAKE"}
[play-trace] {"lane":5,"message_id":112,"scheduler":"IDLE","context_id":"m9gkwifv","t_ms":2402.2,"time_origin_ms":1788963446328.211,"ts_ms":1788963448730.4,"stage":"WORKER_PREFETCH_LANE_TAKE"}
[play-trace] {"lane":6,"message_id":113,"scheduler":"IDLE","context_id":"m9gkwifv","t_ms":2402.2,"time_origin_ms":1788963446328.211,"ts_ms":1788963448730.4,"stage":"WORKER_PREFETCH_LANE_TAKE"}
[play-trace] {"lane":7,"message_id":114,"scheduler":"IDLE","context_id":"m9gkwifv","t_ms":2402.3,"time_origin_ms":1788963446328.211,"ts_ms":1788963448730.5,"stage":"WORKER_PREFETCH_LANE_TAKE"}

[90mstdout[2m | tests/component-dom/webTransportWorkerScheduler.behavior.test.ts[2m > [22m[2mWorker playback scheduler with pending Telegram transfers[2m > [22m[2mgives a Play outside startup14 foreground priority after physically preempting all startup warm
[22m[39m[play-trace] {"message_id":108,"status":"READY","code":null,"context_id":"m9gkwifv","t_ms":2452.5,"time_origin_ms":1788963446328.211,"ts_ms":1788963448780.7,"stage":"WORKER_PREFETCH_TERMINAL"}
[play-trace] {"message_id":108,"bytes":65536,"offset_bytes":0,"context_id":"m9gkwifv","t_ms":2452.6,"time_origin_ms":1788963446328.211,"ts_ms":1788963448780.9,"stage":"WARM_PREFIX_READY"}
[play-trace] {"message_id":109,"status":"READY","code":null,"context_id":"m9gkwifv","t_ms":2452.8,"time_origin_ms":1788963446328.211,"ts_ms":1788963448781,"stage":"WORKER_PREFETCH_TERMINAL"}
[play-trace] {"message_id":109,"bytes":65536,"offset_bytes":0,"context_id":"m9gkwifv","t_ms":2452.8,"time_origin_ms":1788963446328.211,"ts_ms":1788963448781,"stage":"WARM_PREFIX_READY"}
[play-trace] {"message_id":110,"status":"READY","code":null,"context_id":"m9gkwifv","t_ms":2452.9,"time_origin_ms":1788963446328.211,"ts_ms":1788963448781.1,"stage":"WORKER_PREFETCH_TERMINAL"}
[play-trace] {"message_id":110,"bytes":65536,"offset_bytes":0,"context_id":"m9gkwifv","t_ms":2452.9,"time_origin_ms":1788963446328.211,"ts_ms":1788963448781.1,"stage":"WARM_PREFIX_READY"}
[play-trace] {"message_id":111,"status":"READY","code":null,"context_id":"m9gkwifv","t_ms":2453,"time_origin_ms":1788963446328.211,"ts_ms":1788963448781.3,"stage":"WORKER_PREFETCH_TERMINAL"}
[play-trace] {"message_id":111,"bytes":65536,"offset_bytes":0,"context_id":"m9gkwifv","t_ms":2453.1,"time_origin_ms":1788963446328.211,"ts_ms":1788963448781.3,"stage":"WARM_PREFIX_READY"}
[play-trace] {"message_id":112,"status":"READY","code":null,"context_id":"m9gkwifv","t_ms":2453.2,"time_origin_ms":1788963446328.211,"ts_ms":1788963448781.4,"stage":"WORKER_PREFETCH_TERMINAL"}
[play-trace] {"message_id":112,"bytes":65536,"offset_bytes":0,"context_id":"m9gkwifv","t_ms":2453.2,"time_origin_ms":1788963446328.211,"ts_ms":1788963448781.4,"stage":"WARM_PREFIX_READY"}
[play-trace] {"message_id":113,"status":"READY","code":null,"context_id":"m9gkwifv","t_ms":2453.3,"time_origin_ms":1788963446328.211,"ts_ms":1788963448781.6,"stage":"WORKER_PREFETCH_TERMINAL"}
[play-trace] {"message_id":113,"bytes":65536,"offset_bytes":0,"context_id":"m9gkwifv","t_ms":2453.4,"time_origin_ms":1788963446328.211,"ts_ms":1788963448781.6,"stage":"WARM_PREFIX_READY"}
[play-trace] {"message_id":114,"status":"READY","code":null,"context_id":"m9gkwifv","t_ms":2453.5,"time_origin_ms":1788963446328.211,"ts_ms":1788963448781.7,"stage":"WORKER_PREFETCH_TERMINAL"}
[play-trace] {"message_id":114,"bytes":65536,"offset_bytes":0,"context_id":"m9gkwifv","t_ms":2453.5,"time_origin_ms":1788963446328.211,"ts_ms":1788963448781.7,"stage":"WARM_PREFIX_READY"}

[90mstdout[2m | tests/component-dom/webTransportWorkerScheduler.behavior.test.ts[2m > [22m[2mWorker playback scheduler with pending Telegram transfers[2m > [22m[2mgives a Play outside startup14 foreground priority after physically preempting all startup warm
[22m[39m[play-trace] {"lane":1,"message_id":101,"scheduler":"IDLE","context_id":"m9gkwifv","t_ms":2457.4,"time_origin_ms":1788963446328.211,"ts_ms":1788963448785.6,"stage":"WORKER_PREFETCH_LANE_TAKE"}

[90mstdout[2m | tests/component-dom/webTransportWorkerScheduler.behavior.test.ts[2m > [22m[2mWorker playback scheduler with pending Telegram transfers[2m > [22m[2mgives a Play outside startup14 foreground priority after physically preempting all startup warm
[22m[39m[play-trace] {"lane":2,"message_id":102,"scheduler":"IDLE","context_id":"m9gkwifv","t_ms":2457.6,"time_origin_ms":1788963446328.211,"ts_ms":1788963448785.8,"stage":"WORKER_PREFETCH_LANE_TAKE"}

[90mstdout[2m | tests/component-dom/webTransportWorkerScheduler.behavior.test.ts[2m > [22m[2mWorker playback scheduler with pending Telegram transfers[2m > [22m[2mgives a Play outside startup14 foreground priority after physically preempting all startup warm
[22m[39m[play-trace] {"lane":3,"message_id":103,"scheduler":"IDLE","context_id":"m9gkwifv","t_ms":2457.7,"time_origin_ms":1788963446328.211,"ts_ms":1788963448785.9,"stage":"WORKER_PREFETCH_LANE_TAKE"}

[90mstdout[2m | tests/component-dom/webTransportWorkerScheduler.behavior.test.ts[2m > [22m[2mWorker playback scheduler with pending Telegram transfers[2m > [22m[2mgives a Play outside startup14 foreground priority after physically preempting all startup warm
[22m[39m[play-trace] {"lane":4,"message_id":104,"scheduler":"IDLE","context_id":"m9gkwifv","t_ms":2457.8,"time_origin_ms":1788963446328.211,"ts_ms":1788963448786,"stage":"WORKER_PREFETCH_LANE_TAKE"}

[90mstdout[2m | tests/component-dom/webTransportWorkerScheduler.behavior.test.ts[2m > [22m[2mWorker playback scheduler with pending Telegram transfers[2m > [22m[2mgives a Play outside startup14 foreground priority after physically preempting all startup warm
[22m[39m[play-trace] {"lane":5,"message_id":105,"scheduler":"IDLE","context_id":"m9gkwifv","t_ms":2457.9,"time_origin_ms":1788963446328.211,"ts_ms":1788963448786.1,"stage":"WORKER_PREFETCH_LANE_TAKE"}

[90mstdout[2m | tests/component-dom/webTransportWorkerScheduler.behavior.test.ts[2m > [22m[2mWorker playback scheduler with pending Telegram transfers[2m > [22m[2mgives a Play outside startup14 foreground priority after physically preempting all startup warm
[22m[39m[play-trace] {"lane":6,"message_id":106,"scheduler":"IDLE","context_id":"m9gkwifv","t_ms":2457.9,"time_origin_ms":1788963446328.211,"ts_ms":1788963448786.2,"stage":"WORKER_PREFETCH_LANE_TAKE"}

[90mstdout[2m | tests/component-dom/webTransportWorkerScheduler.behavior.test.ts[2m > [22m[2mWorker playback scheduler with pending Telegram transfers[2m > [22m[2mgives a Play outside startup14 foreground priority after physically preempting all startup warm
[22m[39m[play-trace] {"lane":7,"message_id":107,"scheduler":"IDLE","context_id":"m9gkwifv","t_ms":2458,"time_origin_ms":1788963446328.211,"ts_ms":1788963448786.2,"stage":"WORKER_PREFETCH_LANE_TAKE"}

[90mstdout[2m | tests/component-dom/webTransportWorkerScheduler.behavior.test.ts[2m > [22m[2mWorker playback scheduler with pending Telegram transfers[2m > [22m[2mgives a Play outside startup14 foreground priority after physically preempting all startup warm
[22m[39m[play-trace] {"message_id":101,"status":"READY","code":null,"context_id":"m9gkwifv","t_ms":2458.5,"time_origin_ms":1788963446328.211,"ts_ms":1788963448786.7,"stage":"WORKER_PREFETCH_TERMINAL"}
[play-trace] {"message_id":101,"bytes":65536,"offset_bytes":0,"context_id":"m9gkwifv","t_ms":2458.5,"time_origin_ms":1788963446328.211,"ts_ms":1788963448786.7,"stage":"WARM_PREFIX_READY"}
[play-trace] {"message_id":102,"status":"READY","code":null,"context_id":"m9gkwifv","t_ms":2458.6,"time_origin_ms":1788963446328.211,"ts_ms":1788963448786.9,"stage":"WORKER_PREFETCH_TERMINAL"}
[play-trace] {"message_id":102,"bytes":65536,"offset_bytes":0,"context_id":"m9gkwifv","t_ms":2458.7,"time_origin_ms":1788963446328.211,"ts_ms":1788963448786.9,"stage":"WARM_PREFIX_READY"}
[play-trace] {"message_id":103,"status":"READY","code":null,"context_id":"m9gkwifv","t_ms":2458.8,"time_origin_ms":1788963446328.211,"ts_ms":1788963448787,"stage":"WORKER_PREFETCH_TERMINAL"}
[play-trace] {"message_id":103,"bytes":65536,"offset_bytes":0,"context_id":"m9gkwifv","t_ms":2458.8,"time_origin_ms":1788963446328.211,"ts_ms":1788963448787,"stage":"WARM_PREFIX_READY"}
[play-trace] {"message_id":104,"status":"READY","code":null,"context_id":"m9gkwifv","t_ms":2458.9,"time_origin_ms":1788963446328.211,"ts_ms":1788963448787.1,"stage":"WORKER_PREFETCH_TERMINAL"}
[play-trace] {"message_id":104,"bytes":65536,"offset_bytes":0,"context_id":"m9gkwifv","t_ms":2458.9,"time_origin_ms":1788963446328.211,"ts_ms":1788963448787.1,"stage":"WARM_PREFIX_READY"}
[play-trace] {"message_id":105,"status":"READY","code":null,"context_id":"m9gkwifv","t_ms":2459,"time_origin_ms":1788963446328.211,"ts_ms":1788963448787.2,"stage":"WORKER_PREFETCH_TERMINAL"}
[play-trace] {"message_id":105,"bytes":65536,"offset_bytes":0,"context_id":"m9gkwifv","t_ms":2459,"time_origin_ms":1788963446328.211,"ts_ms":1788963448787.2,"stage":"WARM_PREFIX_READY"}
[play-trace] {"message_id":106,"status":"READY","code":null,"context_id":"m9gkwifv","t_ms":2459.1,"time_origin_ms":1788963446328.211,"ts_ms":1788963448787.3,"stage":"WORKER_PREFETCH_TERMINAL"}
[play-trace] {"message_id":106,"bytes":65536,"offset_bytes":0,"context_id":"m9gkwifv","t_ms":2459.1,"time_origin_ms":1788963446328.211,"ts_ms":1788963448787.3,"stage":"WARM_PREFIX_READY"}
[play-trace] {"message_id":107,"status":"READY","code":null,"context_id":"m9gkwifv","t_ms":2459.2,"time_origin_ms":1788963446328.211,"ts_ms":1788963448787.4,"stage":"WORKER_PREFETCH_TERMINAL"}
[play-trace] {"message_id":107,"bytes":65536,"offset_bytes":0,"context_id":"m9gkwifv","t_ms":2459.2,"time_origin_ms":1788963446328.211,"ts_ms":1788963448787.4,"stage":"WARM_PREFIX_READY"}

[90mstdout[2m | tests/component-dom/webTransportWorkerScheduler.behavior.test.ts[2m > [22m[2mWorker playback scheduler with pending Telegram transfers[2m > [22m[2mgives a Play outside startup14 foreground priority after physically preempting all startup warm
[22m[39m[play-trace] {"count":14,"elapsed_ms":267,"failures":0,"context_id":"m9gkwifv","t_ms":2463.8,"time_origin_ms":1788963446328.211,"ts_ms":1788963448792,"stage":"WORKER_PREFETCH_BATCH_DONE"}

[90mstdout[2m | tests/component-dom/webTransportWorkerScheduler.behavior.test.ts[2m > [22m[2mWorker playback scheduler with pending Telegram transfers[2m > [22m[2mpublishes an individual missing target before the rest of its warm batch completes
[22m[39m[play-trace] {"count":2,"prefix_bytes":65536,"lanes":2,"context_id":"m9gkwifv","t_ms":2615.5,"time_origin_ms":1788963446328.211,"ts_ms":1788963448943.7,"stage":"WARM_BATCH_BEGIN"}
[play-trace] {"count":2,"attempt":1,"context_id":"m9gkwifv","t_ms":2615.6,"time_origin_ms":1788963446328.211,"ts_ms":1788963448943.8,"stage":"WORKER_PLAYBACK_MEDIA_BATCH_RPC"}

[90mstdout[2m | tests/component-dom/webTransportWorkerScheduler.behavior.test.ts[2m > [22m[2mWorker playback scheduler with pending Telegram transfers[2m > [22m[2mpublishes an individual missing target before the rest of its warm batch completes
[22m[39m[play-trace] {"message_id":301,"status":"FAILED","code":"ROUTE_MISSING","context_id":"m9gkwifv","t_ms":2616.2,"time_origin_ms":1788963446328.211,"ts_ms":1788963448944.4,"stage":"WORKER_PREFETCH_TERMINAL"}

[90mstdout[2m | tests/component-dom/webTransportWorkerScheduler.behavior.test.ts[2m > [22m[2mWorker playback scheduler with pending Telegram transfers[2m > [22m[2mpublishes an individual missing target before the rest of its warm batch completes
[22m[39m[play-trace] {"lane":1,"message_id":302,"scheduler":"IDLE","context_id":"m9gkwifv","t_ms":2616.3,"time_origin_ms":1788963446328.211,"ts_ms":1788963448944.5,"stage":"WORKER_PREFETCH_LANE_TAKE"}

[90mstdout[2m | tests/component-dom/webTransportWorkerScheduler.behavior.test.ts[2m > [22m[2mWorker playback scheduler with pending Telegram transfers[2m > [22m[2mpublishes an individual missing target before the rest of its warm batch completes
[22m[39m[play-trace] {"message_id":302,"status":"READY","code":null,"context_id":"m9gkwifv","t_ms":2666.4,"time_origin_ms":1788963446328.211,"ts_ms":1788963448994.7,"stage":"WORKER_PREFETCH_TERMINAL"}
[play-trace] {"message_id":302,"bytes":65536,"offset_bytes":0,"context_id":"m9gkwifv","t_ms":2666.5,"time_origin_ms":1788963446328.211,"ts_ms":1788963448994.7,"stage":"WARM_PREFIX_READY"}

[90mstdout[2m | tests/component-dom/webTransportWorkerScheduler.behavior.test.ts[2m > [22m[2mWorker playback scheduler with pending Telegram transfers[2m > [22m[2mpublishes an individual missing target before the rest of its warm batch completes
[22m[39m[play-trace] {"count":2,"elapsed_ms":53,"failures":1,"context_id":"m9gkwifv","t_ms":2667.9,"time_origin_ms":1788963446328.211,"ts_ms":1788963448996.1,"stage":"WORKER_PREFETCH_BATCH_DONE"}

[90mstdout[2m | tests/component-dom/webTransportWorker.test.ts[2m > [22m[2mGaler Cloud single-file Web Worker[2m > [22m[2mnever turns a missing pinned index into an authoritative empty gallery
[22m[39m[play-trace] {"request_id":"get-index-still-missing","context_id":"l91tmfjg","t_ms":2806.6,"time_origin_ms":1788963446333.957,"ts_ms":1788963449140.6,"stage":"INDEX_BEGIN"}

[90mstdout[2m | tests/component-dom/webTransportWorker.test.ts[2m > [22m[2mGaler Cloud single-file Web Worker[2m > [22m[2mnever turns a missing pinned index into an authoritative empty gallery
[22m[39m[play-trace] {"attempt":5,"error_name":"Error","context_id":"l91tmfjg","t_ms":2806.9,"time_origin_ms":1788963446333.957,"ts_ms":1788963449140.9,"stage":"WORKER_GET_INDEX_RETRY"}

[90mstdout[2m | tests/component-dom/webTransportWorker.test.ts[2m > [22m[2mGaler Cloud single-file Web Worker[2m > [22m[2mpins one complete replacement index before deleting the previous index
[22m[39m[play-trace] {"request_id":null,"context_id":"l91tmfjg","t_ms":2812,"time_origin_ms":1788963446333.957,"ts_ms":1788963449146,"stage":"INDEX_BEGIN"}

[90mstdout[2m | tests/component-dom/webTransportWorker.test.ts[2m > [22m[2mGaler Cloud single-file Web Worker[2m > [22m[2mpins one complete replacement index before deleting the previous index
[22m[39m[play-trace] {"elapsed_ms":1,"bytes":117,"request_id":null,"context_id":"l91tmfjg","t_ms":2812.3,"time_origin_ms":1788963446333.957,"ts_ms":1788963449146.2,"stage":"INDEX_DONE"}

[90mstdout[2m | tests/component-dom/webTransportWorkerScheduler.behavior.test.ts[2m > [22m[2mWorker playback scheduler with pending Telegram transfers[2m > [22m[2mnever exceeds the configured seven physical lanes when simultaneous completions release queued work
[22m[39m[play-trace] {"count":21,"prefix_bytes":65536,"lanes":7,"context_id":"m9gkwifv","t_ms":2869.6,"time_origin_ms":1788963446328.211,"ts_ms":1788963449197.8,"stage":"WARM_BATCH_BEGIN"}
[play-trace] {"count":21,"attempt":1,"context_id":"m9gkwifv","t_ms":2869.7,"time_origin_ms":1788963446328.211,"ts_ms":1788963449197.9,"stage":"WORKER_PLAYBACK_MEDIA_BATCH_RPC"}

[90mstdout[2m | tests/component-dom/webTransportWorker.test.ts[2m > [22m[2mGaler Cloud single-file Web Worker[2m > [22m[2mallows an identity to disappear only when the replacement carries its tombstone
[22m[39m[play-trace] {"request_id":null,"context_id":"l91tmfjg","t_ms":2864.2,"time_origin_ms":1788963446333.957,"ts_ms":1788963449198.1,"stage":"INDEX_BEGIN"}

[90mstdout[2m | tests/component-dom/webTransportWorker.test.ts[2m > [22m[2mGaler Cloud single-file Web Worker[2m > [22m[2mallows an identity to disappear only when the replacement carries its tombstone
[22m[39m[play-trace] {"elapsed_ms":1,"bytes":117,"request_id":null,"context_id":"l91tmfjg","t_ms":2864.5,"time_origin_ms":1788963446333.957,"ts_ms":1788963449198.5,"stage":"INDEX_DONE"}

[90mstdout[2m | tests/component-dom/webTransportWorkerScheduler.behavior.test.ts[2m > [22m[2mWorker playback scheduler with pending Telegram transfers[2m > [22m[2mnever exceeds the configured seven physical lanes when simultaneous completions release queued work
[22m[39m[play-trace] {"lane":1,"message_id":401,"scheduler":"IDLE","context_id":"m9gkwifv","t_ms":2870.1,"time_origin_ms":1788963446328.211,"ts_ms":1788963449198.4,"stage":"WORKER_PREFETCH_LANE_TAKE"}
[play-trace] {"lane":2,"message_id":402,"scheduler":"IDLE","context_id":"m9gkwifv","t_ms":2870.2,"time_origin_ms":1788963446328.211,"ts_ms":1788963449198.5,"stage":"WORKER_PREFETCH_LANE_TAKE"}
[play-trace] {"lane":3,"message_id":403,"scheduler":"IDLE","context_id":"m9gkwifv","t_ms":2870.3,"time_origin_ms":1788963446328.211,"ts_ms":1788963449198.5,"stage":"WORKER_PREFETCH_LANE_TAKE"}
[play-trace] {"lane":4,"message_id":404,"scheduler":"IDLE","context_id":"m9gkwifv","t_ms":2870.3,"time_origin_ms":1788963446328.211,"ts_ms":1788963449198.5,"stage":"WORKER_PREFETCH_LANE_TAKE"}
[play-trace] {"lane":5,"message_id":405,"scheduler":"IDLE","context_id":"m9gkwifv","t_ms":2870.4,"time_origin_ms":1788963446328.211,"ts_ms":1788963449198.6,"stage":"WORKER_PREFETCH_LANE_TAKE"}
[play-trace] {"lane":6,"message_id":406,"scheduler":"IDLE","context_id":"m9gkwifv","t_ms":2870.4,"time_origin_ms":1788963446328.211,"ts_ms":1788963449198.6,"stage":"WORKER_PREFETCH_LANE_TAKE"}
[play-trace] {"lane":7,"message_id":407,"scheduler":"IDLE","context_id":"m9gkwifv","t_ms":2870.4,"time_origin_ms":1788963446328.211,"ts_ms":1788963449198.6,"stage":"WORKER_PREFETCH_LANE_TAKE"}

[90mstdout[2m | tests/component-dom/webTransportWorkerScheduler.behavior.test.ts[2m > [22m[2mWorker playback scheduler with pending Telegram transfers[2m > [22m[2mnever exceeds the configured seven physical lanes when simultaneous completions release queued work
[22m[39m[play-trace] {"message_id":401,"status":"READY","code":null,"context_id":"m9gkwifv","t_ms":2920.5,"time_origin_ms":1788963446328.211,"ts_ms":1788963449248.7,"stage":"WORKER_PREFETCH_TERMINAL"}
[play-trace] {"message_id":401,"bytes":65536,"offset_bytes":0,"context_id":"m9gkwifv","t_ms":2920.6,"time_origin_ms":1788963446328.211,"ts_ms":1788963449248.8,"stage":"WARM_PREFIX_READY"}
[play-trace] {"message_id":402,"status":"READY","code":null,"context_id":"m9gkwifv","t_ms":2920.7,"time_origin_ms":1788963446328.211,"ts_ms":1788963449248.9,"stage":"WORKER_PREFETCH_TERMINAL"}
[play-trace] {"message_id":402,"bytes":65536,"offset_bytes":0,"context_id":"m9gkwifv","t_ms":2920.7,"time_origin_ms":1788963446328.211,"ts_ms":1788963449249,"stage":"WARM_PREFIX_READY"}
[play-trace] {"message_id":403,"status":"READY","code":null,"context_id":"m9gkwifv","t_ms":2920.8,"time_origin_ms":1788963446328.211,"ts_ms":1788963449249.1,"stage":"WORKER_PREFETCH_TERMINAL"}
[play-trace] {"message_id":403,"bytes":65536,"offset_bytes":0,"context_id":"m9gkwifv","t_ms":2920.9,"time_origin_ms":1788963446328.211,"ts_ms":1788963449249.1,"stage":"WARM_PREFIX_READY"}
[play-trace] {"message_id":404,"status":"READY","code":null,"context_id":"m9gkwifv","t_ms":2920.9,"time_origin_ms":1788963446328.211,"ts_ms":1788963449249.2,"stage":"WORKER_PREFETCH_TERMINAL"}
[play-trace] {"message_id":404,"bytes":65536,"offset_bytes":0,"context_id":"m9gkwifv","t_ms":2920.9,"time_origin_ms":1788963446328.211,"ts_ms":1788963449249.2,"stage":"WARM_PREFIX_READY"}
[play-trace] {"message_id":405,"status":"READY","code":null,"context_id":"m9gkwifv","t_ms":2921.1,"time_origin_ms":1788963446328.211,"ts_ms":1788963449249.3,"stage":"WORKER_PREFETCH_TERMINAL"}
[play-trace] {"message_id":405,"bytes":65536,"offset_bytes":0,"context_id":"m9gkwifv","t_ms":2921.1,"time_origin_ms":1788963446328.211,"ts_ms":1788963449249.3,"stage":"WARM_PREFIX_READY"}
[play-trace] {"message_id":406,"status":"READY","code":null,"context_id":"m9gkwifv","t_ms":2921.2,"time_origin_ms":1788963446328.211,"ts_ms":1788963449249.4,"stage":"WORKER_PREFETCH_TERMINAL"}
[play-trace] {"message_id":406,"bytes":65536,"offset_bytes":0,"context_id":"m9gkwifv","t_ms":2921.2,"time_origin_ms":1788963446328.211,"ts_ms":1788963449249.4,"stage":"WARM_PREFIX_READY"}
[play-trace] {"message_id":407,"status":"READY","code":null,"context_id":"m9gkwifv","t_ms":2921.3,"time_origin_ms":1788963446328.211,"ts_ms":1788963449249.5,"stage":"WORKER_PREFETCH_TERMINAL"}
[play-trace] {"message_id":407,"bytes":65536,"offset_bytes":0,"context_id":"m9gkwifv","t_ms":2921.3,"time_origin_ms":1788963446328.211,"ts_ms":1788963449249.5,"stage":"WARM_PREFIX_READY"}

[90mstdout[2m | tests/component-dom/webTransportWorkerScheduler.behavior.test.ts[2m > [22m[2mWorker playback scheduler with pending Telegram transfers[2m > [22m[2mnever exceeds the configured seven physical lanes when simultaneous completions release queued work
[22m[39m[play-trace] {"lane":1,"message_id":408,"scheduler":"IDLE","context_id":"m9gkwifv","t_ms":2923,"time_origin_ms":1788963446328.211,"ts_ms":1788963449251.2,"stage":"WORKER_PREFETCH_LANE_TAKE"}

[90mstdout[2m | tests/component-dom/webTransportWorkerScheduler.behavior.test.ts[2m > [22m[2mWorker playback scheduler with pending Telegram transfers[2m > [22m[2mnever exceeds the configured seven physical lanes when simultaneous completions release queued work
[22m[39m[play-trace] {"lane":2,"message_id":409,"scheduler":"IDLE","context_id":"m9gkwifv","t_ms":2923.2,"time_origin_ms":1788963446328.211,"ts_ms":1788963449251.4,"stage":"WORKER_PREFETCH_LANE_TAKE"}

[90mstdout[2m | tests/component-dom/webTransportWorkerScheduler.behavior.test.ts[2m > [22m[2mWorker playback scheduler with pending Telegram transfers[2m > [22m[2mnever exceeds the configured seven physical lanes when simultaneous completions release queued work
[22m[39m[play-trace] {"lane":3,"message_id":410,"scheduler":"IDLE","context_id":"m9gkwifv","t_ms":2923.4,"time_origin_ms":1788963446328.211,"ts_ms":1788963449251.6,"stage":"WORKER_PREFETCH_LANE_TAKE"}

[90mstdout[2m | tests/component-dom/webTransportWorkerScheduler.behavior.test.ts[2m > [22m[2mWorker playback scheduler with pending Telegram transfers[2m > [22m[2mnever exceeds the configured seven physical lanes when simultaneous completions release queued work
[22m[39m[play-trace] {"lane":4,"message_id":411,"scheduler":"IDLE","context_id":"m9gkwifv","t_ms":2923.5,"time_origin_ms":1788963446328.211,"ts_ms":1788963449251.7,"stage":"WORKER_PREFETCH_LANE_TAKE"}

[90mstdout[2m | tests/component-dom/webTransportWorkerScheduler.behavior.test.ts[2m > [22m[2mWorker playback scheduler with pending Telegram transfers[2m > [22m[2mnever exceeds the configured seven physical lanes when simultaneous completions release queued work
[22m[39m[play-trace] {"lane":5,"message_id":412,"scheduler":"IDLE","context_id":"m9gkwifv","t_ms":2923.7,"time_origin_ms":1788963446328.211,"ts_ms":1788963449251.9,"stage":"WORKER_PREFETCH_LANE_TAKE"}

[90mstdout[2m | tests/component-dom/webTransportWorkerScheduler.behavior.test.ts[2m > [22m[2mWorker playback scheduler with pending Telegram transfers[2m > [22m[2mnever exceeds the configured seven physical lanes when simultaneous completions release queued work
[22m[39m[play-trace] {"lane":6,"message_id":413,"scheduler":"IDLE","context_id":"m9gkwifv","t_ms":2923.8,"time_origin_ms":1788963446328.211,"ts_ms":1788963449252,"stage":"WORKER_PREFETCH_LANE_TAKE"}

[90mstdout[2m | tests/component-dom/webTransportWorkerScheduler.behavior.test.ts[2m > [22m[2mWorker playback scheduler with pending Telegram transfers[2m > [22m[2mnever exceeds the configured seven physical lanes when simultaneous completions release queued work
[22m[39m[play-trace] {"lane":7,"message_id":414,"scheduler":"IDLE","context_id":"m9gkwifv","t_ms":2924,"time_origin_ms":1788963446328.211,"ts_ms":1788963449252.2,"stage":"WORKER_PREFETCH_LANE_TAKE"}

[90mstdout[2m | tests/component-dom/webTransportWorkerScheduler.behavior.test.ts[2m > [22m[2mWorker playback scheduler with pending Telegram transfers[2m > [22m[2mnever exceeds the configured seven physical lanes when simultaneous completions release queued work
[22m[39m[play-trace] {"message_id":408,"status":"READY","code":null,"context_id":"m9gkwifv","t_ms":2924.5,"time_origin_ms":1788963446328.211,"ts_ms":1788963449252.7,"stage":"WORKER_PREFETCH_TERMINAL"}
[play-trace] {"message_id":408,"bytes":65536,"offset_bytes":0,"context_id":"m9gkwifv","t_ms":2924.6,"time_origin_ms":1788963446328.211,"ts_ms":1788963449252.8,"stage":"WARM_PREFIX_READY"}
[play-trace] {"message_id":409,"status":"READY","code":null,"context_id":"m9gkwifv","t_ms":2924.7,"time_origin_ms":1788963446328.211,"ts_ms":1788963449252.9,"stage":"WORKER_PREFETCH_TERMINAL"}
[play-trace] {"message_id":409,"bytes":65536,"offset_bytes":0,"context_id":"m9gkwifv","t_ms":2924.7,"time_origin_ms":1788963446328.211,"ts_ms":1788963449252.9,"stage":"WARM_PREFIX_READY"}
[play-trace] {"message_id":410,"status":"READY","code":null,"context_id":"m9gkwifv","t_ms":2924.8,"time_origin_ms":1788963446328.211,"ts_ms":1788963449253,"stage":"WORKER_PREFETCH_TERMINAL"}
[play-trace] {"message_id":410,"bytes":65536,"offset_bytes":0,"context_id":"m9gkwifv","t_ms":2924.8,"time_origin_ms":1788963446328.211,"ts_ms":1788963449253.1,"stage":"WARM_PREFIX_READY"}
[play-trace] {"message_id":411,"status":"READY","code":null,"context_id":"m9gkwifv","t_ms":2925,"time_origin_ms":1788963446328.211,"ts_ms":1788963449253.2,"stage":"WORKER_PREFETCH_TERMINAL"}
[play-trace] {"message_id":411,"bytes":65536,"offset_bytes":0,"context_id":"m9gkwifv","t_ms":2925,"time_origin_ms":1788963446328.211,"ts_ms":1788963449253.2,"stage":"WARM_PREFIX_READY"}
[play-trace] {"message_id":412,"status":"READY","code":null,"context_id":"m9gkwifv","t_ms":2925.1,"time_origin_ms":1788963446328.211,"ts_ms":1788963449253.3,"stage":"WORKER_PREFETCH_TERMINAL"}
[play-trace] {"message_id":412,"bytes":65536,"offset_bytes":0,"context_id":"m9gkwifv","t_ms":2925.1,"time_origin_ms":1788963446328.211,"ts_ms":1788963449253.3,"stage":"WARM_PREFIX_READY"}
[play-trace] {"message_id":413,"status":"READY","code":null,"context_id":"m9gkwifv","t_ms":2925.2,"time_origin_ms":1788963446328.211,"ts_ms":1788963449253.4,"stage":"WORKER_PREFETCH_TERMINAL"}
[play-trace] {"message_id":413,"bytes":65536,"offset_bytes":0,"context_id":"m9gkwifv","t_ms":2925.2,"time_origin_ms":1788963446328.211,"ts_ms":1788963449253.5,"stage":"WARM_PREFIX_READY"}
[play-trace] {"message_id":414,"status":"READY","code":null,"context_id":"m9gkwifv","t_ms":2927.6,"time_origin_ms":1788963446328.211,"ts_ms":1788963449255.8,"stage":"WORKER_PREFETCH_TERMINAL"}
[play-trace] {"message_id":414,"bytes":65536,"offset_bytes":0,"context_id":"m9gkwifv","t_ms":2927.7,"time_origin_ms":1788963446328.211,"ts_ms":1788963449255.9,"stage":"WARM_PREFIX_READY"}

[90mstdout[2m | tests/component-dom/webTransportWorkerScheduler.behavior.test.ts[2m > [22m[2mWorker playback scheduler with pending Telegram transfers[2m > [22m[2mnever exceeds the configured seven physical lanes when simultaneous completions release queued work
[22m[39m[play-trace] {"lane":1,"message_id":415,"scheduler":"IDLE","context_id":"m9gkwifv","t_ms":2930.2,"time_origin_ms":1788963446328.211,"ts_ms":1788963449258.4,"stage":"WORKER_PREFETCH_LANE_TAKE"}

[90mstdout[2m | tests/component-dom/webTransportWorkerScheduler.behavior.test.ts[2m > [22m[2mWorker playback scheduler with pending Telegram transfers[2m > [22m[2mnever exceeds the configured seven physical lanes when simultaneous completions release queued work
[22m[39m[play-trace] {"lane":2,"message_id":416,"scheduler":"IDLE","context_id":"m9gkwifv","t_ms":2930.4,"time_origin_ms":1788963446328.211,"ts_ms":1788963449258.6,"stage":"WORKER_PREFETCH_LANE_TAKE"}

[90mstdout[2m | tests/component-dom/webTransportWorkerScheduler.behavior.test.ts[2m > [22m[2mWorker playback scheduler with pending Telegram transfers[2m > [22m[2mnever exceeds the configured seven physical lanes when simultaneous completions release queued work
[22m[39m[play-trace] {"lane":3,"message_id":417,"scheduler":"IDLE","context_id":"m9gkwifv","t_ms":2930.5,"time_origin_ms":1788963446328.211,"ts_ms":1788963449258.8,"stage":"WORKER_PREFETCH_LANE_TAKE"}

[90mstdout[2m | tests/component-dom/webTransportWorkerScheduler.behavior.test.ts[2m > [22m[2mWorker playback scheduler with pending Telegram transfers[2m > [22m[2mnever exceeds the configured seven physical lanes when simultaneous completions release queued work
[22m[39m[play-trace] {"lane":4,"message_id":418,"scheduler":"IDLE","context_id":"m9gkwifv","t_ms":2930.6,"time_origin_ms":1788963446328.211,"ts_ms":1788963449258.9,"stage":"WORKER_PREFETCH_LANE_TAKE"}

[90mstdout[2m | tests/component-dom/webTransportWorkerScheduler.behavior.test.ts[2m > [22m[2mWorker playback scheduler with pending Telegram transfers[2m > [22m[2mnever exceeds the configured seven physical lanes when simultaneous completions release queued work
[22m[39m[play-trace] {"lane":5,"message_id":419,"scheduler":"IDLE","context_id":"m9gkwifv","t_ms":2930.7,"time_origin_ms":1788963446328.211,"ts_ms":1788963449259,"stage":"WORKER_PREFETCH_LANE_TAKE"}

[90mstdout[2m | tests/component-dom/webTransportWorkerScheduler.behavior.test.ts[2m > [22m[2mWorker playback scheduler with pending Telegram transfers[2m > [22m[2mnever exceeds the configured seven physical lanes when simultaneous completions release queued work
[22m[39m[play-trace] {"lane":6,"message_id":420,"scheduler":"IDLE","context_id":"m9gkwifv","t_ms":2930.8,"time_origin_ms":1788963446328.211,"ts_ms":1788963449259,"stage":"WORKER_PREFETCH_LANE_TAKE"}

[90mstdout[2m | tests/component-dom/webTransportWorkerScheduler.behavior.test.ts[2m > [22m[2mWorker playback scheduler with pending Telegram transfers[2m > [22m[2mnever exceeds the configured seven physical lanes when simultaneous completions release queued work
[22m[39m[play-trace] {"lane":7,"message_id":421,"scheduler":"IDLE","context_id":"m9gkwifv","t_ms":2930.9,"time_origin_ms":1788963446328.211,"ts_ms":1788963449259.1,"stage":"WORKER_PREFETCH_LANE_TAKE"}

[90mstdout[2m | tests/component-dom/webTransportWorkerScheduler.behavior.test.ts[2m > [22m[2mWorker playback scheduler with pending Telegram transfers[2m > [22m[2mnever exceeds the configured seven physical lanes when simultaneous completions release queued work
[22m[39m[play-trace] {"message_id":415,"status":"READY","code":null,"context_id":"m9gkwifv","t_ms":2931.5,"time_origin_ms":1788963446328.211,"ts_ms":1788963449259.7,"stage":"WORKER_PREFETCH_TERMINAL"}
[play-trace] {"message_id":415,"bytes":65536,"offset_bytes":0,"context_id":"m9gkwifv","t_ms":2931.5,"time_origin_ms":1788963446328.211,"ts_ms":1788963449259.7,"stage":"WARM_PREFIX_READY"}
[play-trace] {"message_id":416,"status":"READY","code":null,"context_id":"m9gkwifv","t_ms":2931.6,"time_origin_ms":1788963446328.211,"ts_ms":1788963449259.8,"stage":"WORKER_PREFETCH_TERMINAL"}
[play-trace] {"message_id":416,"bytes":65536,"offset_bytes":0,"context_id":"m9gkwifv","t_ms":2931.6,"time_origin_ms":1788963446328.211,"ts_ms":1788963449259.9,"stage":"WARM_PREFIX_READY"}
[play-trace] {"message_id":417,"status":"READY","code":null,"context_id":"m9gkwifv","t_ms":2931.8,"time_origin_ms":1788963446328.211,"ts_ms":1788963449260,"stage":"WORKER_PREFETCH_TERMINAL"}
[play-trace] {"message_id":417,"bytes":65536,"offset_bytes":0,"context_id":"m9gkwifv","t_ms":2931.8,"time_origin_ms":1788963446328.211,"ts_ms":1788963449260,"stage":"WARM_PREFIX_READY"}
[play-trace] {"message_id":418,"status":"READY","code":null,"context_id":"m9gkwifv","t_ms":2931.9,"time_origin_ms":1788963446328.211,"ts_ms":1788963449260.1,"stage":"WORKER_PREFETCH_TERMINAL"}
[play-trace] {"message_id":418,"bytes":65536,"offset_bytes":0,"context_id":"m9gkwifv","t_ms":2931.9,"time_origin_ms":1788963446328.211,"ts_ms":1788963449260.1,"stage":"WARM_PREFIX_READY"}
[play-trace] {"message_id":419,"status":"READY","code":null,"context_id":"m9gkwifv","t_ms":2932,"time_origin_ms":1788963446328.211,"ts_ms":1788963449260.2,"stage":"WORKER_PREFETCH_TERMINAL"}
[play-trace] {"message_id":419,"bytes":65536,"offset_bytes":0,"context_id":"m9gkwifv","t_ms":2932,"time_origin_ms":1788963446328.211,"ts_ms":1788963449260.2,"stage":"WARM_PREFIX_READY"}
[play-trace] {"message_id":420,"status":"READY","code":null,"context_id":"m9gkwifv","t_ms":2932.1,"time_origin_ms":1788963446328.211,"ts_ms":1788963449260.3,"stage":"WORKER_PREFETCH_TERMINAL"}
[play-trace] {"message_id":420,"bytes":65536,"offset_bytes":0,"context_id":"m9gkwifv","t_ms":2932.1,"time_origin_ms":1788963446328.211,"ts_ms":1788963449260.4,"stage":"WARM_PREFIX_READY"}
[play-trace] {"message_id":421,"status":"READY","code":null,"context_id":"m9gkwifv","t_ms":2932.3,"time_origin_ms":1788963446328.211,"ts_ms":1788963449260.5,"stage":"WORKER_PREFETCH_TERMINAL"}
[play-trace] {"message_id":421,"bytes":65536,"offset_bytes":0,"context_id":"m9gkwifv","t_ms":2932.3,"time_origin_ms":1788963446328.211,"ts_ms":1788963449260.5,"stage":"WARM_PREFIX_READY"}

[90mstdout[2m | tests/component-dom/webTransportWorkerScheduler.behavior.test.ts[2m > [22m[2mWorker playback scheduler with pending Telegram transfers[2m > [22m[2mnever exceeds the configured seven physical lanes when simultaneous completions release queued work
[22m[39m[play-trace] {"count":21,"elapsed_ms":66,"failures":0,"context_id":"m9gkwifv","t_ms":2935.6,"time_origin_ms":1788963446328.211,"ts_ms":1788963449263.8,"stage":"WORKER_PREFETCH_BATCH_DONE"}

[90mstdout[2m | tests/component-dom/webPlaybackRouteRecovery.behavior.test.ts[2m > [22m[2mWeb stale playback route recovery[2m > [22m[2mreconciles 1500 missing to 1900 and performs exactly one current-intent retry
[22m[39m[play-trace] {"beat_id":"beat-x","message_id":1500,"mime_type":"audio/mpeg","intent_id":1,"context_id":"2yxk1me8","t_ms":693.6,"time_origin_ms":1788963448625.033,"ts_ms":1788963449318.6,"stage":"ADAPTER_PREPARE_ENTER"}
[play-trace] {"span_id":1,"context_id":"2yxk1me8","t_ms":694.2,"time_origin_ms":1788963448625.033,"ts_ms":1788963449319.2,"stage":"DIRECT_CODE_IMPORT_BEGIN"}

[90mstdout[2m | tests/component-dom/webPlaybackRouteRecovery.behavior.test.ts[2m > [22m[2mWeb stale playback route recovery[2m > [22m[2mreconciles 1500 missing to 1900 and performs exactly one current-intent retry
[22m[39m[play-trace] {"span_id":1,"elapsed_ms":0.6,"context_id":"2yxk1me8","t_ms":694.8,"time_origin_ms":1788963448625.033,"ts_ms":1788963449319.9,"stage":"DIRECT_CODE_IMPORT_DONE"}

[90mstdout[2m | tests/component-dom/webPlaybackRouteRecovery.behavior.test.ts[2m > [22m[2mWeb stale playback route recovery[2m > [22m[2mreconciles 1500 missing to 1900 and performs exactly one current-intent retry
[22m[39m[play-trace] {"beat_id":"beat-x","intent_id":1,"context_id":"2yxk1me8","t_ms":695.4,"time_origin_ms":1788963448625.033,"ts_ms":1788963449320.5,"stage":"ADAPTER_SOURCE_MANAGER_READY"}

[90mstdout[2m | tests/component-dom/webPlaybackRouteRecovery.behavior.test.ts[2m > [22m[2mWeb stale playback route recovery[2m > [22m[2mreconciles 1500 missing to 1900 and performs exactly one current-intent retry
[22m[39m[play-trace] {"beat_id":"beat-x","message_id":1500,"context_id":"2yxk1me8","t_ms":696.3,"time_origin_ms":1788963448625.033,"ts_ms":1788963449321.3,"stage":"PLAY_ROUTE_SUSPECT"}

[90mstdout[2m | tests/component-dom/webPlaybackRouteRecovery.behavior.test.ts[2m > [22m[2mWeb stale playback route recovery[2m > [22m[2mreconciles 1500 missing to 1900 and performs exactly one current-intent retry
[22m[39m[web/library-window] playback-route-recovery offset=0 materialized=1/1 max=1 avoided=0 ratio=1.0000
[play-trace] {"beat_id":"beat-x","failed_message_id":1500,"repaired_message_id":1900,"context_id":"2yxk1me8","t_ms":697.9,"time_origin_ms":1788963448625.033,"ts_ms":1788963449322.9,"stage":"PLAY_ROUTE_RECOVERED"}

[90mstdout[2m | tests/component-dom/webPlaybackRouteRecovery.behavior.test.ts[2m > [22m[2mWeb stale playback route recovery[2m > [22m[2mreconciles 1500 missing to 1900 and performs exactly one current-intent retry
[22m[39m[play-trace] {"beat_id":"beat-x","intent_id":1,"failed_message_id":1500,"repaired_message_id":1900,"context_id":"2yxk1me8","t_ms":698.1,"time_origin_ms":1788963448625.033,"ts_ms":1788963449323.1,"stage":"ADAPTER_PREPARE_ROUTE_RETRY_READY"}

[90mstdout[2m | tests/component-dom/webPlaybackRouteRecovery.behavior.test.ts[2m > [22m[2mWeb stale playback route recovery[2m > [22m[2mrecovers one async continuation route failure and publishes the repaired URL
[22m[39m[play-trace] {"beat_id":"beat-x","message_id":1500,"mime_type":"audio/mpeg","intent_id":1,"context_id":"h3xftxzq","t_ms":707.7,"time_origin_ms":1788963448625.033,"ts_ms":1788963449332.7,"stage":"ADAPTER_PREPARE_ENTER"}
[play-trace] {"span_id":1,"context_id":"h3xftxzq","t_ms":707.9,"time_origin_ms":1788963448625.033,"ts_ms":1788963449332.9,"stage":"DIRECT_CODE_IMPORT_BEGIN"}

[90mstdout[2m | tests/component-dom/webPlaybackRouteRecovery.behavior.test.ts[2m > [22m[2mWeb stale playback route recovery[2m > [22m[2mrecovers one async continuation route failure and publishes the repaired URL
[22m[39m[play-trace] {"span_id":1,"elapsed_ms":0.4,"context_id":"h3xftxzq","t_ms":708.3,"time_origin_ms":1788963448625.033,"ts_ms":1788963449333.3,"stage":"DIRECT_CODE_IMPORT_DONE"}

[90mstdout[2m | tests/component-dom/webPlaybackRouteRecovery.behavior.test.ts[2m > [22m[2mWeb stale playback route recovery[2m > [22m[2mrecovers one async continuation route failure and publishes the repaired URL
[22m[39m[play-trace] {"beat_id":"beat-x","intent_id":1,"context_id":"h3xftxzq","t_ms":708.5,"time_origin_ms":1788963448625.033,"ts_ms":1788963449333.6,"stage":"ADAPTER_SOURCE_MANAGER_READY"}

[90mstdout[2m | tests/component-dom/webPlaybackRouteRecovery.behavior.test.ts[2m > [22m[2mWeb stale playback route recovery[2m > [22m[2mrecovers one async continuation route failure and publishes the repaired URL
[22m[39m[play-trace] {"beat_id":"beat-x","intent_id":1,"current":true,"context_id":"h3xftxzq","t_ms":708.7,"time_origin_ms":1788963448625.033,"ts_ms":1788963449333.7,"stage":"ADAPTER_PREPARE_READY"}

[90mstdout[2m | tests/component-dom/webPlaybackRouteRecovery.behavior.test.ts[2m > [22m[2mWeb stale playback route recovery[2m > [22m[2mrecovers one async continuation route failure and publishes the repaired URL
[22m[39m[play-trace] {"beat_id":"beat-x","message_id":1500,"context_id":"h3xftxzq","t_ms":709.8,"time_origin_ms":1788963448625.033,"ts_ms":1788963449334.9,"stage":"PLAY_ROUTE_SUSPECT"}

[90mstdout[2m | tests/component-dom/webPlaybackRouteRecovery.behavior.test.ts[2m > [22m[2mWeb stale playback route recovery[2m > [22m[2mrecovers one async continuation route failure and publishes the repaired URL
[22m[39m[web/library-window] playback-route-recovery offset=0 materialized=1/1 max=1 avoided=0 ratio=1.0000
[play-trace] {"beat_id":"beat-x","failed_message_id":1500,"repaired_message_id":1900,"context_id":"h3xftxzq","t_ms":710.4,"time_origin_ms":1788963448625.033,"ts_ms":1788963449335.5,"stage":"PLAY_ROUTE_RECOVERED"}

[90mstdout[2m | tests/component-dom/webPlaybackRouteRecovery.behavior.test.ts[2m > [22m[2mWeb stale playback route recovery[2m > [22m[2mrecovers one async continuation route failure and publishes the repaired URL
[22m[39m[play-trace] {"beat_id":"beat-x","intent_id":1,"failed_message_id":1500,"repaired_message_id":1900,"context_id":"h3xftxzq","t_ms":710.6,"time_origin_ms":1788963448625.033,"ts_ms":1788963449335.6,"stage":"ADAPTER_STREAM_ROUTE_RETRY_READY"}

[90mstdout[2m | tests/component-dom/webPlaybackRouteRecovery.behavior.test.ts[2m > [22m[2mWeb stale playback route recovery[2m > [22m[2mconsumes the async route retry once and never loops after the repaired stream also fails
[22m[39m[play-trace] {"beat_id":"beat-x","message_id":1500,"mime_type":"audio/mpeg","intent_id":1,"context_id":"ygu9sde9","t_ms":718.3,"time_origin_ms":1788963448625.033,"ts_ms":1788963449343.3,"stage":"ADAPTER_PREPARE_ENTER"}
[play-trace] {"span_id":1,"context_id":"ygu9sde9","t_ms":718.3,"time_origin_ms":1788963448625.033,"ts_ms":1788963449343.4,"stage":"DIRECT_CODE_IMPORT_BEGIN"}

[90mstdout[2m | tests/component-dom/webPlaybackRouteRecovery.behavior.test.ts[2m > [22m[2mWeb stale playback route recovery[2m > [22m[2mconsumes the async route retry once and never loops after the repaired stream also fails
[22m[39m[play-trace] {"span_id":1,"elapsed_ms":0.1,"context_id":"ygu9sde9","t_ms":718.4,"time_origin_ms":1788963448625.033,"ts_ms":1788963449343.5,"stage":"DIRECT_CODE_IMPORT_DONE"}

[90mstdout[2m | tests/component-dom/webPlaybackRouteRecovery.behavior.test.ts[2m > [22m[2mWeb stale playback route recovery[2m > [22m[2mconsumes the async route retry once and never loops after the repaired stream also fails
[22m[39m[play-trace] {"beat_id":"beat-x","intent_id":1,"context_id":"ygu9sde9","t_ms":718.6,"time_origin_ms":1788963448625.033,"ts_ms":1788963449343.6,"stage":"ADAPTER_SOURCE_MANAGER_READY"}

[90mstdout[2m | tests/component-dom/webPlaybackRouteRecovery.behavior.test.ts[2m > [22m[2mWeb stale playback route recovery[2m > [22m[2mconsumes the async route retry once and never loops after the repaired stream also fails
[22m[39m[play-trace] {"beat_id":"beat-x","intent_id":1,"current":true,"context_id":"ygu9sde9","t_ms":718.7,"time_origin_ms":1788963448625.033,"ts_ms":1788963449343.8,"stage":"ADAPTER_PREPARE_READY"}

[90mstdout[2m | tests/component-dom/webPlaybackRouteRecovery.behavior.test.ts[2m > [22m[2mWeb stale playback route recovery[2m > [22m[2mconsumes the async route retry once and never loops after the repaired stream also fails
[22m[39m[play-trace] {"beat_id":"beat-x","message_id":1500,"context_id":"ygu9sde9","t_ms":720.4,"time_origin_ms":1788963448625.033,"ts_ms":1788963449345.5,"stage":"PLAY_ROUTE_SUSPECT"}

[90mstdout[2m | tests/component-dom/webPlaybackRouteRecovery.behavior.test.ts[2m > [22m[2mWeb stale playback route recovery[2m > [22m[2mconsumes the async route retry once and never loops after the repaired stream also fails
[22m[39m[web/library-window] playback-route-recovery offset=0 materialized=1/1 max=1 avoided=0 ratio=1.0000
[play-trace] {"beat_id":"beat-x","failed_message_id":1500,"repaired_message_id":1900,"context_id":"ygu9sde9","t_ms":721.3,"time_origin_ms":1788963448625.033,"ts_ms":1788963449346.3,"stage":"PLAY_ROUTE_RECOVERED"}

[90mstdout[2m | tests/component-dom/webPlaybackRouteRecovery.behavior.test.ts[2m > [22m[2mWeb stale playback route recovery[2m > [22m[2mconsumes the async route retry once and never loops after the repaired stream also fails
[22m[39m[play-trace] {"beat_id":"beat-x","intent_id":1,"failed_message_id":1500,"repaired_message_id":1900,"context_id":"ygu9sde9","t_ms":721.4,"time_origin_ms":1788963448625.033,"ts_ms":1788963449346.4,"stage":"ADAPTER_STREAM_ROUTE_RETRY_READY"}

[90mstdout[2m | tests/component-dom/webTransportWorker.test.ts[2m > [22m[2mGaler Cloud single-file Web Worker[2m > [22m[2mstreams MASTER chunks progressively from one authorized message
[22m[39m[play-trace] {"message_id":701,"context_id":"l91tmfjg","t_ms":3017.2,"time_origin_ms":1788963446333.957,"ts_ms":1788963449351.2,"stage":"WORKER_PLAYBACK_MEDIA_CACHE_MISS"}
[play-trace] {"count":1,"attempt":1,"context_id":"l91tmfjg","t_ms":3017.5,"time_origin_ms":1788963446333.957,"ts_ms":1788963449351.4,"stage":"WORKER_PLAYBACK_MEDIA_BATCH_RPC"}

[90mstdout[2m | tests/component-dom/webTransportWorker.test.ts[2m > [22m[2mGaler Cloud single-file Web Worker[2m > [22m[2mstreams MASTER chunks progressively from one authorized message
[22m[39m[play-trace] {"message_id":701,"offset_bytes":0,"context_id":"l91tmfjg","t_ms":3018.3,"time_origin_ms":1788963446333.957,"ts_ms":1788963449352.3,"stage":"PLAY_STREAM_BEGIN"}

[90mstdout[2m | tests/component-dom/webTransportWorker.test.ts[2m > [22m[2mGaler Cloud single-file Web Worker[2m > [22m[2mstreams MASTER chunks progressively from one authorized message
[22m[39m[play-trace] {"elapsed_ms":1,"bytes":2,"offset_bytes":0,"context_id":"l91tmfjg","t_ms":3018.6,"time_origin_ms":1788963446333.957,"ts_ms":1788963449352.6,"stage":"PLAY_STREAM_FIRST_CHUNK"}

[90mstdout[2m | tests/component-dom/webTransportWorker.test.ts[2m > [22m[2mGaler Cloud single-file Web Worker[2m > [22m[2mstreams non-audio Cloud objects without rewriting their MIME type
[22m[39m[play-trace] {"message_id":702,"context_id":"l91tmfjg","t_ms":3069,"time_origin_ms":1788963446333.957,"ts_ms":1788963449402.9,"stage":"WORKER_PLAYBACK_MEDIA_CACHE_MISS"}
[play-trace] {"count":1,"attempt":1,"context_id":"l91tmfjg","t_ms":3069,"time_origin_ms":1788963446333.957,"ts_ms":1788963449403,"stage":"WORKER_PLAYBACK_MEDIA_BATCH_RPC"}

[90mstdout[2m | tests/component-dom/webPlaybackRouteRecovery.behavior.test.ts[2m > [22m[2mWeb stale playback route recovery[2m > [22m[2mkeeps an unchanged authoritative route instead of deleting it when reconcile cannot repair it
[22m[39m[play-trace] {"beat_id":"beat-x","message_id":1500,"mime_type":"audio/mpeg","intent_id":1,"context_id":"f7sz9w0k","t_ms":778.1,"time_origin_ms":1788963448625.033,"ts_ms":1788963449403.2,"stage":"ADAPTER_PREPARE_ENTER"}
[play-trace] {"span_id":1,"context_id":"f7sz9w0k","t_ms":778.2,"time_origin_ms":1788963448625.033,"ts_ms":1788963449403.2,"stage":"DIRECT_CODE_IMPORT_BEGIN"}

[90mstdout[2m | tests/component-dom/webPlaybackRouteRecovery.behavior.test.ts[2m > [22m[2mWeb stale playback route recovery[2m > [22m[2mkeeps an unchanged authoritative route instead of deleting it when reconcile cannot repair it
[22m[39m[play-trace] {"span_id":1,"elapsed_ms":0.2,"context_id":"f7sz9w0k","t_ms":778.4,"time_origin_ms":1788963448625.033,"ts_ms":1788963449403.4,"stage":"DIRECT_CODE_IMPORT_DONE"}

[90mstdout[2m | tests/component-dom/webPlaybackRouteRecovery.behavior.test.ts[2m > [22m[2mWeb stale playback route recovery[2m > [22m[2mkeeps an unchanged authoritative route instead of deleting it when reconcile cannot repair it
[22m[39m[play-trace] {"beat_id":"beat-x","intent_id":1,"context_id":"f7sz9w0k","t_ms":778.6,"time_origin_ms":1788963448625.033,"ts_ms":1788963449403.6,"stage":"ADAPTER_SOURCE_MANAGER_READY"}

[90mstdout[2m | tests/component-dom/webTransportWorker.test.ts[2m > [22m[2mGaler Cloud single-file Web Worker[2m > [22m[2mstreams non-audio Cloud objects without rewriting their MIME type
[22m[39m[play-trace] {"message_id":702,"offset_bytes":0,"context_id":"l91tmfjg","t_ms":3069.6,"time_origin_ms":1788963446333.957,"ts_ms":1788963449403.5,"stage":"PLAY_STREAM_BEGIN"}

[90mstdout[2m | tests/component-dom/webTransportWorker.test.ts[2m > [22m[2mGaler Cloud single-file Web Worker[2m > [22m[2mstreams non-audio Cloud objects without rewriting their MIME type
[22m[39m[play-trace] {"elapsed_ms":1,"bytes":2,"offset_bytes":0,"context_id":"l91tmfjg","t_ms":3069.7,"time_origin_ms":1788963446333.957,"ts_ms":1788963449403.7,"stage":"PLAY_STREAM_FIRST_CHUNK"}

[90mstdout[2m | tests/component-dom/webPlaybackRouteRecovery.behavior.test.ts[2m > [22m[2mWeb stale playback route recovery[2m > [22m[2mkeeps an unchanged authoritative route instead of deleting it when reconcile cannot repair it
[22m[39m[play-trace] {"beat_id":"beat-x","message_id":1500,"context_id":"f7sz9w0k","t_ms":778.8,"time_origin_ms":1788963448625.033,"ts_ms":1788963449403.8,"stage":"PLAY_ROUTE_SUSPECT"}

[90mstdout[2m | tests/component-dom/webPlaybackRouteRecovery.behavior.test.ts[2m > [22m[2mWeb stale playback route recovery[2m > [22m[2mkeeps an unchanged authoritative route instead of deleting it when reconcile cannot repair it
[22m[39m[web/library-window] playback-route-recovery offset=0 materialized=1/1 max=1 avoided=0 ratio=1.0000
[play-trace] {"beat_id":"beat-x","failed_message_id":1500,"repaired_message_id":1500,"context_id":"f7sz9w0k","t_ms":779.3,"time_origin_ms":1788963448625.033,"ts_ms":1788963449404.4,"stage":"PLAY_ROUTE_RECOVERY_FAILED"}

[90mstdout[2m | tests/component-dom/webPlaybackRouteRecovery.behavior.test.ts[2m > [22m[2mWeb stale playback route recovery[2m > [22m[2mremoves an authoritatively deleted beat and never loops or retries the stale route
[22m[39m[play-trace] {"beat_id":"beat-x","message_id":1500,"mime_type":"audio/mpeg","intent_id":1,"context_id":"twml18ob","t_ms":786,"time_origin_ms":1788963448625.033,"ts_ms":1788963449411.1,"stage":"ADAPTER_PREPARE_ENTER"}
[play-trace] {"span_id":1,"context_id":"twml18ob","t_ms":786.1,"time_origin_ms":1788963448625.033,"ts_ms":1788963449411.1,"stage":"DIRECT_CODE_IMPORT_BEGIN"}

[90mstdout[2m | tests/component-dom/webPlaybackRouteRecovery.behavior.test.ts[2m > [22m[2mWeb stale playback route recovery[2m > [22m[2mremoves an authoritatively deleted beat and never loops or retries the stale route
[22m[39m[play-trace] {"span_id":1,"elapsed_ms":0.2,"context_id":"twml18ob","t_ms":786.3,"time_origin_ms":1788963448625.033,"ts_ms":1788963449411.3,"stage":"DIRECT_CODE_IMPORT_DONE"}

[90mstdout[2m | tests/component-dom/webPlaybackRouteRecovery.behavior.test.ts[2m > [22m[2mWeb stale playback route recovery[2m > [22m[2mremoves an authoritatively deleted beat and never loops or retries the stale route
[22m[39m[play-trace] {"beat_id":"beat-x","intent_id":1,"context_id":"twml18ob","t_ms":786.4,"time_origin_ms":1788963448625.033,"ts_ms":1788963449411.5,"stage":"ADAPTER_SOURCE_MANAGER_READY"}

[90mstdout[2m | tests/component-dom/webPlaybackRouteRecovery.behavior.test.ts[2m > [22m[2mWeb stale playback route recovery[2m > [22m[2mremoves an authoritatively deleted beat and never loops or retries the stale route
[22m[39m[play-trace] {"beat_id":"beat-x","message_id":1500,"context_id":"twml18ob","t_ms":786.7,"time_origin_ms":1788963448625.033,"ts_ms":1788963449411.7,"stage":"PLAY_ROUTE_SUSPECT"}

[90mstdout[2m | tests/component-dom/webPlaybackRouteRecovery.behavior.test.ts[2m > [22m[2mWeb stale playback route recovery[2m > [22m[2mremoves an authoritatively deleted beat and never loops or retries the stale route
[22m[39m[web/library-window] playback-route-recovery offset=0 materialized=0/0 max=0 avoided=0 ratio=0.0000
[play-trace] {"beat_id":"beat-x","failed_message_id":1500,"repaired_message_id":null,"context_id":"twml18ob","t_ms":787.2,"time_origin_ms":1788963448625.033,"ts_ms":1788963449412.2,"stage":"PLAY_ROUTE_RECOVERY_FAILED"}

[90mstdout[2m | tests/component-dom/webTransportWorkerScheduler.behavior.test.ts[2m > [22m[2mWorker playback scheduler with pending Telegram transfers[2m > [22m[2mrestarts an active INDEX immediately after Play preemption even when focus is released before the abort rejection
[22m[39m[play-trace] {"request_id":"index-play-race","context_id":"m9gkwifv","t_ms":0,"time_origin_ms":1788963449417,"ts_ms":1788963449417,"stage":"INDEX_BEGIN"}

[90mstdout[2m | tests/component-dom/webTransportWorkerScheduler.behavior.test.ts[2m > [22m[2mWorker playback scheduler with pending Telegram transfers[2m > [22m[2mrestarts an active INDEX immediately after Play preemption even when focus is released before the abort rejection
[22m[39m[play-trace] {"request_id":"index-play-race","context_id":"m9gkwifv","t_ms":0,"time_origin_ms":1788963449417,"ts_ms":1788963449417,"stage":"INDEX_PREEMPTED_PLAY"}
[play-trace] {"message_id":777,"aborted":0,"context_id":"m9gkwifv","t_ms":0,"time_origin_ms":1788963449417,"ts_ms":1788963449417,"stage":"PLAY_WARM_PREEMPT_ALL"}

[90mstdout[2m | tests/component-dom/webTransportWorkerScheduler.behavior.test.ts[2m > [22m[2mWorker playback scheduler with pending Telegram transfers[2m > [22m[2mrestarts an active INDEX immediately after Play preemption even when focus is released before the abort rejection
[22m[39m[play-trace] {"lanes":7,"context_id":"m9gkwifv","t_ms":0,"time_origin_ms":1788963449417,"ts_ms":1788963449417,"stage":"WARM_RESUME"}

[90mstdout[2m | tests/component-dom/webTransportWorkerScheduler.behavior.test.ts[2m > [22m[2mWorker playback scheduler with pending Telegram transfers[2m > [22m[2mrestarts an active INDEX immediately after Play preemption even when focus is released before the abort rejection
[22m[39m[play-trace] {"request_id":"index-play-race","context_id":"m9gkwifv","t_ms":0,"time_origin_ms":1788963449417,"ts_ms":1788963449417,"stage":"INDEX_RESUMED"}

[90mstdout[2m | tests/component-dom/webTransportWorkerScheduler.behavior.test.ts[2m > [22m[2mWorker playback scheduler with pending Telegram transfers[2m > [22m[2mrestarts an active INDEX immediately after Play preemption even when focus is released before the abort rejection
[22m[39m[play-trace] {"elapsed_ms":0,"bytes":62,"request_id":"index-play-race","context_id":"m9gkwifv","t_ms":0,"time_origin_ms":1788963449417,"ts_ms":1788963449417,"stage":"INDEX_DONE"}

[90mstdout[2m | tests/component-dom/webPlaybackRouteRecovery.behavior.test.ts[2m > [22m[2mWeb stale playback route recovery[2m > [22m[2mdoes not reinterpret a transport failure as a stale route or delete authority
[22m[39m[play-trace] {"beat_id":"beat-x","message_id":1500,"mime_type":"audio/mpeg","intent_id":1,"context_id":"qika5rpb","t_ms":798.2,"time_origin_ms":1788963448625.033,"ts_ms":1788963449423.2,"stage":"ADAPTER_PREPARE_ENTER"}
[play-trace] {"span_id":1,"context_id":"qika5rpb","t_ms":798.2,"time_origin_ms":1788963448625.033,"ts_ms":1788963449423.3,"stage":"DIRECT_CODE_IMPORT_BEGIN"}

[90mstdout[2m | tests/component-dom/webPlaybackRouteRecovery.behavior.test.ts[2m > [22m[2mWeb stale playback route recovery[2m > [22m[2mdoes not reinterpret a transport failure as a stale route or delete authority
[22m[39m[play-trace] {"span_id":1,"elapsed_ms":0.2,"context_id":"qika5rpb","t_ms":798.5,"time_origin_ms":1788963448625.033,"ts_ms":1788963449423.5,"stage":"DIRECT_CODE_IMPORT_DONE"}

[90mstdout[2m | tests/component-dom/webPlaybackRouteRecovery.behavior.test.ts[2m > [22m[2mWeb stale playback route recovery[2m > [22m[2mdoes not reinterpret a transport failure as a stale route or delete authority
[22m[39m[play-trace] {"beat_id":"beat-x","intent_id":1,"context_id":"qika5rpb","t_ms":798.6,"time_origin_ms":1788963448625.033,"ts_ms":1788963449423.7,"stage":"ADAPTER_SOURCE_MANAGER_READY"}

[90mstdout[2m | tests/component-dom/webPlaybackRouteRecovery.behavior.test.ts[2m > [22m[2mWeb stale playback route recovery[2m > [22m[2mlets a Y click supersede X while X is reconciling and never performs X's stale retry
[22m[39m[play-trace] {"beat_id":"beat-x","message_id":1500,"mime_type":"audio/mpeg","intent_id":1,"context_id":"lo5rkh4r","t_ms":805.9,"time_origin_ms":1788963448625.033,"ts_ms":1788963449430.9,"stage":"ADAPTER_PREPARE_ENTER"}
[play-trace] {"span_id":1,"context_id":"lo5rkh4r","t_ms":805.9,"time_origin_ms":1788963448625.033,"ts_ms":1788963449430.9,"stage":"DIRECT_CODE_IMPORT_BEGIN"}

[90mstdout[2m | tests/component-dom/webPlaybackRouteRecovery.behavior.test.ts[2m > [22m[2mWeb stale playback route recovery[2m > [22m[2mlets a Y click supersede X while X is reconciling and never performs X's stale retry
[22m[39m[play-trace] {"span_id":1,"elapsed_ms":0.4,"context_id":"lo5rkh4r","t_ms":806.3,"time_origin_ms":1788963448625.033,"ts_ms":1788963449431.3,"stage":"DIRECT_CODE_IMPORT_DONE"}

[90mstdout[2m | tests/component-dom/webPlaybackRouteRecovery.behavior.test.ts[2m > [22m[2mWeb stale playback route recovery[2m > [22m[2mlets a Y click supersede X while X is reconciling and never performs X's stale retry
[22m[39m[play-trace] {"beat_id":"beat-x","intent_id":1,"context_id":"lo5rkh4r","t_ms":806.4,"time_origin_ms":1788963448625.033,"ts_ms":1788963449431.5,"stage":"ADAPTER_SOURCE_MANAGER_READY"}

[90mstdout[2m | tests/component-dom/webPlaybackRouteRecovery.behavior.test.ts[2m > [22m[2mWeb stale playback route recovery[2m > [22m[2mlets a Y click supersede X while X is reconciling and never performs X's stale retry
[22m[39m[play-trace] {"beat_id":"beat-x","message_id":1500,"context_id":"lo5rkh4r","t_ms":806.9,"time_origin_ms":1788963448625.033,"ts_ms":1788963449431.9,"stage":"PLAY_ROUTE_SUSPECT"}

[90mstdout[2m | tests/component-dom/webPlaybackRouteRecovery.behavior.test.ts[2m > [22m[2mWeb stale playback route recovery[2m > [22m[2mlets a Y click supersede X while X is reconciling and never performs X's stale retry
[22m[39m[play-trace] {"beat_id":"beat-y","message_id":2000,"mime_type":"audio/mpeg","intent_id":2,"context_id":"lo5rkh4r","t_ms":856.3,"time_origin_ms":1788963448625.033,"ts_ms":1788963449481.3,"stage":"ADAPTER_PREPARE_ENTER"}

[90mstdout[2m | tests/component-dom/webPlaybackRouteRecovery.behavior.test.ts[2m > [22m[2mWeb stale playback route recovery[2m > [22m[2mlets a Y click supersede X while X is reconciling and never performs X's stale retry
[22m[39m[play-trace] {"beat_id":"beat-y","intent_id":2,"context_id":"lo5rkh4r","t_ms":856.4,"time_origin_ms":1788963448625.033,"ts_ms":1788963449481.5,"stage":"ADAPTER_SOURCE_MANAGER_READY"}

[90mstdout[2m | tests/component-dom/webPlaybackRouteRecovery.behavior.test.ts[2m > [22m[2mWeb stale playback route recovery[2m > [22m[2mlets a Y click supersede X while X is reconciling and never performs X's stale retry
[22m[39m[play-trace] {"beat_id":"beat-y","intent_id":2,"current":true,"context_id":"lo5rkh4r","t_ms":856.6,"time_origin_ms":1788963448625.033,"ts_ms":1788963449481.6,"stage":"ADAPTER_PREPARE_READY"}

[90mstdout[2m | tests/component-dom/webPlaybackRouteRecovery.behavior.test.ts[2m > [22m[2mWeb stale playback route recovery[2m > [22m[2mlets a Y click supersede X while X is reconciling and never performs X's stale retry
[22m[39m[web/library-window] playback-route-recovery offset=0 materialized=2/2 max=2 avoided=0 ratio=1.0000
[play-trace] {"beat_id":"beat-x","failed_message_id":1500,"repaired_message_id":1900,"context_id":"lo5rkh4r","t_ms":857.1,"time_origin_ms":1788963448625.033,"ts_ms":1788963449482.2,"stage":"PLAY_ROUTE_RECOVERED"}

[90mstdout[2m | tests/component-dom/webPlaybackRouteRecovery.behavior.test.ts[2m > [22m[2mWeb stale playback route recovery[2m > [22m[2mlets a Y click supersede X while X is reconciling and never performs X's stale retry
[22m[39m[play-trace] {"beat_id":"beat-x","intent_id":1,"phase":"route_reconcile","context_id":"lo5rkh4r","t_ms":857.4,"time_origin_ms":1788963448625.033,"ts_ms":1788963449482.4,"stage":"ADAPTER_PREPARE_SUPERSEDED"}

 [32m✓[39m tests/component-dom/webPlaybackRouteRecovery.behavior.test.ts [2m([22m[2m7 tests[22m[2m)[22m[32m 249[2mms[22m[39m
[90mstdout[2m | tests/component-dom/webTransportWorkerScheduler.behavior.test.ts[2m > [22m[2mWorker playback scheduler with pending Telegram transfers[2m > [22m[2maborts active INDEX bytes for WARM and resumes only after the warm transfer settles
[22m[39m[play-trace] {"request_id":"index-warm-race","context_id":"m9gkwifv","t_ms":3244.7,"time_origin_ms":1788963446328.211,"ts_ms":1788963449572.9,"stage":"INDEX_BEGIN"}

 [32m✓[39m tests/component-dom/webTransportWorker.test.ts [2m([22m[2m13 tests[22m[2m)[22m[33m 2233[2mms[22m[39m
   [33m[2m✓[22m[39m Galer Cloud single-file Web Worker[2m > [22mnever turns a missing pinned index into an authoritative empty gallery [33m 1206[2mms[22m[39m
[90mstdout[2m | tests/component-dom/webTransportWorkerScheduler.behavior.test.ts[2m > [22m[2mWorker playback scheduler with pending Telegram transfers[2m > [22m[2maborts active INDEX bytes for WARM and resumes only after the warm transfer settles
[22m[39m[play-trace] {"request_id":"index-warm-race","context_id":"m9gkwifv","t_ms":3295.6,"time_origin_ms":1788963446328.211,"ts_ms":1788963449623.8,"stage":"INDEX_PREEMPTED_WARM"}
[play-trace] {"count":1,"prefix_bytes":65536,"lanes":1,"context_id":"m9gkwifv","t_ms":3295.7,"time_origin_ms":1788963446328.211,"ts_ms":1788963449623.9,"stage":"WARM_BATCH_BEGIN"}
[play-trace] {"count":1,"attempt":1,"context_id":"m9gkwifv","t_ms":3295.8,"time_origin_ms":1788963446328.211,"ts_ms":1788963449624,"stage":"WORKER_PLAYBACK_MEDIA_BATCH_RPC"}

[90mstdout[2m | tests/component-dom/webTransportWorkerScheduler.behavior.test.ts[2m > [22m[2mWorker playback scheduler with pending Telegram transfers[2m > [22m[2maborts active INDEX bytes for WARM and resumes only after the warm transfer settles
[22m[39m[play-trace] {"lane":1,"message_id":888,"scheduler":"IDLE","context_id":"m9gkwifv","t_ms":3296.7,"time_origin_ms":1788963446328.211,"ts_ms":1788963449624.9,"stage":"WORKER_PREFETCH_LANE_TAKE"}

[90mstdout[2m | tests/component-dom/webTransportWorkerScheduler.behavior.test.ts[2m > [22m[2mWorker playback scheduler with pending Telegram transfers[2m > [22m[2maborts active INDEX bytes for WARM and resumes only after the warm transfer settles
[22m[39m[play-trace] {"message_id":888,"status":"READY","code":null,"context_id":"m9gkwifv","t_ms":3348.3,"time_origin_ms":1788963446328.211,"ts_ms":1788963449676.5,"stage":"WORKER_PREFETCH_TERMINAL"}
[play-trace] {"message_id":888,"bytes":65536,"offset_bytes":0,"context_id":"m9gkwifv","t_ms":3351.4,"time_origin_ms":1788963446328.211,"ts_ms":1788963449679.6,"stage":"WARM_PREFIX_READY"}

[90mstdout[2m | tests/component-dom/webTransportWorkerScheduler.behavior.test.ts[2m > [22m[2mWorker playback scheduler with pending Telegram transfers[2m > [22m[2maborts active INDEX bytes for WARM and resumes only after the warm transfer settles
[22m[39m[play-trace] {"request_id":"index-warm-race","context_id":"m9gkwifv","t_ms":3351.6,"time_origin_ms":1788963446328.211,"ts_ms":1788963449679.8,"stage":"INDEX_RESUMED"}

[90mstdout[2m | tests/component-dom/webTransportWorkerScheduler.behavior.test.ts[2m > [22m[2mWorker playback scheduler with pending Telegram transfers[2m > [22m[2maborts active INDEX bytes for WARM and resumes only after the warm transfer settles
[22m[39m[play-trace] {"count":1,"elapsed_ms":60,"failures":0,"context_id":"m9gkwifv","t_ms":3355.5,"time_origin_ms":1788963446328.211,"ts_ms":1788963449683.7,"stage":"WORKER_PREFETCH_BATCH_DONE"}

[90mstdout[2m | tests/component-dom/webTransportWorkerScheduler.behavior.test.ts[2m > [22m[2mWorker playback scheduler with pending Telegram transfers[2m > [22m[2maborts active INDEX bytes for WARM and resumes only after the warm transfer settles
[22m[39m[play-trace] {"elapsed_ms":154,"bytes":62,"request_id":"index-warm-race","context_id":"m9gkwifv","t_ms":3398.6,"time_origin_ms":1788963446328.211,"ts_ms":1788963449726.9,"stage":"INDEX_DONE"}

 [32m✓[39m tests/component-dom/webTransportWorkerScheduler.behavior.test.ts [2m([22m[2m7 tests[22m[2m)[22m[33m 2433[2mms[22m[39m
   [33m[2m✓[22m[39m Worker playback scheduler with pending Telegram transfers[2m > [22menforces 7 idle lanes, aborts unrelated warm for queued Play, keeps 0 unrelated critical lanes and resumes exactly 6 when stable [33m 533[2mms[22m[39m
   [33m[2m✓[22m[39m Worker playback scheduler with pending Telegram transfers[2m > [22mkeeps the physically active same-beat warm, aborts the other six lanes, and never restarts offset zero [33m 312[2mms[22m[39m
   [33m[2m✓[22m[39m Worker playback scheduler with pending Telegram transfers[2m > [22mgives a Play outside startup14 foreground priority after physically preempting all startup warm [33m 418[2mms[22m[39m
   [33m[2m✓[22m[39m Worker playback scheduler with pending Telegram transfers[2m > [22maborts active INDEX bytes for WARM and resumes only after the warm transfer settles [33m 359[2mms[22m[39m
[90mstdout[2m | tests/component-dom/webTransportWorkerClient.test.ts[2m > [22m[2mGaler Cloud Web transport bootstrap deadlines[2m > [22m[2mkeeps an INDEX request alive beyond the bootstrap timeout without terminating the Worker
[22m[39m[play-trace] {"context_id":"fxfycmmz","t_ms":0,"time_origin_ms":1788963450776,"ts_ms":1788963450776,"stage":"WORKER_CREATE_BEGIN"}
[play-trace] {"context_id":"fxfycmmz","t_ms":0,"time_origin_ms":1788963450776,"ts_ms":1788963450776,"stage":"WORKER_CREATED"}

[90mstdout[2m | tests/component-dom/webTransportWorkerClient.test.ts[2m > [22m[2mGaler Cloud Web transport bootstrap deadlines[2m > [22m[2mclears the bootstrap deadline when the worker answers
[22m[39m[play-trace] {"context_id":"fxfycmmz","t_ms":0,"time_origin_ms":1788963450789,"ts_ms":1788963450789,"stage":"WORKER_CREATE_BEGIN"}
[play-trace] {"context_id":"fxfycmmz","t_ms":0,"time_origin_ms":1788963450789,"ts_ms":1788963450789,"stage":"WORKER_CREATED"}
[play-trace] {"request_id":"7335d3cc-28d9-4850-872b-6d362d7aa1ab","operation":"verify","context_id":"fxfycmmz","t_ms":0,"time_origin_ms":1788963450789,"ts_ms":1788963450789,"stage":"WORKER_REQUEST_POSTED"}
[play-trace] {"request_id":"7335d3cc-28d9-4850-872b-6d362d7aa1ab","operation":"verify","ok":true,"context_id":"fxfycmmz","t_ms":0,"time_origin_ms":1788963450789,"ts_ms":1788963450789,"stage":"WORKER_RESPONSE_RECEIVED"}

[90mstdout[2m | tests/component-dom/webTransportWorkerClient.test.ts[2m > [22m[2mGaler Cloud Web transport bootstrap deadlines[2m > [22m[2muses a fresh worker after an unresponsive bootstrap worker is terminated
[22m[39m[play-trace] {"context_id":"fxfycmmz","t_ms":0,"time_origin_ms":1788963450794,"ts_ms":1788963450794,"stage":"WORKER_CREATE_BEGIN"}
[play-trace] {"context_id":"fxfycmmz","t_ms":0,"time_origin_ms":1788963450794,"ts_ms":1788963450794,"stage":"WORKER_CREATED"}
[play-trace] {"request_id":"6ad0a469-60aa-459a-9c1c-3b8e14794487","operation":"verify","context_id":"fxfycmmz","t_ms":0,"time_origin_ms":1788963450794,"ts_ms":1788963450794,"stage":"WORKER_REQUEST_POSTED"}

[90mstdout[2m | tests/component-dom/webTransportWorkerClient.test.ts[2m > [22m[2mGaler Cloud Web transport bootstrap deadlines[2m > [22m[2muses a fresh worker after an unresponsive bootstrap worker is terminated
[22m[39m[play-trace] {"request_id":"6ad0a469-60aa-459a-9c1c-3b8e14794487","operation":"verify","context_id":"fxfycmmz","t_ms":1000,"time_origin_ms":1788963450794,"ts_ms":1788963451794,"stage":"WORKER_REQUEST_TIMEOUT"}

[90mstdout[2m | tests/component-dom/webTransportWorkerClient.test.ts[2m > [22m[2mGaler Cloud Web transport bootstrap deadlines[2m > [22m[2muses a fresh worker after an unresponsive bootstrap worker is terminated
[22m[39m[play-trace] {"context_id":"fxfycmmz","t_ms":1000,"time_origin_ms":1788963450794,"ts_ms":1788963451794,"stage":"WORKER_CREATE_BEGIN"}
[play-trace] {"context_id":"fxfycmmz","t_ms":1000,"time_origin_ms":1788963450794,"ts_ms":1788963451794,"stage":"WORKER_CREATED"}
[play-trace] {"request_id":"93f0a69e-1260-4784-aeb3-cac1df63eb93","operation":"verify","context_id":"fxfycmmz","t_ms":1000,"time_origin_ms":1788963450794,"ts_ms":1788963451794,"stage":"WORKER_REQUEST_POSTED"}
[play-trace] {"request_id":"93f0a69e-1260-4784-aeb3-cac1df63eb93","operation":"verify","ok":true,"context_id":"fxfycmmz","t_ms":1000,"time_origin_ms":1788963450794,"ts_ms":1788963451794,"stage":"WORKER_RESPONSE_RECEIVED"}

[90mstdout[2m | tests/component-dom/webTransportWorkerClient.test.ts[2m > [22m[2mGaler Cloud Web transport bootstrap deadlines[2m > [22m[2mreapplies the latest focus after initialize before reporting readiness
[22m[39m[play-trace] {"context_id":"fxfycmmz","t_ms":0,"time_origin_ms":1788963450803,"ts_ms":1788963450803,"stage":"WORKER_CREATE_BEGIN"}
[play-trace] {"context_id":"fxfycmmz","t_ms":0,"time_origin_ms":1788963450803,"ts_ms":1788963450803,"stage":"WORKER_CREATED"}

[90mstdout[2m | tests/component-dom/webTransportWorkerClient.test.ts[2m > [22m[2mGaler Cloud Web transport bootstrap deadlines[2m > [22m[2mreapplies the latest focus after initialize before reporting readiness
[22m[39m[play-trace] {"request_id":"fd07b87e-8b5f-47e5-bf85-758e1b4894e4","operation":"initialize","context_id":"fxfycmmz","t_ms":0,"time_origin_ms":1788963450803,"ts_ms":1788963450803,"stage":"WORKER_REQUEST_POSTED"}
[play-trace] {"request_id":"fd07b87e-8b5f-47e5-bf85-758e1b4894e4","operation":"initialize","ok":true,"context_id":"fxfycmmz","t_ms":0,"time_origin_ms":1788963450803,"ts_ms":1788963450803,"stage":"WORKER_RESPONSE_RECEIVED"}

[90mstdout[2m | tests/component-dom/webTransportWorkerClient.test.ts[2m > [22m[2mGaler Cloud Web transport bootstrap deadlines[2m > [22m[2mreapplies the latest focus after initialize before reporting readiness
[22m[39m[play-trace] {"message_id":77,"context_id":"fxfycmmz","t_ms":0,"time_origin_ms":1788963450803,"ts_ms":1788963450803,"stage":"WORKER_PLAYBACK_FOCUS_REAPPLIED"}

[90mstdout[2m | tests/component-dom/webTransportWorkerClient.test.ts[2m > [22m[2mGaler Cloud Web transport bootstrap deadlines[2m > [22m[2mroutes warm-prefix progress and cancels one batch member without cancelling the batch
[22m[39m[play-trace] {"context_id":"fxfycmmz","t_ms":0,"time_origin_ms":1788963450807,"ts_ms":1788963450807,"stage":"WORKER_CREATE_BEGIN"}
[play-trace] {"context_id":"fxfycmmz","t_ms":0,"time_origin_ms":1788963450807,"ts_ms":1788963450807,"stage":"WORKER_CREATED"}

[90mstdout[2m | tests/component-dom/webTransportWorkerClient.test.ts[2m > [22m[2mGaler Cloud Web transport bootstrap deadlines[2m > [22m[2mrejects a foreground partial prefix that cannot resume without repeating offset zero
[22m[39m[play-trace] {"context_id":"fxfycmmz","t_ms":0,"time_origin_ms":1788963450812,"ts_ms":1788963450812,"stage":"WORKER_CREATE_BEGIN"}
[play-trace] {"context_id":"fxfycmmz","t_ms":0,"time_origin_ms":1788963450812,"ts_ms":1788963450812,"stage":"WORKER_CREATED"}

[90mstdout[2m | tests/component-dom/webTransportWorkerClient.test.ts[2m > [22m[2mGaler Cloud Web transport bootstrap deadlines[2m > [22m[2maccepts aligned partial prefixes and short EOF prefixes
[22m[39m[play-trace] {"context_id":"fxfycmmz","t_ms":0,"time_origin_ms":1788963450815,"ts_ms":1788963450815,"stage":"WORKER_CREATE_BEGIN"}
[play-trace] {"context_id":"fxfycmmz","t_ms":0,"time_origin_ms":1788963450815,"ts_ms":1788963450815,"stage":"WORKER_CREATED"}

[90mstdout[2m | tests/component-dom/webTransportWorkerClient.test.ts[2m > [22m[2mGaler Cloud Web transport bootstrap deadlines[2m > [22m[2mfails only the non-resumable member of a warm batch and never publishes its bytes
[22m[39m[play-trace] {"context_id":"fxfycmmz","t_ms":0,"time_origin_ms":1788963450819,"ts_ms":1788963450819,"stage":"WORKER_CREATE_BEGIN"}
[play-trace] {"context_id":"fxfycmmz","t_ms":0,"time_origin_ms":1788963450819,"ts_ms":1788963450819,"stage":"WORKER_CREATED"}
[play-trace] {"message_id":31,"offset_bytes":0,"bytes":60000,"total_bytes":200000,"context_id":"fxfycmmz","t_ms":0,"time_origin_ms":1788963450819,"ts_ms":1788963450819,"stage":"WORKER_PREFETCH_NON_RESUMABLE"}

 [32m✓[39m tests/component-dom/webTransportWorkerClient.test.ts [2m([22m[2m8 tests[22m[2m)[22m[32m 48[2mms[22m[39m
[90mstdout[2m | tests/component-dom/componentDom.test.tsx[2m > [22m[2mBeatCard real DOM[2m > [22m[2mclicking synced artwork calls onPlay with the rendered beat
[22m[39m[play-trace] {"beat_id":"beat-1","playback_interactive":true,"playback_blocked":false,"interactive":true,"cloud_status":"SYNCED","context_id":"a9yj5muq","t_ms":1581.4,"time_origin_ms":1788963449503.076,"ts_ms":1788963451084.5,"stage":"CARD_PLAY_CLICK"}
[play-trace] {"beat_id":"beat-1","context_id":"a9yj5muq","t_ms":1582.2,"time_origin_ms":1788963449503.076,"ts_ms":1788963451085.3,"stage":"CARD_PLAY_ACCEPTED"}

[90mstdout[2m | tests/component-dom/componentDom.test.tsx[2m > [22m[2mBeatCard real DOM[2m > [22m[2mUPLOADING artwork stays DOM-disabled and ignores clicks
[22m[39m[play-trace] {"beat_id":"beat-1","playback_interactive":true,"playback_blocked":true,"interactive":true,"cloud_status":"UPLOADING","context_id":"a9yj5muq","t_ms":1599.2,"time_origin_ms":1788963449503.076,"ts_ms":1788963451102.2,"stage":"CARD_PLAY_CLICK"}
[play-trace] {"beat_id":"beat-1","context_id":"a9yj5muq","t_ms":1599.3,"time_origin_ms":1788963449503.076,"ts_ms":1788963451102.4,"stage":"CARD_PLAY_REJECTED"}

 [32m✓[39m tests/component-dom/componentDom.test.tsx [2m([22m[2m7 tests[22m[2m)[22m[33m 338[2mms[22m[39m
[90mstdout[2m | tests/component-dom/webTransportController.test.ts[2m > [22m[2mGaler Cloud Web transport lifecycle[2m > [22m[2moverlaps activation with temp-auth binding and starts background verification after Worker media initialization
[22m[39m[play-trace] {"startup_beat_count":0,"context_id":"pe6u5pco","t_ms":1703.4,"time_origin_ms":1788963449632.577,"ts_ms":1788963451336,"stage":"CONTROLLER_CONNECT_NEW"}
[play-trace] {"startup_beat_count":0,"context_id":"pe6u5pco","t_ms":1704.4,"time_origin_ms":1788963449632.577,"ts_ms":1788963451336.9,"stage":"CONTROLLER_SESSION_PREPARE_BEGIN"}
[play-trace] {"context_id":"pe6u5pco","t_ms":1704.7,"time_origin_ms":1788963449632.577,"ts_ms":1788963451337.3,"stage":"CONTROLLER_CONNECT_JOIN"}
[play-trace] {"span_id":1,"context_id":"pe6u5pco","t_ms":1706.7,"time_origin_ms":1788963449632.577,"ts_ms":1788963451339.3,"stage":"DIRECT_ACTIVATE_BEGIN"}
[play-trace] {"span_id":2,"context_id":"pe6u5pco","t_ms":1706.8,"time_origin_ms":1788963449632.577,"ts_ms":1788963451339.4,"stage":"DIRECT_PREPARE_BEGIN"}

[90mstdout[2m | tests/component-dom/webTransportController.test.ts[2m > [22m[2mGaler Cloud Web transport lifecycle[2m > [22m[2moverlaps activation with temp-auth binding and starts background verification after Worker media initialization
[22m[39m[play-trace] {"span_id":2,"elapsed_ms":51.7,"context_id":"pe6u5pco","t_ms":1758.5,"time_origin_ms":1788963449632.577,"ts_ms":1788963451391.1,"stage":"DIRECT_PREPARE_DONE"}
[play-trace] {"span_id":1,"elapsed_ms":52,"context_id":"pe6u5pco","t_ms":1758.7,"time_origin_ms":1788963449632.577,"ts_ms":1788963451391.3,"stage":"DIRECT_ACTIVATE_DONE"}
[play-trace] {"elapsed_ms":55,"startup_message_count":0,"context_id":"pe6u5pco","t_ms":1758.7,"time_origin_ms":1788963449632.577,"ts_ms":1788963451391.3,"stage":"CONTROLLER_SESSION_PREPARE_DONE"}

[90mstdout[2m | tests/component-dom/webTransportController.test.ts[2m > [22m[2mGaler Cloud Web transport lifecycle[2m > [22m[2moverlaps activation with temp-auth binding and starts background verification after Worker media initialization
[22m[39m[play-trace] {"elapsed_ms":52,"context_id":"pe6u5pco","t_ms":1759,"time_origin_ms":1788963449632.577,"ts_ms":1788963451391.6,"stage":"CONTROLLER_SESSION_ACTIVATE_DONE"}

[90mstdout[2m | tests/component-dom/webTransportController.test.ts[2m > [22m[2mGaler Cloud Web transport lifecycle[2m > [22m[2moverlaps activation with temp-auth binding and starts background verification after Worker media initialization
[22m[39m[play-trace] {"context_id":"pe6u5pco","t_ms":1759.6,"time_origin_ms":1788963449632.577,"ts_ms":1788963451392.1,"stage":"CONTROLLER_SESSION_MEDIA_GATE_OPEN"}
[play-trace] {"span_id":3,"context_id":"pe6u5pco","t_ms":1759.7,"time_origin_ms":1788963449632.577,"ts_ms":1788963451392.3,"stage":"DIRECT_INITIALIZE_BEGIN"}

[90mstdout[2m | tests/component-dom/webTransportController.test.ts[2m > [22m[2mGaler Cloud Web transport lifecycle[2m > [22m[2moverlaps activation with temp-auth binding and starts background verification after Worker media initialization
[22m[39m[play-trace] {"span_id":3,"elapsed_ms":3.2,"context_id":"pe6u5pco","t_ms":1762.9,"time_origin_ms":1788963449632.577,"ts_ms":1788963451395.5,"stage":"DIRECT_INITIALIZE_DONE"}

[90mstdout[2m | tests/component-dom/webTransportController.test.ts[2m > [22m[2mGaler Cloud Web transport lifecycle[2m > [22m[2moverlaps activation with temp-auth binding and starts background verification after Worker media initialization
[22m[39m[play-trace] {"elapsed_ms":4,"context_id":"pe6u5pco","t_ms":1763.6,"time_origin_ms":1788963449632.577,"ts_ms":1788963451396.2,"stage":"CONTROLLER_SESSION_INITIALIZE_DONE"}
[play-trace] {"span_id":4,"context_id":"pe6u5pco","t_ms":1764.3,"time_origin_ms":1788963449632.577,"ts_ms":1788963451396.8,"stage":"DIRECT_BACKGROUND_GET_ME_BEGIN"}
[play-trace] {"span_id":5,"context_id":"pe6u5pco","t_ms":1764.4,"time_origin_ms":1788963449632.577,"ts_ms":1788963451396.9,"stage":"DIRECT_BACKGROUND_GET_CHAT_BEGIN"}
[play-trace] {"total_ms":61,"context_id":"pe6u5pco","t_ms":1764.4,"time_origin_ms":1788963449632.577,"ts_ms":1788963451397,"stage":"CONTROLLER_SESSION_DATA_PLANE_READY"}
[play-trace] {"span_id":4,"elapsed_ms":0.2,"context_id":"pe6u5pco","t_ms":1764.5,"time_origin_ms":1788963449632.577,"ts_ms":1788963451397.1,"stage":"DIRECT_BACKGROUND_GET_ME_DONE"}
[play-trace] {"span_id":5,"elapsed_ms":0.2,"context_id":"pe6u5pco","t_ms":1764.5,"time_origin_ms":1788963449632.577,"ts_ms":1788963451397.1,"stage":"DIRECT_BACKGROUND_GET_CHAT_DONE"}

[90mstdout[2m | tests/component-dom/webTransportController.test.ts[2m > [22m[2mGaler Cloud Web transport lifecycle[2m > [22m[2moverlaps activation with temp-auth binding and starts background verification after Worker media initialization
[22m[39m[play-trace] {"context_id":"pe6u5pco","t_ms":1764.7,"time_origin_ms":1788963449632.577,"ts_ms":1788963451397.3,"stage":"CONTROLLER_BACKGROUND_VERIFY_READY"}

[90mstdout[2m | tests/component-dom/webTransportController.test.ts[2m > [22m[2mGaler Cloud Web transport lifecycle[2m > [22m[2msingleflights concurrent session startup and begins background verification once
[22m[39m[play-trace] {"startup_beat_count":0,"context_id":"pe6u5pco","t_ms":1767,"time_origin_ms":1788963449632.577,"ts_ms":1788963451399.6,"stage":"CONTROLLER_CONNECT_NEW"}
[play-trace] {"startup_beat_count":0,"context_id":"pe6u5pco","t_ms":1767.1,"time_origin_ms":1788963449632.577,"ts_ms":1788963451399.7,"stage":"CONTROLLER_SESSION_PREPARE_BEGIN"}
[play-trace] {"context_id":"pe6u5pco","t_ms":1767.2,"time_origin_ms":1788963449632.577,"ts_ms":1788963451399.8,"stage":"CONTROLLER_CONNECT_JOIN"}
[play-trace] {"span_id":6,"context_id":"pe6u5pco","t_ms":1767.3,"time_origin_ms":1788963449632.577,"ts_ms":1788963451399.9,"stage":"DIRECT_ACTIVATE_BEGIN"}
[play-trace] {"span_id":7,"context_id":"pe6u5pco","t_ms":1767.4,"time_origin_ms":1788963449632.577,"ts_ms":1788963451400,"stage":"DIRECT_PREPARE_BEGIN"}
[play-trace] {"span_id":6,"elapsed_ms":0.2,"context_id":"pe6u5pco","t_ms":1767.5,"time_origin_ms":1788963449632.577,"ts_ms":1788963451400.1,"stage":"DIRECT_ACTIVATE_DONE"}
[play-trace] {"span_id":7,"elapsed_ms":0.2,"context_id":"pe6u5pco","t_ms":1767.6,"time_origin_ms":1788963449632.577,"ts_ms":1788963451400.2,"stage":"DIRECT_PREPARE_DONE"}

[90mstdout[2m | tests/component-dom/webTransportController.test.ts[2m > [22m[2mGaler Cloud Web transport lifecycle[2m > [22m[2msingleflights concurrent session startup and begins background verification once
[22m[39m[play-trace] {"elapsed_ms":1,"startup_message_count":0,"context_id":"pe6u5pco","t_ms":1767.8,"time_origin_ms":1788963449632.577,"ts_ms":1788963451400.4,"stage":"CONTROLLER_SESSION_PREPARE_DONE"}
[play-trace] {"elapsed_ms":1,"context_id":"pe6u5pco","t_ms":1767.8,"time_origin_ms":1788963449632.577,"ts_ms":1788963451400.4,"stage":"CONTROLLER_SESSION_ACTIVATE_DONE"}

[90mstdout[2m | tests/component-dom/webTransportController.test.ts[2m > [22m[2mGaler Cloud Web transport lifecycle[2m > [22m[2msingleflights concurrent session startup and begins background verification once
[22m[39m[play-trace] {"context_id":"pe6u5pco","t_ms":1768,"time_origin_ms":1788963449632.577,"ts_ms":1788963451400.5,"stage":"CONTROLLER_SESSION_MEDIA_GATE_OPEN"}
[play-trace] {"span_id":8,"context_id":"pe6u5pco","t_ms":1768,"time_origin_ms":1788963449632.577,"ts_ms":1788963451400.6,"stage":"DIRECT_INITIALIZE_BEGIN"}

[90mstdout[2m | tests/component-dom/webTransportController.test.ts[2m > [22m[2mGaler Cloud Web transport lifecycle[2m > [22m[2msingleflights concurrent session startup and begins background verification once
[22m[39m[play-trace] {"span_id":8,"elapsed_ms":0.1,"context_id":"pe6u5pco","t_ms":1768.1,"time_origin_ms":1788963449632.577,"ts_ms":1788963451400.7,"stage":"DIRECT_INITIALIZE_DONE"}

[90mstdout[2m | tests/component-dom/webTransportController.test.ts[2m > [22m[2mGaler Cloud Web transport lifecycle[2m > [22m[2msingleflights concurrent session startup and begins background verification once
[22m[39m[play-trace] {"elapsed_ms":0,"context_id":"pe6u5pco","t_ms":1768.2,"time_origin_ms":1788963449632.577,"ts_ms":1788963451400.8,"stage":"CONTROLLER_SESSION_INITIALIZE_DONE"}
[play-trace] {"span_id":9,"context_id":"pe6u5pco","t_ms":1768.3,"time_origin_ms":1788963449632.577,"ts_ms":1788963451400.8,"stage":"DIRECT_BACKGROUND_GET_ME_BEGIN"}
[play-trace] {"span_id":10,"context_id":"pe6u5pco","t_ms":1768.4,"time_origin_ms":1788963449632.577,"ts_ms":1788963451401,"stage":"DIRECT_BACKGROUND_GET_CHAT_BEGIN"}
[play-trace] {"total_ms":1,"context_id":"pe6u5pco","t_ms":1768.4,"time_origin_ms":1788963449632.577,"ts_ms":1788963451401,"stage":"CONTROLLER_SESSION_DATA_PLANE_READY"}
[play-trace] {"span_id":9,"elapsed_ms":0.2,"context_id":"pe6u5pco","t_ms":1768.5,"time_origin_ms":1788963449632.577,"ts_ms":1788963451401,"stage":"DIRECT_BACKGROUND_GET_ME_DONE"}
[play-trace] {"span_id":10,"elapsed_ms":0.1,"context_id":"pe6u5pco","t_ms":1768.5,"time_origin_ms":1788963449632.577,"ts_ms":1788963451401.1,"stage":"DIRECT_BACKGROUND_GET_CHAT_DONE"}

[90mstdout[2m | tests/component-dom/webTransportController.test.ts[2m > [22m[2mGaler Cloud Web transport lifecycle[2m > [22m[2msingleflights concurrent session startup and begins background verification once
[22m[39m[play-trace] {"context_id":"pe6u5pco","t_ms":1768.6,"time_origin_ms":1788963449632.577,"ts_ms":1788963451401.2,"stage":"CONTROLLER_BACKGROUND_VERIFY_READY"}

[90mstdout[2m | tests/component-dom/webTransportController.test.ts[2m > [22m[2mGaler Cloud Web transport lifecycle[2m > [22m[2mkeeps startup message ids local and never sends playback routing to Cloud reserve
[22m[39m[play-trace] {"startup_beat_count":2,"context_id":"pe6u5pco","t_ms":1774.3,"time_origin_ms":1788963449632.577,"ts_ms":1788963451406.8,"stage":"CONTROLLER_CONNECT_NEW"}
[play-trace] {"startup_beat_count":2,"context_id":"pe6u5pco","t_ms":1774.3,"time_origin_ms":1788963449632.577,"ts_ms":1788963451406.9,"stage":"CONTROLLER_SESSION_PREPARE_BEGIN"}

[90mstdout[2m | tests/component-dom/webTransportController.test.ts[2m > [22m[2mGaler Cloud Web transport lifecycle[2m > [22m[2mkeeps startup message ids local and never sends playback routing to Cloud reserve
[22m[39m[play-trace] {"span_id":11,"context_id":"pe6u5pco","t_ms":1774.7,"time_origin_ms":1788963449632.577,"ts_ms":1788963451407.3,"stage":"DIRECT_ACTIVATE_BEGIN"}
[play-trace] {"span_id":12,"context_id":"pe6u5pco","t_ms":1774.8,"time_origin_ms":1788963449632.577,"ts_ms":1788963451407.3,"stage":"DIRECT_PREPARE_BEGIN"}
[play-trace] {"span_id":11,"elapsed_ms":0.1,"context_id":"pe6u5pco","t_ms":1774.8,"time_origin_ms":1788963449632.577,"ts_ms":1788963451407.4,"stage":"DIRECT_ACTIVATE_DONE"}
[play-trace] {"span_id":12,"elapsed_ms":0.1,"context_id":"pe6u5pco","t_ms":1774.9,"time_origin_ms":1788963449632.577,"ts_ms":1788963451407.4,"stage":"DIRECT_PREPARE_DONE"}

[90mstdout[2m | tests/component-dom/webTransportController.test.ts[2m > [22m[2mGaler Cloud Web transport lifecycle[2m > [22m[2mkeeps startup message ids local and never sends playback routing to Cloud reserve
[22m[39m[play-trace] {"elapsed_ms":1,"startup_message_count":2,"context_id":"pe6u5pco","t_ms":1775,"time_origin_ms":1788963449632.577,"ts_ms":1788963451407.6,"stage":"CONTROLLER_SESSION_PREPARE_DONE"}
[play-trace] {"elapsed_ms":0,"context_id":"pe6u5pco","t_ms":1775,"time_origin_ms":1788963449632.577,"ts_ms":1788963451407.6,"stage":"CONTROLLER_SESSION_ACTIVATE_DONE"}

[90mstdout[2m | tests/component-dom/webTransportController.test.ts[2m > [22m[2mGaler Cloud Web transport lifecycle[2m > [22m[2mkeeps startup message ids local and never sends playback routing to Cloud reserve
[22m[39m[play-trace] {"context_id":"pe6u5pco","t_ms":1775.1,"time_origin_ms":1788963449632.577,"ts_ms":1788963451407.6,"stage":"CONTROLLER_SESSION_MEDIA_GATE_OPEN"}
[play-trace] {"span_id":13,"context_id":"pe6u5pco","t_ms":1775.1,"time_origin_ms":1788963449632.577,"ts_ms":1788963451407.7,"stage":"DIRECT_INITIALIZE_BEGIN"}

[90mstdout[2m | tests/component-dom/webTransportController.test.ts[2m > [22m[2mGaler Cloud Web transport lifecycle[2m > [22m[2mkeeps startup message ids local and never sends playback routing to Cloud reserve
[22m[39m[play-trace] {"span_id":13,"elapsed_ms":0.1,"context_id":"pe6u5pco","t_ms":1775.1,"time_origin_ms":1788963449632.577,"ts_ms":1788963451407.7,"stage":"DIRECT_INITIALIZE_DONE"}

[90mstdout[2m | tests/component-dom/webTransportController.test.ts[2m > [22m[2mGaler Cloud Web transport lifecycle[2m > [22m[2mkeeps startup message ids local and never sends playback routing to Cloud reserve
[22m[39m[play-trace] {"elapsed_ms":0,"context_id":"pe6u5pco","t_ms":1775.2,"time_origin_ms":1788963449632.577,"ts_ms":1788963451407.8,"stage":"CONTROLLER_SESSION_INITIALIZE_DONE"}
[play-trace] {"span_id":14,"context_id":"pe6u5pco","t_ms":1775.2,"time_origin_ms":1788963449632.577,"ts_ms":1788963451407.8,"stage":"DIRECT_BACKGROUND_GET_ME_BEGIN"}
[play-trace] {"span_id":15,"context_id":"pe6u5pco","t_ms":1775.3,"time_origin_ms":1788963449632.577,"ts_ms":1788963451407.8,"stage":"DIRECT_BACKGROUND_GET_CHAT_BEGIN"}
[play-trace] {"total_ms":1,"context_id":"pe6u5pco","t_ms":1775.3,"time_origin_ms":1788963449632.577,"ts_ms":1788963451407.9,"stage":"CONTROLLER_SESSION_DATA_PLANE_READY"}
[play-trace] {"span_id":14,"elapsed_ms":0.1,"context_id":"pe6u5pco","t_ms":1775.3,"time_origin_ms":1788963449632.577,"ts_ms":1788963451407.9,"stage":"DIRECT_BACKGROUND_GET_ME_DONE"}
[play-trace] {"span_id":15,"elapsed_ms":0.1,"context_id":"pe6u5pco","t_ms":1775.3,"time_origin_ms":1788963449632.577,"ts_ms":1788963451407.9,"stage":"DIRECT_BACKGROUND_GET_CHAT_DONE"}

[90mstdout[2m | tests/component-dom/webTransportController.test.ts[2m > [22m[2mGaler Cloud Web transport lifecycle[2m > [22m[2mkeeps startup message ids local and never sends playback routing to Cloud reserve
[22m[39m[play-trace] {"context_id":"pe6u5pco","t_ms":1775.4,"time_origin_ms":1788963449632.577,"ts_ms":1788963451408,"stage":"CONTROLLER_BACKGROUND_VERIFY_READY"}

[90mstdout[2m | tests/component-dom/webTransportController.test.ts[2m > [22m[2mGaler Cloud Web transport lifecycle[2m > [22m[2mwaits for in-flight activation before stopping when temp auth binding fails
[22m[39m[play-trace] {"startup_beat_count":0,"context_id":"pe6u5pco","t_ms":1776.7,"time_origin_ms":1788963449632.577,"ts_ms":1788963451409.2,"stage":"CONTROLLER_CONNECT_NEW"}
[play-trace] {"startup_beat_count":0,"context_id":"pe6u5pco","t_ms":1776.7,"time_origin_ms":1788963449632.577,"ts_ms":1788963451409.3,"stage":"CONTROLLER_SESSION_PREPARE_BEGIN"}

[90mstdout[2m | tests/component-dom/webTransportController.test.ts[2m > [22m[2mGaler Cloud Web transport lifecycle[2m > [22m[2mwaits for in-flight activation before stopping when temp auth binding fails
[22m[39m[play-trace] {"span_id":16,"context_id":"pe6u5pco","t_ms":1777.7,"time_origin_ms":1788963449632.577,"ts_ms":1788963451410.3,"stage":"DIRECT_ACTIVATE_BEGIN"}
[play-trace] {"span_id":17,"context_id":"pe6u5pco","t_ms":1777.8,"time_origin_ms":1788963449632.577,"ts_ms":1788963451410.3,"stage":"DIRECT_PREPARE_BEGIN"}

[90mstdout[2m | tests/component-dom/webTransportController.test.ts[2m > [22m[2mGaler Cloud Web transport lifecycle[2m > [22m[2mwaits for in-flight activation before stopping when temp auth binding fails
[22m[39m[play-trace] {"span_id":17,"elapsed_ms":0.2,"context_id":"pe6u5pco","t_ms":1778,"time_origin_ms":1788963449632.577,"ts_ms":1788963451410.5,"stage":"DIRECT_PREPARE_ERROR"}

[90mstdout[2m | tests/component-dom/webTransportController.test.ts[2m > [22m[2mGaler Cloud Web transport lifecycle[2m > [22m[2mwaits for in-flight activation before stopping when temp auth binding fails
[22m[39m[play-trace] {"span_id":16,"elapsed_ms":50.4,"context_id":"pe6u5pco","t_ms":1828.1,"time_origin_ms":1788963449632.577,"ts_ms":1788963451460.7,"stage":"DIRECT_ACTIVATE_DONE"}

[90mstdout[2m | tests/component-dom/webTransportController.test.ts[2m > [22m[2mGaler Cloud Web transport lifecycle[2m > [22m[2mwaits for in-flight activation before stopping when temp auth binding fails
[22m[39m[play-trace] {"elapsed_ms":50,"context_id":"pe6u5pco","t_ms":1828.4,"time_origin_ms":1788963449632.577,"ts_ms":1788963451461,"stage":"CONTROLLER_SESSION_ACTIVATE_DONE"}

[90mstdout[2m | tests/component-dom/webTransportController.test.ts[2m > [22m[2mGaler Cloud Web transport lifecycle[2m > [22m[2mwaits for vault activation before running Worker initialization and then cleans up an initialization failure
[22m[39m[play-trace] {"startup_beat_count":0,"context_id":"pe6u5pco","t_ms":1832.4,"time_origin_ms":1788963449632.577,"ts_ms":1788963451465,"stage":"CONTROLLER_CONNECT_NEW"}
[play-trace] {"startup_beat_count":0,"context_id":"pe6u5pco","t_ms":1832.5,"time_origin_ms":1788963449632.577,"ts_ms":1788963451465,"stage":"CONTROLLER_SESSION_PREPARE_BEGIN"}

[90mstdout[2m | tests/component-dom/webTransportController.test.ts[2m > [22m[2mGaler Cloud Web transport lifecycle[2m > [22m[2mwaits for vault activation before running Worker initialization and then cleans up an initialization failure
[22m[39m[play-trace] {"span_id":18,"context_id":"pe6u5pco","t_ms":1832.8,"time_origin_ms":1788963449632.577,"ts_ms":1788963451465.3,"stage":"DIRECT_ACTIVATE_BEGIN"}
[play-trace] {"span_id":19,"context_id":"pe6u5pco","t_ms":1832.8,"time_origin_ms":1788963449632.577,"ts_ms":1788963451465.4,"stage":"DIRECT_PREPARE_BEGIN"}

[90mstdout[2m | tests/component-dom/webTransportController.test.ts[2m > [22m[2mGaler Cloud Web transport lifecycle[2m > [22m[2mwaits for vault activation before running Worker initialization and then cleans up an initialization failure
[22m[39m[play-trace] {"span_id":19,"elapsed_ms":0.2,"context_id":"pe6u5pco","t_ms":1833,"time_origin_ms":1788963449632.577,"ts_ms":1788963451465.5,"stage":"DIRECT_PREPARE_DONE"}

[90mstdout[2m | tests/component-dom/webTransportController.test.ts[2m > [22m[2mGaler Cloud Web transport lifecycle[2m > [22m[2mwaits for vault activation before running Worker initialization and then cleans up an initialization failure
[22m[39m[play-trace] {"elapsed_ms":0,"startup_message_count":0,"context_id":"pe6u5pco","t_ms":1833,"time_origin_ms":1788963449632.577,"ts_ms":1788963451465.6,"stage":"CONTROLLER_SESSION_PREPARE_DONE"}

[90mstdout[2m | tests/component-dom/webTransportController.test.ts[2m > [22m[2mGaler Cloud Web transport lifecycle[2m > [22m[2mwaits for vault activation before running Worker initialization and then cleans up an initialization failure
[22m[39m[play-trace] {"span_id":18,"elapsed_ms":50.3,"context_id":"pe6u5pco","t_ms":1883.1,"time_origin_ms":1788963449632.577,"ts_ms":1788963451515.7,"stage":"DIRECT_ACTIVATE_DONE"}

[90mstdout[2m | tests/component-dom/webTransportController.test.ts[2m > [22m[2mGaler Cloud Web transport lifecycle[2m > [22m[2mwaits for vault activation before running Worker initialization and then cleans up an initialization failure
[22m[39m[play-trace] {"elapsed_ms":51,"context_id":"pe6u5pco","t_ms":1883.8,"time_origin_ms":1788963449632.577,"ts_ms":1788963451516.4,"stage":"CONTROLLER_SESSION_ACTIVATE_DONE"}

[90mstdout[2m | tests/component-dom/webTransportController.test.ts[2m > [22m[2mGaler Cloud Web transport lifecycle[2m > [22m[2mwaits for vault activation before running Worker initialization and then cleans up an initialization failure
[22m[39m[play-trace] {"context_id":"pe6u5pco","t_ms":1883.9,"time_origin_ms":1788963449632.577,"ts_ms":1788963451516.5,"stage":"CONTROLLER_SESSION_MEDIA_GATE_OPEN"}
[play-trace] {"span_id":20,"context_id":"pe6u5pco","t_ms":1884,"time_origin_ms":1788963449632.577,"ts_ms":1788963451516.5,"stage":"DIRECT_INITIALIZE_BEGIN"}

[90mstdout[2m | tests/component-dom/webTransportController.test.ts[2m > [22m[2mGaler Cloud Web transport lifecycle[2m > [22m[2mwaits for vault activation before running Worker initialization and then cleans up an initialization failure
[22m[39m[play-trace] {"span_id":20,"elapsed_ms":0.1,"context_id":"pe6u5pco","t_ms":1884.1,"time_origin_ms":1788963449632.577,"ts_ms":1788963451516.7,"stage":"DIRECT_INITIALIZE_ERROR"}

[90mstdout[2m | tests/component-dom/webTransportController.test.ts[2m > [22m[2mGaler Cloud Web transport lifecycle[2m > [22m[2mdoes not initialize Telegram media when activation fails while temp auth binding is still in flight
[22m[39m[play-trace] {"startup_beat_count":0,"context_id":"pe6u5pco","t_ms":1889.1,"time_origin_ms":1788963449632.577,"ts_ms":1788963451521.7,"stage":"CONTROLLER_CONNECT_NEW"}
[play-trace] {"startup_beat_count":0,"context_id":"pe6u5pco","t_ms":1889.2,"time_origin_ms":1788963449632.577,"ts_ms":1788963451521.8,"stage":"CONTROLLER_SESSION_PREPARE_BEGIN"}

[90mstdout[2m | tests/component-dom/webTransportController.test.ts[2m > [22m[2mGaler Cloud Web transport lifecycle[2m > [22m[2mdoes not initialize Telegram media when activation fails while temp auth binding is still in flight
[22m[39m[play-trace] {"span_id":21,"context_id":"pe6u5pco","t_ms":1889.5,"time_origin_ms":1788963449632.577,"ts_ms":1788963451522.1,"stage":"DIRECT_ACTIVATE_BEGIN"}
[play-trace] {"span_id":22,"context_id":"pe6u5pco","t_ms":1889.6,"time_origin_ms":1788963449632.577,"ts_ms":1788963451522.2,"stage":"DIRECT_PREPARE_BEGIN"}
[play-trace] {"span_id":21,"elapsed_ms":0.2,"context_id":"pe6u5pco","t_ms":1889.7,"time_origin_ms":1788963449632.577,"ts_ms":1788963451522.3,"stage":"DIRECT_ACTIVATE_ERROR"}

[90mstdout[2m | tests/component-dom/webTransportController.test.ts[2m > [22m[2mGaler Cloud Web transport lifecycle[2m > [22m[2mdoes not initialize Telegram media when activation fails while temp auth binding is still in flight
[22m[39m[play-trace] {"span_id":22,"elapsed_ms":50.1,"context_id":"pe6u5pco","t_ms":1939.7,"time_origin_ms":1788963449632.577,"ts_ms":1788963451572.3,"stage":"DIRECT_PREPARE_DONE"}

[90mstdout[2m | tests/component-dom/webTransportController.test.ts[2m > [22m[2mGaler Cloud Web transport lifecycle[2m > [22m[2mdoes not initialize Telegram media when activation fails while temp auth binding is still in flight
[22m[39m[play-trace] {"elapsed_ms":51,"startup_message_count":0,"context_id":"pe6u5pco","t_ms":1940.4,"time_origin_ms":1788963449632.577,"ts_ms":1788963451572.9,"stage":"CONTROLLER_SESSION_PREPARE_DONE"}

[90mstdout[2m | tests/component-dom/webTransportController.test.ts[2m > [22m[2mGaler Cloud Web transport lifecycle[2m > [22m[2minstalls temporary-auth refreshes before retrying and authorizing an operation
[22m[39m[play-trace] {"startup_beat_count":0,"context_id":"pe6u5pco","t_ms":1941.8,"time_origin_ms":1788963449632.577,"ts_ms":1788963451574.3,"stage":"CONTROLLER_CONNECT_NEW"}
[play-trace] {"startup_beat_count":0,"context_id":"pe6u5pco","t_ms":1941.8,"time_origin_ms":1788963449632.577,"ts_ms":1788963451574.4,"stage":"CONTROLLER_SESSION_PREPARE_BEGIN"}

[90mstdout[2m | tests/component-dom/webTransportController.test.ts[2m > [22m[2mGaler Cloud Web transport lifecycle[2m > [22m[2minstalls temporary-auth refreshes before retrying and authorizing an operation
[22m[39m[play-trace] {"span_id":23,"context_id":"pe6u5pco","t_ms":1942.9,"time_origin_ms":1788963449632.577,"ts_ms":1788963451575.5,"stage":"DIRECT_ACTIVATE_BEGIN"}
[play-trace] {"span_id":24,"context_id":"pe6u5pco","t_ms":1943,"time_origin_ms":1788963449632.577,"ts_ms":1788963451575.5,"stage":"DIRECT_PREPARE_BEGIN"}
[play-trace] {"span_id":23,"elapsed_ms":0.1,"context_id":"pe6u5pco","t_ms":1943,"time_origin_ms":1788963449632.577,"ts_ms":1788963451575.6,"stage":"DIRECT_ACTIVATE_DONE"}
[play-trace] {"span_id":24,"elapsed_ms":0.1,"context_id":"pe6u5pco","t_ms":1943.1,"time_origin_ms":1788963449632.577,"ts_ms":1788963451575.6,"stage":"DIRECT_PREPARE_DONE"}

[90mstdout[2m | tests/component-dom/webTransportController.test.ts[2m > [22m[2mGaler Cloud Web transport lifecycle[2m > [22m[2minstalls temporary-auth refreshes before retrying and authorizing an operation
[22m[39m[play-trace] {"elapsed_ms":2,"startup_message_count":0,"context_id":"pe6u5pco","t_ms":1943.7,"time_origin_ms":1788963449632.577,"ts_ms":1788963451576.2,"stage":"CONTROLLER_SESSION_PREPARE_DONE"}
[play-trace] {"elapsed_ms":1,"context_id":"pe6u5pco","t_ms":1943.7,"time_origin_ms":1788963449632.577,"ts_ms":1788963451576.3,"stage":"CONTROLLER_SESSION_ACTIVATE_DONE"}

[90mstdout[2m | tests/component-dom/webTransportController.test.ts[2m > [22m[2mGaler Cloud Web transport lifecycle[2m > [22m[2minstalls temporary-auth refreshes before retrying and authorizing an operation
[22m[39m[play-trace] {"context_id":"pe6u5pco","t_ms":1943.8,"time_origin_ms":1788963449632.577,"ts_ms":1788963451576.4,"stage":"CONTROLLER_SESSION_MEDIA_GATE_OPEN"}
[play-trace] {"span_id":25,"context_id":"pe6u5pco","t_ms":1943.8,"time_origin_ms":1788963449632.577,"ts_ms":1788963451576.4,"stage":"DIRECT_INITIALIZE_BEGIN"}

[90mstdout[2m | tests/component-dom/webTransportController.test.ts[2m > [22m[2mGaler Cloud Web transport lifecycle[2m > [22m[2minstalls temporary-auth refreshes before retrying and authorizing an operation
[22m[39m[play-trace] {"span_id":25,"elapsed_ms":0.1,"context_id":"pe6u5pco","t_ms":1943.9,"time_origin_ms":1788963449632.577,"ts_ms":1788963451576.5,"stage":"DIRECT_INITIALIZE_DONE"}

[90mstdout[2m | tests/component-dom/webTransportController.test.ts[2m > [22m[2mGaler Cloud Web transport lifecycle[2m > [22m[2minstalls temporary-auth refreshes before retrying and authorizing an operation
[22m[39m[play-trace] {"elapsed_ms":0,"context_id":"pe6u5pco","t_ms":1944,"time_origin_ms":1788963449632.577,"ts_ms":1788963451576.6,"stage":"CONTROLLER_SESSION_INITIALIZE_DONE"}
[play-trace] {"span_id":26,"context_id":"pe6u5pco","t_ms":1944,"time_origin_ms":1788963449632.577,"ts_ms":1788963451576.6,"stage":"DIRECT_BACKGROUND_GET_ME_BEGIN"}
[play-trace] {"span_id":27,"context_id":"pe6u5pco","t_ms":1944.1,"time_origin_ms":1788963449632.577,"ts_ms":1788963451576.6,"stage":"DIRECT_BACKGROUND_GET_CHAT_BEGIN"}
[play-trace] {"total_ms":2,"context_id":"pe6u5pco","t_ms":1944.1,"time_origin_ms":1788963449632.577,"ts_ms":1788963451576.7,"stage":"CONTROLLER_SESSION_DATA_PLANE_READY"}
[play-trace] {"span_id":26,"elapsed_ms":0.1,"context_id":"pe6u5pco","t_ms":1944.1,"time_origin_ms":1788963449632.577,"ts_ms":1788963451576.7,"stage":"DIRECT_BACKGROUND_GET_ME_DONE"}
[play-trace] {"span_id":27,"elapsed_ms":0.1,"context_id":"pe6u5pco","t_ms":1944.1,"time_origin_ms":1788963449632.577,"ts_ms":1788963451576.7,"stage":"DIRECT_BACKGROUND_GET_CHAT_DONE"}

[90mstdout[2m | tests/component-dom/webTransportController.test.ts[2m > [22m[2mGaler Cloud Web transport lifecycle[2m > [22m[2minstalls temporary-auth refreshes before retrying and authorizing an operation
[22m[39m[play-trace] {"context_id":"pe6u5pco","t_ms":1944.2,"time_origin_ms":1788963449632.577,"ts_ms":1788963451576.8,"stage":"CONTROLLER_BACKGROUND_VERIFY_READY"}

[90mstdout[2m | tests/component-dom/webTransportController.test.ts[2m > [22m[2mGaler Cloud Web transport lifecycle[2m > [22m[2minstalls temporary-auth refreshes before retrying and authorizing an operation
[22m[39m[play-trace] {"context_id":"pe6u5pco","t_ms":1944.4,"time_origin_ms":1788963449632.577,"ts_ms":1788963451577,"stage":"CONTROLLER_CREDENTIAL_REFRESH_BEGIN"}

[90mstdout[2m | tests/component-dom/webTransportController.test.ts[2m > [22m[2mGaler Cloud Web transport lifecycle[2m > [22m[2minstalls temporary-auth refreshes before retrying and authorizing an operation
[22m[39m[play-trace] {"context_id":"pe6u5pco","t_ms":1944.5,"time_origin_ms":1788963449632.577,"ts_ms":1788963451577.1,"stage":"CONTROLLER_CREDENTIAL_REFRESH_READY"}

[90mstdout[2m | tests/component-dom/webTransportController.test.ts[2m > [22m[2mGaler Cloud Web transport lifecycle[2m > [22m[2minstalls temporary-auth refreshes before retrying and authorizing an operation
[22m[39m[play-trace] {"context_id":"pe6u5pco","t_ms":1944.6,"time_origin_ms":1788963449632.577,"ts_ms":1788963451577.2,"stage":"CONTROLLER_CONNECT_REUSE"}

[90mstdout[2m | tests/component-dom/webTransportController.test.ts[2m > [22m[2mGaler Cloud Web transport lifecycle[2m > [22m[2malways releases a control-plane operation when data-plane work fails
[22m[39m[play-trace] {"startup_beat_count":0,"context_id":"pe6u5pco","t_ms":1946.6,"time_origin_ms":1788963449632.577,"ts_ms":1788963451579.2,"stage":"CONTROLLER_CONNECT_NEW"}
[play-trace] {"startup_beat_count":0,"context_id":"pe6u5pco","t_ms":1946.7,"time_origin_ms":1788963449632.577,"ts_ms":1788963451579.2,"stage":"CONTROLLER_SESSION_PREPARE_BEGIN"}

[90mstdout[2m | tests/component-dom/webTransportController.test.ts[2m > [22m[2mGaler Cloud Web transport lifecycle[2m > [22m[2malways releases a control-plane operation when data-plane work fails
[22m[39m[play-trace] {"span_id":28,"context_id":"pe6u5pco","t_ms":1947.3,"time_origin_ms":1788963449632.577,"ts_ms":1788963451579.8,"stage":"DIRECT_ACTIVATE_BEGIN"}
[play-trace] {"span_id":29,"context_id":"pe6u5pco","t_ms":1947.3,"time_origin_ms":1788963449632.577,"ts_ms":1788963451579.9,"stage":"DIRECT_PREPARE_BEGIN"}
[play-trace] {"span_id":28,"elapsed_ms":0.1,"context_id":"pe6u5pco","t_ms":1947.4,"time_origin_ms":1788963449632.577,"ts_ms":1788963451580,"stage":"DIRECT_ACTIVATE_DONE"}
[play-trace] {"span_id":29,"elapsed_ms":0.1,"context_id":"pe6u5pco","t_ms":1947.4,"time_origin_ms":1788963449632.577,"ts_ms":1788963451580,"stage":"DIRECT_PREPARE_DONE"}

[90mstdout[2m | tests/component-dom/webTransportController.test.ts[2m > [22m[2mGaler Cloud Web transport lifecycle[2m > [22m[2malways releases a control-plane operation when data-plane work fails
[22m[39m[play-trace] {"elapsed_ms":1,"startup_message_count":0,"context_id":"pe6u5pco","t_ms":1947.5,"time_origin_ms":1788963449632.577,"ts_ms":1788963451580.1,"stage":"CONTROLLER_SESSION_PREPARE_DONE"}
[play-trace] {"elapsed_ms":1,"context_id":"pe6u5pco","t_ms":1947.5,"time_origin_ms":1788963449632.577,"ts_ms":1788963451580.1,"stage":"CONTROLLER_SESSION_ACTIVATE_DONE"}

[90mstdout[2m | tests/component-dom/webTransportController.test.ts[2m > [22m[2mGaler Cloud Web transport lifecycle[2m > [22m[2malways releases a control-plane operation when data-plane work fails
[22m[39m[play-trace] {"context_id":"pe6u5pco","t_ms":1947.6,"time_origin_ms":1788963449632.577,"ts_ms":1788963451580.2,"stage":"CONTROLLER_SESSION_MEDIA_GATE_OPEN"}
[play-trace] {"span_id":30,"context_id":"pe6u5pco","t_ms":1947.6,"time_origin_ms":1788963449632.577,"ts_ms":1788963451580.2,"stage":"DIRECT_INITIALIZE_BEGIN"}

[90mstdout[2m | tests/component-dom/webTransportController.test.ts[2m > [22m[2mGaler Cloud Web transport lifecycle[2m > [22m[2malways releases a control-plane operation when data-plane work fails
[22m[39m[play-trace] {"span_id":30,"elapsed_ms":0.1,"context_id":"pe6u5pco","t_ms":1947.7,"time_origin_ms":1788963449632.577,"ts_ms":1788963451580.3,"stage":"DIRECT_INITIALIZE_DONE"}

[90mstdout[2m | tests/component-dom/webTransportController.test.ts[2m > [22m[2mGaler Cloud Web transport lifecycle[2m > [22m[2malways releases a control-plane operation when data-plane work fails
[22m[39m[play-trace] {"elapsed_ms":0,"context_id":"pe6u5pco","t_ms":1947.8,"time_origin_ms":1788963449632.577,"ts_ms":1788963451580.3,"stage":"CONTROLLER_SESSION_INITIALIZE_DONE"}
[play-trace] {"span_id":31,"context_id":"pe6u5pco","t_ms":1947.8,"time_origin_ms":1788963449632.577,"ts_ms":1788963451580.4,"stage":"DIRECT_BACKGROUND_GET_ME_BEGIN"}
[play-trace] {"span_id":32,"context_id":"pe6u5pco","t_ms":1947.8,"time_origin_ms":1788963449632.577,"ts_ms":1788963451580.4,"stage":"DIRECT_BACKGROUND_GET_CHAT_BEGIN"}
[play-trace] {"total_ms":1,"context_id":"pe6u5pco","t_ms":1947.8,"time_origin_ms":1788963449632.577,"ts_ms":1788963451580.4,"stage":"CONTROLLER_SESSION_DATA_PLANE_READY"}
[play-trace] {"span_id":31,"elapsed_ms":0.1,"context_id":"pe6u5pco","t_ms":1947.8,"time_origin_ms":1788963449632.577,"ts_ms":1788963451580.4,"stage":"DIRECT_BACKGROUND_GET_ME_DONE"}
[play-trace] {"span_id":32,"elapsed_ms":0.1,"context_id":"pe6u5pco","t_ms":1947.9,"time_origin_ms":1788963449632.577,"ts_ms":1788963451580.4,"stage":"DIRECT_BACKGROUND_GET_CHAT_DONE"}

[90mstdout[2m | tests/component-dom/webTransportController.test.ts[2m > [22m[2mGaler Cloud Web transport lifecycle[2m > [22m[2malways releases a control-plane operation when data-plane work fails
[22m[39m[play-trace] {"context_id":"pe6u5pco","t_ms":1948,"time_origin_ms":1788963449632.577,"ts_ms":1788963451580.5,"stage":"CONTROLLER_BACKGROUND_VERIFY_READY"}

[90mstdout[2m | tests/component-dom/webTransportController.test.ts[2m > [22m[2mGaler Cloud Web transport lifecycle[2m > [22m[2mdoes not execute data-plane work when scoped capability authorization fails
[22m[39m[play-trace] {"startup_beat_count":0,"context_id":"pe6u5pco","t_ms":1950.8,"time_origin_ms":1788963449632.577,"ts_ms":1788963451583.4,"stage":"CONTROLLER_CONNECT_NEW"}
[play-trace] {"startup_beat_count":0,"context_id":"pe6u5pco","t_ms":1950.9,"time_origin_ms":1788963449632.577,"ts_ms":1788963451583.4,"stage":"CONTROLLER_SESSION_PREPARE_BEGIN"}

[90mstdout[2m | tests/component-dom/webTransportController.test.ts[2m > [22m[2mGaler Cloud Web transport lifecycle[2m > [22m[2mdoes not execute data-plane work when scoped capability authorization fails
[22m[39m[play-trace] {"span_id":33,"context_id":"pe6u5pco","t_ms":1951.1,"time_origin_ms":1788963449632.577,"ts_ms":1788963451583.6,"stage":"DIRECT_ACTIVATE_BEGIN"}
[play-trace] {"span_id":34,"context_id":"pe6u5pco","t_ms":1951.1,"time_origin_ms":1788963449632.577,"ts_ms":1788963451583.7,"stage":"DIRECT_PREPARE_BEGIN"}
[play-trace] {"span_id":33,"elapsed_ms":0.1,"context_id":"pe6u5pco","t_ms":1951.2,"time_origin_ms":1788963449632.577,"ts_ms":1788963451583.7,"stage":"DIRECT_ACTIVATE_DONE"}
[play-trace] {"span_id":34,"elapsed_ms":0.1,"context_id":"pe6u5pco","t_ms":1951.2,"time_origin_ms":1788963449632.577,"ts_ms":1788963451583.8,"stage":"DIRECT_PREPARE_DONE"}

[90mstdout[2m | tests/component-dom/webTransportController.test.ts[2m > [22m[2mGaler Cloud Web transport lifecycle[2m > [22m[2mdoes not execute data-plane work when scoped capability authorization fails
[22m[39m[play-trace] {"elapsed_ms":0,"startup_message_count":0,"context_id":"pe6u5pco","t_ms":1951.3,"time_origin_ms":1788963449632.577,"ts_ms":1788963451583.9,"stage":"CONTROLLER_SESSION_PREPARE_DONE"}
[play-trace] {"elapsed_ms":0,"context_id":"pe6u5pco","t_ms":1951.3,"time_origin_ms":1788963449632.577,"ts_ms":1788963451583.9,"stage":"CONTROLLER_SESSION_ACTIVATE_DONE"}

[90mstdout[2m | tests/component-dom/webTransportController.test.ts[2m > [22m[2mGaler Cloud Web transport lifecycle[2m > [22m[2mdoes not execute data-plane work when scoped capability authorization fails
[22m[39m[play-trace] {"context_id":"pe6u5pco","t_ms":1951.4,"time_origin_ms":1788963449632.577,"ts_ms":1788963451584,"stage":"CONTROLLER_SESSION_MEDIA_GATE_OPEN"}
[play-trace] {"span_id":35,"context_id":"pe6u5pco","t_ms":1951.4,"time_origin_ms":1788963449632.577,"ts_ms":1788963451584,"stage":"DIRECT_INITIALIZE_BEGIN"}

[90mstdout[2m | tests/component-dom/webTransportController.test.ts[2m > [22m[2mGaler Cloud Web transport lifecycle[2m > [22m[2mdoes not execute data-plane work when scoped capability authorization fails
[22m[39m[play-trace] {"span_id":35,"elapsed_ms":0.1,"context_id":"pe6u5pco","t_ms":1951.5,"time_origin_ms":1788963449632.577,"ts_ms":1788963451584.1,"stage":"DIRECT_INITIALIZE_DONE"}

[90mstdout[2m | tests/component-dom/webTransportController.test.ts[2m > [22m[2mGaler Cloud Web transport lifecycle[2m > [22m[2mdoes not execute data-plane work when scoped capability authorization fails
[22m[39m[play-trace] {"elapsed_ms":1,"context_id":"pe6u5pco","t_ms":1951.5,"time_origin_ms":1788963449632.577,"ts_ms":1788963451584.1,"stage":"CONTROLLER_SESSION_INITIALIZE_DONE"}
[play-trace] {"span_id":36,"context_id":"pe6u5pco","t_ms":1951.6,"time_origin_ms":1788963449632.577,"ts_ms":1788963451584.1,"stage":"DIRECT_BACKGROUND_GET_ME_BEGIN"}
[play-trace] {"span_id":37,"context_id":"pe6u5pco","t_ms":1951.6,"time_origin_ms":1788963449632.577,"ts_ms":1788963451584.2,"stage":"DIRECT_BACKGROUND_GET_CHAT_BEGIN"}
[play-trace] {"total_ms":1,"context_id":"pe6u5pco","t_ms":1951.6,"time_origin_ms":1788963449632.577,"ts_ms":1788963451584.2,"stage":"CONTROLLER_SESSION_DATA_PLANE_READY"}
[play-trace] {"span_id":36,"elapsed_ms":0.1,"context_id":"pe6u5pco","t_ms":1951.6,"time_origin_ms":1788963449632.577,"ts_ms":1788963451584.2,"stage":"DIRECT_BACKGROUND_GET_ME_DONE"}
[play-trace] {"span_id":37,"elapsed_ms":0.1,"context_id":"pe6u5pco","t_ms":1951.6,"time_origin_ms":1788963449632.577,"ts_ms":1788963451584.2,"stage":"DIRECT_BACKGROUND_GET_CHAT_DONE"}

[90mstdout[2m | tests/component-dom/webTransportController.test.ts[2m > [22m[2mGaler Cloud Web transport lifecycle[2m > [22m[2mdoes not execute data-plane work when scoped capability authorization fails
[22m[39m[play-trace] {"context_id":"pe6u5pco","t_ms":1951.7,"time_origin_ms":1788963449632.577,"ts_ms":1788963451584.3,"stage":"CONTROLLER_BACKGROUND_VERIFY_READY"}

 [32m✓[39m tests/component-dom/webTransportController.test.ts [2m([22m[2m9 tests[22m[2m)[22m[32m 254[2mms[22m[39m
 [32m✓[39m tests/component-dom/libraryUxBridge.test.ts [2m([22m[2m6 tests[22m[2m)[22m[32m 220[2mms[22m[39m
 [32m✓[39m tests/component-dom/webPlaybackRoutingCache.test.ts [2m([22m[2m8 tests[22m[2m)[22m[32m 63[2mms[22m[39m
[90mstdout[2m | tests/component-dom/webTransportWorkerClientRefresh.behavior.test.ts[2m > [22m[2mWorkerClient playback continuity during credential refresh[2m > [22m[2mresumes the same focused stream from the last consumer-confirmed byte after a valid refresh
[22m[39m[play-trace] {"context_id":"mgtzghng","t_ms":879.1,"time_origin_ms":1788963451974.717,"ts_ms":1788963452853.8,"stage":"WORKER_CREATE_BEGIN"}
[play-trace] {"context_id":"mgtzghng","t_ms":881.3,"time_origin_ms":1788963451974.717,"ts_ms":1788963452856,"stage":"WORKER_CREATED"}

[90mstdout[2m | tests/component-dom/webTransportWorkerClientRefresh.behavior.test.ts[2m > [22m[2mWorkerClient playback continuity during credential refresh[2m > [22m[2mresumes the same focused stream from the last consumer-confirmed byte after a valid refresh
[22m[39m[play-trace] {"request_id":"dae0ce1e-980a-4a12-8a60-e2e5b27e044c","operation":"initialize","context_id":"mgtzghng","t_ms":935.6,"time_origin_ms":1788963451974.717,"ts_ms":1788963452910.3,"stage":"WORKER_REQUEST_POSTED"}
[play-trace] {"request_id":"dae0ce1e-980a-4a12-8a60-e2e5b27e044c","operation":"initialize","ok":true,"context_id":"mgtzghng","t_ms":935.9,"time_origin_ms":1788963451974.717,"ts_ms":1788963452910.6,"stage":"WORKER_RESPONSE_RECEIVED"}

[90mstdout[2m | tests/component-dom/webTransportWorkerClientRefresh.behavior.test.ts[2m > [22m[2mWorkerClient playback continuity during credential refresh[2m > [22m[2mresumes the same focused stream from the last consumer-confirmed byte after a valid refresh
[22m[39m[play-trace] {"message_id":77,"context_id":"mgtzghng","t_ms":988.3,"time_origin_ms":1788963451974.717,"ts_ms":1788963452963,"stage":"WORKER_PLAYBACK_FOCUS_REAPPLIED"}

[90mstdout[2m | tests/component-dom/webTransportWorkerClientRefresh.behavior.test.ts[2m > [22m[2mWorkerClient playback continuity during credential refresh[2m > [22m[2mresumes the same focused stream from the last consumer-confirmed byte after a valid refresh
[22m[39m[play-trace] {"message_id":77,"offset_bytes":69632,"refresh_epoch":1,"context_id":"mgtzghng","t_ms":988.6,"time_origin_ms":1788963451974.717,"ts_ms":1788963452963.4,"stage":"WORKER_STREAM_REFRESH_RESUME"}

[90mstdout[2m | tests/component-dom/webTransportWorkerClientRefresh.behavior.test.ts[2m > [22m[2mWorkerClient playback continuity during credential refresh[2m > [22m[2mdoes not resume playback when credential refresh is invalid
[22m[39m[play-trace] {"context_id":"mgtzghng","t_ms":991.8,"time_origin_ms":1788963451974.717,"ts_ms":1788963452966.6,"stage":"WORKER_CREATE_BEGIN"}
[play-trace] {"context_id":"mgtzghng","t_ms":992.6,"time_origin_ms":1788963451974.717,"ts_ms":1788963452967.4,"stage":"WORKER_CREATED"}
[play-trace] {"request_id":"03442273-909d-4302-8783-e8f55de463e0","operation":"initialize","context_id":"mgtzghng","t_ms":993.1,"time_origin_ms":1788963451974.717,"ts_ms":1788963452967.8,"stage":"WORKER_REQUEST_POSTED"}
[play-trace] {"request_id":"03442273-909d-4302-8783-e8f55de463e0","operation":"initialize","ok":false,"context_id":"mgtzghng","t_ms":993.6,"time_origin_ms":1788963451974.717,"ts_ms":1788963452968.4,"stage":"WORKER_RESPONSE_RECEIVED"}

[90mstdout[2m | tests/component-dom/webTransportWorkerClientRefresh.behavior.test.ts[2m > [22m[2mWorkerClient playback continuity during credential refresh[2m > [22m[2mphysically cancels a secondary stream for Play and resumes from the last consumer-confirmed byte only after stable
[22m[39m[play-trace] {"context_id":"mgtzghng","t_ms":996.5,"time_origin_ms":1788963451974.717,"ts_ms":1788963452971.2,"stage":"WORKER_CREATE_BEGIN"}
[play-trace] {"context_id":"mgtzghng","t_ms":997.5,"time_origin_ms":1788963451974.717,"ts_ms":1788963452972.2,"stage":"WORKER_CREATED"}

[90mstdout[2m | tests/component-dom/webTransportWorkerClientRefresh.behavior.test.ts[2m > [22m[2mWorkerClient playback continuity during credential refresh[2m > [22m[2mphysically cancels a secondary stream for Play and resumes from the last consumer-confirmed byte only after stable
[22m[39m[play-trace] {"request_id":"98cebeea-76ee-41ac-8bf5-1d00d28229e5","context_id":"mgtzghng","t_ms":1048.4,"time_origin_ms":1788963451974.717,"ts_ms":1788963453023.1,"stage":"WORKER_BACKGROUND_STREAM_PREEMPTED_PLAY"}

[90mstdout[2m | tests/component-dom/webTransportControllerLifecycle.behavior.test.ts[2m > [22m[2mWebTransportController lifecycle behavior[2m > [22m[2mresolves playback connect while getMe/getChat remain pending and blocks writes until both finish
[22m[39m[play-trace] {"startup_beat_count":0,"context_id":"8qcucfdl","t_ms":1399.8,"time_origin_ms":1788963451643.378,"ts_ms":1788963453043.2,"stage":"CONTROLLER_CONNECT_NEW"}
[play-trace] {"startup_beat_count":0,"context_id":"8qcucfdl","t_ms":1400.5,"time_origin_ms":1788963451643.378,"ts_ms":1788963453043.8,"stage":"CONTROLLER_SESSION_PREPARE_BEGIN"}

[90mstdout[2m | tests/component-dom/webTransportControllerLifecycle.behavior.test.ts[2m > [22m[2mWebTransportController lifecycle behavior[2m > [22m[2mresolves playback connect while getMe/getChat remain pending and blocks writes until both finish
[22m[39m[play-trace] {"span_id":1,"context_id":"8qcucfdl","t_ms":1401,"time_origin_ms":1788963451643.378,"ts_ms":1788963453044.4,"stage":"DIRECT_ACTIVATE_BEGIN"}
[play-trace] {"span_id":2,"context_id":"8qcucfdl","t_ms":1401.2,"time_origin_ms":1788963451643.378,"ts_ms":1788963453044.6,"stage":"DIRECT_PREPARE_BEGIN"}
[play-trace] {"span_id":1,"elapsed_ms":0.4,"context_id":"8qcucfdl","t_ms":1401.4,"time_origin_ms":1788963451643.378,"ts_ms":1788963453044.8,"stage":"DIRECT_ACTIVATE_DONE"}
[play-trace] {"span_id":2,"elapsed_ms":0.3,"context_id":"8qcucfdl","t_ms":1401.5,"time_origin_ms":1788963451643.378,"ts_ms":1788963453044.9,"stage":"DIRECT_PREPARE_DONE"}

[90mstdout[2m | tests/component-dom/webTransportControllerLifecycle.behavior.test.ts[2m > [22m[2mWebTransportController lifecycle behavior[2m > [22m[2mresolves playback connect while getMe/getChat remain pending and blocks writes until both finish
[22m[39m[play-trace] {"elapsed_ms":1,"startup_message_count":0,"context_id":"8qcucfdl","t_ms":1401.6,"time_origin_ms":1788963451643.378,"ts_ms":1788963453045,"stage":"CONTROLLER_SESSION_PREPARE_DONE"}
[play-trace] {"elapsed_ms":1,"context_id":"8qcucfdl","t_ms":1401.7,"time_origin_ms":1788963451643.378,"ts_ms":1788963453045.1,"stage":"CONTROLLER_SESSION_ACTIVATE_DONE"}

[90mstdout[2m | tests/component-dom/webTransportControllerLifecycle.behavior.test.ts[2m > [22m[2mWebTransportController lifecycle behavior[2m > [22m[2mresolves playback connect while getMe/getChat remain pending and blocks writes until both finish
[22m[39m[play-trace] {"context_id":"8qcucfdl","t_ms":1401.8,"time_origin_ms":1788963451643.378,"ts_ms":1788963453045.2,"stage":"CONTROLLER_SESSION_MEDIA_GATE_OPEN"}
[play-trace] {"span_id":3,"context_id":"8qcucfdl","t_ms":1402.1,"time_origin_ms":1788963451643.378,"ts_ms":1788963453045.5,"stage":"DIRECT_INITIALIZE_BEGIN"}

[90mstdout[2m | tests/component-dom/webTransportControllerLifecycle.behavior.test.ts[2m > [22m[2mWebTransportController lifecycle behavior[2m > [22m[2mresolves playback connect while getMe/getChat remain pending and blocks writes until both finish
[22m[39m[play-trace] {"span_id":3,"elapsed_ms":0.4,"context_id":"8qcucfdl","t_ms":1402.5,"time_origin_ms":1788963451643.378,"ts_ms":1788963453045.8,"stage":"DIRECT_INITIALIZE_DONE"}

[90mstdout[2m | tests/component-dom/webTransportControllerLifecycle.behavior.test.ts[2m > [22m[2mWebTransportController lifecycle behavior[2m > [22m[2mresolves playback connect while getMe/getChat remain pending and blocks writes until both finish
[22m[39m[play-trace] {"elapsed_ms":0,"context_id":"8qcucfdl","t_ms":1402.6,"time_origin_ms":1788963451643.378,"ts_ms":1788963453046,"stage":"CONTROLLER_SESSION_INITIALIZE_DONE"}
[play-trace] {"span_id":4,"context_id":"8qcucfdl","t_ms":1402.8,"time_origin_ms":1788963451643.378,"ts_ms":1788963453046.2,"stage":"DIRECT_BACKGROUND_GET_ME_BEGIN"}
[play-trace] {"span_id":5,"context_id":"8qcucfdl","t_ms":1402.9,"time_origin_ms":1788963451643.378,"ts_ms":1788963453046.2,"stage":"DIRECT_BACKGROUND_GET_CHAT_BEGIN"}
[play-trace] {"total_ms":3,"context_id":"8qcucfdl","t_ms":1402.9,"time_origin_ms":1788963451643.378,"ts_ms":1788963453046.3,"stage":"CONTROLLER_SESSION_DATA_PLANE_READY"}

[90mstdout[2m | tests/component-dom/webTransportControllerLifecycle.behavior.test.ts[2m > [22m[2mWebTransportController lifecycle behavior[2m > [22m[2mresolves playback connect while getMe/getChat remain pending and blocks writes until both finish
[22m[39m[play-trace] {"context_id":"8qcucfdl","t_ms":1404,"time_origin_ms":1788963451643.378,"ts_ms":1788963453047.4,"stage":"CONTROLLER_CONNECT_REUSE"}

[90mstdout[2m | tests/component-dom/webTransportControllerLifecycle.behavior.test.ts[2m > [22m[2mWebTransportController lifecycle behavior[2m > [22m[2mresolves playback connect while getMe/getChat remain pending and blocks writes until both finish
[22m[39m[play-trace] {"span_id":4,"elapsed_ms":1.7,"context_id":"8qcucfdl","t_ms":1404.5,"time_origin_ms":1788963451643.378,"ts_ms":1788963453047.9,"stage":"DIRECT_BACKGROUND_GET_ME_DONE"}

[90mstdout[2m | tests/component-dom/webTransportControllerLifecycle.behavior.test.ts[2m > [22m[2mWebTransportController lifecycle behavior[2m > [22m[2mresolves playback connect while getMe/getChat remain pending and blocks writes until both finish
[22m[39m[play-trace] {"span_id":5,"elapsed_ms":3.7,"context_id":"8qcucfdl","t_ms":1406.6,"time_origin_ms":1788963451643.378,"ts_ms":1788963453050,"stage":"DIRECT_BACKGROUND_GET_CHAT_DONE"}

[90mstdout[2m | tests/component-dom/webTransportControllerLifecycle.behavior.test.ts[2m > [22m[2mWebTransportController lifecycle behavior[2m > [22m[2mresolves playback connect while getMe/getChat remain pending and blocks writes until both finish
[22m[39m[play-trace] {"context_id":"8qcucfdl","t_ms":1406.8,"time_origin_ms":1788963451643.378,"ts_ms":1788963453050.2,"stage":"CONTROLLER_BACKGROUND_VERIFY_READY"}

[90mstdout[2m | tests/component-dom/webTransportControllerLifecycle.behavior.test.ts[2m > [22m[2mWebTransportController lifecycle behavior[2m > [22m[2mfails closed when background identity verification fails after playback readiness
[22m[39m[play-trace] {"startup_beat_count":0,"context_id":"8qcucfdl","t_ms":1410,"time_origin_ms":1788963451643.378,"ts_ms":1788963453053.4,"stage":"CONTROLLER_CONNECT_NEW"}
[play-trace] {"startup_beat_count":0,"context_id":"8qcucfdl","t_ms":1410,"time_origin_ms":1788963451643.378,"ts_ms":1788963453053.4,"stage":"CONTROLLER_SESSION_PREPARE_BEGIN"}

[90mstdout[2m | tests/component-dom/webTransportControllerLifecycle.behavior.test.ts[2m > [22m[2mWebTransportController lifecycle behavior[2m > [22m[2mfails closed when background identity verification fails after playback readiness
[22m[39m[play-trace] {"span_id":6,"context_id":"8qcucfdl","t_ms":1410.3,"time_origin_ms":1788963451643.378,"ts_ms":1788963453053.7,"stage":"DIRECT_ACTIVATE_BEGIN"}
[play-trace] {"span_id":7,"context_id":"8qcucfdl","t_ms":1410.3,"time_origin_ms":1788963451643.378,"ts_ms":1788963453053.7,"stage":"DIRECT_PREPARE_BEGIN"}
[play-trace] {"span_id":6,"elapsed_ms":0.1,"context_id":"8qcucfdl","t_ms":1410.4,"time_origin_ms":1788963451643.378,"ts_ms":1788963453053.8,"stage":"DIRECT_ACTIVATE_DONE"}
[play-trace] {"span_id":7,"elapsed_ms":0.1,"context_id":"8qcucfdl","t_ms":1410.4,"time_origin_ms":1788963451643.378,"ts_ms":1788963453053.8,"stage":"DIRECT_PREPARE_DONE"}

[90mstdout[2m | tests/component-dom/webTransportControllerLifecycle.behavior.test.ts[2m > [22m[2mWebTransportController lifecycle behavior[2m > [22m[2mfails closed when background identity verification fails after playback readiness
[22m[39m[play-trace] {"elapsed_ms":0,"startup_message_count":0,"context_id":"8qcucfdl","t_ms":1410.5,"time_origin_ms":1788963451643.378,"ts_ms":1788963453053.9,"stage":"CONTROLLER_SESSION_PREPARE_DONE"}
[play-trace] {"elapsed_ms":0,"context_id":"8qcucfdl","t_ms":1410.5,"time_origin_ms":1788963451643.378,"ts_ms":1788963453053.9,"stage":"CONTROLLER_SESSION_ACTIVATE_DONE"}

[90mstdout[2m | tests/component-dom/webTransportControllerLifecycle.behavior.test.ts[2m > [22m[2mWebTransportController lifecycle behavior[2m > [22m[2mfails closed when background identity verification fails after playback readiness
[22m[39m[play-trace] {"context_id":"8qcucfdl","t_ms":1410.6,"time_origin_ms":1788963451643.378,"ts_ms":1788963453054,"stage":"CONTROLLER_SESSION_MEDIA_GATE_OPEN"}
[play-trace] {"span_id":8,"context_id":"8qcucfdl","t_ms":1410.6,"time_origin_ms":1788963451643.378,"ts_ms":1788963453054,"stage":"DIRECT_INITIALIZE_BEGIN"}

[90mstdout[2m | tests/component-dom/webTransportControllerLifecycle.behavior.test.ts[2m > [22m[2mWebTransportController lifecycle behavior[2m > [22m[2mfails closed when background identity verification fails after playback readiness
[22m[39m[play-trace] {"span_id":8,"elapsed_ms":0.1,"context_id":"8qcucfdl","t_ms":1410.6,"time_origin_ms":1788963451643.378,"ts_ms":1788963453054,"stage":"DIRECT_INITIALIZE_DONE"}

[90mstdout[2m | tests/component-dom/webTransportControllerLifecycle.behavior.test.ts[2m > [22m[2mWebTransportController lifecycle behavior[2m > [22m[2mfails closed when background identity verification fails after playback readiness
[22m[39m[play-trace] {"elapsed_ms":1,"context_id":"8qcucfdl","t_ms":1410.7,"time_origin_ms":1788963451643.378,"ts_ms":1788963453054.1,"stage":"CONTROLLER_SESSION_INITIALIZE_DONE"}
[play-trace] {"span_id":9,"context_id":"8qcucfdl","t_ms":1410.8,"time_origin_ms":1788963451643.378,"ts_ms":1788963453054.2,"stage":"DIRECT_BACKGROUND_GET_ME_BEGIN"}
[play-trace] {"span_id":10,"context_id":"8qcucfdl","t_ms":1410.8,"time_origin_ms":1788963451643.378,"ts_ms":1788963453054.2,"stage":"DIRECT_BACKGROUND_GET_CHAT_BEGIN"}
[play-trace] {"total_ms":1,"context_id":"8qcucfdl","t_ms":1410.9,"time_origin_ms":1788963451643.378,"ts_ms":1788963453054.2,"stage":"CONTROLLER_SESSION_DATA_PLANE_READY"}

[90mstdout[2m | tests/component-dom/webTransportControllerLifecycle.behavior.test.ts[2m > [22m[2mWebTransportController lifecycle behavior[2m > [22m[2mfails closed when background identity verification fails after playback readiness
[22m[39m[play-trace] {"span_id":9,"elapsed_ms":0.7,"context_id":"8qcucfdl","t_ms":1411.5,"time_origin_ms":1788963451643.378,"ts_ms":1788963453054.9,"stage":"DIRECT_BACKGROUND_GET_ME_ERROR"}
[play-trace] {"span_id":10,"elapsed_ms":0.7,"context_id":"8qcucfdl","t_ms":1411.6,"time_origin_ms":1788963451643.378,"ts_ms":1788963453055,"stage":"DIRECT_BACKGROUND_GET_CHAT_DONE"}

[90mstdout[2m | tests/component-dom/webTransportControllerLifecycle.behavior.test.ts[2m > [22m[2mWebTransportController lifecycle behavior[2m > [22m[2mfails closed when background identity verification fails after playback readiness
[22m[39m[play-trace] {"error_name":"Error","context_id":"8qcucfdl","t_ms":1411.7,"time_origin_ms":1788963451643.378,"ts_ms":1788963453055.1,"stage":"CONTROLLER_BACKGROUND_VERIFY_FAILED"}

[90mstdout[2m | tests/component-dom/webTransportWorkerClientRefresh.behavior.test.ts[2m > [22m[2mWorkerClient playback continuity during credential refresh[2m > [22m[2mphysically cancels a secondary stream for Play and resumes from the last consumer-confirmed byte only after stable
[22m[39m[play-trace] {"message_id":91,"offset_bytes":4096,"context_id":"mgtzghng","t_ms":1100.5,"time_origin_ms":1788963451974.717,"ts_ms":1788963453075.3,"stage":"WORKER_BACKGROUND_STREAM_RESUME"}

[90mstdout[2m | tests/component-dom/webTransportControllerLifecycle.behavior.test.ts[2m > [22m[2mWebTransportController lifecycle behavior[2m > [22m[2mfails closed when background identity verification fails after playback readiness
[22m[39m[play-trace] {"startup_beat_count":0,"context_id":"8qcucfdl","t_ms":1463.9,"time_origin_ms":1788963451643.378,"ts_ms":1788963453107.3,"stage":"CONTROLLER_CONNECT_NEW"}
[play-trace] {"startup_beat_count":0,"context_id":"8qcucfdl","t_ms":1464,"time_origin_ms":1788963451643.378,"ts_ms":1788963453107.4,"stage":"CONTROLLER_SESSION_PREPARE_BEGIN"}

[90mstdout[2m | tests/component-dom/webTransportControllerLifecycle.behavior.test.ts[2m > [22m[2mWebTransportController lifecycle behavior[2m > [22m[2mfails closed when background identity verification fails after playback readiness
[22m[39m[play-trace] {"span_id":11,"context_id":"8qcucfdl","t_ms":1464.5,"time_origin_ms":1788963451643.378,"ts_ms":1788963453107.9,"stage":"DIRECT_ACTIVATE_BEGIN"}
[play-trace] {"span_id":12,"context_id":"8qcucfdl","t_ms":1464.6,"time_origin_ms":1788963451643.378,"ts_ms":1788963453107.9,"stage":"DIRECT_PREPARE_BEGIN"}
[play-trace] {"span_id":11,"elapsed_ms":0.1,"context_id":"8qcucfdl","t_ms":1464.6,"time_origin_ms":1788963451643.378,"ts_ms":1788963453108,"stage":"DIRECT_ACTIVATE_DONE"}
[play-trace] {"span_id":12,"elapsed_ms":0.2,"context_id":"8qcucfdl","t_ms":1464.8,"time_origin_ms":1788963451643.378,"ts_ms":1788963453108.1,"stage":"DIRECT_PREPARE_DONE"}

[90mstdout[2m | tests/component-dom/webTransportControllerLifecycle.behavior.test.ts[2m > [22m[2mWebTransportController lifecycle behavior[2m > [22m[2mfails closed when background identity verification fails after playback readiness
[22m[39m[play-trace] {"elapsed_ms":1,"startup_message_count":0,"context_id":"8qcucfdl","t_ms":1464.9,"time_origin_ms":1788963451643.378,"ts_ms":1788963453108.2,"stage":"CONTROLLER_SESSION_PREPARE_DONE"}
[play-trace] {"elapsed_ms":1,"context_id":"8qcucfdl","t_ms":1464.9,"time_origin_ms":1788963451643.378,"ts_ms":1788963453108.3,"stage":"CONTROLLER_SESSION_ACTIVATE_DONE"}

[90mstdout[2m | tests/component-dom/webTransportControllerLifecycle.behavior.test.ts[2m > [22m[2mWebTransportController lifecycle behavior[2m > [22m[2mfails closed when background identity verification fails after playback readiness
[22m[39m[play-trace] {"context_id":"8qcucfdl","t_ms":1464.9,"time_origin_ms":1788963451643.378,"ts_ms":1788963453108.3,"stage":"CONTROLLER_SESSION_MEDIA_GATE_OPEN"}
[play-trace] {"span_id":13,"context_id":"8qcucfdl","t_ms":1465,"time_origin_ms":1788963451643.378,"ts_ms":1788963453108.3,"stage":"DIRECT_INITIALIZE_BEGIN"}

[90mstdout[2m | tests/component-dom/webTransportControllerLifecycle.behavior.test.ts[2m > [22m[2mWebTransportController lifecycle behavior[2m > [22m[2mfails closed when background identity verification fails after playback readiness
[22m[39m[play-trace] {"span_id":13,"elapsed_ms":0.1,"context_id":"8qcucfdl","t_ms":1465,"time_origin_ms":1788963451643.378,"ts_ms":1788963453108.4,"stage":"DIRECT_INITIALIZE_DONE"}

[90mstdout[2m | tests/component-dom/webTransportControllerLifecycle.behavior.test.ts[2m > [22m[2mWebTransportController lifecycle behavior[2m > [22m[2mfails closed when background identity verification fails after playback readiness
[22m[39m[play-trace] {"elapsed_ms":0,"context_id":"8qcucfdl","t_ms":1465.1,"time_origin_ms":1788963451643.378,"ts_ms":1788963453108.5,"stage":"CONTROLLER_SESSION_INITIALIZE_DONE"}
[play-trace] {"span_id":14,"context_id":"8qcucfdl","t_ms":1465.7,"time_origin_ms":1788963451643.378,"ts_ms":1788963453109.1,"stage":"DIRECT_BACKGROUND_GET_ME_BEGIN"}
[play-trace] {"span_id":15,"context_id":"8qcucfdl","t_ms":1465.7,"time_origin_ms":1788963451643.378,"ts_ms":1788963453109.1,"stage":"DIRECT_BACKGROUND_GET_CHAT_BEGIN"}
[play-trace] {"total_ms":2,"context_id":"8qcucfdl","t_ms":1465.8,"time_origin_ms":1788963451643.378,"ts_ms":1788963453109.1,"stage":"CONTROLLER_SESSION_DATA_PLANE_READY"}
[play-trace] {"span_id":14,"elapsed_ms":0.1,"context_id":"8qcucfdl","t_ms":1465.8,"time_origin_ms":1788963451643.378,"ts_ms":1788963453109.2,"stage":"DIRECT_BACKGROUND_GET_ME_ERROR"}
[play-trace] {"span_id":15,"elapsed_ms":0.1,"context_id":"8qcucfdl","t_ms":1465.8,"time_origin_ms":1788963451643.378,"ts_ms":1788963453109.2,"stage":"DIRECT_BACKGROUND_GET_CHAT_DONE"}

[90mstdout[2m | tests/component-dom/webTransportControllerLifecycle.behavior.test.ts[2m > [22m[2mWebTransportController lifecycle behavior[2m > [22m[2mfails closed when background identity verification fails after playback readiness
[22m[39m[play-trace] {"error_name":"Error","context_id":"8qcucfdl","t_ms":1466.1,"time_origin_ms":1788963451643.378,"ts_ms":1788963453109.5,"stage":"CONTROLLER_BACKGROUND_VERIFY_FAILED"}

[90mstdout[2m | tests/component-dom/webTransportControllerLifecycle.behavior.test.ts[2m > [22m[2mWebTransportController lifecycle behavior[2m > [22m[2mfails closed when background chat verification fails after playback readiness
[22m[39m[play-trace] {"startup_beat_count":0,"context_id":"8qcucfdl","t_ms":1468.2,"time_origin_ms":1788963451643.378,"ts_ms":1788963453111.6,"stage":"CONTROLLER_CONNECT_NEW"}
[play-trace] {"startup_beat_count":0,"context_id":"8qcucfdl","t_ms":1468.2,"time_origin_ms":1788963451643.378,"ts_ms":1788963453111.6,"stage":"CONTROLLER_SESSION_PREPARE_BEGIN"}

[90mstdout[2m | tests/component-dom/webTransportControllerLifecycle.behavior.test.ts[2m > [22m[2mWebTransportController lifecycle behavior[2m > [22m[2mfails closed when background chat verification fails after playback readiness
[22m[39m[play-trace] {"span_id":16,"context_id":"8qcucfdl","t_ms":1468.6,"time_origin_ms":1788963451643.378,"ts_ms":1788963453112,"stage":"DIRECT_ACTIVATE_BEGIN"}
[play-trace] {"span_id":17,"context_id":"8qcucfdl","t_ms":1468.6,"time_origin_ms":1788963451643.378,"ts_ms":1788963453112,"stage":"DIRECT_PREPARE_BEGIN"}
[play-trace] {"span_id":16,"elapsed_ms":0.1,"context_id":"8qcucfdl","t_ms":1468.7,"time_origin_ms":1788963451643.378,"ts_ms":1788963453112.1,"stage":"DIRECT_ACTIVATE_DONE"}
[play-trace] {"span_id":17,"elapsed_ms":0.1,"context_id":"8qcucfdl","t_ms":1468.7,"time_origin_ms":1788963451643.378,"ts_ms":1788963453112.1,"stage":"DIRECT_PREPARE_DONE"}

[90mstdout[2m | tests/component-dom/webTransportControllerLifecycle.behavior.test.ts[2m > [22m[2mWebTransportController lifecycle behavior[2m > [22m[2mfails closed when background chat verification fails after playback readiness
[22m[39m[play-trace] {"elapsed_ms":1,"startup_message_count":0,"context_id":"8qcucfdl","t_ms":1469,"time_origin_ms":1788963451643.378,"ts_ms":1788963453112.4,"stage":"CONTROLLER_SESSION_PREPARE_DONE"}
[play-trace] {"elapsed_ms":1,"context_id":"8qcucfdl","t_ms":1469,"time_origin_ms":1788963451643.378,"ts_ms":1788963453112.4,"stage":"CONTROLLER_SESSION_ACTIVATE_DONE"}

[90mstdout[2m | tests/component-dom/webTransportControllerLifecycle.behavior.test.ts[2m > [22m[2mWebTransportController lifecycle behavior[2m > [22m[2mfails closed when background chat verification fails after playback readiness
[22m[39m[play-trace] {"context_id":"8qcucfdl","t_ms":1469.3,"time_origin_ms":1788963451643.378,"ts_ms":1788963453112.7,"stage":"CONTROLLER_SESSION_MEDIA_GATE_OPEN"}
[play-trace] {"span_id":18,"context_id":"8qcucfdl","t_ms":1469.4,"time_origin_ms":1788963451643.378,"ts_ms":1788963453112.7,"stage":"DIRECT_INITIALIZE_BEGIN"}

[90mstdout[2m | tests/component-dom/webTransportControllerLifecycle.behavior.test.ts[2m > [22m[2mWebTransportController lifecycle behavior[2m > [22m[2mfails closed when background chat verification fails after playback readiness
[22m[39m[play-trace] {"span_id":18,"elapsed_ms":0.2,"context_id":"8qcucfdl","t_ms":1469.6,"time_origin_ms":1788963451643.378,"ts_ms":1788963453113,"stage":"DIRECT_INITIALIZE_DONE"}

[90mstdout[2m | tests/component-dom/webTransportControllerLifecycle.behavior.test.ts[2m > [22m[2mWebTransportController lifecycle behavior[2m > [22m[2mfails closed when background chat verification fails after playback readiness
[22m[39m[play-trace] {"elapsed_ms":1,"context_id":"8qcucfdl","t_ms":1469.7,"time_origin_ms":1788963451643.378,"ts_ms":1788963453113.1,"stage":"CONTROLLER_SESSION_INITIALIZE_DONE"}
[play-trace] {"span_id":19,"context_id":"8qcucfdl","t_ms":1469.7,"time_origin_ms":1788963451643.378,"ts_ms":1788963453113.1,"stage":"DIRECT_BACKGROUND_GET_ME_BEGIN"}
[play-trace] {"span_id":20,"context_id":"8qcucfdl","t_ms":1469.7,"time_origin_ms":1788963451643.378,"ts_ms":1788963453113.1,"stage":"DIRECT_BACKGROUND_GET_CHAT_BEGIN"}
[play-trace] {"total_ms":2,"context_id":"8qcucfdl","t_ms":1469.8,"time_origin_ms":1788963451643.378,"ts_ms":1788963453113.1,"stage":"CONTROLLER_SESSION_DATA_PLANE_READY"}

[90mstdout[2m | tests/component-dom/webTransportControllerLifecycle.behavior.test.ts[2m > [22m[2mWebTransportController lifecycle behavior[2m > [22m[2mfails closed when background chat verification fails after playback readiness
[22m[39m[play-trace] {"span_id":19,"elapsed_ms":0.4,"context_id":"8qcucfdl","t_ms":1470.1,"time_origin_ms":1788963451643.378,"ts_ms":1788963453113.5,"stage":"DIRECT_BACKGROUND_GET_ME_DONE"}
[play-trace] {"span_id":20,"elapsed_ms":0.4,"context_id":"8qcucfdl","t_ms":1470.1,"time_origin_ms":1788963451643.378,"ts_ms":1788963453113.5,"stage":"DIRECT_BACKGROUND_GET_CHAT_ERROR"}

[90mstdout[2m | tests/component-dom/webTransportControllerLifecycle.behavior.test.ts[2m > [22m[2mWebTransportController lifecycle behavior[2m > [22m[2mfails closed when background chat verification fails after playback readiness
[22m[39m[play-trace] {"error_name":"Error","context_id":"8qcucfdl","t_ms":1470.6,"time_origin_ms":1788963451643.378,"ts_ms":1788963453114,"stage":"CONTROLLER_BACKGROUND_VERIFY_FAILED"}

[90mstdout[2m | tests/component-dom/webTransportWorkerClientRefresh.behavior.test.ts[2m > [22m[2mWorkerClient playback continuity during credential refresh[2m > [22m[2mnever preempts a playback stream when applying Play focus
[22m[39m[play-trace] {"context_id":"mgtzghng","t_ms":1151.7,"time_origin_ms":1788963451974.717,"ts_ms":1788963453126.4,"stage":"WORKER_CREATE_BEGIN"}
[play-trace] {"context_id":"mgtzghng","t_ms":1152.5,"time_origin_ms":1788963451974.717,"ts_ms":1788963453127.3,"stage":"WORKER_CREATED"}

 [32m✓[39m tests/component-dom/webTransportWorkerClientRefresh.behavior.test.ts [2m([22m[2m4 tests[22m[2m)[22m[32m 277[2mms[22m[39m
[90mstdout[2m | tests/component-dom/webTransportControllerLifecycle.behavior.test.ts[2m > [22m[2mWebTransportController lifecycle behavior[2m > [22m[2mfails closed when background chat verification fails after playback readiness
[22m[39m[play-trace] {"startup_beat_count":0,"context_id":"8qcucfdl","t_ms":1520.3,"time_origin_ms":1788963451643.378,"ts_ms":1788963453163.7,"stage":"CONTROLLER_CONNECT_NEW"}
[play-trace] {"startup_beat_count":0,"context_id":"8qcucfdl","t_ms":1520.4,"time_origin_ms":1788963451643.378,"ts_ms":1788963453163.8,"stage":"CONTROLLER_SESSION_PREPARE_BEGIN"}

[90mstdout[2m | tests/component-dom/webTransportControllerLifecycle.behavior.test.ts[2m > [22m[2mWebTransportController lifecycle behavior[2m > [22m[2mfails closed when background chat verification fails after playback readiness
[22m[39m[play-trace] {"span_id":21,"context_id":"8qcucfdl","t_ms":1520.6,"time_origin_ms":1788963451643.378,"ts_ms":1788963453164,"stage":"DIRECT_ACTIVATE_BEGIN"}
[play-trace] {"span_id":22,"context_id":"8qcucfdl","t_ms":1520.7,"time_origin_ms":1788963451643.378,"ts_ms":1788963453164.1,"stage":"DIRECT_PREPARE_BEGIN"}
[play-trace] {"span_id":21,"elapsed_ms":0.1,"context_id":"8qcucfdl","t_ms":1520.8,"time_origin_ms":1788963451643.378,"ts_ms":1788963453164.1,"stage":"DIRECT_ACTIVATE_DONE"}
[play-trace] {"span_id":22,"elapsed_ms":0.1,"context_id":"8qcucfdl","t_ms":1520.8,"time_origin_ms":1788963451643.378,"ts_ms":1788963453164.2,"stage":"DIRECT_PREPARE_DONE"}

[90mstdout[2m | tests/component-dom/webTransportControllerLifecycle.behavior.test.ts[2m > [22m[2mWebTransportController lifecycle behavior[2m > [22m[2mfails closed when background chat verification fails after playback readiness
[22m[39m[play-trace] {"elapsed_ms":1,"startup_message_count":0,"context_id":"8qcucfdl","t_ms":1520.9,"time_origin_ms":1788963451643.378,"ts_ms":1788963453164.3,"stage":"CONTROLLER_SESSION_PREPARE_DONE"}
[play-trace] {"elapsed_ms":0,"context_id":"8qcucfdl","t_ms":1520.9,"time_origin_ms":1788963451643.378,"ts_ms":1788963453164.3,"stage":"CONTROLLER_SESSION_ACTIVATE_DONE"}

[90mstdout[2m | tests/component-dom/webTransportControllerLifecycle.behavior.test.ts[2m > [22m[2mWebTransportController lifecycle behavior[2m > [22m[2mfails closed when background chat verification fails after playback readiness
[22m[39m[play-trace] {"context_id":"8qcucfdl","t_ms":1521,"time_origin_ms":1788963451643.378,"ts_ms":1788963453164.4,"stage":"CONTROLLER_SESSION_MEDIA_GATE_OPEN"}
[play-trace] {"span_id":23,"context_id":"8qcucfdl","t_ms":1521,"time_origin_ms":1788963451643.378,"ts_ms":1788963453164.4,"stage":"DIRECT_INITIALIZE_BEGIN"}

[90mstdout[2m | tests/component-dom/webTransportControllerLifecycle.behavior.test.ts[2m > [22m[2mWebTransportController lifecycle behavior[2m > [22m[2mfails closed when background chat verification fails after playback readiness
[22m[39m[play-trace] {"span_id":23,"elapsed_ms":0.2,"context_id":"8qcucfdl","t_ms":1521.2,"time_origin_ms":1788963451643.378,"ts_ms":1788963453164.6,"stage":"DIRECT_INITIALIZE_DONE"}

[90mstdout[2m | tests/component-dom/webTransportControllerLifecycle.behavior.test.ts[2m > [22m[2mWebTransportController lifecycle behavior[2m > [22m[2mfails closed when background chat verification fails after playback readiness
[22m[39m[play-trace] {"elapsed_ms":0,"context_id":"8qcucfdl","t_ms":1521.3,"time_origin_ms":1788963451643.378,"ts_ms":1788963453164.7,"stage":"CONTROLLER_SESSION_INITIALIZE_DONE"}
[play-trace] {"span_id":24,"context_id":"8qcucfdl","t_ms":1521.3,"time_origin_ms":1788963451643.378,"ts_ms":1788963453164.7,"stage":"DIRECT_BACKGROUND_GET_ME_BEGIN"}
[play-trace] {"span_id":25,"context_id":"8qcucfdl","t_ms":1521.4,"time_origin_ms":1788963451643.378,"ts_ms":1788963453164.8,"stage":"DIRECT_BACKGROUND_GET_CHAT_BEGIN"}
[play-trace] {"total_ms":1,"context_id":"8qcucfdl","t_ms":1521.4,"time_origin_ms":1788963451643.378,"ts_ms":1788963453164.8,"stage":"CONTROLLER_SESSION_DATA_PLANE_READY"}
[play-trace] {"span_id":24,"elapsed_ms":0.1,"context_id":"8qcucfdl","t_ms":1521.4,"time_origin_ms":1788963451643.378,"ts_ms":1788963453164.8,"stage":"DIRECT_BACKGROUND_GET_ME_DONE"}
[play-trace] {"span_id":25,"elapsed_ms":0.1,"context_id":"8qcucfdl","t_ms":1521.4,"time_origin_ms":1788963451643.378,"ts_ms":1788963453164.8,"stage":"DIRECT_BACKGROUND_GET_CHAT_ERROR"}

[90mstdout[2m | tests/component-dom/webTransportControllerLifecycle.behavior.test.ts[2m > [22m[2mWebTransportController lifecycle behavior[2m > [22m[2mfails closed when background chat verification fails after playback readiness
[22m[39m[play-trace] {"error_name":"Error","context_id":"8qcucfdl","t_ms":1521.6,"time_origin_ms":1788963451643.378,"ts_ms":1788963453164.9,"stage":"CONTROLLER_BACKGROUND_VERIFY_FAILED"}

[90mstdout[2m | tests/component-dom/webTransportControllerLifecycle.behavior.test.ts[2m > [22m[2mWebTransportController lifecycle behavior[2m > [22m[2mdoes not publish a late session when logout wins during reserve
[22m[39m[play-trace] {"startup_beat_count":0,"context_id":"8qcucfdl","t_ms":1523.2,"time_origin_ms":1788963451643.378,"ts_ms":1788963453166.6,"stage":"CONTROLLER_CONNECT_NEW"}
[play-trace] {"startup_beat_count":0,"context_id":"8qcucfdl","t_ms":1523.2,"time_origin_ms":1788963451643.378,"ts_ms":1788963453166.6,"stage":"CONTROLLER_SESSION_PREPARE_BEGIN"}

[90mstdout[2m | tests/component-dom/webTransportControllerLifecycle.behavior.test.ts[2m > [22m[2mWebTransportController lifecycle behavior[2m > [22m[2mdoes not publish a late session when logout wins during bind/activate
[22m[39m[play-trace] {"startup_beat_count":0,"context_id":"8qcucfdl","t_ms":1524.7,"time_origin_ms":1788963451643.378,"ts_ms":1788963453168.1,"stage":"CONTROLLER_CONNECT_NEW"}
[play-trace] {"startup_beat_count":0,"context_id":"8qcucfdl","t_ms":1524.7,"time_origin_ms":1788963451643.378,"ts_ms":1788963453168.1,"stage":"CONTROLLER_SESSION_PREPARE_BEGIN"}

[90mstdout[2m | tests/component-dom/webTransportControllerLifecycle.behavior.test.ts[2m > [22m[2mWebTransportController lifecycle behavior[2m > [22m[2mdoes not publish a late session when logout wins during bind/activate
[22m[39m[play-trace] {"span_id":26,"context_id":"8qcucfdl","t_ms":1525.8,"time_origin_ms":1788963451643.378,"ts_ms":1788963453169.1,"stage":"DIRECT_ACTIVATE_BEGIN"}
[play-trace] {"span_id":27,"context_id":"8qcucfdl","t_ms":1525.8,"time_origin_ms":1788963451643.378,"ts_ms":1788963453169.2,"stage":"DIRECT_PREPARE_BEGIN"}

[90mstderr[2m | tests/component-dom/startupBootstrap.test.tsx[2m > [22m[2museStartupBootstrap[2m > [22m[2mpreserves cached presentation when online authority stays temporarily unknown
[22m[39mTelegram vault startup check failed: Error: temporary authority failure
    at [90m/home/runner/work/BeatGaler/BeatGaler/[39mtests/component-dom/startupBootstrap.test.tsx:194:49
    at [90mfile:///home/runner/work/BeatGaler/BeatGaler/[39mnode_modules/[4m@vitest/runner[24m/dist/chunk-hooks.js:155:11
    at [90mfile:///home/runner/work/BeatGaler/BeatGaler/[39mnode_modules/[4m@vitest/runner[24m/dist/chunk-hooks.js:752:26
    at [90mfile:///home/runner/work/BeatGaler/BeatGaler/[39mnode_modules/[4m@vitest/runner[24m/dist/chunk-hooks.js:1897:20
    at new Promise (<anonymous>)
    at runWithTimeout [90m(file:///home/runner/work/BeatGaler/BeatGaler/[39mnode_modules/[4m@vitest/runner[24m/dist/chunk-hooks.js:1863:10[90m)[39m
    at runTest [90m(file:///home/runner/work/BeatGaler/BeatGaler/[39mnode_modules/[4m@vitest/runner[24m/dist/chunk-hooks.js:1574:12[90m)[39m
    at runSuite [90m(file:///home/runner/work/BeatGaler/BeatGaler/[39mnode_modules/[4m@vitest/runner[24m/dist/chunk-hooks.js:1729:8[90m)[39m
    at runSuite [90m(file:///home/runner/work/BeatGaler/BeatGaler/[39mnode_modules/[4m@vitest/runner[24m/dist/chunk-hooks.js:1729:8[90m)[39m
    at runFiles [90m(file:///home/runner/work/BeatGaler/BeatGaler/[39mnode_modules/[4m@vitest/runner[24m/dist/chunk-hooks.js:1787:3[90m)[39m

 [32m✓[39m tests/component-dom/startupBootstrap.test.tsx [2m([22m[2m4 tests[22m[2m)[22m[32m 39[2mms[22m[39m
[90mstdout[2m | tests/component-dom/webTransportControllerLifecycle.behavior.test.ts[2m > [22m[2mWebTransportController lifecycle behavior[2m > [22m[2mdoes not publish a late session when logout wins during bind/activate
[22m[39m[play-trace] {"span_id":27,"elapsed_ms":50.8,"context_id":"8qcucfdl","t_ms":1576.6,"time_origin_ms":1788963451643.378,"ts_ms":1788963453220,"stage":"DIRECT_PREPARE_DONE"}
[play-trace] {"span_id":26,"elapsed_ms":50.9,"context_id":"8qcucfdl","t_ms":1576.7,"time_origin_ms":1788963451643.378,"ts_ms":1788963453220.1,"stage":"DIRECT_ACTIVATE_DONE"}

[90mstdout[2m | tests/component-dom/webTransportControllerLifecycle.behavior.test.ts[2m > [22m[2mWebTransportController lifecycle behavior[2m > [22m[2mdoes not publish a late session when logout wins during bind/activate
[22m[39m[play-trace] {"elapsed_ms":51,"context_id":"8qcucfdl","t_ms":1576.9,"time_origin_ms":1788963451643.378,"ts_ms":1788963453220.3,"stage":"CONTROLLER_SESSION_ACTIVATE_DONE"}

[90mstdout[2m | tests/component-dom/webTransportControllerLifecycle.behavior.test.ts[2m > [22m[2mWebTransportController lifecycle behavior[2m > [22m[2mdoes not publish a late session when logout wins during Worker initialize
[22m[39m[play-trace] {"startup_beat_count":0,"context_id":"8qcucfdl","t_ms":1578.3,"time_origin_ms":1788963451643.378,"ts_ms":1788963453221.7,"stage":"CONTROLLER_CONNECT_NEW"}
[play-trace] {"startup_beat_count":0,"context_id":"8qcucfdl","t_ms":1578.4,"time_origin_ms":1788963451643.378,"ts_ms":1788963453221.7,"stage":"CONTROLLER_SESSION_PREPARE_BEGIN"}

[90mstdout[2m | tests/component-dom/webTransportControllerLifecycle.behavior.test.ts[2m > [22m[2mWebTransportController lifecycle behavior[2m > [22m[2mdoes not publish a late session when logout wins during Worker initialize
[22m[39m[play-trace] {"span_id":28,"context_id":"8qcucfdl","t_ms":1578.7,"time_origin_ms":1788963451643.378,"ts_ms":1788963453222.1,"stage":"DIRECT_ACTIVATE_BEGIN"}
[play-trace] {"span_id":29,"context_id":"8qcucfdl","t_ms":1578.7,"time_origin_ms":1788963451643.378,"ts_ms":1788963453222.1,"stage":"DIRECT_PREPARE_BEGIN"}
[play-trace] {"span_id":28,"elapsed_ms":0.1,"context_id":"8qcucfdl","t_ms":1578.8,"time_origin_ms":1788963451643.378,"ts_ms":1788963453222.2,"stage":"DIRECT_ACTIVATE_DONE"}
[play-trace] {"span_id":29,"elapsed_ms":0.1,"context_id":"8qcucfdl","t_ms":1578.8,"time_origin_ms":1788963451643.378,"ts_ms":1788963453222.2,"stage":"DIRECT_PREPARE_DONE"}

[90mstdout[2m | tests/component-dom/webTransportControllerLifecycle.behavior.test.ts[2m > [22m[2mWebTransportController lifecycle behavior[2m > [22m[2mdoes not publish a late session when logout wins during Worker initialize
[22m[39m[play-trace] {"elapsed_ms":1,"startup_message_count":0,"context_id":"8qcucfdl","t_ms":1578.9,"time_origin_ms":1788963451643.378,"ts_ms":1788963453222.3,"stage":"CONTROLLER_SESSION_PREPARE_DONE"}
[play-trace] {"elapsed_ms":0,"context_id":"8qcucfdl","t_ms":1578.9,"time_origin_ms":1788963451643.378,"ts_ms":1788963453222.3,"stage":"CONTROLLER_SESSION_ACTIVATE_DONE"}

[90mstdout[2m | tests/component-dom/webTransportControllerLifecycle.behavior.test.ts[2m > [22m[2mWebTransportController lifecycle behavior[2m > [22m[2mdoes not publish a late session when logout wins during Worker initialize
[22m[39m[play-trace] {"context_id":"8qcucfdl","t_ms":1579,"time_origin_ms":1788963451643.378,"ts_ms":1788963453222.3,"stage":"CONTROLLER_SESSION_MEDIA_GATE_OPEN"}
[play-trace] {"span_id":30,"context_id":"8qcucfdl","t_ms":1579,"time_origin_ms":1788963451643.378,"ts_ms":1788963453222.4,"stage":"DIRECT_INITIALIZE_BEGIN"}

[90mstdout[2m | tests/component-dom/webTransportControllerLifecycle.behavior.test.ts[2m > [22m[2mWebTransportController lifecycle behavior[2m > [22m[2mdoes not publish a late session when logout wins during Worker initialize
[22m[39m[play-trace] {"span_id":30,"elapsed_ms":49.7,"context_id":"8qcucfdl","t_ms":1628.7,"time_origin_ms":1788963451643.378,"ts_ms":1788963453272.1,"stage":"DIRECT_INITIALIZE_DONE"}

[90mstdout[2m | tests/component-dom/webTransportControllerLifecycle.behavior.test.ts[2m > [22m[2mWebTransportController lifecycle behavior[2m > [22m[2mdoes not revive an older generation when logout races a credential refresh
[22m[39m[play-trace] {"startup_beat_count":0,"context_id":"8qcucfdl","t_ms":1630.4,"time_origin_ms":1788963451643.378,"ts_ms":1788963453273.7,"stage":"CONTROLLER_CONNECT_NEW"}
[play-trace] {"startup_beat_count":0,"context_id":"8qcucfdl","t_ms":1630.4,"time_origin_ms":1788963451643.378,"ts_ms":1788963453273.8,"stage":"CONTROLLER_SESSION_PREPARE_BEGIN"}

[90mstdout[2m | tests/component-dom/webTransportControllerLifecycle.behavior.test.ts[2m > [22m[2mWebTransportController lifecycle behavior[2m > [22m[2mdoes not revive an older generation when logout races a credential refresh
[22m[39m[play-trace] {"span_id":31,"context_id":"8qcucfdl","t_ms":1630.5,"time_origin_ms":1788963451643.378,"ts_ms":1788963453273.9,"stage":"DIRECT_ACTIVATE_BEGIN"}
[play-trace] {"span_id":32,"context_id":"8qcucfdl","t_ms":1630.5,"time_origin_ms":1788963451643.378,"ts_ms":1788963453273.9,"stage":"DIRECT_PREPARE_BEGIN"}
[play-trace] {"span_id":31,"elapsed_ms":0.1,"context_id":"8qcucfdl","t_ms":1630.6,"time_origin_ms":1788963451643.378,"ts_ms":1788963453274,"stage":"DIRECT_ACTIVATE_DONE"}
[play-trace] {"span_id":32,"elapsed_ms":0.1,"context_id":"8qcucfdl","t_ms":1630.6,"time_origin_ms":1788963451643.378,"ts_ms":1788963453274,"stage":"DIRECT_PREPARE_DONE"}

[90mstdout[2m | tests/component-dom/webTransportControllerLifecycle.behavior.test.ts[2m > [22m[2mWebTransportController lifecycle behavior[2m > [22m[2mdoes not revive an older generation when logout races a credential refresh
[22m[39m[play-trace] {"elapsed_ms":1,"startup_message_count":0,"context_id":"8qcucfdl","t_ms":1630.7,"time_origin_ms":1788963451643.378,"ts_ms":1788963453274.1,"stage":"CONTROLLER_SESSION_PREPARE_DONE"}
[play-trace] {"elapsed_ms":1,"context_id":"8qcucfdl","t_ms":1630.7,"time_origin_ms":1788963451643.378,"ts_ms":1788963453274.1,"stage":"CONTROLLER_SESSION_ACTIVATE_DONE"}

[90mstdout[2m | tests/component-dom/webTransportControllerLifecycle.behavior.test.ts[2m > [22m[2mWebTransportController lifecycle behavior[2m > [22m[2mdoes not revive an older generation when logout races a credential refresh
[22m[39m[play-trace] {"context_id":"8qcucfdl","t_ms":1630.8,"time_origin_ms":1788963451643.378,"ts_ms":1788963453274.2,"stage":"CONTROLLER_SESSION_MEDIA_GATE_OPEN"}
[play-trace] {"span_id":33,"context_id":"8qcucfdl","t_ms":1630.8,"time_origin_ms":1788963451643.378,"ts_ms":1788963453274.2,"stage":"DIRECT_INITIALIZE_BEGIN"}

[90mstdout[2m | tests/component-dom/webTransportControllerLifecycle.behavior.test.ts[2m > [22m[2mWebTransportController lifecycle behavior[2m > [22m[2mdoes not revive an older generation when logout races a credential refresh
[22m[39m[play-trace] {"span_id":33,"elapsed_ms":0.1,"context_id":"8qcucfdl","t_ms":1630.9,"time_origin_ms":1788963451643.378,"ts_ms":1788963453274.3,"stage":"DIRECT_INITIALIZE_DONE"}

[90mstdout[2m | tests/component-dom/webTransportControllerLifecycle.behavior.test.ts[2m > [22m[2mWebTransportController lifecycle behavior[2m > [22m[2mdoes not revive an older generation when logout races a credential refresh
[22m[39m[play-trace] {"elapsed_ms":0,"context_id":"8qcucfdl","t_ms":1630.9,"time_origin_ms":1788963451643.378,"ts_ms":1788963453274.3,"stage":"CONTROLLER_SESSION_INITIALIZE_DONE"}
[play-trace] {"span_id":34,"context_id":"8qcucfdl","t_ms":1631,"time_origin_ms":1788963451643.378,"ts_ms":1788963453274.4,"stage":"DIRECT_BACKGROUND_GET_ME_BEGIN"}
[play-trace] {"span_id":35,"context_id":"8qcucfdl","t_ms":1631,"time_origin_ms":1788963451643.378,"ts_ms":1788963453274.4,"stage":"DIRECT_BACKGROUND_GET_CHAT_BEGIN"}
[play-trace] {"total_ms":1,"context_id":"8qcucfdl","t_ms":1631.1,"time_origin_ms":1788963451643.378,"ts_ms":1788963453274.4,"stage":"CONTROLLER_SESSION_DATA_PLANE_READY"}
[play-trace] {"span_id":34,"elapsed_ms":0.1,"context_id":"8qcucfdl","t_ms":1631.1,"time_origin_ms":1788963451643.378,"ts_ms":1788963453274.5,"stage":"DIRECT_BACKGROUND_GET_ME_DONE"}
[play-trace] {"span_id":35,"elapsed_ms":0.1,"context_id":"8qcucfdl","t_ms":1631.1,"time_origin_ms":1788963451643.378,"ts_ms":1788963453274.5,"stage":"DIRECT_BACKGROUND_GET_CHAT_DONE"}

[90mstdout[2m | tests/component-dom/webTransportControllerLifecycle.behavior.test.ts[2m > [22m[2mWebTransportController lifecycle behavior[2m > [22m[2mdoes not revive an older generation when logout races a credential refresh
[22m[39m[play-trace] {"context_id":"8qcucfdl","t_ms":1634.3,"time_origin_ms":1788963451643.378,"ts_ms":1788963453277.6,"stage":"CONTROLLER_BACKGROUND_VERIFY_READY"}

[90mstdout[2m | tests/component-dom/webTransportControllerLifecycle.behavior.test.ts[2m > [22m[2mWebTransportController lifecycle behavior[2m > [22m[2mdoes not revive an older generation when logout races a credential refresh
[22m[39m[play-trace] {"context_id":"8qcucfdl","t_ms":1634.6,"time_origin_ms":1788963451643.378,"ts_ms":1788963453278,"stage":"CONTROLLER_CONNECT_REUSE"}

[90mstdout[2m | tests/component-dom/webTransportControllerLifecycle.behavior.test.ts[2m > [22m[2mWebTransportController lifecycle behavior[2m > [22m[2mdoes not revive an older generation when logout races a credential refresh
[22m[39m[play-trace] {"context_id":"8qcucfdl","t_ms":1635,"time_origin_ms":1788963451643.378,"ts_ms":1788963453278.4,"stage":"CONTROLLER_CREDENTIAL_REFRESH_BEGIN"}

[90mstdout[2m | tests/component-dom/webTransportControllerLifecycle.behavior.test.ts[2m > [22m[2mWebTransportController lifecycle behavior[2m > [22m[2mdoes not revive an older generation when logout races a credential refresh
[22m[39m[play-trace] {"error_name":"Error","context_id":"8qcucfdl","t_ms":1684.8,"time_origin_ms":1788963451643.378,"ts_ms":1788963453328.2,"stage":"CONTROLLER_CREDENTIAL_REFRESH_FAILED"}

[90mstdout[2m | tests/component-dom/webTransportControllerLifecycle.behavior.test.ts[2m > [22m[2mWebTransportController lifecycle behavior[2m > [22m[2mtreats heartbeat expiry as integral local invalidation and denies subsequent reuse
[22m[39m[play-trace] {"startup_beat_count":0,"context_id":"8qcucfdl","t_ms":0,"time_origin_ms":1788963453330,"ts_ms":1788963453330,"stage":"CONTROLLER_CONNECT_NEW"}
[play-trace] {"startup_beat_count":0,"context_id":"8qcucfdl","t_ms":0,"time_origin_ms":1788963453330,"ts_ms":1788963453330,"stage":"CONTROLLER_SESSION_PREPARE_BEGIN"}

[90mstdout[2m | tests/component-dom/webTransportControllerLifecycle.behavior.test.ts[2m > [22m[2mWebTransportController lifecycle behavior[2m > [22m[2mtreats heartbeat expiry as integral local invalidation and denies subsequent reuse
[22m[39m[play-trace] {"span_id":36,"context_id":"8qcucfdl","t_ms":0,"time_origin_ms":1788963453330,"ts_ms":1788963453330,"stage":"DIRECT_ACTIVATE_BEGIN"}
[play-trace] {"span_id":37,"context_id":"8qcucfdl","t_ms":0,"time_origin_ms":1788963453330,"ts_ms":1788963453330,"stage":"DIRECT_PREPARE_BEGIN"}
[play-trace] {"span_id":36,"elapsed_ms":0,"context_id":"8qcucfdl","t_ms":0,"time_origin_ms":1788963453330,"ts_ms":1788963453330,"stage":"DIRECT_ACTIVATE_DONE"}
[play-trace] {"span_id":37,"elapsed_ms":0,"context_id":"8qcucfdl","t_ms":0,"time_origin_ms":1788963453330,"ts_ms":1788963453330,"stage":"DIRECT_PREPARE_DONE"}

[90mstdout[2m | tests/component-dom/webTransportControllerLifecycle.behavior.test.ts[2m > [22m[2mWebTransportController lifecycle behavior[2m > [22m[2mtreats heartbeat expiry as integral local invalidation and denies subsequent reuse
[22m[39m[play-trace] {"elapsed_ms":0,"startup_message_count":0,"context_id":"8qcucfdl","t_ms":0,"time_origin_ms":1788963453330,"ts_ms":1788963453330,"stage":"CONTROLLER_SESSION_PREPARE_DONE"}
[play-trace] {"elapsed_ms":0,"context_id":"8qcucfdl","t_ms":0,"time_origin_ms":1788963453330,"ts_ms":1788963453330,"stage":"CONTROLLER_SESSION_ACTIVATE_DONE"}

[90mstdout[2m | tests/component-dom/webTransportControllerLifecycle.behavior.test.ts[2m > [22m[2mWebTransportController lifecycle behavior[2m > [22m[2mtreats heartbeat expiry as integral local invalidation and denies subsequent reuse
[22m[39m[play-trace] {"context_id":"8qcucfdl","t_ms":0,"time_origin_ms":1788963453330,"ts_ms":1788963453330,"stage":"CONTROLLER_SESSION_MEDIA_GATE_OPEN"}
[play-trace] {"span_id":38,"context_id":"8qcucfdl","t_ms":0,"time_origin_ms":1788963453330,"ts_ms":1788963453330,"stage":"DIRECT_INITIALIZE_BEGIN"}

[90mstdout[2m | tests/component-dom/webTransportControllerLifecycle.behavior.test.ts[2m > [22m[2mWebTransportController lifecycle behavior[2m > [22m[2mtreats heartbeat expiry as integral local invalidation and denies subsequent reuse
[22m[39m[play-trace] {"span_id":38,"elapsed_ms":0,"context_id":"8qcucfdl","t_ms":0,"time_origin_ms":1788963453330,"ts_ms":1788963453330,"stage":"DIRECT_INITIALIZE_DONE"}

[90mstdout[2m | tests/component-dom/webTransportControllerLifecycle.behavior.test.ts[2m > [22m[2mWebTransportController lifecycle behavior[2m > [22m[2mtreats heartbeat expiry as integral local invalidation and denies subsequent reuse
[22m[39m[play-trace] {"elapsed_ms":0,"context_id":"8qcucfdl","t_ms":0,"time_origin_ms":1788963453330,"ts_ms":1788963453330,"stage":"CONTROLLER_SESSION_INITIALIZE_DONE"}
[play-trace] {"span_id":39,"context_id":"8qcucfdl","t_ms":0,"time_origin_ms":1788963453330,"ts_ms":1788963453330,"stage":"DIRECT_BACKGROUND_GET_ME_BEGIN"}
[play-trace] {"span_id":40,"context_id":"8qcucfdl","t_ms":0,"time_origin_ms":1788963453330,"ts_ms":1788963453330,"stage":"DIRECT_BACKGROUND_GET_CHAT_BEGIN"}
[play-trace] {"total_ms":0,"context_id":"8qcucfdl","t_ms":0,"time_origin_ms":1788963453330,"ts_ms":1788963453330,"stage":"CONTROLLER_SESSION_DATA_PLANE_READY"}
[play-trace] {"span_id":39,"elapsed_ms":0,"context_id":"8qcucfdl","t_ms":0,"time_origin_ms":1788963453330,"ts_ms":1788963453330,"stage":"DIRECT_BACKGROUND_GET_ME_DONE"}
[play-trace] {"span_id":40,"elapsed_ms":0,"context_id":"8qcucfdl","t_ms":0,"time_origin_ms":1788963453330,"ts_ms":1788963453330,"stage":"DIRECT_BACKGROUND_GET_CHAT_DONE"}

[90mstdout[2m | tests/component-dom/webTransportControllerLifecycle.behavior.test.ts[2m > [22m[2mWebTransportController lifecycle behavior[2m > [22m[2mtreats heartbeat expiry as integral local invalidation and denies subsequent reuse
[22m[39m[play-trace] {"context_id":"8qcucfdl","t_ms":0,"time_origin_ms":1788963453330,"ts_ms":1788963453330,"stage":"CONTROLLER_BACKGROUND_VERIFY_READY"}

 [32m✓[39m tests/component-dom/webTransportControllerLifecycle.behavior.test.ts [2m([22m[2m8 tests[22m[2m)[22m[32m 297[2mms[22m[39m
[90mstdout[2m | tests/component-dom/libraryReload.test.tsx[2m > [22m[2museLibraryReload[2m > [22m[2mapplies authoritative Reload and keeps the minimum refresh feedback
[22m[39m[library-refresh] APPLIED beats=1 attempt=1

 [32m✓[39m tests/component-dom/importSaveAll.test.tsx [2m([22m[2m4 tests[22m[2m)[22m[32m 46[2mms[22m[39m
 [32m✓[39m tests/component-dom/webImportCommit.test.ts [2m([22m[2m3 tests[22m[2m)[22m[32m 22[2mms[22m[39m
[90mstderr[2m | tests/component-dom/libraryReload.test.tsx[2m > [22m[2museLibraryReload[2m > [22m[2mapplies authoritative Reload and keeps the minimum refresh feedback
[22m[39mWarning: An update to Harness inside a test was not wrapped in act(...).

When testing, code that causes React state updates should be wrapped into act(...):

act(() => {
  /* fire events that update state */
});
/* assert on the output */

This ensures that you're testing the behavior the user would see in the browser. Learn more at https://reactjs.org/link/wrap-tests-with-act
    at Harness (/home/runner/work/BeatGaler/BeatGaler/tests/component-dom/libraryReload.test.tsx:55:20)

[90mstderr[2m | tests/component-dom/libraryReload.test.tsx[2m > [22m[2museLibraryReload[2m > [22m[2mapplies authoritative Reload and keeps the minimum refresh feedback
[22m[39mWarning: An update to Harness inside a test was not wrapped in act(...).

When testing, code that causes React state updates should be wrapped into act(...):

act(() => {
  /* fire events that update state */
});
/* assert on the output */

This ensures that you're testing the behavior the user would see in the browser. Learn more at https://reactjs.org/link/wrap-tests-with-act
    at Harness (/home/runner/work/BeatGaler/BeatGaler/tests/component-dom/libraryReload.test.tsx:55:20)

[90mstderr[2m | tests/component-dom/libraryReload.test.tsx[2m > [22m[2museLibraryReload[2m > [22m[2mdefers while uploads are active and consumes the queue event after drain
[22m[39mWarning: An update to Harness inside a test was not wrapped in act(...).

When testing, code that causes React state updates should be wrapped into act(...):

act(() => {
  /* fire events that update state */
});
/* assert on the output */

This ensures that you're testing the behavior the user would see in the browser. Learn more at https://reactjs.org/link/wrap-tests-with-act
    at Harness (/home/runner/work/BeatGaler/BeatGaler/tests/component-dom/libraryReload.test.tsx:55:20)

[90mstderr[2m | tests/component-dom/libraryReload.test.tsx[2m > [22m[2museLibraryReload[2m > [22m[2mdefers while uploads are active and consumes the queue event after drain
[22m[39mWarning: An update to Harness inside a test was not wrapped in act(...).

When testing, code that causes React state updates should be wrapped into act(...):

act(() => {
  /* fire events that update state */
});
/* assert on the output */

This ensures that you're testing the behavior the user would see in the browser. Learn more at https://reactjs.org/link/wrap-tests-with-act
    at Harness (/home/runner/work/BeatGaler/BeatGaler/tests/component-dom/libraryReload.test.tsx:55:20)

[90mstdout[2m | tests/component-dom/libraryReload.test.tsx[2m > [22m[2museLibraryReload[2m > [22m[2mdefers while uploads are active and consumes the queue event after drain
[22m[39m[library-refresh] APPLIED beats=1 attempt=1

[90mstdout[2m | tests/component-dom/webStartupPlaybackCoordinator.behavior.test.ts[2m > [22m[2mWebStartupPlaybackCoordinator behavior[2m > [22m[2mstarts exactly one Direct connection with zero candidates and opens the INDEX barrier
[22m[39m[play-trace] {"count":0,"context_id":"fq0gjvft","t_ms":740.7,"time_origin_ms":1788963454264.249,"ts_ms":1788963455004.9,"stage":"STARTUP_LOCAL_ROUTING_READY"}
[play-trace] {"startup_candidate_count":0,"context_id":"fq0gjvft","t_ms":741.2,"time_origin_ms":1788963454264.249,"ts_ms":1788963455005.5,"stage":"DIRECT_START_DISPATCHED"}

[90mstdout[2m | tests/component-dom/webStartupPlaybackCoordinator.behavior.test.ts[2m > [22m[2mWebStartupPlaybackCoordinator behavior[2m > [22m[2mstarts exactly one Direct connection with zero candidates and opens the INDEX barrier
[22m[39m[play-trace] {"count":0,"failures":0,"context_id":"fq0gjvft","t_ms":742.3,"time_origin_ms":1788963454264.249,"ts_ms":1788963455006.6,"stage":"ADAPTER_STARTUP_WARM_SETTLED"}

[90mstdout[2m | tests/component-dom/webStartupPlaybackCoordinator.behavior.test.ts[2m > [22m[2mWebStartupPlaybackCoordinator behavior[2m > [22m[2mcaptures fourteen local candidates once and keeps INDEX closed until every candidate reaches READY or FAILED
[22m[39m[play-trace] {"count":14,"context_id":"fq0gjvft","t_ms":747.1,"time_origin_ms":1788963454264.249,"ts_ms":1788963455011.4,"stage":"STARTUP_LOCAL_ROUTING_READY"}
[play-trace] {"startup_candidate_count":14,"context_id":"fq0gjvft","t_ms":748.1,"time_origin_ms":1788963454264.249,"ts_ms":1788963455012.3,"stage":"DIRECT_START_DISPATCHED"}
[play-trace] {"count":14,"context_id":"fq0gjvft","t_ms":748.1,"time_origin_ms":1788963454264.249,"ts_ms":1788963455012.4,"stage":"INDEX_WAIT_STARTUP"}
[play-trace] {"count":14,"context_id":"fq0gjvft","t_ms":749.1,"time_origin_ms":1788963454264.249,"ts_ms":1788963455013.3,"stage":"WARM_BATCH_BEGIN"}

[90mstdout[2m | tests/component-dom/webStartupPlaybackCoordinator.behavior.test.ts[2m > [22m[2mWebStartupPlaybackCoordinator behavior[2m > [22m[2mcaptures fourteen local candidates once and keeps INDEX closed until every candidate reaches READY or FAILED
[22m[39m[play-trace] {"count":14,"failures":1,"context_id":"fq0gjvft","t_ms":799.2,"time_origin_ms":1788963454264.249,"ts_ms":1788963455063.5,"stage":"ADAPTER_STARTUP_WARM_SETTLED"}

[90mstdout[2m | tests/component-dom/webStartupPlaybackCoordinator.behavior.test.ts[2m > [22m[2mWebStartupPlaybackCoordinator behavior[2m > [22m[2mretries a transient Direct startup failure without creating a second coordinator or changing its candidate set
[22m[39m[play-trace] {"count":1,"context_id":"fq0gjvft","t_ms":800.7,"time_origin_ms":1788963454264.249,"ts_ms":1788963455065,"stage":"STARTUP_LOCAL_ROUTING_READY"}
[play-trace] {"startup_candidate_count":1,"context_id":"fq0gjvft","t_ms":801.1,"time_origin_ms":1788963454264.249,"ts_ms":1788963455065.3,"stage":"DIRECT_START_DISPATCHED"}

[90mstdout[2m | tests/component-dom/webStartupPlaybackCoordinator.behavior.test.ts[2m > [22m[2mWebStartupPlaybackCoordinator behavior[2m > [22m[2mretries a transient Direct startup failure without creating a second coordinator or changing its candidate set
[22m[39m[play-trace] {"error_name":"Error","context_id":"fq0gjvft","t_ms":801.7,"time_origin_ms":1788963454264.249,"ts_ms":1788963455065.9,"stage":"DIRECT_START_RETRYABLE_FAILURE"}

[90mstdout[2m | tests/component-dom/webStartupPlaybackCoordinator.behavior.test.ts[2m > [22m[2mWebStartupPlaybackCoordinator behavior[2m > [22m[2mretries a transient Direct startup failure without creating a second coordinator or changing its candidate set
[22m[39m[play-trace] {"startup_candidate_count":1,"context_id":"fq0gjvft","t_ms":802.5,"time_origin_ms":1788963454264.249,"ts_ms":1788963455066.8,"stage":"DIRECT_START_DISPATCHED"}

[90mstdout[2m | tests/component-dom/webStartupPlaybackCoordinator.behavior.test.ts[2m > [22m[2mWebStartupPlaybackCoordinator behavior[2m > [22m[2mretries a transient Direct startup failure without creating a second coordinator or changing its candidate set
[22m[39m[play-trace] {"count":1,"context_id":"fq0gjvft","t_ms":802.7,"time_origin_ms":1788963454264.249,"ts_ms":1788963455067,"stage":"WARM_BATCH_BEGIN"}

[90mstdout[2m | tests/component-dom/webStartupPlaybackCoordinator.behavior.test.ts[2m > [22m[2mWebStartupPlaybackCoordinator behavior[2m > [22m[2mretries a transient Direct startup failure without creating a second coordinator or changing its candidate set
[22m[39m[play-trace] {"count":1,"failures":0,"context_id":"fq0gjvft","t_ms":802.9,"time_origin_ms":1788963454264.249,"ts_ms":1788963455067.1,"stage":"ADAPTER_STARTUP_WARM_SETTLED"}

[90mstdout[2m | tests/component-dom/webStartupPlaybackCoordinator.behavior.test.ts[2m > [22m[2mWebStartupPlaybackCoordinator behavior[2m > [22m[2mpurges SourceManager state on transport invalidation and detaches the listener on dispose
[22m[39m[play-trace] {"count":0,"context_id":"fq0gjvft","t_ms":804,"time_origin_ms":1788963454264.249,"ts_ms":1788963455068.2,"stage":"STARTUP_LOCAL_ROUTING_READY"}
[play-trace] {"context_id":"fq0gjvft","t_ms":804.5,"time_origin_ms":1788963454264.249,"ts_ms":1788963455068.8,"stage":"SOURCE_SESSION_INVALIDATED"}

 [32m✓[39m tests/component-dom/webStartupPlaybackCoordinator.behavior.test.ts [2m([22m[2m4 tests[22m[2m)[22m[32m 69[2mms[22m[39m
[90mstdout[2m | tests/component-dom/accountGateWeb.test.tsx[2m > [22m[2mAccountGate Web adapter[2m > [22m[2muses credentialed cookie transport and never persists the Web bearer
[22m[39m[play-trace] {"context_id":"jfqkdjt1","t_ms":899.3,"time_origin_ms":1788963454370.447,"ts_ms":1788963455269.7,"stage":"ADAPTER_TRANSPORT_PREWARM_BEGIN"}
[play-trace] {"span_id":1,"context_id":"jfqkdjt1","t_ms":900.1,"time_origin_ms":1788963454370.447,"ts_ms":1788963455270.5,"stage":"DIRECT_CODE_IMPORT_BEGIN"}

[90mstdout[2m | tests/component-dom/accountGateWeb.test.tsx[2m > [22m[2mAccountGate Web adapter[2m > [22m[2mclears a saved session only for an explicit 401/expiry
[22m[39m[play-trace] {"context_id":"jfqkdjt1","t_ms":904.7,"time_origin_ms":1788963454370.447,"ts_ms":1788963455275.1,"stage":"ADAPTER_TRANSPORT_PREWARM_BEGIN"}

 [32m✓[39m tests/component-dom/accountGateWeb.test.tsx [2m([22m[2m7 tests[22m[2m)[22m[32m 111[2mms[22m[39m
[90mstdout[2m | tests/component-dom/authUi11_2.test.tsx[2m > [22m[2mF2 11.2 complete Auth UI[2m > [22m[2mexposes reachable login, register, verify and password recovery flows with native labels/autocomplete
[22m[39m[play-trace] {"span_id":1,"context_id":"ce8us8mx","t_ms":819.5,"time_origin_ms":1788963455091.744,"ts_ms":1788963455911.3,"stage":"AUTH_RESTORE_BEGIN"}

[90mstdout[2m | tests/component-dom/authUi11_2.test.tsx[2m > [22m[2mF2 11.2 complete Auth UI[2m > [22m[2mexposes reachable login, register, verify and password recovery flows with native labels/autocomplete
[22m[39m[play-trace] {"auth_session":"signed_out","cancelled":false,"span_id":1,"elapsed_ms":1.4,"context_id":"ce8us8mx","t_ms":820.8,"time_origin_ms":1788963455091.744,"ts_ms":1788963455912.6,"stage":"AUTH_RESTORE_DONE"}

[90mstdout[2m | tests/component-dom/authUi11_2.test.tsx[2m > [22m[2mF2 11.2 complete Auth UI[2m > [22m[2mmoves a login that requires MFA into an accessible authenticator/recovery flow
[22m[39m[play-trace] {"span_id":2,"context_id":"ce8us8mx","t_ms":880.5,"time_origin_ms":1788963455091.744,"ts_ms":1788963455972.3,"stage":"AUTH_RESTORE_BEGIN"}

[90mstdout[2m | tests/component-dom/authUi11_2.test.tsx[2m > [22m[2mF2 11.2 complete Auth UI[2m > [22m[2mmoves a login that requires MFA into an accessible authenticator/recovery flow
[22m[39m[play-trace] {"auth_session":"signed_out","cancelled":false,"span_id":2,"elapsed_ms":0.5,"context_id":"ce8us8mx","t_ms":881.1,"time_origin_ms":1788963455091.744,"ts_ms":1788963455972.8,"stage":"AUTH_RESTORE_DONE"}

[90mstdout[2m | tests/component-dom/authUi11_2.test.tsx[2m > [22m[2mF2 11.2 complete Auth UI[2m > [22m[2moffers popup blocked recovery, redirect/new-tab fallback, cancel and retry semantics for OAuth
[22m[39m[play-trace] {"span_id":3,"context_id":"ce8us8mx","t_ms":901.4,"time_origin_ms":1788963455091.744,"ts_ms":1788963455993.1,"stage":"AUTH_RESTORE_BEGIN"}

[90mstdout[2m | tests/component-dom/authUi11_2.test.tsx[2m > [22m[2mF2 11.2 complete Auth UI[2m > [22m[2moffers popup blocked recovery, redirect/new-tab fallback, cancel and retry semantics for OAuth
[22m[39m[play-trace] {"auth_session":"signed_out","cancelled":false,"span_id":3,"elapsed_ms":0.3,"context_id":"ce8us8mx","t_ms":901.6,"time_origin_ms":1788963455091.744,"ts_ms":1788963455993.4,"stage":"AUTH_RESTORE_DONE"}

[90mstdout[2m | tests/component-dom/authUi11_2.test.tsx[2m > [22m[2mF2 11.2 complete Auth UI[2m > [22m[2mkeeps a remembered local shell visible when auth restore is transiently offline
[22m[39m[play-trace] {"span_id":4,"context_id":"ce8us8mx","t_ms":920.4,"time_origin_ms":1788963455091.744,"ts_ms":1788963456012.2,"stage":"AUTH_RESTORE_BEGIN"}
[play-trace] {"context_id":"ce8us8mx","t_ms":920.6,"time_origin_ms":1788963455091.744,"ts_ms":1788963456012.3,"stage":"AUTH_CACHE_REVEAL_OPTIMISTIC"}

[90mstdout[2m | tests/component-dom/authUi11_2.test.tsx[2m > [22m[2mF2 11.2 complete Auth UI[2m > [22m[2mkeeps a remembered local shell visible when auth restore is transiently offline
[22m[39m[play-trace] {"auth_session":"unknown","cancelled":false,"span_id":4,"elapsed_ms":0.9,"context_id":"ce8us8mx","t_ms":921.3,"time_origin_ms":1788963455091.744,"ts_ms":1788963456013.1,"stage":"AUTH_RESTORE_ERROR"}

 [32m✓[39m tests/component-dom/authUi11_2.test.tsx [2m([22m[2m4 tests[22m[2m)[22m[32m 122[2mms[22m[39m
 [32m✓[39m tests/component-dom/webDownloads.test.ts [2m([22m[2m3 tests[22m[2m)[22m[32m 71[2mms[22m[39m
 [32m✓[39m tests/component-dom/webBeatEdit.test.ts [2m([22m[2m3 tests[22m[2m)[22m[32m 14[2mms[22m[39m
 [32m✓[39m tests/component-dom/webLibrary.test.ts [2m([22m[2m6 tests[22m[2m)[22m[32m 110[2mms[22m[39m
[90mstderr[2m | tests/component-dom/webTransportInvalidation.behavior.test.tsx[2m > [22m[2mWeb transport invalidation behavior[2m > [22m[2mstops audible playback, detaches src and releases the active beat when the Web session is invalidated
[22m[39mWarning: `ReactDOMTestUtils.act` is deprecated in favor of `React.act`. Import `act` from `react` instead of `react-dom/test-utils`. See https://react.dev/warnings/react-dom-test-utils for more info.
Warning: The current testing environment is not configured to support act(...)

[90mstdout[2m | tests/component-dom/webTransportInvalidation.behavior.test.tsx[2m > [22m[2mWeb transport invalidation behavior[2m > [22m[2mstops audible playback, detaches src and releases the active beat when the Web session is invalidated
[22m[39m[play-trace] {"beat_id":"beat-1","ready_state":4,"paused":true,"context_id":"dd20xce5","t_ms":801.4,"time_origin_ms":1788963456876.378,"ts_ms":1788963457677.8,"stage":"AUDIO_PLAY_FUNCTION_ENTER"}
[play-trace] {"beat_id":"beat-1","ready_state":4,"url_scheme":"blob","context_id":"dd20xce5","t_ms":802.9,"time_origin_ms":1788963456876.378,"ts_ms":1788963457679.3,"stage":"AUDIO_SRC_SET"}
[play-trace] {"beat_id":"beat-1","context_id":"dd20xce5","t_ms":803.1,"time_origin_ms":1788963456876.378,"ts_ms":1788963457679.4,"stage":"AUDIO_PLAY_PROMISE_BEGIN"}
[play-trace] {"beat_id":"beat-1","ready_state":4,"context_id":"dd20xce5","t_ms":803.3,"time_origin_ms":1788963456876.378,"ts_ms":1788963457679.7,"stage":"AUDIO_EVENT_PLAY"}
[play-trace] {"beat_id":"beat-1","ready_state":4,"current_time":0,"context_id":"dd20xce5","t_ms":804.2,"time_origin_ms":1788963456876.378,"ts_ms":1788963457680.6,"stage":"AUDIO_EVENT_PLAYING"}

[90mstderr[2m | tests/component-dom/webTransportInvalidation.behavior.test.tsx[2m > [22m[2mWeb transport invalidation behavior[2m > [22m[2mstops audible playback, detaches src and releases the active beat when the Web session is invalidated
[22m[39mWarning: The current testing environment is not configured to support act(...)
Warning: The current testing environment is not configured to support act(...)
Warning: The current testing environment is not configured to support act(...)
Warning: The current testing environment is not configured to support act(...)

[90mstdout[2m | tests/component-dom/webTransportInvalidation.behavior.test.tsx[2m > [22m[2mWeb transport invalidation behavior[2m > [22m[2mstops audible playback, detaches src and releases the active beat when the Web session is invalidated
[22m[39m[play-trace] {"beat_id":"beat-1","context_id":"dd20xce5","t_ms":804.9,"time_origin_ms":1788963456876.378,"ts_ms":1788963457681.2,"stage":"AUDIO_PLAY_PROMISE_RESOLVED"}

[90mstdout[2m | tests/component-dom/webTransportInvalidation.behavior.test.tsx[2m > [22m[2mWeb transport invalidation behavior[2m > [22m[2mstops audible playback, detaches src and releases the active beat when the Web session is invalidated
[22m[39m[play-trace] {"beat_id":"beat-1","context_id":"dd20xce5","t_ms":807.2,"time_origin_ms":1788963456876.378,"ts_ms":1788963457683.5,"stage":"AUDIO_SESSION_INVALIDATED"}

[90mstderr[2m | tests/component-dom/webTransportInvalidation.behavior.test.tsx[2m > [22m[2mWeb transport invalidation behavior[2m > [22m[2mstops audible playback, detaches src and releases the active beat when the Web session is invalidated
[22m[39mWarning: The current testing environment is not configured to support act(...)
Warning: The current testing environment is not configured to support act(...)

[90mstderr[2m | tests/component-dom/webTransportInvalidation.behavior.test.tsx[2m > [22m[2mWeb transport invalidation behavior[2m > [22m[2mstops audible playback, detaches src and releases the active beat when the Web session is invalidated
[22m[39mWarning: The current testing environment is not configured to support act(...)

[90mstderr[2m | tests/component-dom/webTransportInvalidation.behavior.test.tsx[2m > [22m[2mWeb transport invalidation behavior[2m > [22m[2mrejects a late tracked Web URL after transport invalidation
[22m[39mWarning: The current testing environment is not configured to support act(...)

[90mstdout[2m | tests/component-dom/webTransportInvalidation.behavior.test.tsx[2m > [22m[2mWeb transport invalidation behavior[2m > [22m[2mrejects a late tracked Web URL after transport invalidation
[22m[39m[play-trace] {"beat_id":"beat-1","ready_state":4,"paused":true,"context_id":"dd20xce5","t_ms":816.5,"time_origin_ms":1788963456876.378,"ts_ms":1788963457692.9,"stage":"AUDIO_PLAY_FUNCTION_ENTER"}
[play-trace] {"beat_id":"beat-1","ready_state":4,"url_scheme":"blob","context_id":"dd20xce5","t_ms":816.8,"time_origin_ms":1788963456876.378,"ts_ms":1788963457693.2,"stage":"AUDIO_SRC_SET"}
[play-trace] {"beat_id":"beat-1","context_id":"dd20xce5","t_ms":817,"time_origin_ms":1788963456876.378,"ts_ms":1788963457693.3,"stage":"AUDIO_PLAY_PROMISE_BEGIN"}
[play-trace] {"beat_id":"beat-1","ready_state":4,"context_id":"dd20xce5","t_ms":817.1,"time_origin_ms":1788963456876.378,"ts_ms":1788963457693.4,"stage":"AUDIO_EVENT_PLAY"}
[play-trace] {"beat_id":"beat-1","ready_state":4,"current_time":0,"context_id":"dd20xce5","t_ms":817.3,"time_origin_ms":1788963456876.378,"ts_ms":1788963457693.7,"stage":"AUDIO_EVENT_PLAYING"}

[90mstderr[2m | tests/component-dom/webTransportInvalidation.behavior.test.tsx[2m > [22m[2mWeb transport invalidation behavior[2m > [22m[2mrejects a late tracked Web URL after transport invalidation
[22m[39mWarning: The current testing environment is not configured to support act(...)
Warning: The current testing environment is not configured to support act(...)
Warning: The current testing environment is not configured to support act(...)
Warning: The current testing environment is not configured to support act(...)

[90mstdout[2m | tests/component-dom/webTransportInvalidation.behavior.test.tsx[2m > [22m[2mWeb transport invalidation behavior[2m > [22m[2mrejects a late tracked Web URL after transport invalidation
[22m[39m[play-trace] {"beat_id":"beat-1","context_id":"dd20xce5","t_ms":818.2,"time_origin_ms":1788963456876.378,"ts_ms":1788963457694.6,"stage":"AUDIO_PLAY_PROMISE_RESOLVED"}

[90mstdout[2m | tests/component-dom/webTransportInvalidation.behavior.test.tsx[2m > [22m[2mWeb transport invalidation behavior[2m > [22m[2mrejects a late tracked Web URL after transport invalidation
[22m[39m[play-trace] {"beat_id":"beat-1","context_id":"dd20xce5","t_ms":819.2,"time_origin_ms":1788963456876.378,"ts_ms":1788963457695.6,"stage":"AUDIO_SESSION_INVALIDATED"}
[play-trace] {"beat_id":"beat-1","ready_state":4,"paused":true,"context_id":"dd20xce5","t_ms":819.8,"time_origin_ms":1788963456876.378,"ts_ms":1788963457696.2,"stage":"AUDIO_PLAY_FUNCTION_ENTER"}
[play-trace] {"beat_id":"beat-1","context_id":"dd20xce5","t_ms":819.8,"time_origin_ms":1788963456876.378,"ts_ms":1788963457696.2,"stage":"AUDIO_SUPERSEDED_PLAY_IGNORED"}

[90mstderr[2m | tests/component-dom/webTransportInvalidation.behavior.test.tsx[2m > [22m[2mWeb transport invalidation behavior[2m > [22m[2mrejects a late tracked Web URL after transport invalidation
[22m[39mWarning: The current testing environment is not configured to support act(...)
Warning: The current testing environment is not configured to support act(...)

[90mstderr[2m | tests/component-dom/webTransportInvalidation.behavior.test.tsx[2m > [22m[2mWeb transport invalidation behavior[2m > [22m[2mrejects a late tracked Web URL after transport invalidation
[22m[39mWarning: The current testing environment is not configured to support act(...)

[90mstderr[2m | tests/component-dom/webTransportInvalidation.behavior.test.tsx[2m > [22m[2mWeb transport invalidation behavior[2m > [22m[2mholds the current intent through an async route error and resumes the repaired URL at the previous playback time
[22m[39mWarning: The current testing environment is not configured to support act(...)

[90mstdout[2m | tests/component-dom/webTransportInvalidation.behavior.test.tsx[2m > [22m[2mWeb transport invalidation behavior[2m > [22m[2mholds the current intent through an async route error and resumes the repaired URL at the previous playback time
[22m[39m[play-trace] {"beat_id":"beat-1","ready_state":4,"paused":true,"context_id":"dd20xce5","t_ms":823.6,"time_origin_ms":1788963456876.378,"ts_ms":1788963457700,"stage":"AUDIO_PLAY_FUNCTION_ENTER"}
[play-trace] {"beat_id":"beat-1","ready_state":4,"url_scheme":"blob","context_id":"dd20xce5","t_ms":823.8,"time_origin_ms":1788963456876.378,"ts_ms":1788963457700.2,"stage":"AUDIO_SRC_SET"}
[play-trace] {"beat_id":"beat-1","context_id":"dd20xce5","t_ms":823.8,"time_origin_ms":1788963456876.378,"ts_ms":1788963457700.2,"stage":"AUDIO_PLAY_PROMISE_BEGIN"}
[play-trace] {"beat_id":"beat-1","ready_state":4,"context_id":"dd20xce5","t_ms":823.9,"time_origin_ms":1788963456876.378,"ts_ms":1788963457700.2,"stage":"AUDIO_EVENT_PLAY"}
[play-trace] {"beat_id":"beat-1","ready_state":4,"current_time":0,"context_id":"dd20xce5","t_ms":824,"time_origin_ms":1788963456876.378,"ts_ms":1788963457700.4,"stage":"AUDIO_EVENT_PLAYING"}

[90mstderr[2m | tests/component-dom/webTransportInvalidation.behavior.test.tsx[2m > [22m[2mWeb transport invalidation behavior[2m > [22m[2mholds the current intent through an async route error and resumes the repaired URL at the previous playback time
[22m[39mWarning: The current testing environment is not configured to support act(...)
Warning: The current testing environment is not configured to support act(...)
Warning: The current testing environment is not configured to support act(...)
Warning: The current testing environment is not configured to support act(...)

[90mstdout[2m | tests/component-dom/webTransportInvalidation.behavior.test.tsx[2m > [22m[2mWeb transport invalidation behavior[2m > [22m[2mholds the current intent through an async route error and resumes the repaired URL at the previous playback time
[22m[39m[play-trace] {"beat_id":"beat-1","context_id":"dd20xce5","t_ms":824.3,"time_origin_ms":1788963456876.378,"ts_ms":1788963457700.7,"stage":"AUDIO_PLAY_PROMISE_RESOLVED"}

[90mstdout[2m | tests/component-dom/webTransportInvalidation.behavior.test.tsx[2m > [22m[2mWeb transport invalidation behavior[2m > [22m[2mholds the current intent through an async route error and resumes the repaired URL at the previous playback time
[22m[39m[play-trace] {"beat_id":"beat-1","current_time":7.25,"context_id":"dd20xce5","t_ms":825.2,"time_origin_ms":1788963456876.378,"ts_ms":1788963457701.5,"stage":"AUDIO_ROUTE_RECOVERY_BEGIN"}
[play-trace] {"beat_id":"beat-1","media_error":null,"priming":false,"context_id":"dd20xce5","t_ms":825.4,"time_origin_ms":1788963456876.378,"ts_ms":1788963457701.7,"stage":"AUDIO_EVENT_ERROR"}

[90mstdout[2m | tests/component-dom/webTransportInvalidation.behavior.test.tsx[2m > [22m[2mWeb transport invalidation behavior[2m > [22m[2mholds the current intent through an async route error and resumes the repaired URL at the previous playback time
[22m[39m[play-trace] {"beat_id":"beat-1","context_id":"dd20xce5","t_ms":825.6,"time_origin_ms":1788963456876.378,"ts_ms":1788963457702,"stage":"AUDIO_ROUTE_RECOVERY_ERROR_HELD"}

[90mstdout[2m | tests/component-dom/webTransportInvalidation.behavior.test.tsx[2m > [22m[2mWeb transport invalidation behavior[2m > [22m[2mholds the current intent through an async route error and resumes the repaired URL at the previous playback time
[22m[39m[play-trace] {"beat_id":"beat-1","ready_state":4,"context_id":"dd20xce5","t_ms":826.1,"time_origin_ms":1788963456876.378,"ts_ms":1788963457702.5,"stage":"AUDIO_EVENT_PLAY"}
[play-trace] {"beat_id":"beat-1","ready_state":4,"current_time":7.25,"context_id":"dd20xce5","t_ms":826.3,"time_origin_ms":1788963456876.378,"ts_ms":1788963457702.6,"stage":"AUDIO_EVENT_PLAYING"}
[play-trace] {"beat_id":"beat-1","resume_time":7.25,"context_id":"dd20xce5","t_ms":826.4,"time_origin_ms":1788963456876.378,"ts_ms":1788963457702.8,"stage":"AUDIO_ROUTE_RECOVERY_READY"}

[90mstderr[2m | tests/component-dom/webTransportInvalidation.behavior.test.tsx[2m > [22m[2mWeb transport invalidation behavior[2m > [22m[2mholds the current intent through an async route error and resumes the repaired URL at the previous playback time
[22m[39mWarning: The current testing environment is not configured to support act(...)
Warning: The current testing environment is not configured to support act(...)

[90mstderr[2m | tests/component-dom/webTransportInvalidation.behavior.test.tsx[2m > [22m[2mWeb transport invalidation behavior[2m > [22m[2mholds the current intent through an async route error and resumes the repaired URL at the previous playback time
[22m[39mWarning: The current testing environment is not configured to support act(...)

[90mstderr[2m | tests/component-dom/webTransportInvalidation.behavior.test.tsx[2m > [22m[2mWeb transport invalidation behavior[2m > [22m[2mignores a late repaired URL after a newer beat supersedes the recovering beat
[22m[39mWarning: The current testing environment is not configured to support act(...)

[90mstdout[2m | tests/component-dom/webTransportInvalidation.behavior.test.tsx[2m > [22m[2mWeb transport invalidation behavior[2m > [22m[2mignores a late repaired URL after a newer beat supersedes the recovering beat
[22m[39m[play-trace] {"beat_id":"beat-1","ready_state":4,"paused":true,"context_id":"dd20xce5","t_ms":829.9,"time_origin_ms":1788963456876.378,"ts_ms":1788963457706.3,"stage":"AUDIO_PLAY_FUNCTION_ENTER"}
[play-trace] {"beat_id":"beat-1","ready_state":4,"url_scheme":"blob","context_id":"dd20xce5","t_ms":830.1,"time_origin_ms":1788963456876.378,"ts_ms":1788963457706.4,"stage":"AUDIO_SRC_SET"}
[play-trace] {"beat_id":"beat-1","context_id":"dd20xce5","t_ms":830.1,"time_origin_ms":1788963456876.378,"ts_ms":1788963457706.5,"stage":"AUDIO_PLAY_PROMISE_BEGIN"}
[play-trace] {"beat_id":"beat-1","ready_state":4,"context_id":"dd20xce5","t_ms":830.1,"time_origin_ms":1788963456876.378,"ts_ms":1788963457706.5,"stage":"AUDIO_EVENT_PLAY"}
[play-trace] {"beat_id":"beat-1","ready_state":4,"current_time":0,"context_id":"dd20xce5","t_ms":830.2,"time_origin_ms":1788963456876.378,"ts_ms":1788963457706.6,"stage":"AUDIO_EVENT_PLAYING"}

[90mstderr[2m | tests/component-dom/webTransportInvalidation.behavior.test.tsx[2m > [22m[2mWeb transport invalidation behavior[2m > [22m[2mignores a late repaired URL after a newer beat supersedes the recovering beat
[22m[39mWarning: The current testing environment is not configured to support act(...)
Warning: The current testing environment is not configured to support act(...)
Warning: The current testing environment is not configured to support act(...)
Warning: The current testing environment is not configured to support act(...)

[90mstdout[2m | tests/component-dom/webTransportInvalidation.behavior.test.tsx[2m > [22m[2mWeb transport invalidation behavior[2m > [22m[2mignores a late repaired URL after a newer beat supersedes the recovering beat
[22m[39m[play-trace] {"beat_id":"beat-1","context_id":"dd20xce5","t_ms":830.4,"time_origin_ms":1788963456876.378,"ts_ms":1788963457706.8,"stage":"AUDIO_PLAY_PROMISE_RESOLVED"}

[90mstdout[2m | tests/component-dom/webTransportInvalidation.behavior.test.tsx[2m > [22m[2mWeb transport invalidation behavior[2m > [22m[2mignores a late repaired URL after a newer beat supersedes the recovering beat
[22m[39m[play-trace] {"beat_id":"beat-1","current_time":0,"context_id":"dd20xce5","t_ms":830.8,"time_origin_ms":1788963456876.378,"ts_ms":1788963457707.2,"stage":"AUDIO_ROUTE_RECOVERY_BEGIN"}
[play-trace] {"beat_id":"beat-2","ready_state":4,"paused":false,"context_id":"dd20xce5","t_ms":830.9,"time_origin_ms":1788963456876.378,"ts_ms":1788963457707.3,"stage":"AUDIO_PLAY_FUNCTION_ENTER"}
[play-trace] {"beat_id":"beat-2","ready_state":4,"url_scheme":"blob","context_id":"dd20xce5","t_ms":831,"time_origin_ms":1788963456876.378,"ts_ms":1788963457707.4,"stage":"AUDIO_SRC_SET"}
[play-trace] {"beat_id":"beat-2","context_id":"dd20xce5","t_ms":831.1,"time_origin_ms":1788963456876.378,"ts_ms":1788963457707.5,"stage":"AUDIO_PLAY_PROMISE_BEGIN"}
[play-trace] {"beat_id":"beat-2","ready_state":4,"context_id":"dd20xce5","t_ms":831.1,"time_origin_ms":1788963456876.378,"ts_ms":1788963457707.5,"stage":"AUDIO_EVENT_PLAY"}
[play-trace] {"beat_id":"beat-2","ready_state":4,"current_time":0,"context_id":"dd20xce5","t_ms":831.2,"time_origin_ms":1788963456876.378,"ts_ms":1788963457707.6,"stage":"AUDIO_EVENT_PLAYING"}

[90mstderr[2m | tests/component-dom/webTransportInvalidation.behavior.test.tsx[2m > [22m[2mWeb transport invalidation behavior[2m > [22m[2mignores a late repaired URL after a newer beat supersedes the recovering beat
[22m[39mWarning: The current testing environment is not configured to support act(...)
Warning: The current testing environment is not configured to support act(...)
Warning: The current testing environment is not configured to support act(...)
Warning: The current testing environment is not configured to support act(...)

[90mstdout[2m | tests/component-dom/webTransportInvalidation.behavior.test.tsx[2m > [22m[2mWeb transport invalidation behavior[2m > [22m[2mignores a late repaired URL after a newer beat supersedes the recovering beat
[22m[39m[play-trace] {"beat_id":"beat-2","context_id":"dd20xce5","t_ms":831.7,"time_origin_ms":1788963456876.378,"ts_ms":1788963457708.1,"stage":"AUDIO_PLAY_PROMISE_RESOLVED"}

[90mstderr[2m | tests/component-dom/webTransportInvalidation.behavior.test.tsx[2m > [22m[2mWeb transport invalidation behavior[2m > [22m[2mignores a late repaired URL after a newer beat supersedes the recovering beat
[22m[39mWarning: The current testing environment is not configured to support act(...)

 [32m✓[39m tests/component-dom/webTransportInvalidation.behavior.test.tsx [2m([22m[2m4 tests[22m[2m)[22m[32m 48[2mms[22m[39m
[90mstdout[2m | tests/component-dom/importDiscovery.test.tsx[2m > [22m[2mincremental import discovery[2m > [22m[2mpublishes Beat 1 before the background scan finishes and then appends later beats
[22m[39m[review-diag] run=mtu6nida-mhfq IMPORT_BEGIN path_count=1 names=drop-root
[review-diag] run=mtu6nida-mhfq SKELETON_STATE_REQUESTED elapsed_ms=1
[review-diag] run=mtu6nida-mhfq SKELETON_FRAME elapsed_ms=1
[review-perf] DROP_RECEIVED 0 ms
[review-diag] run=mtu6nida-mhfq STREAM_INVOKE_START elapsed_ms=1

[90mstdout[2m | tests/component-dom/importDiscovery.test.tsx[2m > [22m[2mincremental import discovery[2m > [22m[2mpublishes Beat 1 before the background scan finishes and then appends later beats
[22m[39m[review-diag] run=mtu6nida-mhfq STREAM_INVOKE_END elapsed_ms=2 batch=batch-1
[review-perf] STREAM_READY 2 ms
[review-diag] run=mtu6nida-mhfq FIRST_PREPARE_INVOKE_START elapsed_ms=2

[90mstdout[2m | tests/component-dom/importDiscovery.test.tsx[2m > [22m[2mincremental import discovery[2m > [22m[2mpublishes Beat 1 before the background scan finishes and then appends later beats
[22m[39m[review-diag] run=mtu6nida-mhfq FIRST_PREPARE_INVOKE_END elapsed_ms=2 has_beat=true discovery_complete=false
[review-diag] run=mtu6nida-mhfq FIRST_REVIEW_STATE_SET elapsed_ms=3 beat=first
[review-diag] run=mtu6nida-mhfq FIRST_REVIEW_FRAME elapsed_ms=3 beat=first

[90mstdout[2m | tests/component-dom/importDiscovery.test.tsx[2m > [22m[2mincremental import discovery[2m > [22m[2mpublishes Beat 1 before the background scan finishes and then appends later beats
[22m[39m[review-diag] run=mtu6nida-mhfq BACKGROUND_ALLOWED elapsed_ms=3
[review-perf] FIRST_REVIEW_READY 3 ms

[90mstdout[2m | tests/component-dom/importDiscovery.test.tsx[2m > [22m[2mincremental import discovery[2m > [22m[2mpublishes Beat 1 before the background scan finishes and then appends later beats
[22m[39m[review-diag] run=mtu6nida-mhfq BACKGROUND_PREPARE_START n=2 elapsed_ms=5

[90mstdout[2m | tests/component-dom/importDiscovery.test.tsx[2m > [22m[2mincremental import discovery[2m > [22m[2mpublishes Beat 1 before the background scan finishes and then appends later beats
[22m[39m[review-diag] run=mtu6nida-mhfq BACKGROUND_PREPARE_END n=2 step_ms=3 elapsed_ms=8 has_beat=true done=true

[90mstdout[2m | tests/component-dom/importDiscovery.test.tsx[2m > [22m[2mincremental import discovery[2m > [22m[2mpublishes Beat 1 before the background scan finishes and then appends later beats
[22m[39m[review-perf] DISCOVERY_FINISHED 8 ms (2 normal, 0 conflict)
[review-diag] run=mtu6nida-mhfq DISCOVERY_FINISHED elapsed_ms=8 normal=2 conflicts=0

[90mstdout[2m | tests/component-dom/importDiscovery.test.tsx[2m > [22m[2mincremental import discovery[2m > [22m[2mdiscards a stream that resolves after Cancel and never reopens stale candidates
[22m[39m[review-diag] run=mtu6nidn-7f3j IMPORT_BEGIN path_count=1 names=slow-root
[review-diag] run=mtu6nidn-7f3j SKELETON_STATE_REQUESTED elapsed_ms=0
[review-diag] run=mtu6nidn-7f3j SKELETON_FRAME elapsed_ms=0
[review-perf] DROP_RECEIVED 0 ms
[review-diag] run=mtu6nidn-7f3j STREAM_INVOKE_START elapsed_ms=0

[90mstdout[2m | tests/component-dom/importDiscovery.test.tsx[2m > [22m[2mincremental import discovery[2m > [22m[2mdiscards a stream that resolves after Cancel and never reopens stale candidates
[22m[39m[review-diag] run=mtu6nidn-7f3j STREAM_INVOKE_END elapsed_ms=1 batch=batch-1

 [32m✓[39m tests/component-dom/importDiscovery.test.tsx [2m([22m[2m2 tests[22m[2m)[22m[32m 31[2mms[22m[39m
[90mstderr[2m | tests/component-dom/libraryReload.test.tsx[2m > [22m[2museLibraryReload[2m > [22m[2mretries authority four times and preserves the visible gallery on failure
[22m[39mTelegram library refresh failed after retries; preserving verified gallery: Error: authority unavailable
    at [90m/home/runner/work/BeatGaler/BeatGaler/[39mtests/component-dom/libraryReload.test.tsx:212:49
    at [90mfile:///home/runner/work/BeatGaler/BeatGaler/[39mnode_modules/[4m@vitest/runner[24m/dist/chunk-hooks.js:155:11
    at [90mfile:///home/runner/work/BeatGaler/BeatGaler/[39mnode_modules/[4m@vitest/runner[24m/dist/chunk-hooks.js:752:26
    at [90mfile:///home/runner/work/BeatGaler/BeatGaler/[39mnode_modules/[4m@vitest/runner[24m/dist/chunk-hooks.js:1897:20
    at new Promise (<anonymous>)
    at runWithTimeout [90m(file:///home/runner/work/BeatGaler/BeatGaler/[39mnode_modules/[4m@vitest/runner[24m/dist/chunk-hooks.js:1863:10[90m)[39m
    at runTest [90m(file:///home/runner/work/BeatGaler/BeatGaler/[39mnode_modules/[4m@vitest/runner[24m/dist/chunk-hooks.js:1574:12[90m)[39m
    at runSuite [90m(file:///home/runner/work/BeatGaler/BeatGaler/[39mnode_modules/[4m@vitest/runner[24m/dist/chunk-hooks.js:1729:8[90m)[39m
    at runSuite [90m(file:///home/runner/work/BeatGaler/BeatGaler/[39mnode_modules/[4m@vitest/runner[24m/dist/chunk-hooks.js:1729:8[90m)[39m
    at runFiles [90m(file:///home/runner/work/BeatGaler/BeatGaler/[39mnode_modules/[4m@vitest/runner[24m/dist/chunk-hooks.js:1787:3[90m)[39m
Warning: An update to Harness inside a test was not wrapped in act(...).

When testing, code that causes React state updates should be wrapped into act(...):

act(() => {
  /* fire events that update state */
});
/* assert on the output */

This ensures that you're testing the behavior the user would see in the browser. Learn more at https://reactjs.org/link/wrap-tests-with-act
    at Harness (/home/runner/work/BeatGaler/BeatGaler/tests/component-dom/libraryReload.test.tsx:55:20)
Warning: An update to Harness inside a test was not wrapped in act(...).

When testing, code that causes React state updates should be wrapped into act(...):

act(() => {
  /* fire events that update state */
});
/* assert on the output */

This ensures that you're testing the behavior the user would see in the browser. Learn more at https://reactjs.org/link/wrap-tests-with-act
    at Harness (/home/runner/work/BeatGaler/BeatGaler/tests/component-dom/libraryReload.test.tsx:55:20)
Warning: An update to Harness inside a test was not wrapped in act(...).

When testing, code that causes React state updates should be wrapped into act(...):

act(() => {
  /* fire events that update state */
});
/* assert on the output */

This ensures that you're testing the behavior the user would see in the browser. Learn more at https://reactjs.org/link/wrap-tests-with-act
    at Harness (/home/runner/work/BeatGaler/BeatGaler/tests/component-dom/libraryReload.test.tsx:55:20)

[90mstderr[2m | tests/component-dom/libraryReload.test.tsx[2m > [22m[2museLibraryReload[2m > [22m[2mretries authority four times and preserves the visible gallery on failure
[22m[39mWarning: An update to Harness inside a test was not wrapped in act(...).

When testing, code that causes React state updates should be wrapped into act(...):

act(() => {
  /* fire events that update state */
});
/* assert on the output */

This ensures that you're testing the behavior the user would see in the browser. Learn more at https://reactjs.org/link/wrap-tests-with-act
    at Harness (/home/runner/work/BeatGaler/BeatGaler/tests/component-dom/libraryReload.test.tsx:55:20)

 [32m✓[39m tests/component-dom/libraryReload.test.tsx [2m([22m[2m3 tests[22m[2m)[22m[33m 3782[2mms[22m[39m
   [33m[2m✓[22m[39m useLibraryReload[2m > [22mapplies authoritative Reload and keeps the minimum refresh feedback [33m 359[2mms[22m[39m
   [33m[2m✓[22m[39m useLibraryReload[2m > [22mdefers while uploads are active and consumes the queue event after drain [33m 692[2mms[22m[39m
   [33m[2m✓[22m[39m useLibraryReload[2m > [22mretries authority four times and preserves the visible gallery on failure [33m 2730[2mms[22m[39m
[90mstdout[2m | tests/component-dom/webTransportWorkerStartupVector.behavior.test.ts
[22m[39m[play-trace] {"context_id":"i0z3bij6","t_ms":922.1,"time_origin_ms":1788963457763.821,"ts_ms":1788963458685.9,"stage":"WORKER_MODULE_READY"}

[90mstdout[2m | tests/component-dom/webTransportWorkerStartupVector.behavior.test.ts[2m > [22m[2mWorker startup metadata vector[2m > [22m[2mresolves fourteen startup messages once and reuses both positive and negative results during warm
[22m[39m[play-trace] {"request_id":"vector-init","operation":"initialize","context_id":"i0z3bij6","t_ms":925.2,"time_origin_ms":1788963457763.821,"ts_ms":1788963458689,"stage":"WORKER_REQUEST_RECEIVED"}
[play-trace] {"context_id":"i0z3bij6","t_ms":925.7,"time_origin_ms":1788963457763.821,"ts_ms":1788963458689.5,"stage":"WORKER_INITIALIZE_BEGIN"}

[90mstdout[2m | tests/component-dom/webTransportWorkerStartupVector.behavior.test.ts[2m > [22m[2mWorker startup metadata vector[2m > [22m[2mresolves fourteen startup messages once and reuses both positive and negative results during warm
[22m[39m[play-trace] {"span_id":1,"context_id":"i0z3bij6","t_ms":929.9,"time_origin_ms":1788963457763.821,"ts_ms":1788963458693.7,"stage":"WORKER_MTPROTO_CONNECT_BEGIN"}

[90mstdout[2m | tests/component-dom/webTransportWorkerStartupVector.behavior.test.ts[2m > [22m[2mWorker startup metadata vector[2m > [22m[2mresolves fourteen startup messages once and reuses both positive and negative results during warm
[22m[39m[play-trace] {"span_id":1,"elapsed_ms":0.5,"context_id":"i0z3bij6","t_ms":930.4,"time_origin_ms":1788963457763.821,"ts_ms":1788963458694.2,"stage":"WORKER_MTPROTO_CONNECT_DONE"}
[play-trace] {"elapsed_ms":5,"context_id":"i0z3bij6","t_ms":930.4,"time_origin_ms":1788963457763.821,"ts_ms":1788963458694.3,"stage":"DIRECT_MTPROTO_READY"}
[play-trace] {"count":14,"attempt":1,"context_id":"i0z3bij6","t_ms":930.9,"time_origin_ms":1788963457763.821,"ts_ms":1788963458694.8,"stage":"WORKER_PLAYBACK_MEDIA_BATCH_RPC"}

[90mstdout[2m | tests/component-dom/webTransportWorkerStartupVector.behavior.test.ts[2m > [22m[2mWorker startup metadata vector[2m > [22m[2mresolves fourteen startup messages once and reuses both positive and negative results during warm
[22m[39m[play-trace] {"requested":14,"resolved":13,"missing":1,"context_id":"i0z3bij6","t_ms":931.9,"time_origin_ms":1788963457763.821,"ts_ms":1788963458695.7,"stage":"WORKER_STARTUP_MEDIA_BATCH_READY"}
[play-trace] {"elapsed_ms":6,"context_id":"i0z3bij6","t_ms":932,"time_origin_ms":1788963457763.821,"ts_ms":1788963458695.8,"stage":"WORKER_INITIALIZE_DONE"}

[90mstdout[2m | tests/component-dom/webTransportWorkerStartupVector.behavior.test.ts[2m > [22m[2mWorker startup metadata vector[2m > [22m[2mresolves fourteen startup messages once and reuses both positive and negative results during warm
[22m[39m[play-trace] {"count":14,"prefix_bytes":65536,"lanes":7,"context_id":"i0z3bij6","t_ms":980.7,"time_origin_ms":1788963457763.821,"ts_ms":1788963458744.5,"stage":"WARM_BATCH_BEGIN"}
[play-trace] {"message_id":501,"context_id":"i0z3bij6","t_ms":981.1,"time_origin_ms":1788963457763.821,"ts_ms":1788963458745,"stage":"WORKER_PLAYBACK_MEDIA_CACHE_HIT"}
[play-trace] {"message_id":502,"context_id":"i0z3bij6","t_ms":981.2,"time_origin_ms":1788963457763.821,"ts_ms":1788963458745,"stage":"WORKER_PLAYBACK_MEDIA_CACHE_HIT"}
[play-trace] {"message_id":503,"context_id":"i0z3bij6","t_ms":981.2,"time_origin_ms":1788963457763.821,"ts_ms":1788963458745.1,"stage":"WORKER_PLAYBACK_MEDIA_CACHE_HIT"}
[play-trace] {"message_id":504,"context_id":"i0z3bij6","t_ms":981.3,"time_origin_ms":1788963457763.821,"ts_ms":1788963458745.1,"stage":"WORKER_PLAYBACK_MEDIA_CACHE_HIT"}
[play-trace] {"message_id":505,"context_id":"i0z3bij6","t_ms":981.3,"time_origin_ms":1788963457763.821,"ts_ms":1788963458745.1,"stage":"WORKER_PLAYBACK_MEDIA_CACHE_HIT"}
[play-trace] {"message_id":506,"context_id":"i0z3bij6","t_ms":981.3,"time_origin_ms":1788963457763.821,"ts_ms":1788963458745.1,"stage":"WORKER_PLAYBACK_MEDIA_CACHE_HIT"}
[play-trace] {"message_id":507,"context_id":"i0z3bij6","t_ms":981.3,"time_origin_ms":1788963457763.821,"ts_ms":1788963458745.1,"stage":"WORKER_PLAYBACK_MEDIA_CACHE_HIT"}
[play-trace] {"message_id":508,"context_id":"i0z3bij6","t_ms":981.3,"time_origin_ms":1788963457763.821,"ts_ms":1788963458745.1,"stage":"WORKER_PLAYBACK_MEDIA_CACHE_HIT"}
[play-trace] {"message_id":509,"context_id":"i0z3bij6","t_ms":981.3,"time_origin_ms":1788963457763.821,"ts_ms":1788963458745.2,"stage":"WORKER_PLAYBACK_MEDIA_CACHE_HIT"}
[play-trace] {"message_id":510,"context_id":"i0z3bij6","t_ms":981.3,"time_origin_ms":1788963457763.821,"ts_ms":1788963458745.2,"stage":"WORKER_PLAYBACK_MEDIA_CACHE_HIT"}
[play-trace] {"message_id":511,"context_id":"i0z3bij6","t_ms":981.4,"time_origin_ms":1788963457763.821,"ts_ms":1788963458745.2,"stage":"WORKER_PLAYBACK_MEDIA_CACHE_HIT"}
[play-trace] {"message_id":512,"context_id":"i0z3bij6","t_ms":981.4,"time_origin_ms":1788963457763.821,"ts_ms":1788963458745.2,"stage":"WORKER_PLAYBACK_MEDIA_CACHE_HIT"}
[play-trace] {"message_id":513,"context_id":"i0z3bij6","t_ms":981.4,"time_origin_ms":1788963457763.821,"ts_ms":1788963458745.2,"stage":"WORKER_PLAYBACK_MEDIA_CACHE_HIT"}
[play-trace] {"message_id":514,"code":"ROUTE_MISSING","context_id":"i0z3bij6","t_ms":981.4,"time_origin_ms":1788963457763.821,"ts_ms":1788963458745.2,"stage":"WORKER_PLAYBACK_MEDIA_NEGATIVE_CACHE_HIT"}

[90mstdout[2m | tests/component-dom/webTransportWorkerStartupVector.behavior.test.ts[2m > [22m[2mWorker startup metadata vector[2m > [22m[2mresolves fourteen startup messages once and reuses both positive and negative results during warm
[22m[39m[play-trace] {"message_id":514,"status":"FAILED","code":"ROUTE_MISSING","context_id":"i0z3bij6","t_ms":984.9,"time_origin_ms":1788963457763.821,"ts_ms":1788963458748.7,"stage":"WORKER_PREFETCH_TERMINAL"}

[90mstdout[2m | tests/component-dom/webTransportWorkerStartupVector.behavior.test.ts[2m > [22m[2mWorker startup metadata vector[2m > [22m[2mresolves fourteen startup messages once and reuses both positive and negative results during warm
[22m[39m[play-trace] {"lane":1,"message_id":501,"scheduler":"IDLE","context_id":"i0z3bij6","t_ms":985.4,"time_origin_ms":1788963457763.821,"ts_ms":1788963458749.2,"stage":"WORKER_PREFETCH_LANE_TAKE"}
[play-trace] {"lane":2,"message_id":502,"scheduler":"IDLE","context_id":"i0z3bij6","t_ms":985.9,"time_origin_ms":1788963457763.821,"ts_ms":1788963458749.8,"stage":"WORKER_PREFETCH_LANE_TAKE"}
[play-trace] {"lane":3,"message_id":503,"scheduler":"IDLE","context_id":"i0z3bij6","t_ms":986,"time_origin_ms":1788963457763.821,"ts_ms":1788963458749.9,"stage":"WORKER_PREFETCH_LANE_TAKE"}
[play-trace] {"lane":4,"message_id":504,"scheduler":"IDLE","context_id":"i0z3bij6","t_ms":986.4,"time_origin_ms":1788963457763.821,"ts_ms":1788963458750.2,"stage":"WORKER_PREFETCH_LANE_TAKE"}
[play-trace] {"lane":5,"message_id":505,"scheduler":"IDLE","context_id":"i0z3bij6","t_ms":986.4,"time_origin_ms":1788963457763.821,"ts_ms":1788963458750.2,"stage":"WORKER_PREFETCH_LANE_TAKE"}
[play-trace] {"lane":6,"message_id":506,"scheduler":"IDLE","context_id":"i0z3bij6","t_ms":986.5,"time_origin_ms":1788963457763.821,"ts_ms":1788963458750.3,"stage":"WORKER_PREFETCH_LANE_TAKE"}
[play-trace] {"lane":7,"message_id":507,"scheduler":"IDLE","context_id":"i0z3bij6","t_ms":986.6,"time_origin_ms":1788963457763.821,"ts_ms":1788963458750.4,"stage":"WORKER_PREFETCH_LANE_TAKE"}

[90mstdout[2m | tests/component-dom/webTransportWorkerStartupVector.behavior.test.ts[2m > [22m[2mWorker startup metadata vector[2m > [22m[2mresolves fourteen startup messages once and reuses both positive and negative results during warm
[22m[39m[play-trace] {"message_id":501,"status":"READY","code":null,"context_id":"i0z3bij6","t_ms":987.5,"time_origin_ms":1788963457763.821,"ts_ms":1788963458751.4,"stage":"WORKER_PREFETCH_TERMINAL"}
[play-trace] {"message_id":501,"bytes":65536,"offset_bytes":0,"context_id":"i0z3bij6","t_ms":987.6,"time_origin_ms":1788963457763.821,"ts_ms":1788963458751.4,"stage":"WARM_PREFIX_READY"}
[play-trace] {"message_id":502,"status":"READY","code":null,"context_id":"i0z3bij6","t_ms":987.8,"time_origin_ms":1788963457763.821,"ts_ms":1788963458751.6,"stage":"WORKER_PREFETCH_TERMINAL"}
[play-trace] {"message_id":502,"bytes":65536,"offset_bytes":0,"context_id":"i0z3bij6","t_ms":987.8,"time_origin_ms":1788963457763.821,"ts_ms":1788963458751.6,"stage":"WARM_PREFIX_READY"}
[play-trace] {"message_id":503,"status":"READY","code":null,"context_id":"i0z3bij6","t_ms":987.9,"time_origin_ms":1788963457763.821,"ts_ms":1788963458751.8,"stage":"WORKER_PREFETCH_TERMINAL"}
[play-trace] {"message_id":503,"bytes":65536,"offset_bytes":0,"context_id":"i0z3bij6","t_ms":988,"time_origin_ms":1788963457763.821,"ts_ms":1788963458751.8,"stage":"WARM_PREFIX_READY"}
[play-trace] {"message_id":504,"status":"READY","code":null,"context_id":"i0z3bij6","t_ms":988.1,"time_origin_ms":1788963457763.821,"ts_ms":1788963458751.9,"stage":"WORKER_PREFETCH_TERMINAL"}
[play-trace] {"message_id":504,"bytes":65536,"offset_bytes":0,"context_id":"i0z3bij6","t_ms":988.1,"time_origin_ms":1788963457763.821,"ts_ms":1788963458752,"stage":"WARM_PREFIX_READY"}
[play-trace] {"message_id":505,"status":"READY","code":null,"context_id":"i0z3bij6","t_ms":988.3,"time_origin_ms":1788963457763.821,"ts_ms":1788963458752.1,"stage":"WORKER_PREFETCH_TERMINAL"}
[play-trace] {"message_id":505,"bytes":65536,"offset_bytes":0,"context_id":"i0z3bij6","t_ms":988.3,"time_origin_ms":1788963457763.821,"ts_ms":1788963458752.1,"stage":"WARM_PREFIX_READY"}
[play-trace] {"message_id":506,"status":"READY","code":null,"context_id":"i0z3bij6","t_ms":988.5,"time_origin_ms":1788963457763.821,"ts_ms":1788963458752.3,"stage":"WORKER_PREFETCH_TERMINAL"}
[play-trace] {"message_id":506,"bytes":65536,"offset_bytes":0,"context_id":"i0z3bij6","t_ms":988.5,"time_origin_ms":1788963457763.821,"ts_ms":1788963458752.3,"stage":"WARM_PREFIX_READY"}
[play-trace] {"message_id":507,"status":"READY","code":null,"context_id":"i0z3bij6","t_ms":988.7,"time_origin_ms":1788963457763.821,"ts_ms":1788963458752.5,"stage":"WORKER_PREFETCH_TERMINAL"}
[play-trace] {"message_id":507,"bytes":65536,"offset_bytes":0,"context_id":"i0z3bij6","t_ms":988.7,"time_origin_ms":1788963457763.821,"ts_ms":1788963458752.5,"stage":"WARM_PREFIX_READY"}

[90mstdout[2m | tests/component-dom/webTransportWorkerStartupVector.behavior.test.ts[2m > [22m[2mWorker startup metadata vector[2m > [22m[2mresolves fourteen startup messages once and reuses both positive and negative results during warm
[22m[39m[play-trace] {"lane":1,"message_id":508,"scheduler":"IDLE","context_id":"i0z3bij6","t_ms":989.8,"time_origin_ms":1788963457763.821,"ts_ms":1788963458753.6,"stage":"WORKER_PREFETCH_LANE_TAKE"}

[90mstdout[2m | tests/component-dom/webTransportWorkerStartupVector.behavior.test.ts[2m > [22m[2mWorker startup metadata vector[2m > [22m[2mresolves fourteen startup messages once and reuses both positive and negative results during warm
[22m[39m[play-trace] {"message_id":508,"status":"READY","code":null,"context_id":"i0z3bij6","t_ms":990.5,"time_origin_ms":1788963457763.821,"ts_ms":1788963458754.3,"stage":"WORKER_PREFETCH_TERMINAL"}
[play-trace] {"message_id":508,"bytes":65536,"offset_bytes":0,"context_id":"i0z3bij6","t_ms":990.6,"time_origin_ms":1788963457763.821,"ts_ms":1788963458754.4,"stage":"WARM_PREFIX_READY"}

[90mstdout[2m | tests/component-dom/webTransportWorkerStartupVector.behavior.test.ts[2m > [22m[2mWorker startup metadata vector[2m > [22m[2mresolves fourteen startup messages once and reuses both positive and negative results during warm
[22m[39m[play-trace] {"lane":2,"message_id":509,"scheduler":"IDLE","context_id":"i0z3bij6","t_ms":991,"time_origin_ms":1788963457763.821,"ts_ms":1788963458754.9,"stage":"WORKER_PREFETCH_LANE_TAKE"}

[90mstdout[2m | tests/component-dom/webTransportWorkerStartupVector.behavior.test.ts[2m > [22m[2mWorker startup metadata vector[2m > [22m[2mresolves fourteen startup messages once and reuses both positive and negative results during warm
[22m[39m[play-trace] {"message_id":509,"status":"READY","code":null,"context_id":"i0z3bij6","t_ms":991.6,"time_origin_ms":1788963457763.821,"ts_ms":1788963458755.5,"stage":"WORKER_PREFETCH_TERMINAL"}
[play-trace] {"message_id":509,"bytes":65536,"offset_bytes":0,"context_id":"i0z3bij6","t_ms":991.7,"time_origin_ms":1788963457763.821,"ts_ms":1788963458755.5,"stage":"WARM_PREFIX_READY"}

[90mstdout[2m | tests/component-dom/webTransportWorkerStartupVector.behavior.test.ts[2m > [22m[2mWorker startup metadata vector[2m > [22m[2mresolves fourteen startup messages once and reuses both positive and negative results during warm
[22m[39m[play-trace] {"lane":3,"message_id":510,"scheduler":"IDLE","context_id":"i0z3bij6","t_ms":992.2,"time_origin_ms":1788963457763.821,"ts_ms":1788963458756,"stage":"WORKER_PREFETCH_LANE_TAKE"}

[90mstdout[2m | tests/component-dom/webTransportWorkerStartupVector.behavior.test.ts[2m > [22m[2mWorker startup metadata vector[2m > [22m[2mresolves fourteen startup messages once and reuses both positive and negative results during warm
[22m[39m[play-trace] {"message_id":510,"status":"READY","code":null,"context_id":"i0z3bij6","t_ms":992.5,"time_origin_ms":1788963457763.821,"ts_ms":1788963458756.4,"stage":"WORKER_PREFETCH_TERMINAL"}
[play-trace] {"message_id":510,"bytes":65536,"offset_bytes":0,"context_id":"i0z3bij6","t_ms":992.6,"time_origin_ms":1788963457763.821,"ts_ms":1788963458756.4,"stage":"WARM_PREFIX_READY"}

[90mstdout[2m | tests/component-dom/webTransportWorkerStartupVector.behavior.test.ts[2m > [22m[2mWorker startup metadata vector[2m > [22m[2mresolves fourteen startup messages once and reuses both positive and negative results during warm
[22m[39m[play-trace] {"lane":4,"message_id":511,"scheduler":"IDLE","context_id":"i0z3bij6","t_ms":992.7,"time_origin_ms":1788963457763.821,"ts_ms":1788963458756.6,"stage":"WORKER_PREFETCH_LANE_TAKE"}

[90mstdout[2m | tests/component-dom/webTransportWorkerStartupVector.behavior.test.ts[2m > [22m[2mWorker startup metadata vector[2m > [22m[2mresolves fourteen startup messages once and reuses both positive and negative results during warm
[22m[39m[play-trace] {"message_id":511,"status":"READY","code":null,"context_id":"i0z3bij6","t_ms":993,"time_origin_ms":1788963457763.821,"ts_ms":1788963458756.9,"stage":"WORKER_PREFETCH_TERMINAL"}
[play-trace] {"message_id":511,"bytes":65536,"offset_bytes":0,"context_id":"i0z3bij6","t_ms":993.1,"time_origin_ms":1788963457763.821,"ts_ms":1788963458756.9,"stage":"WARM_PREFIX_READY"}

[90mstdout[2m | tests/component-dom/webTransportWorkerStartupVector.behavior.test.ts[2m > [22m[2mWorker startup metadata vector[2m > [22m[2mresolves fourteen startup messages once and reuses both positive and negative results during warm
[22m[39m[play-trace] {"lane":5,"message_id":512,"scheduler":"IDLE","context_id":"i0z3bij6","t_ms":993.2,"time_origin_ms":1788963457763.821,"ts_ms":1788963458757,"stage":"WORKER_PREFETCH_LANE_TAKE"}

[90mstdout[2m | tests/component-dom/webTransportWorkerStartupVector.behavior.test.ts[2m > [22m[2mWorker startup metadata vector[2m > [22m[2mresolves fourteen startup messages once and reuses both positive and negative results during warm
[22m[39m[play-trace] {"message_id":512,"status":"READY","code":null,"context_id":"i0z3bij6","t_ms":993.5,"time_origin_ms":1788963457763.821,"ts_ms":1788963458757.3,"stage":"WORKER_PREFETCH_TERMINAL"}
[play-trace] {"message_id":512,"bytes":65536,"offset_bytes":0,"context_id":"i0z3bij6","t_ms":993.5,"time_origin_ms":1788963457763.821,"ts_ms":1788963458757.3,"stage":"WARM_PREFIX_READY"}

[90mstdout[2m | tests/component-dom/webTransportWorkerStartupVector.behavior.test.ts[2m > [22m[2mWorker startup metadata vector[2m > [22m[2mresolves fourteen startup messages once and reuses both positive and negative results during warm
[22m[39m[play-trace] {"lane":6,"message_id":513,"scheduler":"IDLE","context_id":"i0z3bij6","t_ms":993.7,"time_origin_ms":1788963457763.821,"ts_ms":1788963458757.5,"stage":"WORKER_PREFETCH_LANE_TAKE"}

[90mstdout[2m | tests/component-dom/webTransportWorkerStartupVector.behavior.test.ts[2m > [22m[2mWorker startup metadata vector[2m > [22m[2mresolves fourteen startup messages once and reuses both positive and negative results during warm
[22m[39m[play-trace] {"message_id":513,"status":"READY","code":null,"context_id":"i0z3bij6","t_ms":994,"time_origin_ms":1788963457763.821,"ts_ms":1788963458757.8,"stage":"WORKER_PREFETCH_TERMINAL"}
[play-trace] {"message_id":513,"bytes":65536,"offset_bytes":0,"context_id":"i0z3bij6","t_ms":994,"time_origin_ms":1788963457763.821,"ts_ms":1788963458757.8,"stage":"WARM_PREFIX_READY"}

[90mstdout[2m | tests/component-dom/webTransportWorkerStartupVector.behavior.test.ts[2m > [22m[2mWorker startup metadata vector[2m > [22m[2mresolves fourteen startup messages once and reuses both positive and negative results during warm
[22m[39m[play-trace] {"count":14,"elapsed_ms":18,"failures":1,"context_id":"i0z3bij6","t_ms":997.4,"time_origin_ms":1788963457763.821,"ts_ms":1788963458761.2,"stage":"WORKER_PREFETCH_BATCH_DONE"}

 [32m✓[39m tests/component-dom/webTransportWorkerStartupVector.behavior.test.ts [2m([22m[2m1 test[22m[2m)[22m[32m 128[2mms[22m[39m
 [32m✓[39m tests/component-dom/webTrash.test.ts [2m([22m[2m4 tests[22m[2m)[22m[32m 27[2mms[22m[39m
[90mstdout[2m | tests/component-dom/webPlaybackBackgroundPriority.behavior.test.ts[2m > [22m[2mWeb playback priority over secondary reads[2m > [22m[2mphysically holds a background stream before Worker start while Play is critical
[22m[39m[play-trace] {"startup_beat_count":0,"context_id":"rvuy2anm","t_ms":1341.1,"time_origin_ms":1788963457732.882,"ts_ms":1788963459074,"stage":"TRANSPORT_CODE_PREWARM_ENTER"}
[play-trace] {"context_id":"rvuy2anm","t_ms":1342.1,"time_origin_ms":1788963457732.882,"ts_ms":1788963459075,"stage":"BACKGROUND_PAUSED_PLAY"}

[90mstdout[2m | tests/component-dom/webPlaybackBackgroundPriority.behavior.test.ts[2m > [22m[2mWeb playback priority over secondary reads[2m > [22m[2mphysically holds a background stream before Worker start while Play is critical
[22m[39m[play-trace] {"purpose":"other","context_id":"rvuy2anm","t_ms":1344.7,"time_origin_ms":1788963457732.882,"ts_ms":1788963459077.5,"stage":"TRANSPORT_STREAM_ENTER"}

[90mstdout[2m | tests/component-dom/webPlaybackBackgroundPriority.behavior.test.ts[2m > [22m[2mWeb playback priority over secondary reads[2m > [22m[2mphysically holds a background stream before Worker start while Play is critical
[22m[39m[play-trace] {"wait_ms":0,"purpose":"other","context_id":"rvuy2anm","t_ms":1344.9,"time_origin_ms":1788963457732.882,"ts_ms":1788963459077.8,"stage":"TRANSPORT_STREAM_CONNECTED"}
[play-trace] {"context_id":"rvuy2anm","t_ms":1345,"time_origin_ms":1788963457732.882,"ts_ms":1788963459077.9,"stage":"BACKGROUND_WAIT_PLAY"}

[90mstdout[2m | tests/component-dom/webPlaybackBackgroundPriority.behavior.test.ts[2m > [22m[2mWeb playback priority over secondary reads[2m > [22m[2mphysically holds a background stream before Worker start while Play is critical
[22m[39m[play-trace] {"context_id":"rvuy2anm","t_ms":1347.5,"time_origin_ms":1788963457732.882,"ts_ms":1788963459080.4,"stage":"BACKGROUND_RESUMED_PLAY"}

[90mstdout[2m | tests/component-dom/webPlaybackBackgroundPriority.behavior.test.ts[2m > [22m[2mWeb playback priority over secondary reads[2m > [22m[2mphysically holds a background stream before Worker start while Play is critical
[22m[39m[play-trace] {"total_ms":3,"purpose":"other","context_id":"rvuy2anm","t_ms":1347.8,"time_origin_ms":1788963457732.882,"ts_ms":1788963459080.6,"stage":"TRANSPORT_STREAM_WORKER_STARTED"}

[90mstdout[2m | tests/component-dom/webPlaybackBackgroundPriority.behavior.test.ts[2m > [22m[2mWeb playback priority over secondary reads[2m > [22m[2mphysically holds a background stream before Worker start while Play is critical
[22m[39m[play-trace] {"total_ms":3,"purpose":"other","context_id":"rvuy2anm","t_ms":1348,"time_origin_ms":1788963457732.882,"ts_ms":1788963459080.9,"stage":"TRANSPORT_STREAM_DONE"}

[90mstdout[2m | tests/component-dom/webPlaybackBackgroundPriority.behavior.test.ts[2m > [22m[2mWeb playback priority over secondary reads[2m > [22m[2mbackpressures the next background chunk/ACK when Play becomes critical mid-stream
[22m[39m[play-trace] {"startup_beat_count":0,"context_id":"rvuy2anm","t_ms":1349.1,"time_origin_ms":1788963457732.882,"ts_ms":1788963459082,"stage":"TRANSPORT_CODE_PREWARM_ENTER"}
[play-trace] {"purpose":"other","context_id":"rvuy2anm","t_ms":1350.2,"time_origin_ms":1788963457732.882,"ts_ms":1788963459083.1,"stage":"TRANSPORT_STREAM_ENTER"}

[90mstdout[2m | tests/component-dom/webPlaybackBackgroundPriority.behavior.test.ts[2m > [22m[2mWeb playback priority over secondary reads[2m > [22m[2mbackpressures the next background chunk/ACK when Play becomes critical mid-stream
[22m[39m[play-trace] {"wait_ms":0,"purpose":"other","context_id":"rvuy2anm","t_ms":1350.5,"time_origin_ms":1788963457732.882,"ts_ms":1788963459083.4,"stage":"TRANSPORT_STREAM_CONNECTED"}

[90mstdout[2m | tests/component-dom/webPlaybackBackgroundPriority.behavior.test.ts[2m > [22m[2mWeb playback priority over secondary reads[2m > [22m[2mbackpressures the next background chunk/ACK when Play becomes critical mid-stream
[22m[39m[play-trace] {"total_ms":0,"purpose":"other","context_id":"rvuy2anm","t_ms":1350.7,"time_origin_ms":1788963457732.882,"ts_ms":1788963459083.6,"stage":"TRANSPORT_STREAM_WORKER_STARTED"}

[90mstdout[2m | tests/component-dom/webPlaybackBackgroundPriority.behavior.test.ts[2m > [22m[2mWeb playback priority over secondary reads[2m > [22m[2mbackpressures the next background chunk/ACK when Play becomes critical mid-stream
[22m[39m[play-trace] {"context_id":"rvuy2anm","t_ms":1351,"time_origin_ms":1788963457732.882,"ts_ms":1788963459083.9,"stage":"BACKGROUND_PAUSED_PLAY"}
[play-trace] {"total_ms":0,"purpose":"other","context_id":"rvuy2anm","t_ms":1351,"time_origin_ms":1788963457732.882,"ts_ms":1788963459083.9,"stage":"TRANSPORT_STREAM_DONE"}

[90mstdout[2m | tests/component-dom/webPlaybackBackgroundPriority.behavior.test.ts[2m > [22m[2mWeb playback priority over secondary reads[2m > [22m[2mbackpressures the next background chunk/ACK when Play becomes critical mid-stream
[22m[39m[play-trace] {"context_id":"rvuy2anm","t_ms":1351.2,"time_origin_ms":1788963457732.882,"ts_ms":1788963459084.1,"stage":"BACKGROUND_WAIT_PLAY"}

[90mstdout[2m | tests/component-dom/webPlaybackBackgroundPriority.behavior.test.ts[2m > [22m[2mWeb playback priority over secondary reads[2m > [22m[2mbackpressures the next background chunk/ACK when Play becomes critical mid-stream
[22m[39m[play-trace] {"context_id":"rvuy2anm","t_ms":1351.8,"time_origin_ms":1788963457732.882,"ts_ms":1788963459084.7,"stage":"BACKGROUND_RESUMED_PLAY"}

[90mstdout[2m | tests/component-dom/webPlaybackBackgroundPriority.behavior.test.ts[2m > [22m[2mWeb playback priority over secondary reads[2m > [22m[2mkeeps playback lease-free while an export retains scoped authorization
[22m[39m[play-trace] {"startup_beat_count":0,"context_id":"rvuy2anm","t_ms":1352.4,"time_origin_ms":1788963457732.882,"ts_ms":1788963459085.3,"stage":"TRANSPORT_CODE_PREWARM_ENTER"}
[play-trace] {"purpose":"playback","context_id":"rvuy2anm","t_ms":1352.5,"time_origin_ms":1788963457732.882,"ts_ms":1788963459085.4,"stage":"TRANSPORT_STREAM_ENTER"}

[90mstdout[2m | tests/component-dom/webPlaybackBackgroundPriority.behavior.test.ts[2m > [22m[2mWeb playback priority over secondary reads[2m > [22m[2mkeeps playback lease-free while an export retains scoped authorization
[22m[39m[play-trace] {"wait_ms":0,"purpose":"playback","context_id":"rvuy2anm","t_ms":1352.6,"time_origin_ms":1788963457732.882,"ts_ms":1788963459085.5,"stage":"TRANSPORT_STREAM_CONNECTED"}
[play-trace] {"total_ms":0,"purpose":"playback","context_id":"rvuy2anm","t_ms":1353.1,"time_origin_ms":1788963457732.882,"ts_ms":1788963459085.9,"stage":"TRANSPORT_STREAM_WORKER_STARTED"}

[90mstdout[2m | tests/component-dom/webPlaybackBackgroundPriority.behavior.test.ts[2m > [22m[2mWeb playback priority over secondary reads[2m > [22m[2mkeeps playback lease-free while an export retains scoped authorization
[22m[39m[play-trace] {"purpose":"export","context_id":"rvuy2anm","t_ms":1353.4,"time_origin_ms":1788963457732.882,"ts_ms":1788963459086.3,"stage":"TRANSPORT_STREAM_ENTER"}
[play-trace] {"total_ms":1,"purpose":"playback","context_id":"rvuy2anm","t_ms":1353.5,"time_origin_ms":1788963457732.882,"ts_ms":1788963459086.4,"stage":"TRANSPORT_STREAM_DONE"}
[play-trace] {"wait_ms":0,"purpose":"export","context_id":"rvuy2anm","t_ms":1353.5,"time_origin_ms":1788963457732.882,"ts_ms":1788963459086.4,"stage":"TRANSPORT_STREAM_CONNECTED"}

[90mstdout[2m | tests/component-dom/webPlaybackBackgroundPriority.behavior.test.ts[2m > [22m[2mWeb playback priority over secondary reads[2m > [22m[2mkeeps playback lease-free while an export retains scoped authorization
[22m[39m[play-trace] {"total_ms":0,"purpose":"export","context_id":"rvuy2anm","t_ms":1354,"time_origin_ms":1788963457732.882,"ts_ms":1788963459086.9,"stage":"TRANSPORT_STREAM_WORKER_STARTED"}

[90mstdout[2m | tests/component-dom/webPlaybackBackgroundPriority.behavior.test.ts[2m > [22m[2mWeb playback priority over secondary reads[2m > [22m[2mkeeps playback lease-free while an export retains scoped authorization
[22m[39m[play-trace] {"total_ms":1,"purpose":"export","context_id":"rvuy2anm","t_ms":1354.3,"time_origin_ms":1788963457732.882,"ts_ms":1788963459087.2,"stage":"TRANSPORT_STREAM_DONE"}

[90mstdout[2m | tests/component-dom/webPlaybackBackgroundPriority.behavior.test.ts[2m > [22m[2mWeb playback priority over secondary reads[2m > [22m[2mkeeps artwork hydration inside load_artwork authorization and the background stream gate
[22m[39m[play-trace] {"startup_beat_count":0,"context_id":"rvuy2anm","t_ms":1356.5,"time_origin_ms":1788963457732.882,"ts_ms":1788963459089.3,"stage":"TRANSPORT_CODE_PREWARM_ENTER"}
[play-trace] {"context_id":"rvuy2anm","t_ms":1356.5,"time_origin_ms":1788963457732.882,"ts_ms":1788963459089.4,"stage":"BACKGROUND_PAUSED_PLAY"}

[90mstdout[2m | tests/component-dom/webPlaybackBackgroundPriority.behavior.test.ts[2m > [22m[2mWeb playback priority over secondary reads[2m > [22m[2mkeeps artwork hydration inside load_artwork authorization and the background stream gate
[22m[39m[play-trace] {"purpose":"other","context_id":"rvuy2anm","t_ms":1357.1,"time_origin_ms":1788963457732.882,"ts_ms":1788963459090,"stage":"TRANSPORT_STREAM_ENTER"}

[90mstdout[2m | tests/component-dom/webPlaybackBackgroundPriority.behavior.test.ts[2m > [22m[2mWeb playback priority over secondary reads[2m > [22m[2mkeeps artwork hydration inside load_artwork authorization and the background stream gate
[22m[39m[play-trace] {"wait_ms":0,"purpose":"other","context_id":"rvuy2anm","t_ms":1357.4,"time_origin_ms":1788963457732.882,"ts_ms":1788963459090.3,"stage":"TRANSPORT_STREAM_CONNECTED"}
[play-trace] {"context_id":"rvuy2anm","t_ms":1357.4,"time_origin_ms":1788963457732.882,"ts_ms":1788963459090.3,"stage":"BACKGROUND_WAIT_PLAY"}

[90mstdout[2m | tests/component-dom/webPlaybackBackgroundPriority.behavior.test.ts[2m > [22m[2mWeb playback priority over secondary reads[2m > [22m[2mkeeps artwork hydration inside load_artwork authorization and the background stream gate
[22m[39m[play-trace] {"context_id":"rvuy2anm","t_ms":1358.2,"time_origin_ms":1788963457732.882,"ts_ms":1788963459091.1,"stage":"BACKGROUND_RESUMED_PLAY"}

[90mstdout[2m | tests/component-dom/webPlaybackBackgroundPriority.behavior.test.ts[2m > [22m[2mWeb playback priority over secondary reads[2m > [22m[2mkeeps artwork hydration inside load_artwork authorization and the background stream gate
[22m[39m[play-trace] {"total_ms":1,"purpose":"other","context_id":"rvuy2anm","t_ms":1358.3,"time_origin_ms":1788963457732.882,"ts_ms":1788963459091.2,"stage":"TRANSPORT_STREAM_WORKER_STARTED"}

[90mstdout[2m | tests/component-dom/webPlaybackBackgroundPriority.behavior.test.ts[2m > [22m[2mWeb playback priority over secondary reads[2m > [22m[2mkeeps artwork hydration inside load_artwork authorization and the background stream gate
[22m[39m[play-trace] {"total_ms":1,"purpose":"other","context_id":"rvuy2anm","t_ms":1358.4,"time_origin_ms":1788963457732.882,"ts_ms":1788963459091.3,"stage":"TRANSPORT_STREAM_DONE"}

 [32m✓[39m tests/component-dom/webPlaybackBackgroundPriority.behavior.test.ts [2m([22m[2m4 tests[22m[2m)[22m[32m 22[2mms[22m[39m
 [32m✓[39m tests/component-dom/designFoundations.test.tsx [2m([22m[2m4 tests[22m[2m)[22m[32m 65[2mms[22m[39m
 [32m✓[39m tests/component-dom/sessionState.test.tsx [2m([22m[2m3 tests[22m[2m)[22m[32m 65[2mms[22m[39m
 [32m✓[39m tests/component-dom/webLibraryWindow.test.ts [2m([22m[2m4 tests[22m[2m)[22m[33m 945[2mms[22m[39m
   [33m[2m✓[22m[39m WebLibraryWindowConsumer[2m > [22mwalks 10k+ next/previous windows without duplicates or omissions and stays bounded [33m 875[2mms[22m[39m
 [32m✓[39m tests/component-dom/appAuxiliaryModals.test.tsx [2m([22m[2m3 tests[22m[2m)[22m[32m 141[2mms[22m[39m
 [32m✓[39m tests/component-dom/importReviewBasics.test.tsx [2m([22m[2m3 tests[22m[2m)[22m[32m 41[2mms[22m[39m
 [31m❯[39m tests/component-dom/startupRevealArchitecture.test.ts [2m([22m[2m9 tests[22m[2m | [22m[31m2 failed[39m[2m)[22m[32m 27[2mms[22m[39m
   [32m✓[39m Issue #97 startup reveal architecture[2m > [22mboots the presentation layer from the last verified lightweight manifest[32m 4[2mms[22m[39m
[31m   [31m×[31m Issue #97 startup reveal architecture[2m > [22mreserves every filtered beat slot while revealing only artwork-ready cards[39m[32m 11[2mms[22m[39m
[31m     → expected 'import React, { useState, useCallback…' to contain '<SortableContext items={filteredBeats…'[39m
   [32m✓[39m Issue #97 startup reveal architecture[2m > [22mdoes not gate card reveal on audio cooking[32m 0[2mms[22m[39m
[31m   [31m×[31m Issue #97 startup reveal architecture[2m > [22mrenders Empty Gallery only after online authority is verified[39m[32m 5[2mms[22m[39m
[31m     → expected 'import React, { useState, useCallback…' to contain 'cloudSessionVerified && connectionSta…'[39m
   [32m✓[39m Issue #97 startup reveal architecture[2m > [22mkeeps Web auth to one gate while preserving Desktop AccountGate[32m 0[2mms[22m[39m
   [32m✓[39m Issue #97 startup reveal architecture[2m > [22mkeeps online reveal monotonic across transport refreshes[32m 0[2mms[22m[39m
   [32m✓[39m Issue #97 startup reveal architecture[2m > [22mrefreshes cloud-backed playback even when cached metadata contains a stale blob URL[32m 2[2mms[22m[39m
   [32m✓[39m Issue #97 startup reveal architecture[2m > [22mkeeps productive Web auth on the same-origin proxy and clears remembered legacy endpoints[32m 0[2mms[22m[39m
   [32m✓[39m Issue #97 startup reveal architecture[2m > [22mserves WebAssembly with the streaming MIME type[32m 0[2mms[22m[39m
[90mstderr[2m | tests/component-dom/webCsrfFetchCoordinator.test.ts[2m > [22m[2mWeb CSRF fetch coordinator[2m > [22m[2mclassifies an event-ticket 403 as event-sync degradation without changing transport semantics
[22m[39m[event-sync] ticket authorization degraded; transport state unchanged {
  state: [32m'degraded'[39m,
  source: [32m'event_ticket'[39m,
  status: [33m403[39m,
  code: [32m'EVENT_AUTH_FORBIDDEN'[39m
}

 [32m✓[39m tests/component-dom/webCsrfFetchCoordinator.test.ts [2m([22m[2m4 tests[22m[2m)[22m[32m 27[2mms[22m[39m
[90mstdout[2m | tests/component-dom/webTransportControllerRefresh.test.ts[2m > [22m[2mWebTransportController credential refresh[2m > [22m[2mre-verifies refreshed Worker credentials before authorizing the next sensitive write
[22m[39m[play-trace] {"startup_beat_count":0,"context_id":"wbo6dby6","t_ms":1430.6,"time_origin_ms":1788963461236.403,"ts_ms":1788963462667.1,"stage":"CONTROLLER_CONNECT_NEW"}
[play-trace] {"startup_beat_count":0,"context_id":"wbo6dby6","t_ms":1431.5,"time_origin_ms":1788963461236.403,"ts_ms":1788963462667.9,"stage":"CONTROLLER_SESSION_PREPARE_BEGIN"}

[90mstdout[2m | tests/component-dom/webTransportControllerRefresh.test.ts[2m > [22m[2mWebTransportController credential refresh[2m > [22m[2mre-verifies refreshed Worker credentials before authorizing the next sensitive write
[22m[39m[play-trace] {"span_id":1,"context_id":"wbo6dby6","t_ms":1432.4,"time_origin_ms":1788963461236.403,"ts_ms":1788963462668.8,"stage":"DIRECT_ACTIVATE_BEGIN"}
[play-trace] {"span_id":2,"context_id":"wbo6dby6","t_ms":1432.5,"time_origin_ms":1788963461236.403,"ts_ms":1788963462668.9,"stage":"DIRECT_PREPARE_BEGIN"}
[play-trace] {"span_id":1,"elapsed_ms":0.3,"context_id":"wbo6dby6","t_ms":1432.7,"time_origin_ms":1788963461236.403,"ts_ms":1788963462669.1,"stage":"DIRECT_ACTIVATE_DONE"}
[play-trace] {"span_id":2,"elapsed_ms":0.2,"context_id":"wbo6dby6","t_ms":1432.8,"time_origin_ms":1788963461236.403,"ts_ms":1788963462669.2,"stage":"DIRECT_PREPARE_DONE"}

[90mstdout[2m | tests/component-dom/webTransportControllerRefresh.test.ts[2m > [22m[2mWebTransportController credential refresh[2m > [22m[2mre-verifies refreshed Worker credentials before authorizing the next sensitive write
[22m[39m[play-trace] {"elapsed_ms":2,"startup_message_count":0,"context_id":"wbo6dby6","t_ms":1433.1,"time_origin_ms":1788963461236.403,"ts_ms":1788963462669.5,"stage":"CONTROLLER_SESSION_PREPARE_DONE"}
[play-trace] {"elapsed_ms":1,"context_id":"wbo6dby6","t_ms":1433.2,"time_origin_ms":1788963461236.403,"ts_ms":1788963462669.6,"stage":"CONTROLLER_SESSION_ACTIVATE_DONE"}

[90mstdout[2m | tests/component-dom/webTransportControllerRefresh.test.ts[2m > [22m[2mWebTransportController credential refresh[2m > [22m[2mre-verifies refreshed Worker credentials before authorizing the next sensitive write
[22m[39m[play-trace] {"context_id":"wbo6dby6","t_ms":1433.5,"time_origin_ms":1788963461236.403,"ts_ms":1788963462669.9,"stage":"CONTROLLER_SESSION_MEDIA_GATE_OPEN"}
[play-trace] {"span_id":3,"context_id":"wbo6dby6","t_ms":1433.9,"time_origin_ms":1788963461236.403,"ts_ms":1788963462670.3,"stage":"DIRECT_INITIALIZE_BEGIN"}

[90mstdout[2m | tests/component-dom/webTransportControllerRefresh.test.ts[2m > [22m[2mWebTransportController credential refresh[2m > [22m[2mre-verifies refreshed Worker credentials before authorizing the next sensitive write
[22m[39m[play-trace] {"span_id":3,"elapsed_ms":0.6,"context_id":"wbo6dby6","t_ms":1434.4,"time_origin_ms":1788963461236.403,"ts_ms":1788963462670.8,"stage":"DIRECT_INITIALIZE_DONE"}

[90mstdout[2m | tests/component-dom/webTransportControllerRefresh.test.ts[2m > [22m[2mWebTransportController credential refresh[2m > [22m[2mre-verifies refreshed Worker credentials before authorizing the next sensitive write
[22m[39m[play-trace] {"elapsed_ms":1,"context_id":"wbo6dby6","t_ms":1434.7,"time_origin_ms":1788963461236.403,"ts_ms":1788963462671.1,"stage":"CONTROLLER_SESSION_INITIALIZE_DONE"}
[play-trace] {"span_id":4,"context_id":"wbo6dby6","t_ms":1434.9,"time_origin_ms":1788963461236.403,"ts_ms":1788963462671.3,"stage":"DIRECT_BACKGROUND_GET_ME_BEGIN"}
[play-trace] {"span_id":5,"context_id":"wbo6dby6","t_ms":1435,"time_origin_ms":1788963461236.403,"ts_ms":1788963462671.4,"stage":"DIRECT_BACKGROUND_GET_CHAT_BEGIN"}
[play-trace] {"total_ms":4,"context_id":"wbo6dby6","t_ms":1435.1,"time_origin_ms":1788963461236.403,"ts_ms":1788963462671.5,"stage":"CONTROLLER_SESSION_DATA_PLANE_READY"}
[play-trace] {"span_id":4,"elapsed_ms":0.2,"context_id":"wbo6dby6","t_ms":1435.1,"time_origin_ms":1788963461236.403,"ts_ms":1788963462671.5,"stage":"DIRECT_BACKGROUND_GET_ME_DONE"}
[play-trace] {"span_id":5,"elapsed_ms":0.2,"context_id":"wbo6dby6","t_ms":1435.2,"time_origin_ms":1788963461236.403,"ts_ms":1788963462671.6,"stage":"DIRECT_BACKGROUND_GET_CHAT_DONE"}

[90mstdout[2m | tests/component-dom/webTransportControllerRefresh.test.ts[2m > [22m[2mWebTransportController credential refresh[2m > [22m[2mre-verifies refreshed Worker credentials before authorizing the next sensitive write
[22m[39m[play-trace] {"context_id":"wbo6dby6","t_ms":1435.3,"time_origin_ms":1788963461236.403,"ts_ms":1788963462671.7,"stage":"CONTROLLER_BACKGROUND_VERIFY_READY"}

[90mstdout[2m | tests/component-dom/webTransportControllerRefresh.test.ts[2m > [22m[2mWebTransportController credential refresh[2m > [22m[2mre-verifies refreshed Worker credentials before authorizing the next sensitive write
[22m[39m[play-trace] {"context_id":"wbo6dby6","t_ms":1435.6,"time_origin_ms":1788963461236.403,"ts_ms":1788963462672,"stage":"CONTROLLER_CREDENTIAL_REFRESH_BEGIN"}

[90mstdout[2m | tests/component-dom/webTransportControllerRefresh.test.ts[2m > [22m[2mWebTransportController credential refresh[2m > [22m[2mre-verifies refreshed Worker credentials before authorizing the next sensitive write
[22m[39m[play-trace] {"context_id":"wbo6dby6","t_ms":1436,"time_origin_ms":1788963461236.403,"ts_ms":1788963462672.4,"stage":"CONTROLLER_CREDENTIAL_REFRESH_READY"}

[90mstdout[2m | tests/component-dom/webTransportControllerRefresh.test.ts[2m > [22m[2mWebTransportController credential refresh[2m > [22m[2mre-verifies refreshed Worker credentials before authorizing the next sensitive write
[22m[39m[play-trace] {"context_id":"wbo6dby6","t_ms":1436.1,"time_origin_ms":1788963461236.403,"ts_ms":1788963462672.5,"stage":"CONTROLLER_CONNECT_REUSE"}

 [32m✓[39m tests/component-dom/webTransportControllerRefresh.test.ts [2m([22m[2m1 test[22m[2m)[22m[32m 13[2mms[22m[39m
 [32m✓[39m tests/component-dom/artworkHydration.test.tsx [2m([22m[2m4 tests[22m[2m)[22m[32m 35[2mms[22m[39m
[90mstdout[2m | tests/component-dom/webPlatformShell.test.tsx[2m > [22m[2mBeatGaler Web platform shell[2m > [22m[2mloads an authenticated browser shell without Desktop bootstrap
[22m[39m[play-trace] {"span_id":1,"context_id":"33y8ece1","t_ms":1147,"time_origin_ms":1788963462054.186,"ts_ms":1788963463201.2,"stage":"DIRECT_CODE_IMPORT_BEGIN"}

[90mstdout[2m | tests/component-dom/webPlatformShell.test.tsx[2m > [22m[2mBeatGaler Web platform shell[2m > [22m[2mloads an authenticated browser shell without Desktop bootstrap
[22m[39m[play-trace] {"span_id":1,"elapsed_ms":11.8,"context_id":"33y8ece1","t_ms":1158.7,"time_origin_ms":1788963462054.186,"ts_ms":1788963463212.9,"stage":"DIRECT_CODE_IMPORT_DONE"}

[90mstdout[2m | tests/component-dom/webPlatformShell.test.tsx[2m > [22m[2mBeatGaler Web platform shell[2m > [22m[2mloads an authenticated browser shell without Desktop bootstrap
[22m[39m[play-trace] {"count":0,"context_id":"33y8ece1","t_ms":1160.6,"time_origin_ms":1788963462054.186,"ts_ms":1788963463214.8,"stage":"STARTUP_LOCAL_ROUTING_READY"}

[90mstdout[2m | tests/component-dom/webPlatformShell.test.tsx[2m > [22m[2mBeatGaler Web platform shell[2m > [22m[2mloads an authenticated browser shell without Desktop bootstrap
[22m[39m[play-trace] {"startup_candidate_count":0,"context_id":"33y8ece1","t_ms":1160.9,"time_origin_ms":1788963462054.186,"ts_ms":1788963463215.1,"stage":"DIRECT_START_DISPATCHED"}

[90mstdout[2m | tests/component-dom/webPlatformShell.test.tsx[2m > [22m[2mBeatGaler Web platform shell[2m > [22m[2mloads an authenticated browser shell without Desktop bootstrap
[22m[39m[play-trace] {"count":0,"failures":0,"context_id":"33y8ece1","t_ms":1161.2,"time_origin_ms":1788963462054.186,"ts_ms":1788963463215.4,"stage":"ADAPTER_STARTUP_WARM_SETTLED"}

[90mstdout[2m | tests/component-dom/webPlatformShell.test.tsx[2m > [22m[2mBeatGaler Web platform shell[2m > [22m[2mloads an authenticated browser shell without Desktop bootstrap
[22m[39m[web/library-window] load offset=0 materialized=0/0 max=0 avoided=0 ratio=0.0000

 [32m✓[39m tests/component-dom/webPlatformShell.test.tsx [2m([22m[2m3 tests[22m[2m)[22m[32m 152[2mms[22m[39m
 [32m✓[39m tests/component-dom/libraryState.test.tsx [2m([22m[2m2 tests[22m[2m)[22m[32m 43[2mms[22m[39m
 [32m✓[39m tests/component-dom/browserImport.test.tsx [2m([22m[2m2 tests[22m[2m)[22m[32m 39[2mms[22m[39m
 [32m✓[39m tests/component-dom/beatRuntimeRegistry.test.tsx [2m([22m[2m4 tests[22m[2m)[22m[32m 42[2mms[22m[39m
 [32m✓[39m tests/component-dom/webRememberedDirectPreconnect.behavior.test.ts [2m([22m[2m5 tests[22m[2m)[22m[32m 10[2mms[22m[39m
 [32m✓[39m tests/component-dom/appLibraryMenus.test.tsx [2m([22m[2m3 tests[22m[2m)[22m[32m 138[2mms[22m[39m
 [32m✓[39m tests/component-dom/mp3PlayablePrefix.test.ts [2m([22m[2m5 tests[22m[2m)[22m[32m 6[2mms[22m[39m
 [32m✓[39m tests/component-dom/webBeatEditDrawer.test.tsx [2m([22m[2m1 test[22m[2m)[22m[32m 145[2mms[22m[39m
[90mstderr[2m | tests/component-dom/webPlaybackSortCaller.test.tsx[2m > [22m[2mWeb playback sort caller[2m > [22m[2mupdates persisted startup14 immediately for every UI sort without a new OPEN
[22m[39mWarning: `ReactDOMTestUtils.act` is deprecated in favor of `React.act`. Import `act` from `react` instead of `react-dom/test-utils`. See https://react.dev/warnings/react-dom-test-utils for more info.
Warning: The current testing environment is not configured to support act(...)

[90mstderr[2m | tests/component-dom/webPlaybackSortCaller.test.tsx[2m > [22m[2mWeb playback sort caller[2m > [22m[2mupdates persisted startup14 immediately for every UI sort without a new OPEN
[22m[39mWarning: The current testing environment is not configured to support act(...)

[90mstderr[2m | tests/component-dom/webPlaybackSortCaller.test.tsx[2m > [22m[2mWeb playback sort caller[2m > [22m[2mupdates persisted startup14 immediately for every UI sort without a new OPEN
[22m[39mWarning: The current testing environment is not configured to support act(...)

[90mstderr[2m | tests/component-dom/webPlaybackSortCaller.test.tsx[2m > [22m[2mWeb playback sort caller[2m > [22m[2mupdates persisted startup14 immediately for every UI sort without a new OPEN
[22m[39mWarning: The current testing environment is not configured to support act(...)

[90mstderr[2m | tests/component-dom/webPlaybackSortCaller.test.tsx[2m > [22m[2mWeb playback sort caller[2m > [22m[2mupdates persisted startup14 immediately for every UI sort without a new OPEN
[22m[39mWarning: The current testing environment is not configured to support act(...)

[90mstderr[2m | tests/component-dom/webPlaybackSortCaller.test.tsx[2m > [22m[2mWeb playback sort caller[2m > [22m[2mis a Web-only hook and leaves routing unchanged when disabled
[22m[39mWarning: The current testing environment is not configured to support act(...)

[90mstderr[2m | tests/component-dom/webPlaybackSortCaller.test.tsx[2m > [22m[2mWeb playback sort caller[2m > [22m[2mis a Web-only hook and leaves routing unchanged when disabled
[22m[39mWarning: The current testing environment is not configured to support act(...)

 [32m✓[39m tests/component-dom/webPlaybackSortCaller.test.tsx [2m([22m[2m2 tests[22m[2m)[22m[32m 67[2mms[22m[39m
[90mstdout[2m | tests/component-dom/webNoTauri.test.ts[2m > [22m[2mBeatGaler Web no-Tauri contract[2m > [22m[2mruns Web platform flows without invoking any Tauri surface
[22m[39m[play-trace] {"span_id":1,"context_id":"vq6f72r1","t_ms":962.2,"time_origin_ms":1788963465449.673,"ts_ms":1788963466411.8,"stage":"DIRECT_CODE_IMPORT_BEGIN"}

[90mstdout[2m | tests/component-dom/webNoTauri.test.ts[2m > [22m[2mBeatGaler Web no-Tauri contract[2m > [22m[2mruns Web platform flows without invoking any Tauri surface
[22m[39m[play-trace] {"span_id":1,"elapsed_ms":23.6,"context_id":"vq6f72r1","t_ms":985.7,"time_origin_ms":1788963465449.673,"ts_ms":1788963466435.4,"stage":"DIRECT_CODE_IMPORT_DONE"}

[90mstdout[2m | tests/component-dom/webNoTauri.test.ts[2m > [22m[2mBeatGaler Web no-Tauri contract[2m > [22m[2mruns Web platform flows without invoking any Tauri surface
[22m[39m[play-trace] {"count":0,"context_id":"vq6f72r1","t_ms":991.3,"time_origin_ms":1788963465449.673,"ts_ms":1788963466441,"stage":"STARTUP_LOCAL_ROUTING_READY"}

[90mstdout[2m | tests/component-dom/webNoTauri.test.ts[2m > [22m[2mBeatGaler Web no-Tauri contract[2m > [22m[2mruns Web platform flows without invoking any Tauri surface
[22m[39m[play-trace] {"startup_candidate_count":0,"context_id":"vq6f72r1","t_ms":991.7,"time_origin_ms":1788963465449.673,"ts_ms":1788963466441.3,"stage":"DIRECT_START_DISPATCHED"}

[90mstdout[2m | tests/component-dom/webNoTauri.test.ts[2m > [22m[2mBeatGaler Web no-Tauri contract[2m > [22m[2mruns Web platform flows without invoking any Tauri surface
[22m[39m[play-trace] {"count":0,"failures":0,"context_id":"vq6f72r1","t_ms":992.1,"time_origin_ms":1788963465449.673,"ts_ms":1788963466441.7,"stage":"ADAPTER_STARTUP_WARM_SETTLED"}

[90mstdout[2m | tests/component-dom/webNoTauri.test.ts[2m > [22m[2mBeatGaler Web no-Tauri contract[2m > [22m[2mruns Web platform flows without invoking any Tauri surface
[22m[39m[web/library-window] load offset=0 materialized=0/0 max=0 avoided=0 ratio=0.0000

[90mstdout[2m | tests/component-dom/webNoTauri.test.ts[2m > [22m[2mBeatGaler Web no-Tauri contract[2m > [22m[2mruns Web platform flows without invoking any Tauri surface
[22m[39m[play-trace] {"context_id":"vq6f72r1","t_ms":1005.9,"time_origin_ms":1788963465449.673,"ts_ms":1788963466455.6,"stage":"ADAPTER_TRANSPORT_PREWARM_BEGIN"}

[90mstdout[2m | tests/component-dom/webNoTauri.test.ts[2m > [22m[2mBeatGaler Web no-Tauri contract[2m > [22m[2mruns Web platform flows without invoking any Tauri surface
[22m[39m[play-trace] {"context_id":"vq6f72r1","t_ms":1007.3,"time_origin_ms":1788963465449.673,"ts_ms":1788963466457,"stage":"ADAPTER_TRANSPORT_PREWARM_DISPATCHED"}

 [32m✓[39m tests/component-dom/webNoTauri.test.ts [2m([22m[2m1 test[22m[2m)[22m[32m 49[2mms[22m[39m
[90mstdout[2m | tests/component-dom/webTransportWorkerClientIndex.behavior.test.ts[2m > [22m[2mWorkerClient INDEX active-time accounting[2m > [22m[2mdoes not count more than 30 seconds of scheduler/preemption pause against the INDEX deadline
[22m[39m[play-trace] {"context_id":"rysrebvf","t_ms":0,"time_origin_ms":1788963466933,"ts_ms":1788963466933,"stage":"WORKER_CREATE_BEGIN"}
[play-trace] {"context_id":"rysrebvf","t_ms":0,"time_origin_ms":1788963466933,"ts_ms":1788963466933,"stage":"WORKER_CREATED"}
[play-trace] {"request_id":"624d914e-6b5e-4a31-88f3-9a81b80756aa","timeout_ms":1000,"context_id":"rysrebvf","t_ms":0,"time_origin_ms":1788963466933,"ts_ms":1788963466933,"stage":"WORKER_INDEX_DEADLINE_ACTIVE"}

[90mstdout[2m | tests/component-dom/webTransportWorkerClientIndex.behavior.test.ts[2m > [22m[2mWorkerClient INDEX active-time accounting[2m > [22m[2mdoes not count more than 30 seconds of scheduler/preemption pause against the INDEX deadline
[22m[39m[play-trace] {"request_id":"624d914e-6b5e-4a31-88f3-9a81b80756aa","context_id":"rysrebvf","t_ms":700,"time_origin_ms":1788963466933,"ts_ms":1788963467633,"stage":"WORKER_INDEX_DEADLINE_PAUSED"}

[90mstdout[2m | tests/component-dom/webTransportWorkerClientIndex.behavior.test.ts[2m > [22m[2mWorkerClient INDEX active-time accounting[2m > [22m[2mdoes not count more than 30 seconds of scheduler/preemption pause against the INDEX deadline
[22m[39m[play-trace] {"request_id":"624d914e-6b5e-4a31-88f3-9a81b80756aa","timeout_ms":1000,"context_id":"rysrebvf","t_ms":31700,"time_origin_ms":1788963466933,"ts_ms":1788963498633,"stage":"WORKER_INDEX_DEADLINE_ACTIVE"}

[90mstdout[2m | tests/component-dom/webTransportWorkerClientIndex.behavior.test.ts[2m > [22m[2mWorkerClient INDEX active-time accounting[2m > [22m[2mcancels only an INDEX read that hangs while active and keeps the Worker usable
[22m[39m[play-trace] {"context_id":"rysrebvf","t_ms":0,"time_origin_ms":1788963466947,"ts_ms":1788963466947,"stage":"WORKER_CREATE_BEGIN"}
[play-trace] {"context_id":"rysrebvf","t_ms":0,"time_origin_ms":1788963466947,"ts_ms":1788963466947,"stage":"WORKER_CREATED"}
[play-trace] {"request_id":"216c34ea-72ee-4645-a1c5-ac899e4d6b16","timeout_ms":1000,"context_id":"rysrebvf","t_ms":0,"time_origin_ms":1788963466947,"ts_ms":1788963466947,"stage":"WORKER_INDEX_DEADLINE_ACTIVE"}

[90mstdout[2m | tests/component-dom/webTransportWorkerClientIndex.behavior.test.ts[2m > [22m[2mWorkerClient INDEX active-time accounting[2m > [22m[2mcancels only an INDEX read that hangs while active and keeps the Worker usable
[22m[39m[play-trace] {"request_id":"216c34ea-72ee-4645-a1c5-ac899e4d6b16","context_id":"rysrebvf","t_ms":1000,"time_origin_ms":1788963466947,"ts_ms":1788963467947,"stage":"WORKER_INDEX_ACTIVE_TIMEOUT"}

[90mstdout[2m | tests/component-dom/webTransportWorkerClientIndex.behavior.test.ts[2m > [22m[2mWorkerClient INDEX active-time accounting[2m > [22m[2mcancels only an INDEX read that hangs while active and keeps the Worker usable
[22m[39m[play-trace] {"request_id":"0ce7d92d-9084-4e73-9c79-53dec99a4802","operation":"verify","context_id":"rysrebvf","t_ms":1000,"time_origin_ms":1788963466947,"ts_ms":1788963467947,"stage":"WORKER_REQUEST_POSTED"}
[play-trace] {"request_id":"0ce7d92d-9084-4e73-9c79-53dec99a4802","operation":"verify","ok":true,"context_id":"rysrebvf","t_ms":1000,"time_origin_ms":1788963466947,"ts_ms":1788963467947,"stage":"WORKER_RESPONSE_RECEIVED"}

 [32m✓[39m tests/component-dom/webTransportWorkerClientIndex.behavior.test.ts [2m([22m[2m2 tests[22m[2m)[22m[32m 24[2mms[22m[39m
 [32m✓[39m tests/component-dom/directStartupDiagnostics.test.ts [2m([22m[2m4 tests[22m[2m)[22m[32m 12[2mms[22m[39m
 [32m✓[39m tests/component-dom/webReviewSave.test.tsx [2m([22m[2m1 test[22m[2m)[22m[32m 137[2mms[22m[39m
 [32m✓[39m tests/component-dom/startupTrace.test.ts [2m([22m[2m6 tests[22m[2m)[22m[32m 45[2mms[22m[39m
 [32m✓[39m tests/component-dom/webPlaybackBackgroundPriority.test.ts [2m([22m[2m5 tests[22m[2m)[22m[32m 4[2mms[22m[39m
 [32m✓[39m tests/component-dom/webImport.test.ts [2m([22m[2m3 tests[22m[2m)[22m[32m 11[2mms[22m[39m
 [32m✓[39m tests/component-dom/beatSelection.test.tsx [2m([22m[2m1 test[22m[2m)[22m[32m 49[2mms[22m[39m
 [32m✓[39m tests/component-dom/webPlaybackIntent.test.ts [2m([22m[2m4 tests[22m[2m)[22m[32m 7[2mms[22m[39m
[90mstderr[2m | tests/component-dom/webLibraryReconciledCaller.test.tsx[2m > [22m[2mWeb reconciled library caller[2m > [22m[2mdelivers the authoritative reconciled page immediately to the live UI caller
[22m[39mWarning: `ReactDOMTestUtils.act` is deprecated in favor of `React.act`. Import `act` from `react` instead of `react-dom/test-utils`. See https://react.dev/warnings/react-dom-test-utils for more info.
Warning: The current testing environment is not configured to support act(...)

[90mstderr[2m | tests/component-dom/webLibraryReconciledCaller.test.tsx[2m > [22m[2mWeb reconciled library caller[2m > [22m[2mdelivers the authoritative reconciled page immediately to the live UI caller
[22m[39mWarning: The current testing environment is not configured to support act(...)

[90mstderr[2m | tests/component-dom/webLibraryReconciledCaller.test.tsx[2m > [22m[2mWeb reconciled library caller[2m > [22m[2mdoes nothing on Desktop/disabled callers
[22m[39mWarning: The current testing environment is not configured to support act(...)

[90mstderr[2m | tests/component-dom/webLibraryReconciledCaller.test.tsx[2m > [22m[2mWeb reconciled library caller[2m > [22m[2mdoes nothing on Desktop/disabled callers
[22m[39mWarning: The current testing environment is not configured to support act(...)

 [32m✓[39m tests/component-dom/webLibraryReconciledCaller.test.tsx [2m([22m[2m2 tests[22m[2m)[22m[32m 28[2mms[22m[39m
 [32m✓[39m tests/component-dom/webLibraryNavigation.test.ts [2m([22m[2m3 tests[22m[2m)[22m[32m 10[2mms[22m[39m
 [32m✓[39m tests/component-dom/libraryViewState.test.tsx [2m([22m[2m1 test[22m[2m)[22m[32m 26[2mms[22m[39m
 [32m✓[39m tests/component-dom/tagFilters.test.tsx [2m([22m[2m1 test[22m[2m)[22m[32m 24[2mms[22m[39m
 [32m✓[39m tests/component-dom/webPlaybackRouteRecovery.test.ts [2m([22m[2m3 tests[22m[2m)[22m[32m 3[2mms[22m[39m
[90mstdout[2m | tests/component-dom/webPlaybackDeletePurge.test.ts[2m > [22m[2mforgets a deleted beat by cancelling its warm member and removing its job
[22m[39m[play-trace] {"beat_id":"deleted-beat","message_id":88,"priority":"visible","context_id":"x9hc0w7p","t_ms":896.8,"time_origin_ms":1788963470477.469,"ts_ms":1788963471374.3,"stage":"SOURCE_PREFETCH_QUEUED"}

[90mstdout[2m | tests/component-dom/webPlaybackDeletePurge.test.ts[2m > [22m[2mforgets a deleted beat by cancelling its warm member and removing its job
[22m[39m[play-trace] {"priority":"visible","count":1,"context_id":"x9hc0w7p","t_ms":900.1,"time_origin_ms":1788963470477.469,"ts_ms":1788963471377.6,"stage":"SOURCE_PREFETCH_BATCH_BEGIN"}

[90mstdout[2m | tests/component-dom/webPlaybackDeletePurge.test.ts[2m > [22m[2mforgets a deleted beat by cancelling its warm member and removing its job
[22m[39m[play-trace] {"beat_id":"deleted-beat","context_id":"x9hc0w7p","t_ms":952.4,"time_origin_ms":1788963470477.469,"ts_ms":1788963471429.8,"stage":"SOURCE_BEAT_FORGOTTEN"}

[90mstdout[2m | tests/component-dom/webPlaybackDeletePurge.test.ts[2m > [22m[2mforgets a deleted beat by cancelling its warm member and removing its job
[22m[39m[play-trace] {"beat_id":"deleted-beat","message_id":89,"priority":"visible","context_id":"x9hc0w7p","t_ms":956.3,"time_origin_ms":1788963470477.469,"ts_ms":1788963471433.8,"stage":"SOURCE_PREFETCH_QUEUED"}

[90mstdout[2m | tests/component-dom/webPlaybackDeletePurge.test.ts[2m > [22m[2mforgets a deleted beat by cancelling its warm member and removing its job
[22m[39m[play-trace] {"priority":"visible","count":1,"context_id":"x9hc0w7p","t_ms":957.5,"time_origin_ms":1788963470477.469,"ts_ms":1788963471435,"stage":"SOURCE_PREFETCH_BATCH_BEGIN"}

[90mstdout[2m | tests/component-dom/webPlaybackDeletePurge.test.ts[2m > [22m[2mforgets a deleted beat by cancelling its warm member and removing its job
[22m[39m[play-trace] {"beat_id":"deleted-beat","context_id":"x9hc0w7p","t_ms":1007.4,"time_origin_ms":1788963470477.469,"ts_ms":1788963471484.9,"stage":"SOURCE_BEAT_FORGOTTEN"}

 [32m✓[39m tests/component-dom/webPlaybackDeletePurge.test.ts [2m([22m[2m2 tests[22m[2m)[22m[32m 121[2mms[22m[39m
 [32m✓[39m tests/component-dom/webSessionBootstrap.test.ts [2m([22m[2m4 tests[22m[2m)[22m[32m 6[2mms[22m[39m
 [32m✓[39m tests/component-dom/webTransportInvalidation.test.ts [2m([22m[2m3 tests[22m[2m)[22m[32m 7[2mms[22m[39m
 [32m✓[39m tests/component-dom/appShellExtraction.test.ts [2m([22m[2m2 tests[22m[2m)[22m[32m 5[2mms[22m[39m
 [32m✓[39m tests/component-dom/platformAccount.test.ts [2m([22m[2m2 tests[22m[2m)[22m[32m 8[2mms[22m[39m
 [32m✓[39m tests/component-dom/webTransportSession.test.ts [2m([22m[2m2 tests[22m[2m)[22m[32m 4[2mms[22m[39m
 [32m✓[39m tests/component-dom/artworkThumbnailCache.test.ts [2m([22m[2m3 tests[22m[2m)[22m[32m 3[2mms[22m[39m
 [32m✓[39m tests/component-dom/webStartupPlaybackCoordinator.test.ts [2m([22m[2m2 tests[22m[2m)[22m[32m 3[2mms[22m[39m
 [32m✓[39m tests/component-dom/webVisiblePlaybackPrefetch.test.ts [2m([22m[2m3 tests[22m[2m)[22m[32m 3[2mms[22m[39m

[31m⎯⎯⎯⎯⎯⎯⎯[39m[1m[41m Failed Tests 2 [49m[22m[31m⎯⎯⎯⎯⎯⎯⎯[39m

[41m[1m FAIL [22m[49m tests/component-dom/startupRevealArchitecture.test.ts[2m > [22mIssue #97 startup reveal architecture[2m > [22mreserves every filtered beat slot while revealing only artwork-ready cards
[31m[1mAssertionError[22m: expected 'import React, { useState, useCallback…' to contain '<SortableContext items={filteredBeats…'[39m

[32m- Expected[39m
[31m+ Received[39m

[32m- <SortableContext items={filteredBeats.map((b) => b.id)}[39m
[31m+ import React, { useState, useCallback, useEffect, useRef, useMemo } from "react";[39m
[31m+ import type { Beat } from "./types";[39m
[31m+ import BeatCard from "./components/BeatCard";[39m
[31m+ import Drawer from "./components/Drawer";[39m
[31m+ import Player from "./components/Player";[39m
[31m+ import AddBeatModal from "./components/AddBeatModal";[39m
[31m+ import SettingsPanel from "./components/SettingsPanel";[39m
[31m+ import AccountGate, { logoutBeatGalerAccount } from "./components/AccountGate";[39m
[31m+ import UploadModal from "./components/UploadModal";[39m
[31m+ import JobStatusBar from "./components/JobStatusBar";[39m
[31m+ import { PlusIcon, Artwork } from "./components/ui";[39m
[31m+ import { useAudio } from "./hooks/useAudio";[39m
[31m+ import { loadLibrary, readBeatMeta, saveBeatMeta, discardImportReviewBatch, uploadBeatToTelegram, downloadBeatFromTelegram, prepareBeatForPlayback, warmBeatForPlayback, getDownloadCookingStatus, downloadCookingDiagnosticEvent, uploadProjectToTelegram, uploadDroppedFileToTelegram, downloadCloudFileToCache, downloadProjectToCache, revealInExplorer, syncBeatMetadataToTelegram, copyExportFile, copyAudioMetadata, prepareUniqueExportFolder, type CloudFileType, isTauriAvailable } from "./lib/tauri";[39m
[31m+ import { libraryStateManager } from "./lib/libraryStateManager";[39m
[31m+ import { platform } from "./platform";[39m
[31m+ import { DndContext, DragOverlay, closestCenter } from "@dnd-kit/core";[39m
[31m+ import { SortableContext, rectSortingStrategy } from "@dnd-kit/sortable";[39m
[31m+ import { appAlert, appConfirm } from "./lib/dialog";[39m
[31m+ import { sanitizeUserVisibleText } from "./lib/userVisibleError";[39m
[31m+ import { useTagColors, setTagColor } from "./lib/tagColors";[39m
[31m+ import { registerJob, updateJob } from "./lib/jobStore";[39m
[31m+ import { cleanTags } from "./lib/metadataValidation";[39m
[31m+ import { cleanupOrphanedDropStaging, cleanupStagedDropPaths } from "./features/dragdrop/dropStaging";[39m
[31m+ import CloudFilesModal from "./features/downloads/components/CloudFilesModal";[39m
[31m+ import { useBeatDownloads } from "./features/downloads/useBeatDownloads";[39m
[31m+ import BeatFileDropModal, { type DroppedBeatFileRole } from "./features/dragdrop/components/BeatFileDropModal";[39m
[31m+ import SearchBar from "./features/library/components/SearchBar";[39m
[31m+ import SortMenu from "./features/library/components/SortMenu";[39m
[31m+ import TagColorMenu from "./features/tags/components/TagColorMenu";[39m
[31m+ import { useArtworkHydration } from "./features/artwork/useArtworkHydration";[39m
[31m+ import { useCloudUploadQueue } from "./features/cloud/useCloudUploadQueue";[39m
[31m+ import ImportReviewHost, { ImportResolutionHost } from "./features/import/components/ImportReviewHost";[39m
[31m+ import { useImportSession } from "./features/import/useImportSession";[39m
[31m+ import { useImportReview } from "./features/import/useImportReview";[39m
[31m+ import { useImportDiscovery } from "./features/import/useImportDiscovery";[39m
[31m+ import { useImportSaveAll } from "./features/import/useImportSaveAll";[39m
[31m+ import { useBrowserImport } from "./features/import/useBrowserImport";[39m
[31m+ import { extensionFromPath, fileNameFromPath, isBackupFolderPath } from "./features/dragdrop/pathHelpers";[39m
[31m+ import { useHtmlLibraryDrop } from "./features/dragdrop/useHtmlLibraryDrop";[39m
[31m+ import { useNativeLibraryDrop } from "./features/dragdrop/useNativeLibraryDrop";[39m
[31m+ import { cloudBeatFingerprint, drawerMetadataCommitFingerprint, libraryViewFingerprint } from "./features/library/libraryFingerprints";[39m
[31m+ import { clearUploadPreviewCache, preserveLoadedArtwork } from "./features/library/libraryPresentationCache";[39m
[31m+ import { selectFilteredAndSortedBeats } from "./features/library/librarySelectors";[39m
[31m+ import { useLibraryViewState } from "./features/library/useLibraryViewState";[39m
[31m+ import { useLibraryReorder } from "./features/library/useLibraryReorder";[39m
[31m+ import { useBeatSelection } from "./features/selection/useBeatSelection";[39m
[31m+ import { selectAllTags, selectTagFrequency, selectTagSuggestions } from "./features/tags/tagSelectors";[39m
[31m+ import { useTagFilters } from "./features/tags/useTagFilters";[39m
[31m+ import { useTagRename } from "./features/tags/useTagRename";[39m
[31m+ import TagRenameDialog from "./features/tags/components/TagRenameDialog";[39m
[31m+ import { useLibraryPresentationCache, useLibraryState } from "./features/library/useLibraryState";[39m
[31m+ import { useLibraryReload } from "./features/library/useLibraryReload";[39m
[31m+ import { useStartupBootstrap } from "./features/startup/useStartupBootstrap";[39m
[31m+ import { useLibraryReveal } from "./features/startup/useLibraryReveal";[39m
[31m+ import { dismissBeatGalerStartupLoader } from "./features/startup/startupLoader";[39m
[31m+ import { useWebPlaybackSortRouting } from "./features/playback/useWebPlaybackSortRouting";[39m
[31m+ import { usePlaybackController } from "./features/playback/usePlaybackController";[39m
[31m+ import { usePlaybackQueue } from "./features/playback/usePlaybackQueue";[39m
[31m+ import { useDrawerCloudPersistence } from "./features/edit/useDrawerCloudPersistence";[39m
[31m+ import { useBeatAssetUpdates } from "./features/edit/useBeatAssetUpdates";[39m
[31m+ import { useBeatProjects } from "./features/projects/useBeatProjects";[39m
[31m+ import { useOfflineAvailability } from "./features/offline/useOfflineAvailability";[39m
[31m+ import { useTrashActions } from "./features/trash/useTrashActions";[39m
[31m+ import { useWebLibraryReconciled } from "./features/library/useWebLibraryReconciled";[39m
[31m+ import { createBeatRuntimeState } from "./features/state/beatRuntimeState";[39m
[31m+ import { useBeatRuntimeRegistry } from "./features/state/useBeatRuntimeRegistry";[39m
[31m+ import { useSessionState } from "./features/session/useSessionState";[39m
[31m+ import { useSessionActions } from "./features/session/useSessionActions";[39m
[31m+ import { useCustomCursor } from "./features/session/useCustomCursor";[39m
[31m+ import { useConnectivity } from "./features/session/useConnectivity";[39m
[31m+ import { useCloudLibraryEvents } from "./features/cloud/useCloudLibraryEvents";[39m
[31m+ import AppShell from "./app/AppShell";[39m
[31m+ import { useAppShortcuts } from "./app/useAppShortcuts";[39m
[31m+ import { usePublishingActions } from "./features/publishing/usePublishingActions";[39m
[31m+[39m
[31m+ // Intentionally isolated: if real-world timings prove the skeleton unnecessary,[39m
[31m+ // flipping/removing this one constant deletes the visual layer without touching[39m
[31m+ // the staged Review architecture underneath it.[39m
[31m+ const REVIEW_SKELETON_ENABLED = true;[39m
[31m+[39m
[31m+ const beatCloudUpdateBusyIds = new Set<string>();[39m
[31m+[39m
[31m+ function setBeatCloudUpdateBusy(beatId: string, active: boolean, success = false) {[39m
[31m+   if (active) beatCloudUpdateBusyIds.add(beatId);[39m
[31m+   else beatCloudUpdateBusyIds.delete(beatId);[39m
[31m+   window.dispatchEvent(new CustomEvent("beatgaler:beat-cloud-busy", {[39m
[31m+     detail: { beatId, active, success }[39m
[31m+   }));[39m
[31m+ }[39m
[31m+[39m
[31m+ function formatCloudBytes(bytes: number) {[39m
[31m+   if (!bytes) return "0 B";[39m
[31m+   const units = ["B", "KB", "MB", "GB"];[39m
[31m+   let n = bytes; let i = 0;[39m
[31m+   while (n >= 1024 && i < units.length - 1) { n /= 1024; i++; }[39m
[31m+   return `${n.toFixed(i === 0 ? 0 : 1)} ${units[i]}`;[39m
[31m+ }[39m
[31m+[39m
[31m+ function runtimeErrorMessage(error: unknown): string {[39m
[31m+   return error instanceof Error ? error.message : String(error);[39m
[31m+ }[39m
[31m+[39m
[31m+ function isRuntimeConflictError(error: unknown): boolean {[39m
[31m+   const message = runtimeErrorMessage(error).toLowerCase();[39m
[31m+   return message.includes("409") || message.includes("conflict") || message.includes("revision mismatch") || message.includes("version mismatch");[39m
[31m+ }[39m
[31m+[39m
[31m+ function BeatGalerApp() {[39m
[31m+   const {[39m
[31m+     beats,[39m
[31m+     setBeats,[39m
[31m+     beatsLatestRef,[39m
[31m+     startupCachedBeatsRef,[39m
[31m+     initialLoading,[39m
[31m+   } = useLibraryState();[39m
[31m+   const cloudMetaSnapshotRef = useRef<Map<string, string> | null>(null);[39m
[31m+   const cloudLibraryTimerRef = useRef<number | null>(null);[39m
[31m+   const cloudLibrarySnapshotRef = useRef<string | null>(null);[39m
[31m+   const visibleLibraryFingerprintRef = useRef<string>("");[39m
[31m+   const {[39m
[31m+     beatRuntimeStates,[39m
[31m+     beatRuntimeStatesRef,[39m
[31m+     transitionRuntime,[39m
[31m+     forgetRuntimeState,[39m
[31m+     clearReconciledTrashRuntimeStates,[39m
[31m+   } = useBeatRuntimeRegistry(beats, beatsLatestRef);[39m
[31m+   const stagedImportPathsRef = useRef<Map<string, string[]>>(new Map());[39m
[31m+   const [loading, setLoading] = useState(() => initialLoading);[39m
[31m+   const startupCookingResolvedRef = useRef(false);[39m
[31m+   const startupPipelineStartedRef = useRef(false);[39m
[31m+   const startupEnginePrimeReadyRef = useRef(false);[39m
[31m+   const handleArtworkHydratedFromNetwork = useCallback((next: Beat[], beatId: string) => {[39m
[31m+     const hydrated = next.find(item => item.id === beatId);[39m
[31m+     if (hydrated && cloudMetaSnapshotRef.current) {[39m
[31m+       cloudMetaSnapshotRef.current.set(beatId, cloudBeatFingerprint(hydrated));[39m
[31m+     }[39m
[31m+     if (cloudLibrarySnapshotRef.current !== null) {[39m
[31m+       cloudLibrarySnapshotRef.current = next[39m
[31m+         .filter(item => !!item.telegram_file_id)[39m
[31m+         .map(cloudBeatFingerprint)[39m
[31m+         .join("\u001c");[39m
[31m+     }[39m
[31m+   }, []);[39m
[31m+   const { ensureArtworkReady, clearArtworkHydration, invalidateArtworkHydration } = useArtworkHydration({[39m
[31m+     setBeats,[39m
[31m+     onNetworkHydrated: handleArtworkHydratedFromNetwork,[39m
[31m+   });[39m
[31m+   const { search, setSearch, sortBy, setSortBy } = useLibraryViewState();[39m
[31m+   const {[39m
[31m+     includedTags,[39m
[31m+     excludedTags,[39m
[31m+     clearTagFilters,[39m
[31m+     toggleTagFilter,[39m
[31m+     replaceTagFilter,[39m
[31m+   } = useTagFilters();[39m
[31m+   const filteredBeats = selectFilteredAndSortedBeats([39m
[31m+     beats,[39m
[31m+     search,[39m
[31m+     includedTags,[39m
[31m+     excludedTags,[39m
[31m+     sortBy,[39m
[31m+   );[39m
[31m+[39m
[31m+   const [tagColorMenu, setTagColorMenu] = useState<{ tag: string; x: number; y: number } | null>(null);[39m
[31m+   const {[39m
[31m+     tagRename, tagRenameBusy, tagRenameError, affectedCount: tagRenameAffectedCount,[39m
[31m+     affectedMp3Count: tagRenameMp3Count, affectedWavCount: tagRenameWavCount,[39m
[31m+     openTagRename, setNewTag: setTagRenameNewTag, continueTagRename, backTagRename,[39m
[31m+     cancelTagRename, confirmTagRename,[39m
[31m+   } = useTagRename({ beats, setBeats, replaceTagFilter });[39m
[31m+   useWebPlaybackSortRouting(sortBy, beats, platform.kind === "web");[39m
[31m+   const onWebLibraryReconciled = useCallback((incoming: Beat[]) => {[39m
[31m+     setBeats(current => {[39m
[31m+       const next = preserveLoadedArtwork(incoming, current);[39m
[31m+       beatsLatestRef.current = next;[39m
[31m+       return next;[39m
[31m+     });[39m
[31m+   }, []);[39m
[31m+   useWebLibraryReconciled(platform.kind === "web", onWebLibraryReconciled);[39m
[31m+   const [drawer, setDrawer] = useState<{ beat: Beat; mode: "detail" | "edit" } | null>(null);[39m
[31m+   const [showAdd, setShowAdd] = useState(false);[39m
[31m+   const [dropActive, setDropActive] = useState(false);[39m
[31m+   const [dropImporting, setDropImporting] = useState(false);[39m
[31m+   // Covers the WebView2 staging window that happens BEFORE importDroppedPaths[39m
[31m+   // receives native paths. Without this state, the app can look frozen while[39m
[31m+   // large dropped files are being copied into drop-staging.[39m
[31m+   const [libraryDropStaging, setLibraryDropStaging] = useState(false);[39m
[31m+   const [beatFileDrop, setBeatFileDrop] = useState<{ beat: Beat; filePath: string; kind: "file" | "directory" } | null>(null);[39m
[31m+   const {[39m
[31m+     reviewQueue,[39m
[31m+     setReviewQueue,[39m
[31m+     reviewQueueLatestRef,[39m
[31m+     skippedReviewSourceKeysRef,[39m
[31m+     startReview,[39m
[31m+   } = useImportSession();[39m
[31m+   const [showSettings, setShowSettings] = useState(false);[39m
[31m+   const {[39m
[31m+     settings,[39m
[31m+     setSettings,[39m
[31m+     setupDone,[39m
[31m+     setSetupDone,[39m
[31m+     connectionState,[39m
[31m+     setConnectionState,[39m
[31m+     cloudSessionVerified,[39m
[31m+     setCloudSessionVerified,[39m
[31m+   } = useSessionState();[39m
[31m+   const {[39m
[31m+     startupCookingGate,[39m
[31m+     setStartupCookingGate,[39m
[31m+     revealedBeatIds,[39m
[31m+     setRevealedBeatIds,[39m
[31m+     progressiveRevealRunRef,[39m
[31m+   } = useLibraryReveal({[39m
[31m+     initialCachedBeats: startupCachedBeatsRef.current ?? [],[39m
[31m+     filteredBeats,[39m
[31m+     loading,[39m
[31m+     settings,[39m
[31m+     cloudSessionVerified,[39m
[31m+     connectionState,[39m
[31m+     ensureArtworkReady,[39m
[31m+     startupCookingResolvedRef,[39m
[31m+     startupPipelineStartedRef,[39m
[31m+     nativeParallelism: isTauriAvailable ? 6 : 1,[39m
[31m+   });[39m
[31m+   const {[39m
[31m+     cloudFilesBeat,[39m
[31m+     cloudFiles,[39m
[31m+     cloudFilesBusyId,[39m
[31m+     cloudFilesDownloadedIds,[39m
[31m+     cloudFilesDownloadError,[39m
[31m+     cloudDownloadNotice,[39m
[31m+     handleCloudFiles,[39m
[31m+     handleGetCloudFile,[39m
[31m+     closeCloudFiles,[39m
[31m+     dismissDownloadError,[39m
[31m+   } = useBeatDownloads({ connectionState, beatRuntimeStatesRef, transitionRuntime });[39m
[31m+[39m
[31m+   const {[39m
[31m+     selectedIds,[39m
[31m+     selectMode,[39m
[31m+     toggleSelection,[39m
[31m+     toggleSelectAll,[39m
[31m+     finishSelection,[39m
[31m+     clearSelection,[39m
[31m+   } = useBeatSelection(beats);[39m
[31m+   const {[39m
[31m+     sensors,[39m
[31m+     activeDragId,[39m
[31m+     handleDragStart,[39m
[31m+     handleDragEnd,[39m
[31m+     handleDragCancel,[39m
[31m+   } = useLibraryReorder({ sortBy, setSortBy, setBeats });[39m
[31m+   const { state: audio, play, togglePause, seek, setVolume, releaseFile } = useAudio();[39m
[31m+   const { clearPlaybackPreparation, ensureWarmPlaybackUrl, handlePlay, handleWarm, invalidatePlaybackPreparation, waitForUploadedBeatPlaybackReady } = usePlaybackController({[39m
[31m+     audio,[39m
[31m+     play,[39m
[31m+     beatsLatestRef,[39m
[31m+     beatRuntimeStatesRef,[39m
[31m+     transitionRuntime,[39m
[31m+     setBeats,[39m
[31m+     cloudSessionVerified,[39m
[31m+     connectionState,[39m
[31m+     isBeatCloudUpdateBusy: beatId => beatCloudUpdateBusyIds.has(beatId),[39m
[31m+   });[39m
[31m+   const { offlineBusyIds, handleToggleOffline } = useOfflineAvailability({[39m
[31m+     connectionState,[39m
[31m+     audioPlayingId: audio.playingId,[39m
[31m+     releaseFile,[39m
[31m+     invalidatePlaybackPreparation,[39m
[31m+     ensureWarmPlaybackUrl,[39m
[31m+     beatRuntimeStatesRef,[39m
[31m+     transitionRuntime,[39m
[31m+     setBeats,[39m
[31m+     setDrawer,[39m
[31m+     setRevealedBeatIds,[39m
[31m+   });[39m
[31m+[39m
[31m+   // Keep a ref to togglePause so the keydown handler never goes stale[39m
[31m+   const togglePauseRef = useRef(togglePause);[39m
[31m+   useEffect(() => { togglePauseRef.current = togglePause; }, [togglePause]);[39m
[31m+[39m
[31m+   const rejectOfflineMutation = useCallback((action: string): boolean => {[39m
[31m+     if (connectionState === "online") return false;[39m
[31m+     void appAlert({[39m
[31m+       title: connectionState === "offline" ? "Offline" : "Connection unavailable",[39m
[31m+       message: `${action} requires an internet connection. Offline mode is read-only except for moving beats to Trash.`,[39m
[31m+     });[39m
[31m+     return true;[39m
[31m+   }, [connectionState]);[39m
[31m+[39m
[31m+   const { showUpload, setShowUpload, handleUpload, handleUploadBulk } = usePublishingActions({[39m
[31m+     selectedIds,[39m
[31m+     rejectOfflineMutation,[39m
[31m+   });[39m
[31m+[39m
[31m+   const {[39m
[31m+     reviewBootstrap,[39m
[31m+     reviewPreparationDone,[39m
[31m+     reviewPreparationPromiseRef,[39m
[31m+     deferredImportBatch,[39m
[31m+     setDeferredImportBatch,[39m
[31m+     importDroppedPaths,[39m
[31m+     cancelPendingReviewWork,[39m
[31m+     completeImmediateReviewPreparation,[39m
[31m+   } = useImportDiscovery({[39m
[31m+     dropImporting,[39m
[31m+     setDropImporting,[39m
[31m+     rejectOfflineMutation,[39m
[31m+     setDropActive,[39m
[31m+     setShowAdd,[39m
[31m+     setReviewQueue,[39m
[31m+     skippedReviewSourceKeysRef,[39m
[31m+     stagedImportPathsRef,[39m
[31m+     skeletonEnabled: REVIEW_SKELETON_ENABLED,[39m
[31m+   });[39m
[31m+[39m
[31m+   const {[39m
[31m+     backgroundUploadErrors,[39m
[31m+     cloudifyImportedBeats,[39m
[31m+     retryBackgroundUpload,[39m
[31m+     getQueuedBeatsSnapshot,[39m
[31m+     deferLibraryReloadIfUploading,[39m
[31m+     deferredLibraryReloadRef,[39m
[31m+   } = useCloudUploadQueue({[39m
[31m+     settings,[39m
[31m+     setSettings,[39m
[31m+     setConnectionState,[39m
[31m+     setBeats,[39m
[31m+     beatsLatestRef,[39m
[31m+     beatRuntimeStatesRef,[39m
[31m+     transitionRuntime,[39m
[31m+     cloudLibrarySnapshotRef,[39m
[31m+     waitForUploadedBeatPlaybackReady,[39m
[31m+     rejectOfflineMutation,[39m
[31m+     isReviewActive: () => reviewQueueLatestRef.current !== null,[39m
[31m+     hasProtectedStaging: () => stagedImportPathsRef.current.size > 0,[39m
[31m+   });[39m
[31m+[39m
[31m+[39m
[31m+   const { libraryRefreshing, reloadLibrary } = useLibraryReload({[39m
[31m+     telegramCloudConnected: Boolean(settings?.telegram_cloud_connected),[39m
[31m+     beatsLatestRef,[39m
[31m+     setBeats,[39m
[31m+     setConnectionState,[39m
[31m+     setCloudSessionVerified,[39m
[31m+     cloudMetaSnapshotRef,[39m
[31m+     cloudLibrarySnapshotRef,[39m
[31m+     startupCookingResolvedRef,[39m
[31m+     startupPipelineStartedRef,[39m
[31m+     progressiveRevealRunRef,[39m
[31m+     setRevealedBeatIds,[39m
[31m+     setStartupCookingGate,[39m
[31m+     setLoading,[39m
[31m+     deferLibraryReloadIfUploading,[39m
[31m+   });[39m
[31m+[39m
[31m+   const { interruptedUploadNotices, dismissInterruptedUploadNotices } = useStartupBootstrap({[39m
[31m+     startupCachedBeatsRef,[39m
[31m+     cloudMetaSnapshotRef,[39m
[31m+     cloudLibrarySnapshotRef,[39m
[31m+     startupCookingResolvedRef,[39m
[31m+     startupPipelineStartedRef,[39m
[31m+     startupEnginePrimeReadyRef,[39m
[31m+     progressiveRevealRunRef,[39m
[31m+     setBeats,[39m
[31m+     setSettings,[39m
[31m+     setSetupDone,[39m
[31m+     setLoading,[39m
[31m+     setConnectionState,[39m
[31m+     setCloudSessionVerified,[39m
[31m+     setStartupCookingGate,[39m
[31m+     setRevealedBeatIds,[39m
[31m+     clearReconciledTrashRuntimeStates,[39m
[31m+     dismissStartupLoader: dismissBeatGalerStartupLoader,[39m
[31m+   });[39m
[31m+[39m
[31m+[39m
[31m+ useConnectivity({[39m
[31m+   setupDone,[39m
[31m+   setConnectionState,[39m
[31m+   setCloudSessionVerified,[39m
[31m+   setSettings,[39m
[31m+   setBeats,[39m
[31m+   cloudMetaSnapshotRef,[39m
[31m+   cloudLibrarySnapshotRef,[39m
[31m+   startupCookingResolvedRef,[39m
[31m+   startupPipelineStartedRef,[39m
[31m+   startupEnginePrimeReadyRef,[39m
[31m+   progressiveRevealRunRef,[39m
[31m+   clearReconciledTrashRuntimeStates,[39m
[31m+   clearPlaybackPreparation,[39m
[31m+   clearArtworkHydration,[39m
[31m+   setStartupCookingGate,[39m
[31m+ });[39m
[31m+[39m
[31m+   useCustomCursor(settings?.custom_cursor_enabled ?? true);[39m
[31m+[39m
[31m+[39m
[31m+[39m
[31m+ // BeatGaler synchronization remains push-based. SSE only notifies the app;[39m
[31m+ // the extracted owner verifies authority before hydrating library state.[39m
[31m+ useCloudLibraryEvents({[39m
[31m+   setupDone,[39m
[31m+   beatgalerUserId: settings?.beatgaler_user_id ?? null,[39m
[31m+   setConnectionState,[39m
[31m+   setCloudSessionVerified,[39m
[31m+   setSettings,[39m
[31m+   setBeats,[39m
[31m+   cloudMetaSnapshotRef,[39m
[31m+   cloudLibrarySnapshotRef,[39m
[31m+   visibleLibraryFingerprintRef,[39m
[31m+   startupCookingResolvedRef,[39m
[31m+   startupPipelineStartedRef,[39m
[31m+   startupEnginePrimeReadyRef,[39m
[31m+   progressiveRevealRunRef,[39m
[31m+   clearReconciledTrashRuntimeStates,[39m
[31m+   clearArtworkHydration,[39m
[31m+   clearPlaybackPreparation,[39m
[31m+   setStartupCookingGate,[39m
[31m+ });[39m
[31m+[39m
[31m+   useLibraryPresentationCache([39m
[31m+     beats,[39m
[31m+     cloudSessionVerified,[39m
[31m+     settings,[39m
[31m+   );[39m
[31m+[39m
[31m+   useEffect(() => {[39m
[31m+     visibleLibraryFingerprintRef.current = libraryViewFingerprint(beats);[39m
[31m+     beatsLatestRef.current = beats;[39m
[31m+   }, [beats]);[39m
[31m+[39m
[31m+[39m
[31m+[39m
[31m+   // One-time recovery for a cloud-only library after Telegram login/startup.[39m
[31m+   // No timer, no permanent synchronization.[39m
[31m+   const beatGalerCloudRecoveryAttemptedRef = useRef(false);[39m
[31m+[39m
[31m+   const recoverTelegramLibraryOnceIfEmpty = useCallback(async () => {[39m
[31m+     if (beatGalerCloudRecoveryAttemptedRef.current) return;[39m
[31m+     if (beats.length !== 0) return;[39m
[31m+[39m
[31m+     beatGalerCloudRecoveryAttemptedRef.current = true;[39m
[31m+     try {[39m
[31m+       const restored = await libraryStateManager.reloadAuthoritative();[39m
[31m+       if (restored.length > 0) {[39m
[31m+         setBeats(current => current.length === 0 ? restored : current);[39m
[31m+       }[39m
[31m+     } catch (error) {[39m
[31m+       console.warn("Telegram library one-time recovery skipped:", error);[39m
[31m+     }[39m
[31m+   }, [beats.length]);[39m
[31m+[39m
[31m+   // IMPORTANT: an empty library is a valid, authoritative state (for example[39m
[31m+   // immediately after Remove All). Never infer "Telegram recovery" merely from[39m
[31m+   // beats.length === 0; doing so races the pending trash/index commit and can[39m
[31m+   // resurrect the just-removed cards with their artwork unloaded. Recovery is[39m
[31m+   // only allowed from explicit Telegram connection/startup flows below.[39m
[31m+[39m
[31m+   useEffect(() => {[39m
[31m+     const onTelegramConnected = (event: Event) => {[39m
[31m+       const detail = (event as CustomEvent<{ connected?: boolean; username?: string | null }>).detail;[39m
[31m+       if (!detail?.connected) return;[39m
[31m+[39m
[31m+       setSettings(current => current ? {[39m
[31m+         ...current,[39m
[31m+         telegram_cloud_connected: true,[39m
[31m+         telegram_cloud_username: detail.username ?? current.telegram_cloud_username ?? null,[39m
[31m+       } : current);[39m
[31m+[39m
[31m+       void recoverTelegramLibraryOnceIfEmpty();[39m
[31m+     };[39m
[31m+[39m
[31m+     window.addEventListener("beatgaler:telegram-connected", onTelegramConnected);[39m
[31m+     return () => window.removeEventListener("beatgaler:telegram-connected", onTelegramConnected);[39m
[31m+   }, [recoverTelegramLibraryOnceIfEmpty]);[39m
[31m+[39m
[31m+[39m
[31m+   const handleUploadTelegram = useCallback(async (beat: Beat) => {[39m
[31m+     if (rejectOfflineMutation("Uploading a beat")) return;[39m
[31m+     const existingCloudBeat = Boolean(beat.telegram_file_id);[39m
[31m+     transitionRuntime(beat.id, { type: existingCloudBeat ? "SYNC_QUEUE_UPDATE" : "SYNC_QUEUE_UPLOAD" }, beat);[39m
[31m+     transitionRuntime(beat.id, { type: existingCloudBeat ? "SYNC_UPDATE_STARTED" : "SYNC_UPLOAD_STARTED" }, beat);[39m
[31m+     try {[39m
[31m+       const updated = await uploadBeatToTelegram(beat);[39m
[31m+       await syncBeatMetadataToTelegram(updated);[39m
[31m+       transitionRuntime(updated.id, { type: existingCloudBeat ? "SYNC_UPDATE_SUCCEEDED" : "SYNC_UPLOAD_SUCCEEDED" }, updated);[39m
[31m+       setBeats(bs => bs.map(b => b.id === updated.id ? updated : b));[39m
[31m+     } catch (e: any) {[39m
[31m+       const message = sanitizeUserVisibleText(runtimeErrorMessage(e), "Cloud operation failed.");[39m
[31m+       if (existingCloudBeat && isRuntimeConflictError(e)) {[39m
[31m+         transitionRuntime(beat.id, { type: "SYNC_CONFLICT", message }, beat);[39m
[31m+       } else {[39m
[31m+         transitionRuntime(beat.id, { type: "SYNC_FAILED", code: "TELEGRAM_UPLOAD_FAILED", message, retryable: true }, beat);[39m
[31m+       }[39m
[31m+       await appAlert({[39m
[31m+         title: "Cloud upload failed",[39m
[31m+         message,[39m
[31m+         danger: true,[39m
[31m+       });[39m
[31m+     }[39m
[31m+   }, [rejectOfflineMutation, transitionRuntime]);[39m
[31m+[39m
[31m+   const handleDownloadTelegram = useCallback(async (_beat: Beat) => {[39m
[31m+     await appAlert({[39m
[31m+       title: "Cloud-only library",[39m
[31m+       message: "Files are fetched into temporary storage automatically when needed.",[39m
[31m+     });[39m
[31m+   }, []);[39m
[31m+[39m
[31m+[39m
[31m+   const handleEditBulk = useCallback(() => {[39m
[31m+     if (rejectOfflineMutation("Editing metadata")) return;[39m
[31m+     const firstSelected = beats.find(b => selectedIds.has(b.id));[39m
[31m+     if (firstSelected) setDrawer({ beat: firstSelected, mode: "edit" });[39m
[31m+   }, [beats, selectedIds, rejectOfflineMutation]);[39m
[31m+[39m
[31m+   const { deleteBeat, handleRemoveBulk, handleBeatRestored } = useTrashActions({[39m
[31m+     beats,[39m
[31m+     setBeats,[39m
[31m+     beatsLatestRef,[39m
[31m+     selectedIds,[39m
[31m+     clearSelection,[39m
[31m+     connectionState,[39m
[31m+     audioPlayingId: audio.playingId,[39m
[31m+     releaseFile,[39m
[31m+     beatRuntimeStatesRef,[39m
[31m+     transitionRuntime,[39m
[31m+     forgetRuntimeState,[39m
[31m+     cloudMetaSnapshotRef,[39m
[31m+     cloudLibrarySnapshotRef,[39m
[31m+     invalidateArtworkHydration,[39m
[31m+     ensureArtworkReady,[39m
[31m+   });[39m
[31m+[39m
[31m+   const addBeats = useCallback((newBeats: Beat[]) => {[39m
[31m+     setBeats(bs => {[39m
[31m+       const existing = new Set(bs.map(b => b.mp3_path));[39m
[31m+       const next = [...newBeats.filter(b => !existing.has(b.mp3_path)), ...bs];[39m
[31m+       beatsLatestRef.current = next;[39m
[31m+       return next;[39m
[31m+     });[39m
[31m+   }, []);[39m
[31m+[39m
[31m+   const addBeatsAndReview = useCallback((newBeats: Beat[]) => {[39m
[31m+     if (newBeats.length === 0) return;[39m
[31m+     if (connectionState !== "online") {[39m
[31m+       void appAlert({[39m
[31m+         title: "Internet connection required",[39m
[31m+         message: "BeatGaler does not import new beats while offline. Reconnect and import them again.",[39m
[31m+       });[39m
[31m+       void cleanupOrphanedDropStaging(beatsLatestRef.current);[39m
[31m+       return;[39m
[31m+     }[39m
[31m+     const sanitized = newBeats.map(beat => ({ ...beat, tags: cleanTags(beat.tags || []).tags }));[39m
[31m+[39m
[31m+     // Review candidates are NOT library beats yet.[39m
[31m+     // Keeping them out of `beats` means:[39m
[31m+     // 1) Cancel leaves absolutely nothing behind.[39m
[31m+     // 2) duplicate-name checks compare only against committed library items.[39m
[31m+     // 3) a re-dropped folder can never masquerade as an edit of the existing beat.[39m
[31m+     setShowAdd(false);[39m
[31m+     startReview(sanitized);[39m
[31m+     // Upload begins only after Review → Save.[39m
[31m+   }, [connectionState, startReview]);[39m
[31m+[39m
[31m+ const {[39m
[31m+   skipCurrentReviewBeat,[39m
[31m+   cancelReview,[39m
[31m+   handleReviewedBeatSaved,[39m
[31m+ } = useImportReview({[39m
[31m+   setBeats,[39m
[31m+   beatsLatestRef,[39m
[31m+   setReviewQueue,[39m
[31m+   skippedReviewSourceKeysRef,[39m
[31m+   cloudifyImportedBeats,[39m
[31m+   getQueuedBeatsSnapshot,[39m
[31m+   onCancelPendingWork: cancelPendingReviewWork,[39m
[31m+   releaseBeat: platform.capabilities.reviewBeatCloudCommit[39m
[31m+     ? beatId => platform.importer.releaseBeat(beatId)[39m
[31m+     : undefined,[39m
[31m+   discardBatch: batchId => discardImportReviewBatch(batchId),[39m
[31m+   cleanupStaging: protectedBeats => cleanupOrphanedDropStaging(protectedBeats),[39m
[31m+ });[39m
[31m+[39m
[31m+   const {[39m
[31m+     audioConflictBatch,[39m
[31m+     dropImportBatch,[39m
[31m+     resetImportResolutionState,[39m
[31m+     handleReviewedSaveAll,[39m
[31m+     cancelAudioConflicts,[39m
[31m+     resolveAudioConflicts,[39m
[31m+     closeImportDecisions,[39m
[31m+     importResolvedDecisions,[39m
[31m+   } = useImportSaveAll({[39m
[31m+     setBeats,[39m
[31m+     beatsLatestRef,[39m
[31m+     reviewQueue,[39m
[31m+     setReviewQueue,[39m
[31m+     reviewQueueLatestRef,[39m
[31m+     reviewBootstrap,[39m
[31m+     reviewPreparationDone,[39m
[31m+     reviewPreparationPromiseRef,[39m
[31m+     deferredImportBatch,[39m
[31m+     setDeferredImportBatch,[39m
[31m+     stagedImportPathsRef,[39m
[31m+     setDropImporting,[39m
[31m+     cloudifyImportedBeats,[39m
[31m+     addBeatsAndReview,[39m
[31m+   });[39m
[31m+[39m
[31m+   const { importDroppedBrowserFiles } = useBrowserImport({[39m
[31m+     dropImporting,[39m
[31m+     setDropImporting,[39m
[31m+     rejectOfflineMutation,[39m
[31m+     setDropActive,[39m
[31m+     setShowAdd,[39m
[31m+     setReviewQueue,[39m
[31m+     completeImmediateReviewPreparation,[39m
[31m+     resetImportResolutionState,[39m
[31m+   });[39m
[31m+[39m
[31m+   const updateExistingBeatFromFolder = useCallback(async (beat: Beat, folderPath: string): Promise<boolean> => {[39m
[31m+     if (rejectOfflineMutation("Updating beat files")) return true;[39m
[31m+     if (isBackupFolderPath(folderPath)) {[39m
[31m+       await appAlert({[39m
[31m+         title: "Backup folder skipped",[39m
[31m+         message: "BeatGaler keeps Backup/Backups folders out of PROJECT.zip so old project copies are not uploaded.",[39m
[31m+       });[39m
[31m+       return true;[39m
[31m+     }[39m
[31m+[39m
[31m+     const t = await import("./lib/tauri");[39m
[31m+[39m
[31m+     let preview;[39m
[31m+     try {[39m
[31m+       preview = await t.inspectBeatUpdateFolder(folderPath);[39m
[31m+     } catch {[39m
[31m+       return false;[39m
[31m+     }[39m
[31m+[39m
[31m+     let replaceMaster = false;[39m
[31m+     if (preview.has_mp3) {[39m
[31m+       const alreadyHasMaster = Boolean(beat.telegram_file_id) || Boolean(beat.mp3_path?.trim());[39m
[31m+       if (alreadyHasMaster) {[39m
[31m+         const incoming = preview.mp3_filename || "the incoming MP3";[39m
[31m+         const confirmed = window.confirm([39m
[31m+           `Replace current MASTER for "${beat.name}"?\n\n` +[39m
[31m+           `${incoming} will become the new MASTER.\n` +[39m
[31m+           `Its BPM, key, tags, rating and artwork will replace the current metadata.\n\n` +[39m
[31m+           `WAV and project files from this folder will also be added or updated.`[39m
[31m+         );[39m
[31m+         if (!confirmed) return true;[39m
[31m+       }[39m
[31m+       replaceMaster = true;[39m
[31m+     }[39m
[31m+[39m
[31m+     setBeatCloudUpdateBusy(beat.id, true);[39m
[31m+     const runtime = beatRuntimeStatesRef.current[beat.id] ?? createBeatRuntimeState(beat);[39m
[31m+     if (runtime.sync_state === "synced") transitionRuntime(beat.id, { type: "SYNC_QUEUE_UPDATE" }, beat);[39m
[31m+     transitionRuntime(beat.id, { type: "SYNC_UPDATE_STARTED" }, beat);[39m
[31m+     try {[39m
[31m+       let updated = await t.mergeFolderIntoExistingBeat(beat, folderPath, replaceMaster);[39m
[31m+       setBeats(bs => bs.map(b => b.id === beat.id ? updated : b));[39m
[31m+[39m
[31m+       if (replaceMaster) {[39m
[31m+         updated = await t.uploadBeatToTelegram(updated);[39m
[31m+         setBeats(bs => bs.map(b => b.id === beat.id ? updated : b));[39m
[31m+       }[39m
[31m+[39m
[31m+       if (preview.has_wav && updated.wav_path) {[39m
[31m+         await t.uploadDroppedFileToTelegram(updated, updated.wav_path, "WAV");[39m
[31m+       }[39m
[31m+[39m
[31m+       if (preview.has_project_assets) {[39m
[31m+         await t.uploadProjectToTelegram(updated);[39m
[31m+       }[39m
[31m+[39m
[31m+       if (replaceMaster && updated.telegram_file_id) {[39m
[31m+         await t.syncBeatMetadataToTelegram(updated);[39m
[31m+       }[39m
[31m+[39m
[31m+       window.dispatchEvent(new CustomEvent("beatgaler:project-cloud-updated", { detail: { beatId: beat.id } }));[39m
[31m+       await libraryStateManager.commitSnapshot(beatsLatestRef.current.map(item => item.id === beat.id ? updated : item), "metadata-update");[39m
[31m+       transitionRuntime(beat.id, { type: "SYNC_UPDATE_SUCCEEDED" }, updated);[39m
[31m+       setBeats(bs => bs.map(b => b.id === beat.id ? updated : b));[39m
[31m+       return true;[39m
[31m+     } catch (error) {[39m
[31m+       console.error(error);[39m
[31m+       const message = sanitizeUserVisibleText(runtimeErrorMessage(error), "Cloud operation failed.");[39m
[31m+       if (isRuntimeConflictError(error)) transitionRuntime(beat.id, { type: "SYNC_CONFLICT", message }, beat);[39m
[31m+       else transitionRuntime(beat.id, { type: "SYNC_FAILED", code: "FOLDER_UPDATE_FAILED", message, retryable: true }, beat);[39m
[31m+       alert(`Could not update "${beat.name}" from the dropped folder: ${message}`);[39m
[31m+       return true;[39m
[31m+     } finally {[39m
[31m+       setBeatCloudUpdateBusy(beat.id, false);[39m
[31m+     }[39m
[31m+   }, [rejectOfflineMutation, transitionRuntime]);[39m
[31m+[39m
[31m+   const { commitDrawerCloudMutation } = useDrawerCloudPersistence({[39m
[31m+   beats,[39m
[31m+   browserCloudEditing: platform.capabilities.browserCloudEditing,[39m
[31m+   connectionState,[39m
[31m+   cloudSessionVerified,[39m
[31m+   beatsLatestRef,[39m
[31m+   beatRuntimeStatesRef,[39m
[31m+   transitionRuntime,[39m
[31m+   cloudMetaSnapshotRef,[39m
[31m+   cloudLibraryTimerRef,[39m
[31m+   cloudLibrarySnapshotRef,[39m
[31m+ });[39m
[31m+[39m
[31m+   // V7: INDEX writes are explicit transactions only.[39m
[31m+   // There is deliberately no generic "beats changed => rewrite Telegram" observer.[39m
[31m+   // Upload, metadata, Trash/Restore and project/file operations commit through[39m
[31m+   // libraryStateManager at their actual logical commit boundary. This prevents[39m
[31m+   // render/cache hydration from becoming an accidental cloud mutation.[39m
[31m+[39m
[31m+   const {[39m
[31m+     handleIncompleteWarningsChanged,[39m
[31m+     handleCustomCursorChanged,[39m
[31m+     handleFolderChanged,[39m
[31m+     handleDisconnectTelegramAccount,[39m
[31m+   } = useSessionActions({[39m
[31m+     setSettings,[39m
[31m+     setCloudSessionVerified,[39m
[31m+     logoutAccount: logoutBeatGalerAccount,[39m
[31m+     releaseFile,[39m
[31m+     progressiveRevealRunRef,[39m
[31m+     clearPlaybackPreparation,[39m
[31m+     clearArtworkHydration,[39m
[31m+     setRevealedBeatIds,[39m
[31m+     setBeats,[39m
[31m+     clearSelection,[39m
[31m+   });[39m
[31m+[39m
[31m+   const updateBeat = useCallback((updated: Beat) => {[39m
[31m+     if (updated.telegram_file_id && connectionState === "online") {[39m
[31m+       const runtime = beatRuntimeStatesRef.current[updated.id] ?? createBeatRuntimeState(updated);[39m
[31m+       if (runtime.sync_state === "synced") transitionRuntime(updated.id, { type: "SYNC_QUEUE_UPDATE" }, updated);[39m
[31m+     }[39m
[31m+     setBeats(bs => bs.map(b => b.id === updated.id ? updated : b));[39m
[31m+     if (drawer?.beat.id === updated.id) setDrawer(d => d ? { ...d, beat: updated } : null);[39m
[31m+   }, [connectionState, drawer, transitionRuntime]);[39m
[31m+[39m
[31m+[39m
[31m+[39m
[31m+   const handleDropArtwork = useCallback(async (beat: Beat, imageBase64: string) => {[39m
[31m+     if (rejectOfflineMutation("Changing artwork")) return;[39m
[31m+[39m
[31m+     const updated = { ...beat, image_base64: imageBase64, image_preview_base64: null };[39m
[31m+[39m
[31m+     if (platform.capabilities.browserCloudEditing) {[39m
[31m+       // Publish the browser-decoded artwork immediately, then commit it through[39m
[31m+       // the Web editor/Direct transport. No Tauri metadata path participates.[39m
[31m+       updateBeat(updated);[39m
[31m+       transitionRuntime(updated.id, { type: "SYNC_UPDATE_STARTED" }, updated);[39m
[31m+       try {[39m
[31m+         const committed = await platform.editor.commit(beat, updated, {});[39m
[31m+         setBeats(current => {[39m
[31m+           const next = current.map(item => item.id === committed.id ? committed : item);[39m
[31m+           beatsLatestRef.current = next;[39m
[31m+           return next;[39m
[31m+         });[39m
[31m+         setDrawer(current => current?.beat.id === committed.id ? { ...current, beat: committed } : current);[39m
[31m+         transitionRuntime(updated.id, { type: "SYNC_UPDATE_SUCCEEDED" }, committed);[39m
[31m+       } catch (error) {[39m
[31m+         const message = sanitizeUserVisibleText(runtimeErrorMessage(error), "Cloud operation failed.");[39m
[31m+         transitionRuntime(updated.id, { type: "SYNC_FAILED", code: "ARTWORK_SYNC_FAILED", message, retryable: true }, updated);[39m
[31m+         throw error;[39m
[31m+       }[39m
[31m+       return;[39m
[31m+     }[39m
[31m+[39m
[31m+     // Desktop keeps its existing native metadata/artwork transaction.[39m
[31m+     await saveBeatMeta({[39m
[31m+       mp3_path: beat.mp3_path,[39m
[31m+       wav_path: beat.wav_path,[39m
[31m+       bpm: beat.bpm,[39m
[31m+       key: beat.key,[39m
[31m+       tags: beat.tags,[39m
[31m+       rating: beat.rating,[39m
[31m+       image_base64: imageBase64,[39m
[31m+       update_filename: false,[39m
[31m+     });[39m
[31m+[39m
[31m+     updateBeat(updated);[39m
[31m+[39m
[31m+     if (updated.telegram_file_id && connectionState === "online") {[39m
[31m+       const runtime = beatRuntimeStatesRef.current[updated.id] ?? createBeatRuntimeState(updated);[39m
[31m+       if (runtime.sync_state === "synced") transitionRuntime(updated.id, { type: "SYNC_QUEUE_UPDATE" }, updated);[39m
[31m+       transitionRuntime(updated.id, { type: "SYNC_UPDATE_STARTED" }, updated);[39m
[31m+       try {[39m
[31m+         await syncBeatMetadataToTelegram(updated);[39m
[31m+         const indexSnapshot = beatsLatestRef.current.map(item => item.id === updated.id ? updated : item);[39m
[31m+         await libraryStateManager.commitSnapshot(indexSnapshot, "upload-batch");[39m
[31m+         if (cloudLibraryTimerRef.current) {[39m
[31m+           window.clearTimeout(cloudLibraryTimerRef.current);[39m
[31m+           cloudLibraryTimerRef.current = null;[39m
[31m+         }[39m
[31m+         cloudLibrarySnapshotRef.current = indexSnapshot[39m
[31m+           .filter(item => !!item.telegram_file_id)[39m
[31m+           .map(cloudBeatFingerprint)[39m
[31m+           .join("\u001c");[39m
[31m+         cloudMetaSnapshotRef.current?.set(updated.id, cloudBeatFingerprint(updated));[39m
[31m+         transitionRuntime(updated.id, { type: "SYNC_UPDATE_SUCCEEDED" }, updated);[39m
[31m+       } catch (error) {[39m
[31m+         const message = sanitizeUserVisibleText(runtimeErrorMessage(error), "Cloud operation failed.");[39m
[31m+         transitionRuntime(updated.id, { type: "SYNC_FAILED", code: "ARTWORK_SYNC_FAILED", message, retryable: true }, updated);[39m
[31m+         throw error;[39m
[31m+       }[39m
[31m+     }[39m
[31m+   }, [updateBeat, rejectOfflineMutation, connectionState, transitionRuntime]);[39m
[31m+[39m
[31m+[39m
[31m+   const {[39m
[31m+     runBeatCloudUpdate,[39m
[31m+     startMasterAssetUpdate,[39m
[31m+     startWavAssetUpdate,[39m
[31m+     handleBrowserBeatAssetDrop,[39m
[31m+   } = useBeatAssetUpdates({[39m
[31m+     rejectOfflineMutation,[39m
[31m+     setBeatFileDrop,[39m
[31m+     setBeatCloudUpdateBusy,[39m
[31m+     beatRuntimeStatesRef,[39m
[31m+     transitionRuntime,[39m
[31m+     beatsLatestRef,[39m
[31m+     cloudLibrarySnapshotRef,[39m
[31m+     setBeats,[39m
[31m+     setDrawer,[39m
[31m+     waitForUploadedBeatPlaybackReady,[39m
[31m+   });[39m
[31m+[39m
[31m+   const {[39m
[31m+     openableCloudProjectIds,[39m
[31m+     projectUpdateNotice,[39m
[31m+     dismissProjectUpdateNotice,[39m
[31m+     hasStoredProject,[39m
[31m+     startProjectAssetUpdate,[39m
[31m+     handleAutoProjectDrop,[39m
[31m+     handleBrowserProjectDrop,[39m
[31m+     handleUploadProjectTelegram,[39m
[31m+     handleOpenProject,[39m
[31m+     handleUpdateProject,[39m
[31m+   } = useBeatProjects({[39m
[31m+     beats,[39m
[31m+     connectionState,[39m
[31m+     rejectOfflineMutation,[39m
[31m+     transitionRuntime,[39m
[31m+     beatsLatestRef,[39m
[31m+     setBeats,[39m
[31m+     setDrawer,[39m
[31m+     runBeatCloudUpdate,[39m
[31m+     setBeatCloudUpdateBusy,[39m
[31m+   });[39m
[31m+[39m
[31m+   const handleDroppedBeatFileRole = useCallback(async (role: DroppedBeatFileRole) => {[39m
[31m+     if (!beatFileDrop) return;[39m
[31m+     const { beat, filePath } = beatFileDrop;[39m
[31m+     const ext = extensionFromPath(filePath);[39m
[31m+[39m
[31m+     if (role === "loop" || role === "stems") return;[39m
[31m+[39m
[31m+     if (role === "main") {[39m
[31m+       if (ext !== "mp3") return;[39m
[31m+       startMasterAssetUpdate(beat, filePath);[39m
[31m+       return;[39m
[31m+     }[39m
[31m+[39m
[31m+     if (role === "wav") {[39m
[31m+       if (ext !== "wav") return;[39m
[31m+       startWavAssetUpdate(beat, filePath);[39m
[31m+       return;[39m
[31m+     }[39m
[31m+[39m
[31m+     if (role === "projectFolder") {[39m
[31m+       const existing = await hasStoredProject(beat).catch(() => false);[39m
[31m+       if (!existing) {[39m
[31m+         await cleanupStagedDropPaths([filePath]).catch(() => {});[39m
[31m+         setBeatFileDrop(null);[39m
[31m+         await appAlert({[39m
[31m+           title: "Project file required",[39m
[31m+           message: "Add a .flp, .als, .logicx, .ptx/.ptf file or a valid PROJECT ZIP first. Then folders can be added to that PROJECT.zip using their original folder name.",[39m
[31m+         });[39m
[31m+         return;[39m
[31m+       }[39m
[31m+       startProjectAssetUpdate(beat, filePath, "projectFolder");[39m
[31m+     }[39m
[31m+   }, [beatFileDrop, hasStoredProject, startMasterAssetUpdate, startProjectAssetUpdate, startWavAssetUpdate]);[39m
[31m+[39m
[31m+[39m
[31m+   useHtmlLibraryDrop({[39m
[31m+     nativeDropAvailable: isTauriAvailable,[39m
[31m+     browserFileImport: platform.capabilities.browserFileImport,[39m
[31m+     reviewSkeletonEnabled: REVIEW_SKELETON_ENABLED,[39m
[31m+     beatsLatestRef,[39m
[31m+     setDropActive,[39m
[31m+     setBeatCloudUpdateBusy,[39m
[31m+     setBeatFileDrop,[39m
[31m+     setLibraryDropStaging,[39m
[31m+     handleDropArtwork,[39m
[31m+     handleAutoProjectDrop,[39m
[31m+     handleBrowserBeatAssetDrop,[39m
[31m+     handleBrowserProjectDrop,[39m
[31m+     importDroppedBrowserFiles,[39m
[31m+     importDroppedPaths,[39m
[31m+   });[39m
[31m+[39m
[31m+   useNativeLibraryDrop({[39m
[31m+     nativeDropAvailable: isTauriAvailable,[39m
[31m+     reviewSkeletonEnabled: REVIEW_SKELETON_ENABLED,[39m
[31m+     beatsLatestRef,[39m
[31m+     setDropActive,[39m
[31m+     setBeatCloudUpdateBusy,[39m
[31m+     setBeatFileDrop,[39m
[31m+     setLibraryDropStaging,[39m
[31m+     handleDropArtwork,[39m
[31m+     handleAutoProjectDrop,[39m
[31m+     importDroppedPaths,[39m
[31m+   });[39m
[31m+[39m
[31m+   const applyBulkUpdate = useCallback((updates: Partial<Beat>, options?: { tagsMode?: "add" | "replace" | "remove" }) => {[39m
[31m+     setBeats(bs => bs.map(b => {[39m
[31m+       if (!selectedIds.has(b.id)) return b;[39m
[31m+       if (!updates.tags) return { ...b, ...updates };[39m
[31m+[39m
[31m+       const normalizedInput = Array.from(new Set([39m
[31m+         updates.tags.map(t => t.trim().toLowerCase()).filter(Boolean)[39m
[31m+       ));[39m
[31m+[39m
[31m+       if (options?.tagsMode === "replace") {[39m
[31m+         return { ...b, ...updates, tags: normalizedInput };[39m
[31m+       }[39m
[31m+[39m
[31m+       if (options?.tagsMode === "remove") {[39m
[31m+         const removeSet = new Set(normalizedInput);[39m
[31m+         const remainingTags = b.tags.filter(tag => !removeSet.has(tag.trim().toLowerCase()));[39m
[31m+         return { ...b, ...updates, tags: remainingTags };[39m
[31m+       }[39m
[31m+[39m
[31m+       const mergedTags = Array.from(new Set([39m
[31m+         [...b.tags, ...normalizedInput].map(t => t.trim().toLowerCase()).filter(Boolean)[39m
[31m+       ));[39m
[31m+       return { ...b, ...updates, tags: mergedTags };[39m
[31m+     }));[39m
[31m+     clearSelection();[39m
[31m+   }, [selectedIds]);[39m
[31m+[39m
[31m+[39m
[31m+   const tagColors = useTagColors();[39m
[31m+[39m
[31m+ const handleTagClick = useCallback((tag: string, e: React.MouseEvent) => {[39m
[31m+   toggleTagFilter(tag, e.altKey ? "exclude" : "include");[39m
[31m+ }, [toggleTagFilter]);[39m
[31m+[39m
[31m+   const tagFrequency = useMemo(() => selectTagFrequency(beats), [beats]);[39m
[31m+   const allTags = useMemo(() => selectAllTags(beats, tagFrequency), [beats, tagFrequency]);[39m
[31m+   const tagSuggestions = useMemo(() => selectTagSuggestions(beats), [beats]);[39m
[31m+   const displayedBeats = filteredBeats.filter(beat => revealedBeatIds.has(beat.id));[39m
[31m+[39m
[31m+   const {[39m
[31m+     shuffleEnabled,[39m
[31m+     repeatMode,[39m
[31m+     showQueue,[39m
[31m+     queuedBeats,[39m
[31m+     addToQueue,[39m
[31m+     handleNext,[39m
[31m+     handlePrev,[39m
[31m+     closeQueue,[39m
[31m+     toggleQueue,[39m
[31m+     toggleShuffle,[39m
[31m+     cycleRepeat,[39m
[31m+     playQueueIndex,[39m
[31m+   } = usePlaybackQueue({[39m
[31m+     beats,[39m
[31m+     displayedBeats,[39m
[31m+     playingId: audio.playingId,[39m
[31m+     progress: audio.progress,[39m
[31m+     endedSeq: audio.endedSeq,[39m
[31m+     handlePlay,[39m
[31m+     seek,[39m
[31m+     releaseFile,[39m
[31m+   });[39m
[31m+[39m
[31m+   useAppShortcuts({[39m
[31m+     togglePauseRef,[39m
[31m+     clearSelection,[39m
[31m+     setDrawer,[39m
[31m+     setShowAdd,[39m
[31m+     setShowSettings,[39m
[31m+     closeQueue,[39m
[31m+     setShowUpload,[39m
[31m+   });[39m
[31m+[39m
[31m+[39m
[31m+[39m
[31m+   const currentBeat = beats.find(b => b.id === audio.playingId);[39m
[31m+   const selectedBeats = beats.filter(b => selectedIds.has(b.id));[39m
[31m+   const activeDragBeat = activeDragId ? beats.find(b => b.id === activeDragId) ?? null : null;[39m
[31m+[39m
[31m+   return <AppShell scope={{ Event, HTMLElement, REVIEW_SKELETON_ENABLED, activeDragBeat, addBeatsAndReview, addToQueue, allTags, applyBulkUpdate, audio, audioConflictBatch, backTagRename, backgroundUploadErrors, beatFileDrop, beats, cancelAudioConflicts, cancelReview, cancelTagRename, clearSelection, clearTagFilters, closeCloudFiles, closeImportDecisions, cloudDownloadNotice, cloudFiles, cloudFilesBeat, cloudFilesBusyId, cloudFilesDownloadError, cloudFilesDownloadedIds, cloudSessionVerified, commitDrawerCloudMutation, confirmTagRename, connectionState, continueTagRename, currentBeat, cycleRepeat, deferredLibraryReloadRef, deleteBeat, dismissDownloadError, dismissInterruptedUploadNotices, dismissProjectUpdateNotice, displayedBeats, drawer, dropActive, dropImportBatch, dropImporting, excludedTags, filteredBeats, finishSelection, handleBeatRestored, handleCloudFiles, handleCustomCursorChanged, handleDisconnectTelegramAccount, handleDownloadTelegram, handleDragCancel, handleDragEnd, handleDragStart, handleDroppedBeatFileRole, handleEditBulk, handleFolderChanged, handleGetCloudFile, handleIncompleteWarningsChanged, handleNext, handleOpenProject, handlePlay, handlePrev, handleRemoveBulk, handleReviewedBeatSaved, handleReviewedSaveAll, handleTagClick, handleToggleOffline, handleUpdateProject, handleUpload, handleUploadBulk, handleUploadProjectTelegram, handleUploadTelegram, handleWarm, importResolvedDecisions, includedTags, interruptedUploadNotices, libraryDropStaging, libraryRefreshing, loading, offlineBusyIds, openTagRename, openableCloudProjectIds, playQueueIndex, projectUpdateNotice, queuedBeats, rejectOfflineMutation, releaseFile, reloadLibrary, repeatMode, resolveAudioConflicts, retryBackgroundUpload, revealedBeatIds, reviewBootstrap, reviewQueue, search, seek, selectMode, selectedBeats, selectedIds, sensors, setBeatFileDrop, setDrawer, setSearch, setShowAdd, setShowSettings, setShowUpload, setSortBy, setTagColorMenu, setTagRenameNewTag, setVolume, settings, showAdd, showQueue, showSettings, showUpload, shuffleEnabled, skipCurrentReviewBeat, sortBy, startupCookingGate, tagColorMenu, tagColors, tagFrequency, tagRename, tagRenameAffectedCount, tagRenameBusy, tagRenameError, tagRenameMp3Count, tagRenameWavCount, tagSuggestions, togglePause, toggleQueue, toggleSelectAll, toggleSelection, toggleShuffle, updateBeat }} />;[39m
[31m+ }[39m
[31m+[39m
[31m+[39m
[31m+ export default function App() {[39m
[31m+   return platform.kind === "web"[39m
[31m+     ? <BeatGalerApp />[39m
[31m+     : <AccountGate><BeatGalerApp /></AccountGate>;[39m
[31m+ }[39m
[31m+[39m

[36m [2m❯[22m tests/component-dom/startupRevealArchitecture.test.ts:[2m24:17[22m[39m
    [90m 22| [39m
    [90m 23| [39m  it("reserves every filtered beat slot while revealing only artwork-r…
    [90m 24| [39m    expect(app).toContain("<SortableContext items={filteredBeats.map((…
    [90m   | [39m                [31m^[39m
    [90m 25| [39m    [34mexpect[39m(app)[33m.[39m[34mtoContain[39m([32m"visible={revealedBeatIds.has(beat.id)}"[39m)[33m;[39m
    [90m 26| [39m    expect(app).toContain('interactive={cloudSessionVerified || connec…

[31m[2m⎯⎯⎯⎯⎯⎯⎯⎯⎯⎯⎯⎯⎯⎯⎯⎯⎯⎯⎯⎯⎯⎯⎯⎯[1/2]⎯[22m[39m

[41m[1m FAIL [22m[49m tests/component-dom/startupRevealArchitecture.test.ts[2m > [22mIssue #97 startup reveal architecture[2m > [22mrenders Empty Gallery only after online authority is verified
[31m[1mAssertionError[22m: expected 'import React, { useState, useCallback…' to contain 'cloudSessionVerified && connectionSta…'[39m

[32m- Expected[39m
[31m+ Received[39m

[32m- cloudSessionVerified && connectionState === "online" ? ([39m
[31m+ import React, { useState, useCallback, useEffect, useRef, useMemo } from "react";[39m
[31m+ import type { Beat } from "./types";[39m
[31m+ import BeatCard from "./components/BeatCard";[39m
[31m+ import Drawer from "./components/Drawer";[39m
[31m+ import Player from "./components/Player";[39m
[31m+ import AddBeatModal from "./components/AddBeatModal";[39m
[31m+ import SettingsPanel from "./components/SettingsPanel";[39m
[31m+ import AccountGate, { logoutBeatGalerAccount } from "./components/AccountGate";[39m
[31m+ import UploadModal from "./components/UploadModal";[39m
[31m+ import JobStatusBar from "./components/JobStatusBar";[39m
[31m+ import { PlusIcon, Artwork } from "./components/ui";[39m
[31m+ import { useAudio } from "./hooks/useAudio";[39m
[31m+ import { loadLibrary, readBeatMeta, saveBeatMeta, discardImportReviewBatch, uploadBeatToTelegram, downloadBeatFromTelegram, prepareBeatForPlayback, warmBeatForPlayback, getDownloadCookingStatus, downloadCookingDiagnosticEvent, uploadProjectToTelegram, uploadDroppedFileToTelegram, downloadCloudFileToCache, downloadProjectToCache, revealInExplorer, syncBeatMetadataToTelegram, copyExportFile, copyAudioMetadata, prepareUniqueExportFolder, type CloudFileType, isTauriAvailable } from "./lib/tauri";[39m
[31m+ import { libraryStateManager } from "./lib/libraryStateManager";[39m
[31m+ import { platform } from "./platform";[39m
[31m+ import { DndContext, DragOverlay, closestCenter } from "@dnd-kit/core";[39m
[31m+ import { SortableContext, rectSortingStrategy } from "@dnd-kit/sortable";[39m
[31m+ import { appAlert, appConfirm } from "./lib/dialog";[39m
[31m+ import { sanitizeUserVisibleText } from "./lib/userVisibleError";[39m
[31m+ import { useTagColors, setTagColor } from "./lib/tagColors";[39m
[31m+ import { registerJob, updateJob } from "./lib/jobStore";[39m
[31m+ import { cleanTags } from "./lib/metadataValidation";[39m
[31m+ import { cleanupOrphanedDropStaging, cleanupStagedDropPaths } from "./features/dragdrop/dropStaging";[39m
[31m+ import CloudFilesModal from "./features/downloads/components/CloudFilesModal";[39m
[31m+ import { useBeatDownloads } from "./features/downloads/useBeatDownloads";[39m
[31m+ import BeatFileDropModal, { type DroppedBeatFileRole } from "./features/dragdrop/components/BeatFileDropModal";[39m
[31m+ import SearchBar from "./features/library/components/SearchBar";[39m
[31m+ import SortMenu from "./features/library/components/SortMenu";[39m
[31m+ import TagColorMenu from "./features/tags/components/TagColorMenu";[39m
[31m+ import { useArtworkHydration } from "./features/artwork/useArtworkHydration";[39m
[31m+ import { useCloudUploadQueue } from "./features/cloud/useCloudUploadQueue";[39m
[31m+ import ImportReviewHost, { ImportResolutionHost } from "./features/import/components/ImportReviewHost";[39m
[31m+ import { useImportSession } from "./features/import/useImportSession";[39m
[31m+ import { useImportReview } from "./features/import/useImportReview";[39m
[31m+ import { useImportDiscovery } from "./features/import/useImportDiscovery";[39m
[31m+ import { useImportSaveAll } from "./features/import/useImportSaveAll";[39m
[31m+ import { useBrowserImport } from "./features/import/useBrowserImport";[39m
[31m+ import { extensionFromPath, fileNameFromPath, isBackupFolderPath } from "./features/dragdrop/pathHelpers";[39m
[31m+ import { useHtmlLibraryDrop } from "./features/dragdrop/useHtmlLibraryDrop";[39m
[31m+ import { useNativeLibraryDrop } from "./features/dragdrop/useNativeLibraryDrop";[39m
[31m+ import { cloudBeatFingerprint, drawerMetadataCommitFingerprint, libraryViewFingerprint } from "./features/library/libraryFingerprints";[39m
[31m+ import { clearUploadPreviewCache, preserveLoadedArtwork } from "./features/library/libraryPresentationCache";[39m
[31m+ import { selectFilteredAndSortedBeats } from "./features/library/librarySelectors";[39m
[31m+ import { useLibraryViewState } from "./features/library/useLibraryViewState";[39m
[31m+ import { useLibraryReorder } from "./features/library/useLibraryReorder";[39m
[31m+ import { useBeatSelection } from "./features/selection/useBeatSelection";[39m
[31m+ import { selectAllTags, selectTagFrequency, selectTagSuggestions } from "./features/tags/tagSelectors";[39m
[31m+ import { useTagFilters } from "./features/tags/useTagFilters";[39m
[31m+ import { useTagRename } from "./features/tags/useTagRename";[39m
[31m+ import TagRenameDialog from "./features/tags/components/TagRenameDialog";[39m
[31m+ import { useLibraryPresentationCache, useLibraryState } from "./features/library/useLibraryState";[39m
[31m+ import { useLibraryReload } from "./features/library/useLibraryReload";[39m
[31m+ import { useStartupBootstrap } from "./features/startup/useStartupBootstrap";[39m
[31m+ import { useLibraryReveal } from "./features/startup/useLibraryReveal";[39m
[31m+ import { dismissBeatGalerStartupLoader } from "./features/startup/startupLoader";[39m
[31m+ import { useWebPlaybackSortRouting } from "./features/playback/useWebPlaybackSortRouting";[39m
[31m+ import { usePlaybackController } from "./features/playback/usePlaybackController";[39m
[31m+ import { usePlaybackQueue } from "./features/playback/usePlaybackQueue";[39m
[31m+ import { useDrawerCloudPersistence } from "./features/edit/useDrawerCloudPersistence";[39m
[31m+ import { useBeatAssetUpdates } from "./features/edit/useBeatAssetUpdates";[39m
[31m+ import { useBeatProjects } from "./features/projects/useBeatProjects";[39m
[31m+ import { useOfflineAvailability } from "./features/offline/useOfflineAvailability";[39m
[31m+ import { useTrashActions } from "./features/trash/useTrashActions";[39m
[31m+ import { useWebLibraryReconciled } from "./features/library/useWebLibraryReconciled";[39m
[31m+ import { createBeatRuntimeState } from "./features/state/beatRuntimeState";[39m
[31m+ import { useBeatRuntimeRegistry } from "./features/state/useBeatRuntimeRegistry";[39m
[31m+ import { useSessionState } from "./features/session/useSessionState";[39m
[31m+ import { useSessionActions } from "./features/session/useSessionActions";[39m
[31m+ import { useCustomCursor } from "./features/session/useCustomCursor";[39m
[31m+ import { useConnectivity } from "./features/session/useConnectivity";[39m
[31m+ import { useCloudLibraryEvents } from "./features/cloud/useCloudLibraryEvents";[39m
[31m+ import AppShell from "./app/AppShell";[39m
[31m+ import { useAppShortcuts } from "./app/useAppShortcuts";[39m
[31m+ import { usePublishingActions } from "./features/publishing/usePublishingActions";[39m
[31m+[39m
[31m+ // Intentionally isolated: if real-world timings prove the skeleton unnecessary,[39m
[31m+ // flipping/removing this one constant deletes the visual layer without touching[39m
[31m+ // the staged Review architecture underneath it.[39m
[31m+ const REVIEW_SKELETON_ENABLED = true;[39m
[31m+[39m
[31m+ const beatCloudUpdateBusyIds = new Set<string>();[39m
[31m+[39m
[31m+ function setBeatCloudUpdateBusy(beatId: string, active: boolean, success = false) {[39m
[31m+   if (active) beatCloudUpdateBusyIds.add(beatId);[39m
[31m+   else beatCloudUpdateBusyIds.delete(beatId);[39m
[31m+   window.dispatchEvent(new CustomEvent("beatgaler:beat-cloud-busy", {[39m
[31m+     detail: { beatId, active, success }[39m
[31m+   }));[39m
[31m+ }[39m
[31m+[39m
[31m+ function formatCloudBytes(bytes: number) {[39m
[31m+   if (!bytes) return "0 B";[39m
[31m+   const units = ["B", "KB", "MB", "GB"];[39m
[31m+   let n = bytes; let i = 0;[39m
[31m+   while (n >= 1024 && i < units.length - 1) { n /= 1024; i++; }[39m
[31m+   return `${n.toFixed(i === 0 ? 0 : 1)} ${units[i]}`;[39m
[31m+ }[39m
[31m+[39m
[31m+ function runtimeErrorMessage(error: unknown): string {[39m
[31m+   return error instanceof Error ? error.message : String(error);[39m
[31m+ }[39m
[31m+[39m
[31m+ function isRuntimeConflictError(error: unknown): boolean {[39m
[31m+   const message = runtimeErrorMessage(error).toLowerCase();[39m
[31m+   return message.includes("409") || message.includes("conflict") || message.includes("revision mismatch") || message.includes("version mismatch");[39m
[31m+ }[39m
[31m+[39m
[31m+ function BeatGalerApp() {[39m
[31m+   const {[39m
[31m+     beats,[39m
[31m+     setBeats,[39m
[31m+     beatsLatestRef,[39m
[31m+     startupCachedBeatsRef,[39m
[31m+     initialLoading,[39m
[31m+   } = useLibraryState();[39m
[31m+   const cloudMetaSnapshotRef = useRef<Map<string, string> | null>(null);[39m
[31m+   const cloudLibraryTimerRef = useRef<number | null>(null);[39m
[31m+   const cloudLibrarySnapshotRef = useRef<string | null>(null);[39m
[31m+   const visibleLibraryFingerprintRef = useRef<string>("");[39m
[31m+   const {[39m
[31m+     beatRuntimeStates,[39m
[31m+     beatRuntimeStatesRef,[39m
[31m+     transitionRuntime,[39m
[31m+     forgetRuntimeState,[39m
[31m+     clearReconciledTrashRuntimeStates,[39m
[31m+   } = useBeatRuntimeRegistry(beats, beatsLatestRef);[39m
[31m+   const stagedImportPathsRef = useRef<Map<string, string[]>>(new Map());[39m
[31m+   const [loading, setLoading] = useState(() => initialLoading);[39m
[31m+   const startupCookingResolvedRef = useRef(false);[39m
[31m+   const startupPipelineStartedRef = useRef(false);[39m
[31m+   const startupEnginePrimeReadyRef = useRef(false);[39m
[31m+   const handleArtworkHydratedFromNetwork = useCallback((next: Beat[], beatId: string) => {[39m
[31m+     const hydrated = next.find(item => item.id === beatId);[39m
[31m+     if (hydrated && cloudMetaSnapshotRef.current) {[39m
[31m+       cloudMetaSnapshotRef.current.set(beatId, cloudBeatFingerprint(hydrated));[39m
[31m+     }[39m
[31m+     if (cloudLibrarySnapshotRef.current !== null) {[39m
[31m+       cloudLibrarySnapshotRef.current = next[39m
[31m+         .filter(item => !!item.telegram_file_id)[39m
[31m+         .map(cloudBeatFingerprint)[39m
[31m+         .join("\u001c");[39m
[31m+     }[39m
[31m+   }, []);[39m
[31m+   const { ensureArtworkReady, clearArtworkHydration, invalidateArtworkHydration } = useArtworkHydration({[39m
[31m+     setBeats,[39m
[31m+     onNetworkHydrated: handleArtworkHydratedFromNetwork,[39m
[31m+   });[39m
[31m+   const { search, setSearch, sortBy, setSortBy } = useLibraryViewState();[39m
[31m+   const {[39m
[31m+     includedTags,[39m
[31m+     excludedTags,[39m
[31m+     clearTagFilters,[39m
[31m+     toggleTagFilter,[39m
[31m+     replaceTagFilter,[39m
[31m+   } = useTagFilters();[39m
[31m+   const filteredBeats = selectFilteredAndSortedBeats([39m
[31m+     beats,[39m
[31m+     search,[39m
[31m+     includedTags,[39m
[31m+     excludedTags,[39m
[31m+     sortBy,[39m
[31m+   );[39m
[31m+[39m
[31m+   const [tagColorMenu, setTagColorMenu] = useState<{ tag: string; x: number; y: number } | null>(null);[39m
[31m+   const {[39m
[31m+     tagRename, tagRenameBusy, tagRenameError, affectedCount: tagRenameAffectedCount,[39m
[31m+     affectedMp3Count: tagRenameMp3Count, affectedWavCount: tagRenameWavCount,[39m
[31m+     openTagRename, setNewTag: setTagRenameNewTag, continueTagRename, backTagRename,[39m
[31m+     cancelTagRename, confirmTagRename,[39m
[31m+   } = useTagRename({ beats, setBeats, replaceTagFilter });[39m
[31m+   useWebPlaybackSortRouting(sortBy, beats, platform.kind === "web");[39m
[31m+   const onWebLibraryReconciled = useCallback((incoming: Beat[]) => {[39m
[31m+     setBeats(current => {[39m
[31m+       const next = preserveLoadedArtwork(incoming, current);[39m
[31m+       beatsLatestRef.current = next;[39m
[31m+       return next;[39m
[31m+     });[39m
[31m+   }, []);[39m
[31m+   useWebLibraryReconciled(platform.kind === "web", onWebLibraryReconciled);[39m
[31m+   const [drawer, setDrawer] = useState<{ beat: Beat; mode: "detail" | "edit" } | null>(null);[39m
[31m+   const [showAdd, setShowAdd] = useState(false);[39m
[31m+   const [dropActive, setDropActive] = useState(false);[39m
[31m+   const [dropImporting, setDropImporting] = useState(false);[39m
[31m+   // Covers the WebView2 staging window that happens BEFORE importDroppedPaths[39m
[31m+   // receives native paths. Without this state, the app can look frozen while[39m
[31m+   // large dropped files are being copied into drop-staging.[39m
[31m+   const [libraryDropStaging, setLibraryDropStaging] = useState(false);[39m
[31m+   const [beatFileDrop, setBeatFileDrop] = useState<{ beat: Beat; filePath: string; kind: "file" | "directory" } | null>(null);[39m
[31m+   const {[39m
[31m+     reviewQueue,[39m
[31m+     setReviewQueue,[39m
[31m+     reviewQueueLatestRef,[39m
[31m+     skippedReviewSourceKeysRef,[39m
[31m+     startReview,[39m
[31m+   } = useImportSession();[39m
[31m+   const [showSettings, setShowSettings] = useState(false);[39m
[31m+   const {[39m
[31m+     settings,[39m
[31m+     setSettings,[39m
[31m+     setupDone,[39m
[31m+     setSetupDone,[39m
[31m+     connectionState,[39m
[31m+     setConnectionState,[39m
[31m+     cloudSessionVerified,[39m
[31m+     setCloudSessionVerified,[39m
[31m+   } = useSessionState();[39m
[31m+   const {[39m
[31m+     startupCookingGate,[39m
[31m+     setStartupCookingGate,[39m
[31m+     revealedBeatIds,[39m
[31m+     setRevealedBeatIds,[39m
[31m+     progressiveRevealRunRef,[39m
[31m+   } = useLibraryReveal({[39m
[31m+     initialCachedBeats: startupCachedBeatsRef.current ?? [],[39m
[31m+     filteredBeats,[39m
[31m+     loading,[39m
[31m+     settings,[39m
[31m+     cloudSessionVerified,[39m
[31m+     connectionState,[39m
[31m+     ensureArtworkReady,[39m
[31m+     startupCookingResolvedRef,[39m
[31m+     startupPipelineStartedRef,[39m
[31m+     nativeParallelism: isTauriAvailable ? 6 : 1,[39m
[31m+   });[39m
[31m+   const {[39m
[31m+     cloudFilesBeat,[39m
[31m+     cloudFiles,[39m
[31m+     cloudFilesBusyId,[39m
[31m+     cloudFilesDownloadedIds,[39m
[31m+     cloudFilesDownloadError,[39m
[31m+     cloudDownloadNotice,[39m
[31m+     handleCloudFiles,[39m
[31m+     handleGetCloudFile,[39m
[31m+     closeCloudFiles,[39m
[31m+     dismissDownloadError,[39m
[31m+   } = useBeatDownloads({ connectionState, beatRuntimeStatesRef, transitionRuntime });[39m
[31m+[39m
[31m+   const {[39m
[31m+     selectedIds,[39m
[31m+     selectMode,[39m
[31m+     toggleSelection,[39m
[31m+     toggleSelectAll,[39m
[31m+     finishSelection,[39m
[31m+     clearSelection,[39m
[31m+   } = useBeatSelection(beats);[39m
[31m+   const {[39m
[31m+     sensors,[39m
[31m+     activeDragId,[39m
[31m+     handleDragStart,[39m
[31m+     handleDragEnd,[39m
[31m+     handleDragCancel,[39m
[31m+   } = useLibraryReorder({ sortBy, setSortBy, setBeats });[39m
[31m+   const { state: audio, play, togglePause, seek, setVolume, releaseFile } = useAudio();[39m
[31m+   const { clearPlaybackPreparation, ensureWarmPlaybackUrl, handlePlay, handleWarm, invalidatePlaybackPreparation, waitForUploadedBeatPlaybackReady } = usePlaybackController({[39m
[31m+     audio,[39m
[31m+     play,[39m
[31m+     beatsLatestRef,[39m
[31m+     beatRuntimeStatesRef,[39m
[31m+     transitionRuntime,[39m
[31m+     setBeats,[39m
[31m+     cloudSessionVerified,[39m
[31m+     connectionState,[39m
[31m+     isBeatCloudUpdateBusy: beatId => beatCloudUpdateBusyIds.has(beatId),[39m
[31m+   });[39m
[31m+   const { offlineBusyIds, handleToggleOffline } = useOfflineAvailability({[39m
[31m+     connectionState,[39m
[31m+     audioPlayingId: audio.playingId,[39m
[31m+     releaseFile,[39m
[31m+     invalidatePlaybackPreparation,[39m
[31m+     ensureWarmPlaybackUrl,[39m
[31m+     beatRuntimeStatesRef,[39m
[31m+     transitionRuntime,[39m
[31m+     setBeats,[39m
[31m+     setDrawer,[39m
[31m+     setRevealedBeatIds,[39m
[31m+   });[39m
[31m+[39m
[31m+   // Keep a ref to togglePause so the keydown handler never goes stale[39m
[31m+   const togglePauseRef = useRef(togglePause);[39m
[31m+   useEffect(() => { togglePauseRef.current = togglePause; }, [togglePause]);[39m
[31m+[39m
[31m+   const rejectOfflineMutation = useCallback((action: string): boolean => {[39m
[31m+     if (connectionState === "online") return false;[39m
[31m+     void appAlert({[39m
[31m+       title: connectionState === "offline" ? "Offline" : "Connection unavailable",[39m
[31m+       message: `${action} requires an internet connection. Offline mode is read-only except for moving beats to Trash.`,[39m
[31m+     });[39m
[31m+     return true;[39m
[31m+   }, [connectionState]);[39m
[31m+[39m
[31m+   const { showUpload, setShowUpload, handleUpload, handleUploadBulk } = usePublishingActions({[39m
[31m+     selectedIds,[39m
[31m+     rejectOfflineMutation,[39m
[31m+   });[39m
[31m+[39m
[31m+   const {[39m
[31m+     reviewBootstrap,[39m
[31m+     reviewPreparationDone,[39m
[31m+     reviewPreparationPromiseRef,[39m
[31m+     deferredImportBatch,[39m
[31m+     setDeferredImportBatch,[39m
[31m+     importDroppedPaths,[39m
[31m+     cancelPendingReviewWork,[39m
[31m+     completeImmediateReviewPreparation,[39m
[31m+   } = useImportDiscovery({[39m
[31m+     dropImporting,[39m
[31m+     setDropImporting,[39m
[31m+     rejectOfflineMutation,[39m
[31m+     setDropActive,[39m
[31m+     setShowAdd,[39m
[31m+     setReviewQueue,[39m
[31m+     skippedReviewSourceKeysRef,[39m
[31m+     stagedImportPathsRef,[39m
[31m+     skeletonEnabled: REVIEW_SKELETON_ENABLED,[39m
[31m+   });[39m
[31m+[39m
[31m+   const {[39m
[31m+     backgroundUploadErrors,[39m
[31m+     cloudifyImportedBeats,[39m
[31m+     retryBackgroundUpload,[39m
[31m+     getQueuedBeatsSnapshot,[39m
[31m+     deferLibraryReloadIfUploading,[39m
[31m+     deferredLibraryReloadRef,[39m
[31m+   } = useCloudUploadQueue({[39m
[31m+     settings,[39m
[31m+     setSettings,[39m
[31m+     setConnectionState,[39m
[31m+     setBeats,[39m
[31m+     beatsLatestRef,[39m
[31m+     beatRuntimeStatesRef,[39m
[31m+     transitionRuntime,[39m
[31m+     cloudLibrarySnapshotRef,[39m
[31m+     waitForUploadedBeatPlaybackReady,[39m
[31m+     rejectOfflineMutation,[39m
[31m+     isReviewActive: () => reviewQueueLatestRef.current !== null,[39m
[31m+     hasProtectedStaging: () => stagedImportPathsRef.current.size > 0,[39m
[31m+   });[39m
[31m+[39m
[31m+[39m
[31m+   const { libraryRefreshing, reloadLibrary } = useLibraryReload({[39m
[31m+     telegramCloudConnected: Boolean(settings?.telegram_cloud_connected),[39m
[31m+     beatsLatestRef,[39m
[31m+     setBeats,[39m
[31m+     setConnectionState,[39m
[31m+     setCloudSessionVerified,[39m
[31m+     cloudMetaSnapshotRef,[39m
[31m+     cloudLibrarySnapshotRef,[39m
[31m+     startupCookingResolvedRef,[39m
[31m+     startupPipelineStartedRef,[39m
[31m+     progressiveRevealRunRef,[39m
[31m+     setRevealedBeatIds,[39m
[31m+     setStartupCookingGate,[39m
[31m+     setLoading,[39m
[31m+     deferLibraryReloadIfUploading,[39m
[31m+   });[39m
[31m+[39m
[31m+   const { interruptedUploadNotices, dismissInterruptedUploadNotices } = useStartupBootstrap({[39m
[31m+     startupCachedBeatsRef,[39m
[31m+     cloudMetaSnapshotRef,[39m
[31m+     cloudLibrarySnapshotRef,[39m
[31m+     startupCookingResolvedRef,[39m
[31m+     startupPipelineStartedRef,[39m
[31m+     startupEnginePrimeReadyRef,[39m
[31m+     progressiveRevealRunRef,[39m
[31m+     setBeats,[39m
[31m+     setSettings,[39m
[31m+     setSetupDone,[39m
[31m+     setLoading,[39m
[31m+     setConnectionState,[39m
[31m+     setCloudSessionVerified,[39m
[31m+     setStartupCookingGate,[39m
[31m+     setRevealedBeatIds,[39m
[31m+     clearReconciledTrashRuntimeStates,[39m
[31m+     dismissStartupLoader: dismissBeatGalerStartupLoader,[39m
[31m+   });[39m
[31m+[39m
[31m+[39m
[31m+ useConnectivity({[39m
[31m+   setupDone,[39m
[31m+   setConnectionState,[39m
[31m+   setCloudSessionVerified,[39m
[31m+   setSettings,[39m
[31m+   setBeats,[39m
[31m+   cloudMetaSnapshotRef,[39m
[31m+   cloudLibrarySnapshotRef,[39m
[31m+   startupCookingResolvedRef,[39m
[31m+   startupPipelineStartedRef,[39m
[31m+   startupEnginePrimeReadyRef,[39m
[31m+   progressiveRevealRunRef,[39m
[31m+   clearReconciledTrashRuntimeStates,[39m
[31m+   clearPlaybackPreparation,[39m
[31m+   clearArtworkHydration,[39m
[31m+   setStartupCookingGate,[39m
[31m+ });[39m
[31m+[39m
[31m+   useCustomCursor(settings?.custom_cursor_enabled ?? true);[39m
[31m+[39m
[31m+[39m
[31m+[39m
[31m+ // BeatGaler synchronization remains push-based. SSE only notifies the app;[39m
[31m+ // the extracted owner verifies authority before hydrating library state.[39m
[31m+ useCloudLibraryEvents({[39m
[31m+   setupDone,[39m
[31m+   beatgalerUserId: settings?.beatgaler_user_id ?? null,[39m
[31m+   setConnectionState,[39m
[31m+   setCloudSessionVerified,[39m
[31m+   setSettings,[39m
[31m+   setBeats,[39m
[31m+   cloudMetaSnapshotRef,[39m
[31m+   cloudLibrarySnapshotRef,[39m
[31m+   visibleLibraryFingerprintRef,[39m
[31m+   startupCookingResolvedRef,[39m
[31m+   startupPipelineStartedRef,[39m
[31m+   startupEnginePrimeReadyRef,[39m
[31m+   progressiveRevealRunRef,[39m
[31m+   clearReconciledTrashRuntimeStates,[39m
[31m+   clearArtworkHydration,[39m
[31m+   clearPlaybackPreparation,[39m
[31m+   setStartupCookingGate,[39m
[31m+ });[39m
[31m+[39m
[31m+   useLibraryPresentationCache([39m
[31m+     beats,[39m
[31m+     cloudSessionVerified,[39m
[31m+     settings,[39m
[31m+   );[39m
[31m+[39m
[31m+   useEffect(() => {[39m
[31m+     visibleLibraryFingerprintRef.current = libraryViewFingerprint(beats);[39m
[31m+     beatsLatestRef.current = beats;[39m
[31m+   }, [beats]);[39m
[31m+[39m
[31m+[39m
[31m+[39m
[31m+   // One-time recovery for a cloud-only library after Telegram login/startup.[39m
[31m+   // No timer, no permanent synchronization.[39m
[31m+   const beatGalerCloudRecoveryAttemptedRef = useRef(false);[39m
[31m+[39m
[31m+   const recoverTelegramLibraryOnceIfEmpty = useCallback(async () => {[39m
[31m+     if (beatGalerCloudRecoveryAttemptedRef.current) return;[39m
[31m+     if (beats.length !== 0) return;[39m
[31m+[39m
[31m+     beatGalerCloudRecoveryAttemptedRef.current = true;[39m
[31m+     try {[39m
[31m+       const restored = await libraryStateManager.reloadAuthoritative();[39m
[31m+       if (restored.length > 0) {[39m
[31m+         setBeats(current => current.length === 0 ? restored : current);[39m
[31m+       }[39m
[31m+     } catch (error) {[39m
[31m+       console.warn("Telegram library one-time recovery skipped:", error);[39m
[31m+     }[39m
[31m+   }, [beats.length]);[39m
[31m+[39m
[31m+   // IMPORTANT: an empty library is a valid, authoritative state (for example[39m
[31m+   // immediately after Remove All). Never infer "Telegram recovery" merely from[39m
[31m+   // beats.length === 0; doing so races the pending trash/index commit and can[39m
[31m+   // resurrect the just-removed cards with their artwork unloaded. Recovery is[39m
[31m+   // only allowed from explicit Telegram connection/startup flows below.[39m
[31m+[39m
[31m+   useEffect(() => {[39m
[31m+     const onTelegramConnected = (event: Event) => {[39m
[31m+       const detail = (event as CustomEvent<{ connected?: boolean; username?: string | null }>).detail;[39m
[31m+       if (!detail?.connected) return;[39m
[31m+[39m
[31m+       setSettings(current => current ? {[39m
[31m+         ...current,[39m
[31m+         telegram_cloud_connected: true,[39m
[31m+         telegram_cloud_username: detail.username ?? current.telegram_cloud_username ?? null,[39m
[31m+       } : current);[39m
[31m+[39m
[31m+       void recoverTelegramLibraryOnceIfEmpty();[39m
[31m+     };[39m
[31m+[39m
[31m+     window.addEventListener("beatgaler:telegram-connected", onTelegramConnected);[39m
[31m+     return () => window.removeEventListener("beatgaler:telegram-connected", onTelegramConnected);[39m
[31m+   }, [recoverTelegramLibraryOnceIfEmpty]);[39m
[31m+[39m
[31m+[39m
[31m+   const handleUploadTelegram = useCallback(async (beat: Beat) => {[39m
[31m+     if (rejectOfflineMutation("Uploading a beat")) return;[39m
[31m+     const existingCloudBeat = Boolean(beat.telegram_file_id);[39m
[31m+     transitionRuntime(beat.id, { type: existingCloudBeat ? "SYNC_QUEUE_UPDATE" : "SYNC_QUEUE_UPLOAD" }, beat);[39m
[31m+     transitionRuntime(beat.id, { type: existingCloudBeat ? "SYNC_UPDATE_STARTED" : "SYNC_UPLOAD_STARTED" }, beat);[39m
[31m+     try {[39m
[31m+       const updated = await uploadBeatToTelegram(beat);[39m
[31m+       await syncBeatMetadataToTelegram(updated);[39m
[31m+       transitionRuntime(updated.id, { type: existingCloudBeat ? "SYNC_UPDATE_SUCCEEDED" : "SYNC_UPLOAD_SUCCEEDED" }, updated);[39m
[31m+       setBeats(bs => bs.map(b => b.id === updated.id ? updated : b));[39m
[31m+     } catch (e: any) {[39m
[31m+       const message = sanitizeUserVisibleText(runtimeErrorMessage(e), "Cloud operation failed.");[39m
[31m+       if (existingCloudBeat && isRuntimeConflictError(e)) {[39m
[31m+         transitionRuntime(beat.id, { type: "SYNC_CONFLICT", message }, beat);[39m
[31m+       } else {[39m
[31m+         transitionRuntime(beat.id, { type: "SYNC_FAILED", code: "TELEGRAM_UPLOAD_FAILED", message, retryable: true }, beat);[39m
[31m+       }[39m
[31m+       await appAlert({[39m
[31m+         title: "Cloud upload failed",[39m
[31m+         message,[39m
[31m+         danger: true,[39m
[31m+       });[39m
[31m+     }[39m
[31m+   }, [rejectOfflineMutation, transitionRuntime]);[39m
[31m+[39m
[31m+   const handleDownloadTelegram = useCallback(async (_beat: Beat) => {[39m
[31m+     await appAlert({[39m
[31m+       title: "Cloud-only library",[39m
[31m+       message: "Files are fetched into temporary storage automatically when needed.",[39m
[31m+     });[39m
[31m+   }, []);[39m
[31m+[39m
[31m+[39m
[31m+   const handleEditBulk = useCallback(() => {[39m
[31m+     if (rejectOfflineMutation("Editing metadata")) return;[39m
[31m+     const firstSelected = beats.find(b => selectedIds.has(b.id));[39m
[31m+     if (firstSelected) setDrawer({ beat: firstSelected, mode: "edit" });[39m
[31m+   }, [beats, selectedIds, rejectOfflineMutation]);[39m
[31m+[39m
[31m+   const { deleteBeat, handleRemoveBulk, handleBeatRestored } = useTrashActions({[39m
[31m+     beats,[39m
[31m+     setBeats,[39m
[31m+     beatsLatestRef,[39m
[31m+     selectedIds,[39m
[31m+     clearSelection,[39m
[31m+     connectionState,[39m
[31m+     audioPlayingId: audio.playingId,[39m
[31m+     releaseFile,[39m
[31m+     beatRuntimeStatesRef,[39m
[31m+     transitionRuntime,[39m
[31m+     forgetRuntimeState,[39m
[31m+     cloudMetaSnapshotRef,[39m
[31m+     cloudLibrarySnapshotRef,[39m
[31m+     invalidateArtworkHydration,[39m
[31m+     ensureArtworkReady,[39m
[31m+   });[39m
[31m+[39m
[31m+   const addBeats = useCallback((newBeats: Beat[]) => {[39m
[31m+     setBeats(bs => {[39m
[31m+       const existing = new Set(bs.map(b => b.mp3_path));[39m
[31m+       const next = [...newBeats.filter(b => !existing.has(b.mp3_path)), ...bs];[39m
[31m+       beatsLatestRef.current = next;[39m
[31m+       return next;[39m
[31m+     });[39m
[31m+   }, []);[39m
[31m+[39m
[31m+   const addBeatsAndReview = useCallback((newBeats: Beat[]) => {[39m
[31m+     if (newBeats.length === 0) return;[39m
[31m+     if (connectionState !== "online") {[39m
[31m+       void appAlert({[39m
[31m+         title: "Internet connection required",[39m
[31m+         message: "BeatGaler does not import new beats while offline. Reconnect and import them again.",[39m
[31m+       });[39m
[31m+       void cleanupOrphanedDropStaging(beatsLatestRef.current);[39m
[31m+       return;[39m
[31m+     }[39m
[31m+     const sanitized = newBeats.map(beat => ({ ...beat, tags: cleanTags(beat.tags || []).tags }));[39m
[31m+[39m
[31m+     // Review candidates are NOT library beats yet.[39m
[31m+     // Keeping them out of `beats` means:[39m
[31m+     // 1) Cancel leaves absolutely nothing behind.[39m
[31m+     // 2) duplicate-name checks compare only against committed library items.[39m
[31m+     // 3) a re-dropped folder can never masquerade as an edit of the existing beat.[39m
[31m+     setShowAdd(false);[39m
[31m+     startReview(sanitized);[39m
[31m+     // Upload begins only after Review → Save.[39m
[31m+   }, [connectionState, startReview]);[39m
[31m+[39m
[31m+ const {[39m
[31m+   skipCurrentReviewBeat,[39m
[31m+   cancelReview,[39m
[31m+   handleReviewedBeatSaved,[39m
[31m+ } = useImportReview({[39m
[31m+   setBeats,[39m
[31m+   beatsLatestRef,[39m
[31m+   setReviewQueue,[39m
[31m+   skippedReviewSourceKeysRef,[39m
[31m+   cloudifyImportedBeats,[39m
[31m+   getQueuedBeatsSnapshot,[39m
[31m+   onCancelPendingWork: cancelPendingReviewWork,[39m
[31m+   releaseBeat: platform.capabilities.reviewBeatCloudCommit[39m
[31m+     ? beatId => platform.importer.releaseBeat(beatId)[39m
[31m+     : undefined,[39m
[31m+   discardBatch: batchId => discardImportReviewBatch(batchId),[39m
[31m+   cleanupStaging: protectedBeats => cleanupOrphanedDropStaging(protectedBeats),[39m
[31m+ });[39m
[31m+[39m
[31m+   const {[39m
[31m+     audioConflictBatch,[39m
[31m+     dropImportBatch,[39m
[31m+     resetImportResolutionState,[39m
[31m+     handleReviewedSaveAll,[39m
[31m+     cancelAudioConflicts,[39m
[31m+     resolveAudioConflicts,[39m
[31m+     closeImportDecisions,[39m
[31m+     importResolvedDecisions,[39m
[31m+   } = useImportSaveAll({[39m
[31m+     setBeats,[39m
[31m+     beatsLatestRef,[39m
[31m+     reviewQueue,[39m
[31m+     setReviewQueue,[39m
[31m+     reviewQueueLatestRef,[39m
[31m+     reviewBootstrap,[39m
[31m+     reviewPreparationDone,[39m
[31m+     reviewPreparationPromiseRef,[39m
[31m+     deferredImportBatch,[39m
[31m+     setDeferredImportBatch,[39m
[31m+     stagedImportPathsRef,[39m
[31m+     setDropImporting,[39m
[31m+     cloudifyImportedBeats,[39m
[31m+     addBeatsAndReview,[39m
[31m+   });[39m
[31m+[39m
[31m+   const { importDroppedBrowserFiles } = useBrowserImport({[39m
[31m+     dropImporting,[39m
[31m+     setDropImporting,[39m
[31m+     rejectOfflineMutation,[39m
[31m+     setDropActive,[39m
[31m+     setShowAdd,[39m
[31m+     setReviewQueue,[39m
[31m+     completeImmediateReviewPreparation,[39m
[31m+     resetImportResolutionState,[39m
[31m+   });[39m
[31m+[39m
[31m+   const updateExistingBeatFromFolder = useCallback(async (beat: Beat, folderPath: string): Promise<boolean> => {[39m
[31m+     if (rejectOfflineMutation("Updating beat files")) return true;[39m
[31m+     if (isBackupFolderPath(folderPath)) {[39m
[31m+       await appAlert({[39m
[31m+         title: "Backup folder skipped",[39m
[31m+         message: "BeatGaler keeps Backup/Backups folders out of PROJECT.zip so old project copies are not uploaded.",[39m
[31m+       });[39m
[31m+       return true;[39m
[31m+     }[39m
[31m+[39m
[31m+     const t = await import("./lib/tauri");[39m
[31m+[39m
[31m+     let preview;[39m
[31m+     try {[39m
[31m+       preview = await t.inspectBeatUpdateFolder(folderPath);[39m
[31m+     } catch {[39m
[31m+       return false;[39m
[31m+     }[39m
[31m+[39m
[31m+     let replaceMaster = false;[39m
[31m+     if (preview.has_mp3) {[39m
[31m+       const alreadyHasMaster = Boolean(beat.telegram_file_id) || Boolean(beat.mp3_path?.trim());[39m
[31m+       if (alreadyHasMaster) {[39m
[31m+         const incoming = preview.mp3_filename || "the incoming MP3";[39m
[31m+         const confirmed = window.confirm([39m
[31m+           `Replace current MASTER for "${beat.name}"?\n\n` +[39m
[31m+           `${incoming} will become the new MASTER.\n` +[39m
[31m+           `Its BPM, key, tags, rating and artwork will replace the current metadata.\n\n` +[39m
[31m+           `WAV and project files from this folder will also be added or updated.`[39m
[31m+         );[39m
[31m+         if (!confirmed) return true;[39m
[31m+       }[39m
[31m+       replaceMaster = true;[39m
[31m+     }[39m
[31m+[39m
[31m+     setBeatCloudUpdateBusy(beat.id, true);[39m
[31m+     const runtime = beatRuntimeStatesRef.current[beat.id] ?? createBeatRuntimeState(beat);[39m
[31m+     if (runtime.sync_state === "synced") transitionRuntime(beat.id, { type: "SYNC_QUEUE_UPDATE" }, beat);[39m
[31m+     transitionRuntime(beat.id, { type: "SYNC_UPDATE_STARTED" }, beat);[39m
[31m+     try {[39m
[31m+       let updated = await t.mergeFolderIntoExistingBeat(beat, folderPath, replaceMaster);[39m
[31m+       setBeats(bs => bs.map(b => b.id === beat.id ? updated : b));[39m
[31m+[39m
[31m+       if (replaceMaster) {[39m
[31m+         updated = await t.uploadBeatToTelegram(updated);[39m
[31m+         setBeats(bs => bs.map(b => b.id === beat.id ? updated : b));[39m
[31m+       }[39m
[31m+[39m
[31m+       if (preview.has_wav && updated.wav_path) {[39m
[31m+         await t.uploadDroppedFileToTelegram(updated, updated.wav_path, "WAV");[39m
[31m+       }[39m
[31m+[39m
[31m+       if (preview.has_project_assets) {[39m
[31m+         await t.uploadProjectToTelegram(updated);[39m
[31m+       }[39m
[31m+[39m
[31m+       if (replaceMaster && updated.telegram_file_id) {[39m
[31m+         await t.syncBeatMetadataToTelegram(updated);[39m
[31m+       }[39m
[31m+[39m
[31m+       window.dispatchEvent(new CustomEvent("beatgaler:project-cloud-updated", { detail: { beatId: beat.id } }));[39m
[31m+       await libraryStateManager.commitSnapshot(beatsLatestRef.current.map(item => item.id === beat.id ? updated : item), "metadata-update");[39m
[31m+       transitionRuntime(beat.id, { type: "SYNC_UPDATE_SUCCEEDED" }, updated);[39m
[31m+       setBeats(bs => bs.map(b => b.id === beat.id ? updated : b));[39m
[31m+       return true;[39m
[31m+     } catch (error) {[39m
[31m+       console.error(error);[39m
[31m+       const message = sanitizeUserVisibleText(runtimeErrorMessage(error), "Cloud operation failed.");[39m
[31m+       if (isRuntimeConflictError(error)) transitionRuntime(beat.id, { type: "SYNC_CONFLICT", message }, beat);[39m
[31m+       else transitionRuntime(beat.id, { type: "SYNC_FAILED", code: "FOLDER_UPDATE_FAILED", message, retryable: true }, beat);[39m
[31m+       alert(`Could not update "${beat.name}" from the dropped folder: ${message}`);[39m
[31m+       return true;[39m
[31m+     } finally {[39m
[31m+       setBeatCloudUpdateBusy(beat.id, false);[39m
[31m+     }[39m
[31m+   }, [rejectOfflineMutation, transitionRuntime]);[39m
[31m+[39m
[31m+   const { commitDrawerCloudMutation } = useDrawerCloudPersistence({[39m
[31m+   beats,[39m
[31m+   browserCloudEditing: platform.capabilities.browserCloudEditing,[39m
[31m+   connectionState,[39m
[31m+   cloudSessionVerified,[39m
[31m+   beatsLatestRef,[39m
[31m+   beatRuntimeStatesRef,[39m
[31m+   transitionRuntime,[39m
[31m+   cloudMetaSnapshotRef,[39m
[31m+   cloudLibraryTimerRef,[39m
[31m+   cloudLibrarySnapshotRef,[39m
[31m+ });[39m
[31m+[39m
[31m+   // V7: INDEX writes are explicit transactions only.[39m
[31m+   // There is deliberately no generic "beats changed => rewrite Telegram" observer.[39m
[31m+   // Upload, metadata, Trash/Restore and project/file operations commit through[39m
[31m+   // libraryStateManager at their actual logical commit boundary. This prevents[39m
[31m+   // render/cache hydration from becoming an accidental cloud mutation.[39m
[31m+[39m
[31m+   const {[39m
[31m+     handleIncompleteWarningsChanged,[39m
[31m+     handleCustomCursorChanged,[39m
[31m+     handleFolderChanged,[39m
[31m+     handleDisconnectTelegramAccount,[39m
[31m+   } = useSessionActions({[39m
[31m+     setSettings,[39m
[31m+     setCloudSessionVerified,[39m
[31m+     logoutAccount: logoutBeatGalerAccount,[39m
[31m+     releaseFile,[39m
[31m+     progressiveRevealRunRef,[39m
[31m+     clearPlaybackPreparation,[39m
[31m+     clearArtworkHydration,[39m
[31m+     setRevealedBeatIds,[39m
[31m+     setBeats,[39m
[31m+     clearSelection,[39m
[31m+   });[39m
[31m+[39m
[31m+   const updateBeat = useCallback((updated: Beat) => {[39m
[31m+     if (updated.telegram_file_id && connectionState === "online") {[39m
[31m+       const runtime = beatRuntimeStatesRef.current[updated.id] ?? createBeatRuntimeState(updated);[39m
[31m+       if (runtime.sync_state === "synced") transitionRuntime(updated.id, { type: "SYNC_QUEUE_UPDATE" }, updated);[39m
[31m+     }[39m
[31m+     setBeats(bs => bs.map(b => b.id === updated.id ? updated : b));[39m
[31m+     if (drawer?.beat.id === updated.id) setDrawer(d => d ? { ...d, beat: updated } : null);[39m
[31m+   }, [connectionState, drawer, transitionRuntime]);[39m
[31m+[39m
[31m+[39m
[31m+[39m
[31m+   const handleDropArtwork = useCallback(async (beat: Beat, imageBase64: string) => {[39m
[31m+     if (rejectOfflineMutation("Changing artwork")) return;[39m
[31m+[39m
[31m+     const updated = { ...beat, image_base64: imageBase64, image_preview_base64: null };[39m
[31m+[39m
[31m+     if (platform.capabilities.browserCloudEditing) {[39m
[31m+       // Publish the browser-decoded artwork immediately, then commit it through[39m
[31m+       // the Web editor/Direct transport. No Tauri metadata path participates.[39m
[31m+       updateBeat(updated);[39m
[31m+       transitionRuntime(updated.id, { type: "SYNC_UPDATE_STARTED" }, updated);[39m
[31m+       try {[39m
[31m+         const committed = await platform.editor.commit(beat, updated, {});[39m
[31m+         setBeats(current => {[39m
[31m+           const next = current.map(item => item.id === committed.id ? committed : item);[39m
[31m+           beatsLatestRef.current = next;[39m
[31m+           return next;[39m
[31m+         });[39m
[31m+         setDrawer(current => current?.beat.id === committed.id ? { ...current, beat: committed } : current);[39m
[31m+         transitionRuntime(updated.id, { type: "SYNC_UPDATE_SUCCEEDED" }, committed);[39m
[31m+       } catch (error) {[39m
[31m+         const message = sanitizeUserVisibleText(runtimeErrorMessage(error), "Cloud operation failed.");[39m
[31m+         transitionRuntime(updated.id, { type: "SYNC_FAILED", code: "ARTWORK_SYNC_FAILED", message, retryable: true }, updated);[39m
[31m+         throw error;[39m
[31m+       }[39m
[31m+       return;[39m
[31m+     }[39m
[31m+[39m
[31m+     // Desktop keeps its existing native metadata/artwork transaction.[39m
[31m+     await saveBeatMeta({[39m
[31m+       mp3_path: beat.mp3_path,[39m
[31m+       wav_path: beat.wav_path,[39m
[31m+       bpm: beat.bpm,[39m
[31m+       key: beat.key,[39m
[31m+       tags: beat.tags,[39m
[31m+       rating: beat.rating,[39m
[31m+       image_base64: imageBase64,[39m
[31m+       update_filename: false,[39m
[31m+     });[39m
[31m+[39m
[31m+     updateBeat(updated);[39m
[31m+[39m
[31m+     if (updated.telegram_file_id && connectionState === "online") {[39m
[31m+       const runtime = beatRuntimeStatesRef.current[updated.id] ?? createBeatRuntimeState(updated);[39m
[31m+       if (runtime.sync_state === "synced") transitionRuntime(updated.id, { type: "SYNC_QUEUE_UPDATE" }, updated);[39m
[31m+       transitionRuntime(updated.id, { type: "SYNC_UPDATE_STARTED" }, updated);[39m
[31m+       try {[39m
[31m+         await syncBeatMetadataToTelegram(updated);[39m
[31m+         const indexSnapshot = beatsLatestRef.current.map(item => item.id === updated.id ? updated : item);[39m
[31m+         await libraryStateManager.commitSnapshot(indexSnapshot, "upload-batch");[39m
[31m+         if (cloudLibraryTimerRef.current) {[39m
[31m+           window.clearTimeout(cloudLibraryTimerRef.current);[39m
[31m+           cloudLibraryTimerRef.current = null;[39m
[31m+         }[39m
[31m+         cloudLibrarySnapshotRef.current = indexSnapshot[39m
[31m+           .filter(item => !!item.telegram_file_id)[39m
[31m+           .map(cloudBeatFingerprint)[39m
[31m+           .join("\u001c");[39m
[31m+         cloudMetaSnapshotRef.current?.set(updated.id, cloudBeatFingerprint(updated));[39m
[31m+         transitionRuntime(updated.id, { type: "SYNC_UPDATE_SUCCEEDED" }, updated);[39m
[31m+       } catch (error) {[39m
[31m+         const message = sanitizeUserVisibleText(runtimeErrorMessage(error), "Cloud operation failed.");[39m
[31m+         transitionRuntime(updated.id, { type: "SYNC_FAILED", code: "ARTWORK_SYNC_FAILED", message, retryable: true }, updated);[39m
[31m+         throw error;[39m
[31m+       }[39m
[31m+     }[39m
[31m+   }, [updateBeat, rejectOfflineMutation, connectionState, transitionRuntime]);[39m
[31m+[39m
[31m+[39m
[31m+   const {[39m
[31m+     runBeatCloudUpdate,[39m
[31m+     startMasterAssetUpdate,[39m
[31m+     startWavAssetUpdate,[39m
[31m+     handleBrowserBeatAssetDrop,[39m
[31m+   } = useBeatAssetUpdates({[39m
[31m+     rejectOfflineMutation,[39m
[31m+     setBeatFileDrop,[39m
[31m+     setBeatCloudUpdateBusy,[39m
[31m+     beatRuntimeStatesRef,[39m
[31m+     transitionRuntime,[39m
[31m+     beatsLatestRef,[39m
[31m+     cloudLibrarySnapshotRef,[39m
[31m+     setBeats,[39m
[31m+     setDrawer,[39m
[31m+     waitForUploadedBeatPlaybackReady,[39m
[31m+   });[39m
[31m+[39m
[31m+   const {[39m
[31m+     openableCloudProjectIds,[39m
[31m+     projectUpdateNotice,[39m
[31m+     dismissProjectUpdateNotice,[39m
[31m+     hasStoredProject,[39m
[31m+     startProjectAssetUpdate,[39m
[31m+     handleAutoProjectDrop,[39m
[31m+     handleBrowserProjectDrop,[39m
[31m+     handleUploadProjectTelegram,[39m
[31m+     handleOpenProject,[39m
[31m+     handleUpdateProject,[39m
[31m+   } = useBeatProjects({[39m
[31m+     beats,[39m
[31m+     connectionState,[39m
[31m+     rejectOfflineMutation,[39m
[31m+     transitionRuntime,[39m
[31m+     beatsLatestRef,[39m
[31m+     setBeats,[39m
[31m+     setDrawer,[39m
[31m+     runBeatCloudUpdate,[39m
[31m+     setBeatCloudUpdateBusy,[39m
[31m+   });[39m
[31m+[39m
[31m+   const handleDroppedBeatFileRole = useCallback(async (role: DroppedBeatFileRole) => {[39m
[31m+     if (!beatFileDrop) return;[39m
[31m+     const { beat, filePath } = beatFileDrop;[39m
[31m+     const ext = extensionFromPath(filePath);[39m
[31m+[39m
[31m+     if (role === "loop" || role === "stems") return;[39m
[31m+[39m
[31m+     if (role === "main") {[39m
[31m+       if (ext !== "mp3") return;[39m
[31m+       startMasterAssetUpdate(beat, filePath);[39m
[31m+       return;[39m
[31m+     }[39m
[31m+[39m
[31m+     if (role === "wav") {[39m
[31m+       if (ext !== "wav") return;[39m
[31m+       startWavAssetUpdate(beat, filePath);[39m
[31m+       return;[39m
[31m+     }[39m
[31m+[39m
[31m+     if (role === "projectFolder") {[39m
[31m+       const existing = await hasStoredProject(beat).catch(() => false);[39m
[31m+       if (!existing) {[39m
[31m+         await cleanupStagedDropPaths([filePath]).catch(() => {});[39m
[31m+         setBeatFileDrop(null);[39m
[31m+         await appAlert({[39m
[31m+           title: "Project file required",[39m
[31m+           message: "Add a .flp, .als, .logicx, .ptx/.ptf file or a valid PROJECT ZIP first. Then folders can be added to that PROJECT.zip using their original folder name.",[39m
[31m+         });[39m
[31m+         return;[39m
[31m+       }[39m
[31m+       startProjectAssetUpdate(beat, filePath, "projectFolder");[39m
[31m+     }[39m
[31m+   }, [beatFileDrop, hasStoredProject, startMasterAssetUpdate, startProjectAssetUpdate, startWavAssetUpdate]);[39m
[31m+[39m
[31m+[39m
[31m+   useHtmlLibraryDrop({[39m
[31m+     nativeDropAvailable: isTauriAvailable,[39m
[31m+     browserFileImport: platform.capabilities.browserFileImport,[39m
[31m+     reviewSkeletonEnabled: REVIEW_SKELETON_ENABLED,[39m
[31m+     beatsLatestRef,[39m
[31m+     setDropActive,[39m
[31m+     setBeatCloudUpdateBusy,[39m
[31m+     setBeatFileDrop,[39m
[31m+     setLibraryDropStaging,[39m
[31m+     handleDropArtwork,[39m
[31m+     handleAutoProjectDrop,[39m
[31m+     handleBrowserBeatAssetDrop,[39m
[31m+     handleBrowserProjectDrop,[39m
[31m+     importDroppedBrowserFiles,[39m
[31m+     importDroppedPaths,[39m
[31m+   });[39m
[31m+[39m
[31m+   useNativeLibraryDrop({[39m
[31m+     nativeDropAvailable: isTauriAvailable,[39m
[31m+     reviewSkeletonEnabled: REVIEW_SKELETON_ENABLED,[39m
[31m+     beatsLatestRef,[39m
[31m+     setDropActive,[39m
[31m+     setBeatCloudUpdateBusy,[39m
[31m+     setBeatFileDrop,[39m
[31m+     setLibraryDropStaging,[39m
[31m+     handleDropArtwork,[39m
[31m+     handleAutoProjectDrop,[39m
[31m+     importDroppedPaths,[39m
[31m+   });[39m
[31m+[39m
[31m+   const applyBulkUpdate = useCallback((updates: Partial<Beat>, options?: { tagsMode?: "add" | "replace" | "remove" }) => {[39m
[31m+     setBeats(bs => bs.map(b => {[39m
[31m+       if (!selectedIds.has(b.id)) return b;[39m
[31m+       if (!updates.tags) return { ...b, ...updates };[39m
[31m+[39m
[31m+       const normalizedInput = Array.from(new Set([39m
[31m+         updates.tags.map(t => t.trim().toLowerCase()).filter(Boolean)[39m
[31m+       ));[39m
[31m+[39m
[31m+       if (options?.tagsMode === "replace") {[39m
[31m+         return { ...b, ...updates, tags: normalizedInput };[39m
[31m+       }[39m
[31m+[39m
[31m+       if (options?.tagsMode === "remove") {[39m
[31m+         const removeSet = new Set(normalizedInput);[39m
[31m+         const remainingTags = b.tags.filter(tag => !removeSet.has(tag.trim().toLowerCase()));[39m
[31m+         return { ...b, ...updates, tags: remainingTags };[39m
[31m+       }[39m
[31m+[39m
[31m+       const mergedTags = Array.from(new Set([39m
[31m+         [...b.tags, ...normalizedInput].map(t => t.trim().toLowerCase()).filter(Boolean)[39m
[31m+       ));[39m
[31m+       return { ...b, ...updates, tags: mergedTags };[39m
[31m+     }));[39m
[31m+     clearSelection();[39m
[31m+   }, [selectedIds]);[39m
[31m+[39m
[31m+[39m
[31m+   const tagColors = useTagColors();[39m
[31m+[39m
[31m+ const handleTagClick = useCallback((tag: string, e: React.MouseEvent) => {[39m
[31m+   toggleTagFilter(tag, e.altKey ? "exclude" : "include");[39m
[31m+ }, [toggleTagFilter]);[39m
[31m+[39m
[31m+   const tagFrequency = useMemo(() => selectTagFrequency(beats), [beats]);[39m
[31m+   const allTags = useMemo(() => selectAllTags(beats, tagFrequency), [beats, tagFrequency]);[39m
[31m+   const tagSuggestions = useMemo(() => selectTagSuggestions(beats), [beats]);[39m
[31m+   const displayedBeats = filteredBeats.filter(beat => revealedBeatIds.has(beat.id));[39m
[31m+[39m
[31m+   const {[39m
[31m+     shuffleEnabled,[39m
[31m+     repeatMode,[39m
[31m+     showQueue,[39m
[31m+     queuedBeats,[39m
[31m+     addToQueue,[39m
[31m+     handleNext,[39m
[31m+     handlePrev,[39m
[31m+     closeQueue,[39m
[31m+     toggleQueue,[39m
[31m+     toggleShuffle,[39m
[31m+     cycleRepeat,[39m
[31m+     playQueueIndex,[39m
[31m+   } = usePlaybackQueue({[39m
[31m+     beats,[39m
[31m+     displayedBeats,[39m
[31m+     playingId: audio.playingId,[39m
[31m+     progress: audio.progress,[39m
[31m+     endedSeq: audio.endedSeq,[39m
[31m+     handlePlay,[39m
[31m+     seek,[39m
[31m+     releaseFile,[39m
[31m+   });[39m
[31m+[39m
[31m+   useAppShortcuts({[39m
[31m+     togglePauseRef,[39m
[31m+     clearSelection,[39m
[31m+     setDrawer,[39m
[31m+     setShowAdd,[39m
[31m+     setShowSettings,[39m
[31m+     closeQueue,[39m
[31m+     setShowUpload,[39m
[31m+   });[39m
[31m+[39m
[31m+[39m
[31m+[39m
[31m+   const currentBeat = beats.find(b => b.id === audio.playingId);[39m
[31m+   const selectedBeats = beats.filter(b => selectedIds.has(b.id));[39m
[31m+   const activeDragBeat = activeDragId ? beats.find(b => b.id === activeDragId) ?? null : null;[39m
[31m+[39m
[31m+   return <AppShell scope={{ Event, HTMLElement, REVIEW_SKELETON_ENABLED, activeDragBeat, addBeatsAndReview, addToQueue, allTags, applyBulkUpdate, audio, audioConflictBatch, backTagRename, backgroundUploadErrors, beatFileDrop, beats, cancelAudioConflicts, cancelReview, cancelTagRename, clearSelection, clearTagFilters, closeCloudFiles, closeImportDecisions, cloudDownloadNotice, cloudFiles, cloudFilesBeat, cloudFilesBusyId, cloudFilesDownloadError, cloudFilesDownloadedIds, cloudSessionVerified, commitDrawerCloudMutation, confirmTagRename, connectionState, continueTagRename, currentBeat, cycleRepeat, deferredLibraryReloadRef, deleteBeat, dismissDownloadError, dismissInterruptedUploadNotices, dismissProjectUpdateNotice, displayedBeats, drawer, dropActive, dropImportBatch, dropImporting, excludedTags, filteredBeats, finishSelection, handleBeatRestored, handleCloudFiles, handleCustomCursorChanged, handleDisconnectTelegramAccount, handleDownloadTelegram, handleDragCancel, handleDragEnd, handleDragStart, handleDroppedBeatFileRole, handleEditBulk, handleFolderChanged, handleGetCloudFile, handleIncompleteWarningsChanged, handleNext, handleOpenProject, handlePlay, handlePrev, handleRemoveBulk, handleReviewedBeatSaved, handleReviewedSaveAll, handleTagClick, handleToggleOffline, handleUpdateProject, handleUpload, handleUploadBulk, handleUploadProjectTelegram, handleUploadTelegram, handleWarm, importResolvedDecisions, includedTags, interruptedUploadNotices, libraryDropStaging, libraryRefreshing, loading, offlineBusyIds, openTagRename, openableCloudProjectIds, playQueueIndex, projectUpdateNotice, queuedBeats, rejectOfflineMutation, releaseFile, reloadLibrary, repeatMode, resolveAudioConflicts, retryBackgroundUpload, revealedBeatIds, reviewBootstrap, reviewQueue, search, seek, selectMode, selectedBeats, selectedIds, sensors, setBeatFileDrop, setDrawer, setSearch, setShowAdd, setShowSettings, setShowUpload, setSortBy, setTagColorMenu, setTagRenameNewTag, setVolume, settings, showAdd, showQueue, showSettings, showUpload, shuffleEnabled, skipCurrentReviewBeat, sortBy, startupCookingGate, tagColorMenu, tagColors, tagFrequency, tagRename, tagRenameAffectedCount, tagRenameBusy, tagRenameError, tagRenameMp3Count, tagRenameWavCount, tagSuggestions, togglePause, toggleQueue, toggleSelectAll, toggleSelection, toggleShuffle, updateBeat }} />;[39m
[31m+ }[39m
[31m+[39m
[31m+[39m
[31m+ export default function App() {[39m
[31m+   return platform.kind === "web"[39m
[31m+     ? <BeatGalerApp />[39m
[31m+     : <AccountGate><BeatGalerApp /></AccountGate>;[39m
[31m+ }[39m
[31m+[39m

[36m [2m❯[22m tests/component-dom/startupRevealArchitecture.test.ts:[2m39:17[22m[39m
    [90m 37| [39m
    [90m 38| [39m  it("renders Empty Gallery only after online authority is verified", …
    [90m 39| [39m    expect(app).toContain('cloudSessionVerified && connectionState ===…
    [90m   | [39m                [31m^[39m
    [90m 40| [39m  })[33m;[39m
    [90m 41| [39m

[31m[2m⎯⎯⎯⎯⎯⎯⎯⎯⎯⎯⎯⎯⎯⎯⎯⎯⎯⎯⎯⎯⎯⎯⎯⎯[2/2]⎯[22m[39m


[2m Test Files [22m [1m[31m1 failed[39m[22m[2m | [22m[1m[32m67 passed[39m[22m[90m (68)[39m
[2m      Tests [22m [1m[31m2 failed[39m[22m[2m | [22m[1m[32m268 passed[39m[22m[90m (270)[39m
[2m   Start at [22m 14:17:26
[2m   Duration [22m 27.73s[2m (transform 2.29s, setup 0ms, collect 8.03s, tests 14.14s, environment 38.83s, prepare 7.64s)[22m


::error file=/home/runner/work/BeatGaler/BeatGaler/tests/component-dom/startupRevealArchitecture.test.ts,title=tests/component-dom/startupRevealArchitecture.test.ts > Issue #97 startup reveal architecture > reserves every filtered beat slot while revealing only artwork-ready cards,line=24,column=17::AssertionError: expected 'import React, { useState, useCallback…' to contain '<SortableContext items={filteredBeats…'%0A%0A- Expected%0A+ Received%0A%0A- <SortableContext items={filteredBeats.map((b) => b.id)}%0A+ import React, { useState, useCallback, useEffect, useRef, useMemo } from "react";%0A+ import type { Beat } from "./types";%0A+ import BeatCard from "./components/BeatCard";%0A+ import Drawer from "./components/Drawer";%0A+ import Player from "./components/Player";%0A+ import AddBeatModal from "./components/AddBeatModal";%0A+ import SettingsPanel from "./components/SettingsPanel";%0A+ import AccountGate, { logoutBeatGalerAccount } from "./components/AccountGate";%0A+ import UploadModal from "./components/UploadModal";%0A+ import JobStatusBar from "./components/JobStatusBar";%0A+ import { PlusIcon, Artwork } from "./components/ui";%0A+ import { useAudio } from "./hooks/useAudio";%0A+ import { loadLibrary, readBeatMeta, saveBeatMeta, discardImportReviewBatch, uploadBeatToTelegram, downloadBeatFromTelegram, prepareBeatForPlayback, warmBeatForPlayback, getDownloadCookingStatus, downloadCookingDiagnosticEvent, uploadProjectToTelegram, uploadDroppedFileToTelegram, downloadCloudFileToCache, downloadProjectToCache, revealInExplorer, syncBeatMetadataToTelegram, copyExportFile, copyAudioMetadata, prepareUniqueExportFolder, type CloudFileType, isTauriAvailable } from "./lib/tauri";%0A+ import { libraryStateManager } from "./lib/libraryStateManager";%0A+ import { platform } from "./platform";%0A+ import { DndContext, DragOverlay, closestCenter } from "@dnd-kit/core";%0A+ import { SortableContext, rectSortingStrategy } from "@dnd-kit/sortable";%0A+ import { appAlert, appConfirm } from "./lib/dialog";%0A+ import { sanitizeUserVisibleText } from "./lib/userVisibleError";%0A+ import { useTagColors, setTagColor } from "./lib/tagColors";%0A+ import { registerJob, updateJob } from "./lib/jobStore";%0A+ import { cleanTags } from "./lib/metadataValidation";%0A+ import { cleanupOrphanedDropStaging, cleanupStagedDropPaths } from "./features/dragdrop/dropStaging";%0A+ import CloudFilesModal from "./features/downloads/components/CloudFilesModal";%0A+ import { useBeatDownloads } from "./features/downloads/useBeatDownloads";%0A+ import BeatFileDropModal, { type DroppedBeatFileRole } from "./features/dragdrop/components/BeatFileDropModal";%0A+ import SearchBar from "./features/library/components/SearchBar";%0A+ import SortMenu from "./features/library/components/SortMenu";%0A+ import TagColorMenu from "./features/tags/components/TagColorMenu";%0A+ import { useArtworkHydration } from "./features/artwork/useArtworkHydration";%0A+ import { useCloudUploadQueue } from "./features/cloud/useCloudUploadQueue";%0A+ import ImportReviewHost, { ImportResolutionHost } from "./features/import/components/ImportReviewHost";%0A+ import { useImportSession } from "./features/import/useImportSession";%0A+ import { useImportReview } from "./features/import/useImportReview";%0A+ import { useImportDiscovery } from "./features/import/useImportDiscovery";%0A+ import { useImportSaveAll } from "./features/import/useImportSaveAll";%0A+ import { useBrowserImport } from "./features/import/useBrowserImport";%0A+ import { extensionFromPath, fileNameFromPath, isBackupFolderPath } from "./features/dragdrop/pathHelpers";%0A+ import { useHtmlLibraryDrop } from "./features/dragdrop/useHtmlLibraryDrop";%0A+ import { useNativeLibraryDrop } from "./features/dragdrop/useNativeLibraryDrop";%0A+ import { cloudBeatFingerprint, drawerMetadataCommitFingerprint, libraryViewFingerprint } from "./features/library/libraryFingerprints";%0A+ import { clearUploadPreviewCache, preserveLoadedArtwork } from "./features/library/libraryPresentationCache";%0A+ import { selectFilteredAndSortedBeats } from "./features/library/librarySelectors";%0A+ import { useLibraryViewState } from "./features/library/useLibraryViewState";%0A+ import { useLibraryReorder } from "./features/library/useLibraryReorder";%0A+ import { useBeatSelection } from "./features/selection/useBeatSelection";%0A+ import { selectAllTags, selectTagFrequency, selectTagSuggestions } from "./features/tags/tagSelectors";%0A+ import { useTagFilters } from "./features/tags/useTagFilters";%0A+ import { useTagRename } from "./features/tags/useTagRename";%0A+ import TagRenameDialog from "./features/tags/components/TagRenameDialog";%0A+ import { useLibraryPresentationCache, useLibraryState } from "./features/library/useLibraryState";%0A+ import { useLibraryReload } from "./features/library/useLibraryReload";%0A+ import { useStartupBootstrap } from "./features/startup/useStartupBootstrap";%0A+ import { useLibraryReveal } from "./features/startup/useLibraryReveal";%0A+ import { dismissBeatGalerStartupLoader } from "./features/startup/startupLoader";%0A+ import { useWebPlaybackSortRouting } from "./features/playback/useWebPlaybackSortRouting";%0A+ import { usePlaybackController } from "./features/playback/usePlaybackController";%0A+ import { usePlaybackQueue } from "./features/playback/usePlaybackQueue";%0A+ import { useDrawerCloudPersistence } from "./features/edit/useDrawerCloudPersistence";%0A+ import { useBeatAssetUpdates } from "./features/edit/useBeatAssetUpdates";%0A+ import { useBeatProjects } from "./features/projects/useBeatProjects";%0A+ import { useOfflineAvailability } from "./features/offline/useOfflineAvailability";%0A+ import { useTrashActions } from "./features/trash/useTrashActions";%0A+ import { useWebLibraryReconciled } from "./features/library/useWebLibraryReconciled";%0A+ import { createBeatRuntimeState } from "./features/state/beatRuntimeState";%0A+ import { useBeatRuntimeRegistry } from "./features/state/useBeatRuntimeRegistry";%0A+ import { useSessionState } from "./features/session/useSessionState";%0A+ import { useSessionActions } from "./features/session/useSessionActions";%0A+ import { useCustomCursor } from "./features/session/useCustomCursor";%0A+ import { useConnectivity } from "./features/session/useConnectivity";%0A+ import { useCloudLibraryEvents } from "./features/cloud/useCloudLibraryEvents";%0A+ import AppShell from "./app/AppShell";%0A+ import { useAppShortcuts } from "./app/useAppShortcuts";%0A+ import { usePublishingActions } from "./features/publishing/usePublishingActions";%0A+%0A+ // Intentionally isolated: if real-world timings prove the skeleton unnecessary,%0A+ // flipping/removing this one constant deletes the visual layer without touching%0A+ // the staged Review architecture underneath it.%0A+ const REVIEW_SKELETON_ENABLED = true;%0A+%0A+ const beatCloudUpdateBusyIds = new Set<string>();%0A+%0A+ function setBeatCloudUpdateBusy(beatId: string, active: boolean, success = false) {%0A+   if (active) beatCloudUpdateBusyIds.add(beatId);%0A+   else beatCloudUpdateBusyIds.delete(beatId);%0A+   window.dispatchEvent(new CustomEvent("beatgaler:beat-cloud-busy", {%0A+     detail: { beatId, active, success }%0A+   }));%0A+ }%0A+%0A+ function formatCloudBytes(bytes: number) {%0A+   if (!bytes) return "0 B";%0A+   const units = ["B", "KB", "MB", "GB"];%0A+   let n = bytes; let i = 0;%0A+   while (n >= 1024 && i < units.length - 1) { n /= 1024; i++; }%0A+   return `${n.toFixed(i === 0 ? 0 : 1)} ${units[i]}`;%0A+ }%0A+%0A+ function runtimeErrorMessage(error: unknown): string {%0A+   return error instanceof Error ? error.message : String(error);%0A+ }%0A+%0A+ function isRuntimeConflictError(error: unknown): boolean {%0A+   const message = runtimeErrorMessage(error).toLowerCase();%0A+   return message.includes("409") || message.includes("conflict") || message.includes("revision mismatch") || message.includes("version mismatch");%0A+ }%0A+%0A+ function BeatGalerApp() {%0A+   const {%0A+     beats,%0A+     setBeats,%0A+     beatsLatestRef,%0A+     startupCachedBeatsRef,%0A+     initialLoading,%0A+   } = useLibraryState();%0A+   const cloudMetaSnapshotRef = useRef<Map<string, string> | null>(null);%0A+   const cloudLibraryTimerRef = useRef<number | null>(null);%0A+   const cloudLibrarySnapshotRef = useRef<string | null>(null);%0A+   const visibleLibraryFingerprintRef = useRef<string>("");%0A+   const {%0A+     beatRuntimeStates,%0A+     beatRuntimeStatesRef,%0A+     transitionRuntime,%0A+     forgetRuntimeState,%0A+     clearReconciledTrashRuntimeStates,%0A+   } = useBeatRuntimeRegistry(beats, beatsLatestRef);%0A+   const stagedImportPathsRef = useRef<Map<string, string[]>>(new Map());%0A+   const [loading, setLoading] = useState(() => initialLoading);%0A+   const startupCookingResolvedRef = useRef(false);%0A+   const startupPipelineStartedRef = useRef(false);%0A+   const startupEnginePrimeReadyRef = useRef(false);%0A+   const handleArtworkHydratedFromNetwork = useCallback((next: Beat[], beatId: string) => {%0A+     const hydrated = next.find(item => item.id === beatId);%0A+     if (hydrated && cloudMetaSnapshotRef.current) {%0A+       cloudMetaSnapshotRef.current.set(beatId, cloudBeatFingerprint(hydrated));%0A+     }%0A+     if (cloudLibrarySnapshotRef.current !== null) {%0A+       cloudLibrarySnapshotRef.current = next%0A+         .filter(item => !!item.telegram_file_id)%0A+         .map(cloudBeatFingerprint)%0A+         .join("\u001c");%0A+     }%0A+   }, []);%0A+   const { ensureArtworkReady, clearArtworkHydration, invalidateArtworkHydration } = useArtworkHydration({%0A+     setBeats,%0A+     onNetworkHydrated: handleArtworkHydratedFromNetwork,%0A+   });%0A+   const { search, setSearch, sortBy, setSortBy } = useLibraryViewState();%0A+   const {%0A+     includedTags,%0A+     excludedTags,%0A+     clearTagFilters,%0A+     toggleTagFilter,%0A+     replaceTagFilter,%0A+   } = useTagFilters();%0A+   const filteredBeats = selectFilteredAndSortedBeats(%0A+     beats,%0A+     search,%0A+     includedTags,%0A+     excludedTags,%0A+     sortBy,%0A+   );%0A+%0A+   const [tagColorMenu, setTagColorMenu] = useState<{ tag: string; x: number; y: number } | null>(null);%0A+   const {%0A+     tagRename, tagRenameBusy, tagRenameError, affectedCount: tagRenameAffectedCount,%0A+     affectedMp3Count: tagRenameMp3Count, affectedWavCount: tagRenameWavCount,%0A+     openTagRename, setNewTag: setTagRenameNewTag, continueTagRename, backTagRename,%0A+     cancelTagRename, confirmTagRename,%0A+   } = useTagRename({ beats, setBeats, replaceTagFilter });%0A+   useWebPlaybackSortRouting(sortBy, beats, platform.kind === "web");%0A+   const onWebLibraryReconciled = useCallback((incoming: Beat[]) => {%0A+     setBeats(current => {%0A+       const next = preserveLoadedArtwork(incoming, current);%0A+       beatsLatestRef.current = next;%0A+       return next;%0A+     });%0A+   }, []);%0A+   useWebLibraryReconciled(platform.kind === "web", onWebLibraryReconciled);%0A+   const [drawer, setDrawer] = useState<{ beat: Beat; mode: "detail" | "edit" } | null>(null);%0A+   const [showAdd, setShowAdd] = useState(false);%0A+   const [dropActive, setDropActive] = useState(false);%0A+   const [dropImporting, setDropImporting] = useState(false);%0A+   // Covers the WebView2 staging window that happens BEFORE importDroppedPaths%0A+   // receives native paths. Without this state, the app can look frozen while%0A+   // large dropped files are being copied into drop-staging.%0A+   const [libraryDropStaging, setLibraryDropStaging] = useState(false);%0A+   const [beatFileDrop, setBeatFileDrop] = useState<{ beat: Beat; filePath: string; kind: "file" | "directory" } | null>(null);%0A+   const {%0A+     reviewQueue,%0A+     setReviewQueue,%0A+     reviewQueueLatestRef,%0A+     skippedReviewSourceKeysRef,%0A+     startReview,%0A+   } = useImportSession();%0A+   const [showSettings, setShowSettings] = useState(false);%0A+   const {%0A+     settings,%0A+     setSettings,%0A+     setupDone,%0A+     setSetupDone,%0A+     connectionState,%0A+     setConnectionState,%0A+     cloudSessionVerified,%0A+     setCloudSessionVerified,%0A+   } = useSessionState();%0A+   const {%0A+     startupCookingGate,%0A+     setStartupCookingGate,%0A+     revealedBeatIds,%0A+     setRevealedBeatIds,%0A+     progressiveRevealRunRef,%0A+   } = useLibraryReveal({%0A+     initialCachedBeats: startupCachedBeatsRef.current ?? [],%0A+     filteredBeats,%0A+     loading,%0A+     settings,%0A+     cloudSessionVerified,%0A+     connectionState,%0A+     ensureArtworkReady,%0A+     startupCookingResolvedRef,%0A+     startupPipelineStartedRef,%0A+     nativeParallelism: isTauriAvailable ? 6 : 1,%0A+   });%0A+   const {%0A+     cloudFilesBeat,%0A+     cloudFiles,%0A+     cloudFilesBusyId,%0A+     cloudFilesDownloadedIds,%0A+     cloudFilesDownloadError,%0A+     cloudDownloadNotice,%0A+     handleCloudFiles,%0A+     handleGetCloudFile,%0A+     closeCloudFiles,%0A+     dismissDownloadError,%0A+   } = useBeatDownloads({ connectionState, beatRuntimeStatesRef, transitionRuntime });%0A+%0A+   const {%0A+     selectedIds,%0A+     selectMode,%0A+     toggleSelection,%0A+     toggleSelectAll,%0A+     finishSelection,%0A+     clearSelection,%0A+   } = useBeatSelection(beats);%0A+   const {%0A+     sensors,%0A+     activeDragId,%0A+     handleDragStart,%0A+     handleDragEnd,%0A+     handleDragCancel,%0A+   } = useLibraryReorder({ sortBy, setSortBy, setBeats });%0A+   const { state: audio, play, togglePause, seek, setVolume, releaseFile } = useAudio();%0A+   const { clearPlaybackPreparation, ensureWarmPlaybackUrl, handlePlay, handleWarm, invalidatePlaybackPreparation, waitForUploadedBeatPlaybackReady } = usePlaybackController({%0A+     audio,%0A+     play,%0A+     beatsLatestRef,%0A+     beatRuntimeStatesRef,%0A+     transitionRuntime,%0A+     setBeats,%0A+     cloudSessionVerified,%0A+     connectionState,%0A+     isBeatCloudUpdateBusy: beatId => beatCloudUpdateBusyIds.has(beatId),%0A+   });%0A+   const { offlineBusyIds, handleToggleOffline } = useOfflineAvailability({%0A+     connectionState,%0A+     audioPlayingId: audio.playingId,%0A+     releaseFile,%0A+     invalidatePlaybackPreparation,%0A+     ensureWarmPlaybackUrl,%0A+     beatRuntimeStatesRef,%0A+     transitionRuntime,%0A+     setBeats,%0A+     setDrawer,%0A+     setRevealedBeatIds,%0A+   });%0A+%0A+   // Keep a ref to togglePause so the keydown handler never goes stale%0A+   const togglePauseRef = useRef(togglePause);%0A+   useEffect(() => { togglePauseRef.current = togglePause; }, [togglePause]);%0A+%0A+   const rejectOfflineMutation = useCallback((action: string): boolean => {%0A+     if (connectionState === "online") return false;%0A+     void appAlert({%0A+       title: connectionState === "offline" ? "Offline" : "Connection unavailable",%0A+       message: `${action} requires an internet connection. Offline mode is read-only except for moving beats to Trash.`,%0A+     });%0A+     return true;%0A+   }, [connectionState]);%0A+%0A+   const { showUpload, setShowUpload, handleUpload, handleUploadBulk } = usePublishingActions({%0A+     selectedIds,%0A+     rejectOfflineMutation,%0A+   });%0A+%0A+   const {%0A+     reviewBootstrap,%0A+     reviewPreparationDone,%0A+     reviewPreparationPromiseRef,%0A+     deferredImportBatch,%0A+     setDeferredImportBatch,%0A+     importDroppedPaths,%0A+     cancelPendingReviewWork,%0A+     completeImmediateReviewPreparation,%0A+   } = useImportDiscovery({%0A+     dropImporting,%0A+     setDropImporting,%0A+     rejectOfflineMutation,%0A+     setDropActive,%0A+     setShowAdd,%0A+     setReviewQueue,%0A+     skippedReviewSourceKeysRef,%0A+     stagedImportPathsRef,%0A+     skeletonEnabled: REVIEW_SKELETON_ENABLED,%0A+   });%0A+%0A+   const {%0A+     backgroundUploadErrors,%0A+     cloudifyImportedBeats,%0A+     retryBackgroundUpload,%0A+     getQueuedBeatsSnapshot,%0A+     deferLibraryReloadIfUploading,%0A+     deferredLibraryReloadRef,%0A+   } = useCloudUploadQueue({%0A+     settings,%0A+     setSettings,%0A+     setConnectionState,%0A+     setBeats,%0A+     beatsLatestRef,%0A+     beatRuntimeStatesRef,%0A+     transitionRuntime,%0A+     cloudLibrarySnapshotRef,%0A+     waitForUploadedBeatPlaybackReady,%0A+     rejectOfflineMutation,%0A+     isReviewActive: () => reviewQueueLatestRef.current !== null,%0A+     hasProtectedStaging: () => stagedImportPathsRef.current.size > 0,%0A+   });%0A+%0A+%0A+   const { libraryRefreshing, reloadLibrary } = useLibraryReload({%0A+     telegramCloudConnected: Boolean(settings?.telegram_cloud_connected),%0A+     beatsLatestRef,%0A+     setBeats,%0A+     setConnectionState,%0A+     setCloudSessionVerified,%0A+     cloudMetaSnapshotRef,%0A+     cloudLibrarySnapshotRef,%0A+     startupCookingResolvedRef,%0A+     startupPipelineStartedRef,%0A+     progressiveRevealRunRef,%0A+     setRevealedBeatIds,%0A+     setStartupCookingGate,%0A+     setLoading,%0A+     deferLibraryReloadIfUploading,%0A+   });%0A+%0A+   const { interruptedUploadNotices, dismissInterruptedUploadNotices } = useStartupBootstrap({%0A+     startupCachedBeatsRef,%0A+     cloudMetaSnapshotRef,%0A+     cloudLibrarySnapshotRef,%0A+     startupCookingResolvedRef,%0A+     startupPipelineStartedRef,%0A+     startupEnginePrimeReadyRef,%0A+     progressiveRevealRunRef,%0A+     setBeats,%0A+     setSettings,%0A+     setSetupDone,%0A+     setLoading,%0A+     setConnectionState,%0A+     setCloudSessionVerified,%0A+     setStartupCookingGate,%0A+     setRevealedBeatIds,%0A+     clearReconciledTrashRuntimeStates,%0A+     dismissStartupLoader: dismissBeatGalerStartupLoader,%0A+   });%0A+%0A+%0A+ useConnectivity({%0A+   setupDone,%0A+   setConnectionState,%0A+   setCloudSessionVerified,%0A+   setSettings,%0A+   setBeats,%0A+   cloudMetaSnapshotRef,%0A+   cloudLibrarySnapshotRef,%0A+   startupCookingResolvedRef,%0A+   startupPipelineStartedRef,%0A+   startupEnginePrimeReadyRef,%0A+   progressiveRevealRunRef,%0A+   clearReconciledTrashRuntimeStates,%0A+   clearPlaybackPreparation,%0A+   clearArtworkHydration,%0A+   setStartupCookingGate,%0A+ });%0A+%0A+   useCustomCursor(settings?.custom_cursor_enabled ?? true);%0A+%0A+%0A+%0A+ // BeatGaler synchronization remains push-based. SSE only notifies the app;%0A+ // the extracted owner verifies authority before hydrating library state.%0A+ useCloudLibraryEvents({%0A+   setupDone,%0A+   beatgalerUserId: settings?.beatgaler_user_id ?? null,%0A+   setConnectionState,%0A+   setCloudSessionVerified,%0A+   setSettings,%0A+   setBeats,%0A+   cloudMetaSnapshotRef,%0A+   cloudLibrarySnapshotRef,%0A+   visibleLibraryFingerprintRef,%0A+   startupCookingResolvedRef,%0A+   startupPipelineStartedRef,%0A+   startupEnginePrimeReadyRef,%0A+   progressiveRevealRunRef,%0A+   clearReconciledTrashRuntimeStates,%0A+   clearArtworkHydration,%0A+   clearPlaybackPreparation,%0A+   setStartupCookingGate,%0A+ });%0A+%0A+   useLibraryPresentationCache(%0A+     beats,%0A+     cloudSessionVerified,%0A+     settings,%0A+   );%0A+%0A+   useEffect(() => {%0A+     visibleLibraryFingerprintRef.current = libraryViewFingerprint(beats);%0A+     beatsLatestRef.current = beats;%0A+   }, [beats]);%0A+%0A+%0A+%0A+   // One-time recovery for a cloud-only library after Telegram login/startup.%0A+   // No timer, no permanent synchronization.%0A+   const beatGalerCloudRecoveryAttemptedRef = useRef(false);%0A+%0A+   const recoverTelegramLibraryOnceIfEmpty = useCallback(async () => {%0A+     if (beatGalerCloudRecoveryAttemptedRef.current) return;%0A+     if (beats.length !== 0) return;%0A+%0A+     beatGalerCloudRecoveryAttemptedRef.current = true;%0A+     try {%0A+       const restored = await libraryStateManager.reloadAuthoritative();%0A+       if (restored.length > 0) {%0A+         setBeats(current => current.length === 0 ? restored : current);%0A+       }%0A+     } catch (error) {%0A+       console.warn("Telegram library one-time recovery skipped:", error);%0A+     }%0A+   }, [beats.length]);%0A+%0A+   // IMPORTANT: an empty library is a valid, authoritative state (for example%0A+   // immediately after Remove All). Never infer "Telegram recovery" merely from%0A+   // beats.length === 0; doing so races the pending trash/index commit and can%0A+   // resurrect the just-removed cards with their artwork unloaded. Recovery is%0A+   // only allowed from explicit Telegram connection/startup flows below.%0A+%0A+   useEffect(() => {%0A+     const onTelegramConnected = (event: Event) => {%0A+       const detail = (event as CustomEvent<{ connected?: boolean; username?: string | null }>).detail;%0A+       if (!detail?.connected) return;%0A+%0A+       setSettings(current => current ? {%0A+         ...current,%0A+         telegram_cloud_connected: true,%0A+         telegram_cloud_username: detail.username ?? current.telegram_cloud_username ?? null,%0A+       } : current);%0A+%0A+       void recoverTelegramLibraryOnceIfEmpty();%0A+     };%0A+%0A+     window.addEventListener("beatgaler:telegram-connected", onTelegramConnected);%0A+     return () => window.removeEventListener("beatgaler:telegram-connected", onTelegramConnected);%0A+   }, [recoverTelegramLibraryOnceIfEmpty]);%0A+%0A+%0A+   const handleUploadTelegram = useCallback(async (beat: Beat) => {%0A+     if (rejectOfflineMutation("Uploading a beat")) return;%0A+     const existingCloudBeat = Boolean(beat.telegram_file_id);%0A+     transitionRuntime(beat.id, { type: existingCloudBeat ? "SYNC_QUEUE_UPDATE" : "SYNC_QUEUE_UPLOAD" }, beat);%0A+     transitionRuntime(beat.id, { type: existingCloudBeat ? "SYNC_UPDATE_STARTED" : "SYNC_UPLOAD_STARTED" }, beat);%0A+     try {%0A+       const updated = await uploadBeatToTelegram(beat);%0A+       await syncBeatMetadataToTelegram(updated);%0A+       transitionRuntime(updated.id, { type: existingCloudBeat ? "SYNC_UPDATE_SUCCEEDED" : "SYNC_UPLOAD_SUCCEEDED" }, updated);%0A+       setBeats(bs => bs.map(b => b.id === updated.id ? updated : b));%0A+     } catch (e: any) {%0A+       const message = sanitizeUserVisibleText(runtimeErrorMessage(e), "Cloud operation failed.");%0A+       if (existingCloudBeat && isRuntimeConflictError(e)) {%0A+         transitionRuntime(beat.id, { type: "SYNC_CONFLICT", message }, beat);%0A+       } else {%0A+         transitionRuntime(beat.id, { type: "SYNC_FAILED", code: "TELEGRAM_UPLOAD_FAILED", message, retryable: true }, beat);%0A+       }%0A+       await appAlert({%0A+         title: "Cloud upload failed",%0A+         message,%0A+         danger: true,%0A+       });%0A+     }%0A+   }, [rejectOfflineMutation, transitionRuntime]);%0A+%0A+   const handleDownloadTelegram = useCallback(async (_beat: Beat) => {%0A+     await appAlert({%0A+       title: "Cloud-only library",%0A+       message: "Files are fetched into temporary storage automatically when needed.",%0A+     });%0A+   }, []);%0A+%0A+%0A+   const handleEditBulk = useCallback(() => {%0A+     if (rejectOfflineMutation("Editing metadata")) return;%0A+     const firstSelected = beats.find(b => selectedIds.has(b.id));%0A+     if (firstSelected) setDrawer({ beat: firstSelected, mode: "edit" });%0A+   }, [beats, selectedIds, rejectOfflineMutation]);%0A+%0A+   const { deleteBeat, handleRemoveBulk, handleBeatRestored } = useTrashActions({%0A+     beats,%0A+     setBeats,%0A+     beatsLatestRef,%0A+     selectedIds,%0A+     clearSelection,%0A+     connectionState,%0A+     audioPlayingId: audio.playingId,%0A+     releaseFile,%0A+     beatRuntimeStatesRef,%0A+     transitionRuntime,%0A+     forgetRuntimeState,%0A+     cloudMetaSnapshotRef,%0A+     cloudLibrarySnapshotRef,%0A+     invalidateArtworkHydration,%0A+     ensureArtworkReady,%0A+   });%0A+%0A+   const addBeats = useCallback((newBeats: Beat[]) => {%0A+     setBeats(bs => {%0A+       const existing = new Set(bs.map(b => b.mp3_path));%0A+       const next = [...newBeats.filter(b => !existing.has(b.mp3_path)), ...bs];%0A+       beatsLatestRef.current = next;%0A+       return next;%0A+     });%0A+   }, []);%0A+%0A+   const addBeatsAndReview = useCallback((newBeats: Beat[]) => {%0A+     if (newBeats.length === 0) return;%0A+     if (connectionState !== "online") {%0A+       void appAlert({%0A+         title: "Internet connection required",%0A+         message: "BeatGaler does not import new beats while offline. Reconnect and import them again.",%0A+       });%0A+       void cleanupOrphanedDropStaging(beatsLatestRef.current);%0A+       return;%0A+     }%0A+     const sanitized = newBeats.map(beat => ({ ...beat, tags: cleanTags(beat.tags || []).tags }));%0A+%0A+     // Review candidates are NOT library beats yet.%0A+     // Keeping them out of `beats` means:%0A+     // 1) Cancel leaves absolutely nothing behind.%0A+     // 2) duplicate-name checks compare only against committed library items.%0A+     // 3) a re-dropped folder can never masquerade as an edit of the existing beat.%0A+     setShowAdd(false);%0A+     startReview(sanitized);%0A+     // Upload begins only after Review → Save.%0A+   }, [connectionState, startReview]);%0A+%0A+ const {%0A+   skipCurrentReviewBeat,%0A+   cancelReview,%0A+   handleReviewedBeatSaved,%0A+ } = useImportReview({%0A+   setBeats,%0A+   beatsLatestRef,%0A+   setReviewQueue,%0A+   skippedReviewSourceKeysRef,%0A+   cloudifyImportedBeats,%0A+   getQueuedBeatsSnapshot,%0A+   onCancelPendingWork: cancelPendingReviewWork,%0A+   releaseBeat: platform.capabilities.reviewBeatCloudCommit%0A+     ? beatId => platform.importer.releaseBeat(beatId)%0A+     : undefined,%0A+   discardBatch: batchId => discardImportReviewBatch(batchId),%0A+   cleanupStaging: protectedBeats => cleanupOrphanedDropStaging(protectedBeats),%0A+ });%0A+%0A+   const {%0A+     audioConflictBatch,%0A+     dropImportBatch,%0A+     resetImportResolutionState,%0A+     handleReviewedSaveAll,%0A+     cancelAudioConflicts,%0A+     resolveAudioConflicts,%0A+     closeImportDecisions,%0A+     importResolvedDecisions,%0A+   } = useImportSaveAll({%0A+     setBeats,%0A+     beatsLatestRef,%0A+     reviewQueue,%0A+     setReviewQueue,%0A+     reviewQueueLatestRef,%0A+     reviewBootstrap,%0A+     reviewPreparationDone,%0A+     reviewPreparationPromiseRef,%0A+     deferredImportBatch,%0A+     setDeferredImportBatch,%0A+     stagedImportPathsRef,%0A+     setDropImporting,%0A+     cloudifyImportedBeats,%0A+     addBeatsAndReview,%0A+   });%0A+%0A+   const { importDroppedBrowserFiles } = useBrowserImport({%0A+     dropImporting,%0A+     setDropImporting,%0A+     rejectOfflineMutation,%0A+     setDropActive,%0A+     setShowAdd,%0A+     setReviewQueue,%0A+     completeImmediateReviewPreparation,%0A+     resetImportResolutionState,%0A+   });%0A+%0A+   const updateExistingBeatFromFolder = useCallback(async (beat: Beat, folderPath: string): Promise<boolean> => {%0A+     if (rejectOfflineMutation("Updating beat files")) return true;%0A+     if (isBackupFolderPath(folderPath)) {%0A+       await appAlert({%0A+         title: "Backup folder skipped",%0A+         message: "BeatGaler keeps Backup/Backups folders out of PROJECT.zip so old project copies are not uploaded.",%0A+       });%0A+       return true;%0A+     }%0A+%0A+     const t = await import("./lib/tauri");%0A+%0A+     let preview;%0A+     try {%0A+       preview = await t.inspectBeatUpdateFolder(folderPath);%0A+     } catch {%0A+       return false;%0A+     }%0A+%0A+     let replaceMaster = false;%0A+     if (preview.has_mp3) {%0A+       const alreadyHasMaster = Boolean(beat.telegram_file_id) || Boolean(beat.mp3_path?.trim());%0A+       if (alreadyHasMaster) {%0A+         const incoming = preview.mp3_filename || "the incoming MP3";%0A+         const confirmed = window.confirm(%0A+           `Replace current MASTER for "${beat.name}"?\n\n` +%0A+           `${incoming} will become the new MASTER.\n` +%0A+           `Its BPM, key, tags, rating and artwork will replace the current metadata.\n\n` +%0A+           `WAV and project files from this folder will also be added or updated.`%0A+         );%0A+         if (!confirmed) return true;%0A+       }%0A+       replaceMaster = true;%0A+     }%0A+%0A+     setBeatCloudUpdateBusy(beat.id, true);%0A+     const runtime = beatRuntimeStatesRef.current[beat.id] ?? createBeatRuntimeState(beat);%0A+     if (runtime.sync_state === "synced") transitionRuntime(beat.id, { type: "SYNC_QUEUE_UPDATE" }, beat);%0A+     transitionRuntime(beat.id, { type: "SYNC_UPDATE_STARTED" }, beat);%0A+     try {%0A+       let updated = await t.mergeFolderIntoExistingBeat(beat, folderPath, replaceMaster);%0A+       setBeats(bs => bs.map(b => b.id === beat.id ? updated : b));%0A+%0A+       if (replaceMaster) {%0A+         updated = await t.uploadBeatToTelegram(updated);%0A+         setBeats(bs => bs.map(b => b.id === beat.id ? updated : b));%0A+       }%0A+%0A+       if (preview.has_wav && updated.wav_path) {%0A+         await t.uploadDroppedFileToTelegram(updated, updated.wav_path, "WAV");%0A+       }%0A+%0A+       if (preview.has_project_assets) {%0A+         await t.uploadProjectToTelegram(updated);%0A+       }%0A+%0A+       if (replaceMaster && updated.telegram_file_id) {%0A+         await t.syncBeatMetadataToTelegram(updated);%0A+       }%0A+%0A+       window.dispatchEvent(new CustomEvent("beatgaler:project-cloud-updated", { detail: { beatId: beat.id } }));%0A+       await libraryStateManager.commitSnapshot(beatsLatestRef.current.map(item => item.id === beat.id ? updated : item), "metadata-update");%0A+       transitionRuntime(beat.id, { type: "SYNC_UPDATE_SUCCEEDED" }, updated);%0A+       setBeats(bs => bs.map(b => b.id === beat.id ? updated : b));%0A+       return true;%0A+     } catch (error) {%0A+       console.error(error);%0A+       const message = sanitizeUserVisibleText(runtimeErrorMessage(error), "Cloud operation failed.");%0A+       if (isRuntimeConflictError(error)) transitionRuntime(beat.id, { type: "SYNC_CONFLICT", message }, beat);%0A+       else transitionRuntime(beat.id, { type: "SYNC_FAILED", code: "FOLDER_UPDATE_FAILED", message, retryable: true }, beat);%0A+       alert(`Could not update "${beat.name}" from the dropped folder: ${message}`);%0A+       return true;%0A+     } finally {%0A+       setBeatCloudUpdateBusy(beat.id, false);%0A+     }%0A+   }, [rejectOfflineMutation, transitionRuntime]);%0A+%0A+   const { commitDrawerCloudMutation } = useDrawerCloudPersistence({%0A+   beats,%0A+   browserCloudEditing: platform.capabilities.browserCloudEditing,%0A+   connectionState,%0A+   cloudSessionVerified,%0A+   beatsLatestRef,%0A+   beatRuntimeStatesRef,%0A+   transitionRuntime,%0A+   cloudMetaSnapshotRef,%0A+   cloudLibraryTimerRef,%0A+   cloudLibrarySnapshotRef,%0A+ });%0A+%0A+   // V7: INDEX writes are explicit transactions only.%0A+   // There is deliberately no generic "beats changed => rewrite Telegram" observer.%0A+   // Upload, metadata, Trash/Restore and project/file operations commit through%0A+   // libraryStateManager at their actual logical commit boundary. This prevents%0A+   // render/cache hydration from becoming an accidental cloud mutation.%0A+%0A+   const {%0A+     handleIncompleteWarningsChanged,%0A+     handleCustomCursorChanged,%0A+     handleFolderChanged,%0A+     handleDisconnectTelegramAccount,%0A+   } = useSessionActions({%0A+     setSettings,%0A+     setCloudSessionVerified,%0A+     logoutAccount: logoutBeatGalerAccount,%0A+     releaseFile,%0A+     progressiveRevealRunRef,%0A+     clearPlaybackPreparation,%0A+     clearArtworkHydration,%0A+     setRevealedBeatIds,%0A+     setBeats,%0A+     clearSelection,%0A+   });%0A+%0A+   const updateBeat = useCallback((updated: Beat) => {%0A+     if (updated.telegram_file_id && connectionState === "online") {%0A+       const runtime = beatRuntimeStatesRef.current[updated.id] ?? createBeatRuntimeState(updated);%0A+       if (runtime.sync_state === "synced") transitionRuntime(updated.id, { type: "SYNC_QUEUE_UPDATE" }, updated);%0A+     }%0A+     setBeats(bs => bs.map(b => b.id === updated.id ? updated : b));%0A+     if (drawer?.beat.id === updated.id) setDrawer(d => d ? { ...d, beat: updated } : null);%0A+   }, [connectionState, drawer, transitionRuntime]);%0A+%0A+%0A+%0A+   const handleDropArtwork = useCallback(async (beat: Beat, imageBase64: string) => {%0A+     if (rejectOfflineMutation("Changing artwork")) return;%0A+%0A+     const updated = { ...beat, image_base64: imageBase64, image_preview_base64: null };%0A+%0A+     if (platform.capabilities.browserCloudEditing) {%0A+       // Publish the browser-decoded artwork immediately, then commit it through%0A+       // the Web editor/Direct transport. No Tauri metadata path participates.%0A+       updateBeat(updated);%0A+       transitionRuntime(updated.id, { type: "SYNC_UPDATE_STARTED" }, updated);%0A+       try {%0A+         const committed = await platform.editor.commit(beat, updated, {});%0A+         setBeats(current => {%0A+           const next = current.map(item => item.id === committed.id ? committed : item);%0A+           beatsLatestRef.current = next;%0A+           return next;%0A+         });%0A+         setDrawer(current => current?.beat.id === committed.id ? { ...current, beat: committed } : current);%0A+         transitionRuntime(updated.id, { type: "SYNC_UPDATE_SUCCEEDED" }, committed);%0A+       } catch (error) {%0A+         const message = sanitizeUserVisibleText(runtimeErrorMessage(error), "Cloud operation failed.");%0A+         transitionRuntime(updated.id, { type: "SYNC_FAILED", code: "ARTWORK_SYNC_FAILED", message, retryable: true }, updated);%0A+         throw error;%0A+       }%0A+       return;%0A+     }%0A+%0A+     // Desktop keeps its existing native metadata/artwork transaction.%0A+     await saveBeatMeta({%0A+       mp3_path: beat.mp3_path,%0A+       wav_path: beat.wav_path,%0A+       bpm: beat.bpm,%0A+       key: beat.key,%0A+       tags: beat.tags,%0A+       rating: beat.rating,%0A+       image_base64: imageBase64,%0A+       update_filename: false,%0A+     });%0A+%0A+     updateBeat(updated);%0A+%0A+     if (updated.telegram_file_id && connectionState === "online") {%0A+       const runtime = beatRuntimeStatesRef.current[updated.id] ?? createBeatRuntimeState(updated);%0A+       if (runtime.sync_state === "synced") transitionRuntime(updated.id, { type: "SYNC_QUEUE_UPDATE" }, updated);%0A+       transitionRuntime(updated.id, { type: "SYNC_UPDATE_STARTED" }, updated);%0A+       try {%0A+         await syncBeatMetadataToTelegram(updated);%0A+         const indexSnapshot = beatsLatestRef.current.map(item => item.id === updated.id ? updated : item);%0A+         await libraryStateManager.commitSnapshot(indexSnapshot, "upload-batch");%0A+         if (cloudLibraryTimerRef.current) {%0A+           window.clearTimeout(cloudLibraryTimerRef.current);%0A+           cloudLibraryTimerRef.current = null;%0A+         }%0A+         cloudLibrarySnapshotRef.current = indexSnapshot%0A+           .filter(item => !!item.telegram_file_id)%0A+           .map(cloudBeatFingerprint)%0A+           .join("\u001c");%0A+         cloudMetaSnapshotRef.current?.set(updated.id, cloudBeatFingerprint(updated));%0A+         transitionRuntime(updated.id, { type: "SYNC_UPDATE_SUCCEEDED" }, updated);%0A+       } catch (error) {%0A+         const message = sanitizeUserVisibleText(runtimeErrorMessage(error), "Cloud operation failed.");%0A+         transitionRuntime(updated.id, { type: "SYNC_FAILED", code: "ARTWORK_SYNC_FAILED", message, retryable: true }, updated);%0A+         throw error;%0A+       }%0A+     }%0A+   }, [updateBeat, rejectOfflineMutation, connectionState, transitionRuntime]);%0A+%0A+%0A+   const {%0A+     runBeatCloudUpdate,%0A+     startMasterAssetUpdate,%0A+     startWavAssetUpdate,%0A+     handleBrowserBeatAssetDrop,%0A+   } = useBeatAssetUpdates({%0A+     rejectOfflineMutation,%0A+     setBeatFileDrop,%0A+     setBeatCloudUpdateBusy,%0A+     beatRuntimeStatesRef,%0A+     transitionRuntime,%0A+     beatsLatestRef,%0A+     cloudLibrarySnapshotRef,%0A+     setBeats,%0A+     setDrawer,%0A+     waitForUploadedBeatPlaybackReady,%0A+   });%0A+%0A+   const {%0A+     openableCloudProjectIds,%0A+     projectUpdateNotice,%0A+     dismissProjectUpdateNotice,%0A+     hasStoredProject,%0A+     startProjectAssetUpdate,%0A+     handleAutoProjectDrop,%0A+     handleBrowserProjectDrop,%0A+     handleUploadProjectTelegram,%0A+     handleOpenProject,%0A+     handleUpdateProject,%0A+   } = useBeatProjects({%0A+     beats,%0A+     connectionState,%0A+     rejectOfflineMutation,%0A+     transitionRuntime,%0A+     beatsLatestRef,%0A+     setBeats,%0A+     setDrawer,%0A+     runBeatCloudUpdate,%0A+     setBeatCloudUpdateBusy,%0A+   });%0A+%0A+   const handleDroppedBeatFileRole = useCallback(async (role: DroppedBeatFileRole) => {%0A+     if (!beatFileDrop) return;%0A+     const { beat, filePath } = beatFileDrop;%0A+     const ext = extensionFromPath(filePath);%0A+%0A+     if (role === "loop" || role === "stems") return;%0A+%0A+     if (role === "main") {%0A+       if (ext !== "mp3") return;%0A+       startMasterAssetUpdate(beat, filePath);%0A+       return;%0A+     }%0A+%0A+     if (role === "wav") {%0A+       if (ext !== "wav") return;%0A+       startWavAssetUpdate(beat, filePath);%0A+       return;%0A+     }%0A+%0A+     if (role === "projectFolder") {%0A+       const existing = await hasStoredProject(beat).catch(() => false);%0A+       if (!existing) {%0A+         await cleanupStagedDropPaths([filePath]).catch(() => {});%0A+         setBeatFileDrop(null);%0A+         await appAlert({%0A+           title: "Project file required",%0A+           message: "Add a .flp, .als, .logicx, .ptx/.ptf file or a valid PROJECT ZIP first. Then folders can be added to that PROJECT.zip using their original folder name.",%0A+         });%0A+         return;%0A+       }%0A+       startProjectAssetUpdate(beat, filePath, "projectFolder");%0A+     }%0A+   }, [beatFileDrop, hasStoredProject, startMasterAssetUpdate, startProjectAssetUpdate, startWavAssetUpdate]);%0A+%0A+%0A+   useHtmlLibraryDrop({%0A+     nativeDropAvailable: isTauriAvailable,%0A+     browserFileImport: platform.capabilities.browserFileImport,%0A+     reviewSkeletonEnabled: REVIEW_SKELETON_ENABLED,%0A+     beatsLatestRef,%0A+     setDropActive,%0A+     setBeatCloudUpdateBusy,%0A+     setBeatFileDrop,%0A+     setLibraryDropStaging,%0A+     handleDropArtwork,%0A+     handleAutoProjectDrop,%0A+     handleBrowserBeatAssetDrop,%0A+     handleBrowserProjectDrop,%0A+     importDroppedBrowserFiles,%0A+     importDroppedPaths,%0A+   });%0A+%0A+   useNativeLibraryDrop({%0A+     nativeDropAvailable: isTauriAvailable,%0A+     reviewSkeletonEnabled: REVIEW_SKELETON_ENABLED,%0A+     beatsLatestRef,%0A+     setDropActive,%0A+     setBeatCloudUpdateBusy,%0A+     setBeatFileDrop,%0A+     setLibraryDropStaging,%0A+     handleDropArtwork,%0A+     handleAutoProjectDrop,%0A+     importDroppedPaths,%0A+   });%0A+%0A+   const applyBulkUpdate = useCallback((updates: Partial<Beat>, options?: { tagsMode?: "add" | "replace" | "remove" }) => {%0A+     setBeats(bs => bs.map(b => {%0A+       if (!selectedIds.has(b.id)) return b;%0A+       if (!updates.tags) return { ...b, ...updates };%0A+%0A+       const normalizedInput = Array.from(new Set(%0A+         updates.tags.map(t => t.trim().toLowerCase()).filter(Boolean)%0A+       ));%0A+%0A+       if (options?.tagsMode === "replace") {%0A+         return { ...b, ...updates, tags: normalizedInput };%0A+       }%0A+%0A+       if (options?.tagsMode === "remove") {%0A+         const removeSet = new Set(normalizedInput);%0A+         const remainingTags = b.tags.filter(tag => !removeSet.has(tag.trim().toLowerCase()));%0A+         return { ...b, ...updates, tags: remainingTags };%0A+       }%0A+%0A+       const mergedTags = Array.from(new Set(%0A+         [...b.tags, ...normalizedInput].map(t => t.trim().toLowerCase()).filter(Boolean)%0A+       ));%0A+       return { ...b, ...updates, tags: mergedTags };%0A+     }));%0A+     clearSelection();%0A+   }, [selectedIds]);%0A+%0A+%0A+   const tagColors = useTagColors();%0A+%0A+ const handleTagClick = useCallback((tag: string, e: React.MouseEvent) => {%0A+   toggleTagFilter(tag, e.altKey ? "exclude" : "include");%0A+ }, [toggleTagFilter]);%0A+%0A+   const tagFrequency = useMemo(() => selectTagFrequency(beats), [beats]);%0A+   const allTags = useMemo(() => selectAllTags(beats, tagFrequency), [beats, tagFrequency]);%0A+   const tagSuggestions = useMemo(() => selectTagSuggestions(beats), [beats]);%0A+   const displayedBeats = filteredBeats.filter(beat => revealedBeatIds.has(beat.id));%0A+%0A+   const {%0A+     shuffleEnabled,%0A+     repeatMode,%0A+     showQueue,%0A+     queuedBeats,%0A+     addToQueue,%0A+     handleNext,%0A+     handlePrev,%0A+     closeQueue,%0A+     toggleQueue,%0A+     toggleShuffle,%0A+     cycleRepeat,%0A+     playQueueIndex,%0A+   } = usePlaybackQueue({%0A+     beats,%0A+     displayedBeats,%0A+     playingId: audio.playingId,%0A+     progress: audio.progress,%0A+     endedSeq: audio.endedSeq,%0A+     handlePlay,%0A+     seek,%0A+     releaseFile,%0A+   });%0A+%0A+   useAppShortcuts({%0A+     togglePauseRef,%0A+     clearSelection,%0A+     setDrawer,%0A+     setShowAdd,%0A+     setShowSettings,%0A+     closeQueue,%0A+     setShowUpload,%0A+   });%0A+%0A+%0A+%0A+   const currentBeat = beats.find(b => b.id === audio.playingId);%0A+   const selectedBeats = beats.filter(b => selectedIds.has(b.id));%0A+   const activeDragBeat = activeDragId ? beats.find(b => b.id === activeDragId) ?? null : null;%0A+%0A+   return <AppShell scope={{ Event, HTMLElement, REVIEW_SKELETON_ENABLED, activeDragBeat, addBeatsAndReview, addToQueue, allTags, applyBulkUpdate, audio, audioConflictBatch, backTagRename, backgroundUploadErrors, beatFileDrop, beats, cancelAudioConflicts, cancelReview, cancelTagRename, clearSelection, clearTagFilters, closeCloudFiles, closeImportDecisions, cloudDownloadNotice, cloudFiles, cloudFilesBeat, cloudFilesBusyId, cloudFilesDownloadError, cloudFilesDownloadedIds, cloudSessionVerified, commitDrawerCloudMutation, confirmTagRename, connectionState, continueTagRename, currentBeat, cycleRepeat, deferredLibraryReloadRef, deleteBeat, dismissDownloadError, dismissInterruptedUploadNotices, dismissProjectUpdateNotice, displayedBeats, drawer, dropActive, dropImportBatch, dropImporting, excludedTags, filteredBeats, finishSelection, handleBeatRestored, handleCloudFiles, handleCustomCursorChanged, handleDisconnectTelegramAccount, handleDownloadTelegram, handleDragCancel, handleDragEnd, handleDragStart, handleDroppedBeatFileRole, handleEditBulk, handleFolderChanged, handleGetCloudFile, handleIncompleteWarningsChanged, handleNext, handleOpenProject, handlePlay, handlePrev, handleRemoveBulk, handleReviewedBeatSaved, handleReviewedSaveAll, handleTagClick, handleToggleOffline, handleUpdateProject, handleUpload, handleUploadBulk, handleUploadProjectTelegram, handleUploadTelegram, handleWarm, importResolvedDecisions, includedTags, interruptedUploadNotices, libraryDropStaging, libraryRefreshing, loading, offlineBusyIds, openTagRename, openableCloudProjectIds, playQueueIndex, projectUpdateNotice, queuedBeats, rejectOfflineMutation, releaseFile, reloadLibrary, repeatMode, resolveAudioConflicts, retryBackgroundUpload, revealedBeatIds, reviewBootstrap, reviewQueue, search, seek, selectMode, selectedBeats, selectedIds, sensors, setBeatFileDrop, setDrawer, setSearch, setShowAdd, setShowSettings, setShowUpload, setSortBy, setTagColorMenu, setTagRenameNewTag, setVolume, settings, showAdd, showQueue, showSettings, showUpload, shuffleEnabled, skipCurrentReviewBeat, sortBy, startupCookingGate, tagColorMenu, tagColors, tagFrequency, tagRename, tagRenameAffectedCount, tagRenameBusy, tagRenameError, tagRenameMp3Count, tagRenameWavCount, tagSuggestions, togglePause, toggleQueue, toggleSelectAll, toggleSelection, toggleShuffle, updateBeat }} />;%0A+ }%0A+%0A+%0A+ export default function App() {%0A+   return platform.kind === "web"%0A+     ? <BeatGalerApp />%0A+     : <AccountGate><BeatGalerApp /></AccountGate>;%0A+ }%0A+%0A%0A ❯ tests/component-dom/startupRevealArchitecture.test.ts:24:17%0A%0A

::error file=/home/runner/work/BeatGaler/BeatGaler/tests/component-dom/startupRevealArchitecture.test.ts,title=tests/component-dom/startupRevealArchitecture.test.ts > Issue #97 startup reveal architecture > renders Empty Gallery only after online authority is verified,line=39,column=17::AssertionError: expected 'import React, { useState, useCallback…' to contain 'cloudSessionVerified && connectionSta…'%0A%0A- Expected%0A+ Received%0A%0A- cloudSessionVerified && connectionState === "online" ? (%0A+ import React, { useState, useCallback, useEffect, useRef, useMemo } from "react";%0A+ import type { Beat } from "./types";%0A+ import BeatCard from "./components/BeatCard";%0A+ import Drawer from "./components/Drawer";%0A+ import Player from "./components/Player";%0A+ import AddBeatModal from "./components/AddBeatModal";%0A+ import SettingsPanel from "./components/SettingsPanel";%0A+ import AccountGate, { logoutBeatGalerAccount } from "./components/AccountGate";%0A+ import UploadModal from "./components/UploadModal";%0A+ import JobStatusBar from "./components/JobStatusBar";%0A+ import { PlusIcon, Artwork } from "./components/ui";%0A+ import { useAudio } from "./hooks/useAudio";%0A+ import { loadLibrary, readBeatMeta, saveBeatMeta, discardImportReviewBatch, uploadBeatToTelegram, downloadBeatFromTelegram, prepareBeatForPlayback, warmBeatForPlayback, getDownloadCookingStatus, downloadCookingDiagnosticEvent, uploadProjectToTelegram, uploadDroppedFileToTelegram, downloadCloudFileToCache, downloadProjectToCache, revealInExplorer, syncBeatMetadataToTelegram, copyExportFile, copyAudioMetadata, prepareUniqueExportFolder, type CloudFileType, isTauriAvailable } from "./lib/tauri";%0A+ import { libraryStateManager } from "./lib/libraryStateManager";%0A+ import { platform } from "./platform";%0A+ import { DndContext, DragOverlay, closestCenter } from "@dnd-kit/core";%0A+ import { SortableContext, rectSortingStrategy } from "@dnd-kit/sortable";%0A+ import { appAlert, appConfirm } from "./lib/dialog";%0A+ import { sanitizeUserVisibleText } from "./lib/userVisibleError";%0A+ import { useTagColors, setTagColor } from "./lib/tagColors";%0A+ import { registerJob, updateJob } from "./lib/jobStore";%0A+ import { cleanTags } from "./lib/metadataValidation";%0A+ import { cleanupOrphanedDropStaging, cleanupStagedDropPaths } from "./features/dragdrop/dropStaging";%0A+ import CloudFilesModal from "./features/downloads/components/CloudFilesModal";%0A+ import { useBeatDownloads } from "./features/downloads/useBeatDownloads";%0A+ import BeatFileDropModal, { type DroppedBeatFileRole } from "./features/dragdrop/components/BeatFileDropModal";%0A+ import SearchBar from "./features/library/components/SearchBar";%0A+ import SortMenu from "./features/library/components/SortMenu";%0A+ import TagColorMenu from "./features/tags/components/TagColorMenu";%0A+ import { useArtworkHydration } from "./features/artwork/useArtworkHydration";%0A+ import { useCloudUploadQueue } from "./features/cloud/useCloudUploadQueue";%0A+ import ImportReviewHost, { ImportResolutionHost } from "./features/import/components/ImportReviewHost";%0A+ import { useImportSession } from "./features/import/useImportSession";%0A+ import { useImportReview } from "./features/import/useImportReview";%0A+ import { useImportDiscovery } from "./features/import/useImportDiscovery";%0A+ import { useImportSaveAll } from "./features/import/useImportSaveAll";%0A+ import { useBrowserImport } from "./features/import/useBrowserImport";%0A+ import { extensionFromPath, fileNameFromPath, isBackupFolderPath } from "./features/dragdrop/pathHelpers";%0A+ import { useHtmlLibraryDrop } from "./features/dragdrop/useHtmlLibraryDrop";%0A+ import { useNativeLibraryDrop } from "./features/dragdrop/useNativeLibraryDrop";%0A+ import { cloudBeatFingerprint, drawerMetadataCommitFingerprint, libraryViewFingerprint } from "./features/library/libraryFingerprints";%0A+ import { clearUploadPreviewCache, preserveLoadedArtwork } from "./features/library/libraryPresentationCache";%0A+ import { selectFilteredAndSortedBeats } from "./features/library/librarySelectors";%0A+ import { useLibraryViewState } from "./features/library/useLibraryViewState";%0A+ import { useLibraryReorder } from "./features/library/useLibraryReorder";%0A+ import { useBeatSelection } from "./features/selection/useBeatSelection";%0A+ import { selectAllTags, selectTagFrequency, selectTagSuggestions } from "./features/tags/tagSelectors";%0A+ import { useTagFilters } from "./features/tags/useTagFilters";%0A+ import { useTagRename } from "./features/tags/useTagRename";%0A+ import TagRenameDialog from "./features/tags/components/TagRenameDialog";%0A+ import { useLibraryPresentationCache, useLibraryState } from "./features/library/useLibraryState";%0A+ import { useLibraryReload } from "./features/library/useLibraryReload";%0A+ import { useStartupBootstrap } from "./features/startup/useStartupBootstrap";%0A+ import { useLibraryReveal } from "./features/startup/useLibraryReveal";%0A+ import { dismissBeatGalerStartupLoader } from "./features/startup/startupLoader";%0A+ import { useWebPlaybackSortRouting } from "./features/playback/useWebPlaybackSortRouting";%0A+ import { usePlaybackController } from "./features/playback/usePlaybackController";%0A+ import { usePlaybackQueue } from "./features/playback/usePlaybackQueue";%0A+ import { useDrawerCloudPersistence } from "./features/edit/useDrawerCloudPersistence";%0A+ import { useBeatAssetUpdates } from "./features/edit/useBeatAssetUpdates";%0A+ import { useBeatProjects } from "./features/projects/useBeatProjects";%0A+ import { useOfflineAvailability } from "./features/offline/useOfflineAvailability";%0A+ import { useTrashActions } from "./features/trash/useTrashActions";%0A+ import { useWebLibraryReconciled } from "./features/library/useWebLibraryReconciled";%0A+ import { createBeatRuntimeState } from "./features/state/beatRuntimeState";%0A+ import { useBeatRuntimeRegistry } from "./features/state/useBeatRuntimeRegistry";%0A+ import { useSessionState } from "./features/session/useSessionState";%0A+ import { useSessionActions } from "./features/session/useSessionActions";%0A+ import { useCustomCursor } from "./features/session/useCustomCursor";%0A+ import { useConnectivity } from "./features/session/useConnectivity";%0A+ import { useCloudLibraryEvents } from "./features/cloud/useCloudLibraryEvents";%0A+ import AppShell from "./app/AppShell";%0A+ import { useAppShortcuts } from "./app/useAppShortcuts";%0A+ import { usePublishingActions } from "./features/publishing/usePublishingActions";%0A+%0A+ // Intentionally isolated: if real-world timings prove the skeleton unnecessary,%0A+ // flipping/removing this one constant deletes the visual layer without touching%0A+ // the staged Review architecture underneath it.%0A+ const REVIEW_SKELETON_ENABLED = true;%0A+%0A+ const beatCloudUpdateBusyIds = new Set<string>();%0A+%0A+ function setBeatCloudUpdateBusy(beatId: string, active: boolean, success = false) {%0A+   if (active) beatCloudUpdateBusyIds.add(beatId);%0A+   else beatCloudUpdateBusyIds.delete(beatId);%0A+   window.dispatchEvent(new CustomEvent("beatgaler:beat-cloud-busy", {%0A+     detail: { beatId, active, success }%0A+   }));%0A+ }%0A+%0A+ function formatCloudBytes(bytes: number) {%0A+   if (!bytes) return "0 B";%0A+   const units = ["B", "KB", "MB", "GB"];%0A+   let n = bytes; let i = 0;%0A+   while (n >= 1024 && i < units.length - 1) { n /= 1024; i++; }%0A+   return `${n.toFixed(i === 0 ? 0 : 1)} ${units[i]}`;%0A+ }%0A+%0A+ function runtimeErrorMessage(error: unknown): string {%0A+   return error instanceof Error ? error.message : String(error);%0A+ }%0A+%0A+ function isRuntimeConflictError(error: unknown): boolean {%0A+   const message = runtimeErrorMessage(error).toLowerCase();%0A+   return message.includes("409") || message.includes("conflict") || message.includes("revision mismatch") || message.includes("version mismatch");%0A+ }%0A+%0A+ function BeatGalerApp() {%0A+   const {%0A+     beats,%0A+     setBeats,%0A+     beatsLatestRef,%0A+     startupCachedBeatsRef,%0A+     initialLoading,%0A+   } = useLibraryState();%0A+   const cloudMetaSnapshotRef = useRef<Map<string, string> | null>(null);%0A+   const cloudLibraryTimerRef = useRef<number | null>(null);%0A+   const cloudLibrarySnapshotRef = useRef<string | null>(null);%0A+   const visibleLibraryFingerprintRef = useRef<string>("");%0A+   const {%0A+     beatRuntimeStates,%0A+     beatRuntimeStatesRef,%0A+     transitionRuntime,%0A+     forgetRuntimeState,%0A+     clearReconciledTrashRuntimeStates,%0A+   } = useBeatRuntimeRegistry(beats, beatsLatestRef);%0A+   const stagedImportPathsRef = useRef<Map<string, string[]>>(new Map());%0A+   const [loading, setLoading] = useState(() => initialLoading);%0A+   const startupCookingResolvedRef = useRef(false);%0A+   const startupPipelineStartedRef = useRef(false);%0A+   const startupEnginePrimeReadyRef = useRef(false);%0A+   const handleArtworkHydratedFromNetwork = useCallback((next: Beat[], beatId: string) => {%0A+     const hydrated = next.find(item => item.id === beatId);%0A+     if (hydrated && cloudMetaSnapshotRef.current) {%0A+       cloudMetaSnapshotRef.current.set(beatId, cloudBeatFingerprint(hydrated));%0A+     }%0A+     if (cloudLibrarySnapshotRef.current !== null) {%0A+       cloudLibrarySnapshotRef.current = next%0A+         .filter(item => !!item.telegram_file_id)%0A+         .map(cloudBeatFingerprint)%0A+         .join("\u001c");%0A+     }%0A+   }, []);%0A+   const { ensureArtworkReady, clearArtworkHydration, invalidateArtworkHydration } = useArtworkHydration({%0A+     setBeats,%0A+     onNetworkHydrated: handleArtworkHydratedFromNetwork,%0A+   });%0A+   const { search, setSearch, sortBy, setSortBy } = useLibraryViewState();%0A+   const {%0A+     includedTags,%0A+     excludedTags,%0A+     clearTagFilters,%0A+     toggleTagFilter,%0A+     replaceTagFilter,%0A+   } = useTagFilters();%0A+   const filteredBeats = selectFilteredAndSortedBeats(%0A+     beats,%0A+     search,%0A+     includedTags,%0A+     excludedTags,%0A+     sortBy,%0A+   );%0A+%0A+   const [tagColorMenu, setTagColorMenu] = useState<{ tag: string; x: number; y: number } | null>(null);%0A+   const {%0A+     tagRename, tagRenameBusy, tagRenameError, affectedCount: tagRenameAffectedCount,%0A+     affectedMp3Count: tagRenameMp3Count, affectedWavCount: tagRenameWavCount,%0A+     openTagRename, setNewTag: setTagRenameNewTag, continueTagRename, backTagRename,%0A+     cancelTagRename, confirmTagRename,%0A+   } = useTagRename({ beats, setBeats, replaceTagFilter });%0A+   useWebPlaybackSortRouting(sortBy, beats, platform.kind === "web");%0A+   const onWebLibraryReconciled = useCallback((incoming: Beat[]) => {%0A+     setBeats(current => {%0A+       const next = preserveLoadedArtwork(incoming, current);%0A+       beatsLatestRef.current = next;%0A+       return next;%0A+     });%0A+   }, []);%0A+   useWebLibraryReconciled(platform.kind === "web", onWebLibraryReconciled);%0A+   const [drawer, setDrawer] = useState<{ beat: Beat; mode: "detail" | "edit" } | null>(null);%0A+   const [showAdd, setShowAdd] = useState(false);%0A+   const [dropActive, setDropActive] = useState(false);%0A+   const [dropImporting, setDropImporting] = useState(false);%0A+   // Covers the WebView2 staging window that happens BEFORE importDroppedPaths%0A+   // receives native paths. Without this state, the app can look frozen while%0A+   // large dropped files are being copied into drop-staging.%0A+   const [libraryDropStaging, setLibraryDropStaging] = useState(false);%0A+   const [beatFileDrop, setBeatFileDrop] = useState<{ beat: Beat; filePath: string; kind: "file" | "directory" } | null>(null);%0A+   const {%0A+     reviewQueue,%0A+     setReviewQueue,%0A+     reviewQueueLatestRef,%0A+     skippedReviewSourceKeysRef,%0A+     startReview,%0A+   } = useImportSession();%0A+   const [showSettings, setShowSettings] = useState(false);%0A+   const {%0A+     settings,%0A+     setSettings,%0A+     setupDone,%0A+     setSetupDone,%0A+     connectionState,%0A+     setConnectionState,%0A+     cloudSessionVerified,%0A+     setCloudSessionVerified,%0A+   } = useSessionState();%0A+   const {%0A+     startupCookingGate,%0A+     setStartupCookingGate,%0A+     revealedBeatIds,%0A+     setRevealedBeatIds,%0A+     progressiveRevealRunRef,%0A+   } = useLibraryReveal({%0A+     initialCachedBeats: startupCachedBeatsRef.current ?? [],%0A+     filteredBeats,%0A+     loading,%0A+     settings,%0A+     cloudSessionVerified,%0A+     connectionState,%0A+     ensureArtworkReady,%0A+     startupCookingResolvedRef,%0A+     startupPipelineStartedRef,%0A+     nativeParallelism: isTauriAvailable ? 6 : 1,%0A+   });%0A+   const {%0A+     cloudFilesBeat,%0A+     cloudFiles,%0A+     cloudFilesBusyId,%0A+     cloudFilesDownloadedIds,%0A+     cloudFilesDownloadError,%0A+     cloudDownloadNotice,%0A+     handleCloudFiles,%0A+     handleGetCloudFile,%0A+     closeCloudFiles,%0A+     dismissDownloadError,%0A+   } = useBeatDownloads({ connectionState, beatRuntimeStatesRef, transitionRuntime });%0A+%0A+   const {%0A+     selectedIds,%0A+     selectMode,%0A+     toggleSelection,%0A+     toggleSelectAll,%0A+     finishSelection,%0A+     clearSelection,%0A+   } = useBeatSelection(beats);%0A+   const {%0A+     sensors,%0A+     activeDragId,%0A+     handleDragStart,%0A+     handleDragEnd,%0A+     handleDragCancel,%0A+   } = useLibraryReorder({ sortBy, setSortBy, setBeats });%0A+   const { state: audio, play, togglePause, seek, setVolume, releaseFile } = useAudio();%0A+   const { clearPlaybackPreparation, ensureWarmPlaybackUrl, handlePlay, handleWarm, invalidatePlaybackPreparation, waitForUploadedBeatPlaybackReady } = usePlaybackController({%0A+     audio,%0A+     play,%0A+     beatsLatestRef,%0A+     beatRuntimeStatesRef,%0A+     transitionRuntime,%0A+     setBeats,%0A+     cloudSessionVerified,%0A+     connectionState,%0A+     isBeatCloudUpdateBusy: beatId => beatCloudUpdateBusyIds.has(beatId),%0A+   });%0A+   const { offlineBusyIds, handleToggleOffline } = useOfflineAvailability({%0A+     connectionState,%0A+     audioPlayingId: audio.playingId,%0A+     releaseFile,%0A+     invalidatePlaybackPreparation,%0A+     ensureWarmPlaybackUrl,%0A+     beatRuntimeStatesRef,%0A+     transitionRuntime,%0A+     setBeats,%0A+     setDrawer,%0A+     setRevealedBeatIds,%0A+   });%0A+%0A+   // Keep a ref to togglePause so the keydown handler never goes stale%0A+   const togglePauseRef = useRef(togglePause);%0A+   useEffect(() => { togglePauseRef.current = togglePause; }, [togglePause]);%0A+%0A+   const rejectOfflineMutation = useCallback((action: string): boolean => {%0A+     if (connectionState === "online") return false;%0A+     void appAlert({%0A+       title: connectionState === "offline" ? "Offline" : "Connection unavailable",%0A+       message: `${action} requires an internet connection. Offline mode is read-only except for moving beats to Trash.`,%0A+     });%0A+     return true;%0A+   }, [connectionState]);%0A+%0A+   const { showUpload, setShowUpload, handleUpload, handleUploadBulk } = usePublishingActions({%0A+     selectedIds,%0A+     rejectOfflineMutation,%0A+   });%0A+%0A+   const {%0A+     reviewBootstrap,%0A+     reviewPreparationDone,%0A+     reviewPreparationPromiseRef,%0A+     deferredImportBatch,%0A+     setDeferredImportBatch,%0A+     importDroppedPaths,%0A+     cancelPendingReviewWork,%0A+     completeImmediateReviewPreparation,%0A+   } = useImportDiscovery({%0A+     dropImporting,%0A+     setDropImporting,%0A+     rejectOfflineMutation,%0A+     setDropActive,%0A+     setShowAdd,%0A+     setReviewQueue,%0A+     skippedReviewSourceKeysRef,%0A+     stagedImportPathsRef,%0A+     skeletonEnabled: REVIEW_SKELETON_ENABLED,%0A+   });%0A+%0A+   const {%0A+     backgroundUploadErrors,%0A+     cloudifyImportedBeats,%0A+     retryBackgroundUpload,%0A+     getQueuedBeatsSnapshot,%0A+     deferLibraryReloadIfUploading,%0A+     deferredLibraryReloadRef,%0A+   } = useCloudUploadQueue({%0A+     settings,%0A+     setSettings,%0A+     setConnectionState,%0A+     setBeats,%0A+     beatsLatestRef,%0A+     beatRuntimeStatesRef,%0A+     transitionRuntime,%0A+     cloudLibrarySnapshotRef,%0A+     waitForUploadedBeatPlaybackReady,%0A+     rejectOfflineMutation,%0A+     isReviewActive: () => reviewQueueLatestRef.current !== null,%0A+     hasProtectedStaging: () => stagedImportPathsRef.current.size > 0,%0A+   });%0A+%0A+%0A+   const { libraryRefreshing, reloadLibrary } = useLibraryReload({%0A+     telegramCloudConnected: Boolean(settings?.telegram_cloud_connected),%0A+     beatsLatestRef,%0A+     setBeats,%0A+     setConnectionState,%0A+     setCloudSessionVerified,%0A+     cloudMetaSnapshotRef,%0A+     cloudLibrarySnapshotRef,%0A+     startupCookingResolvedRef,%0A+     startupPipelineStartedRef,%0A+     progressiveRevealRunRef,%0A+     setRevealedBeatIds,%0A+     setStartupCookingGate,%0A+     setLoading,%0A+     deferLibraryReloadIfUploading,%0A+   });%0A+%0A+   const { interruptedUploadNotices, dismissInterruptedUploadNotices } = useStartupBootstrap({%0A+     startupCachedBeatsRef,%0A+     cloudMetaSnapshotRef,%0A+     cloudLibrarySnapshotRef,%0A+     startupCookingResolvedRef,%0A+     startupPipelineStartedRef,%0A+     startupEnginePrimeReadyRef,%0A+     progressiveRevealRunRef,%0A+     setBeats,%0A+     setSettings,%0A+     setSetupDone,%0A+     setLoading,%0A+     setConnectionState,%0A+     setCloudSessionVerified,%0A+     setStartupCookingGate,%0A+     setRevealedBeatIds,%0A+     clearReconciledTrashRuntimeStates,%0A+     dismissStartupLoader: dismissBeatGalerStartupLoader,%0A+   });%0A+%0A+%0A+ useConnectivity({%0A+   setupDone,%0A+   setConnectionState,%0A+   setCloudSessionVerified,%0A+   setSettings,%0A+   setBeats,%0A+   cloudMetaSnapshotRef,%0A+   cloudLibrarySnapshotRef,%0A+   startupCookingResolvedRef,%0A+   startupPipelineStartedRef,%0A+   startupEnginePrimeReadyRef,%0A+   progressiveRevealRunRef,%0A+   clearReconciledTrashRuntimeStates,%0A+   clearPlaybackPreparation,%0A+   clearArtworkHydration,%0A+   setStartupCookingGate,%0A+ });%0A+%0A+   useCustomCursor(settings?.custom_cursor_enabled ?? true);%0A+%0A+%0A+%0A+ // BeatGaler synchronization remains push-based. SSE only notifies the app;%0A+ // the extracted owner verifies authority before hydrating library state.%0A+ useCloudLibraryEvents({%0A+   setupDone,%0A+   beatgalerUserId: settings?.beatgaler_user_id ?? null,%0A+   setConnectionState,%0A+   setCloudSessionVerified,%0A+   setSettings,%0A+   setBeats,%0A+   cloudMetaSnapshotRef,%0A+   cloudLibrarySnapshotRef,%0A+   visibleLibraryFingerprintRef,%0A+   startupCookingResolvedRef,%0A+   startupPipelineStartedRef,%0A+   startupEnginePrimeReadyRef,%0A+   progressiveRevealRunRef,%0A+   clearReconciledTrashRuntimeStates,%0A+   clearArtworkHydration,%0A+   clearPlaybackPreparation,%0A+   setStartupCookingGate,%0A+ });%0A+%0A+   useLibraryPresentationCache(%0A+     beats,%0A+     cloudSessionVerified,%0A+     settings,%0A+   );%0A+%0A+   useEffect(() => {%0A+     visibleLibraryFingerprintRef.current = libraryViewFingerprint(beats);%0A+     beatsLatestRef.current = beats;%0A+   }, [beats]);%0A+%0A+%0A+%0A+   // One-time recovery for a cloud-only library after Telegram login/startup.%0A+   // No timer, no permanent synchronization.%0A+   const beatGalerCloudRecoveryAttemptedRef = useRef(false);%0A+%0A+   const recoverTelegramLibraryOnceIfEmpty = useCallback(async () => {%0A+     if (beatGalerCloudRecoveryAttemptedRef.current) return;%0A+     if (beats.length !== 0) return;%0A+%0A+     beatGalerCloudRecoveryAttemptedRef.current = true;%0A+     try {%0A+       const restored = await libraryStateManager.reloadAuthoritative();%0A+       if (restored.length > 0) {%0A+         setBeats(current => current.length === 0 ? restored : current);%0A+       }%0A+     } catch (error) {%0A+       console.warn("Telegram library one-time recovery skipped:", error);%0A+     }%0A+   }, [beats.length]);%0A+%0A+   // IMPORTANT: an empty library is a valid, authoritative state (for example%0A+   // immediately after Remove All). Never infer "Telegram recovery" merely from%0A+   // beats.length === 0; doing so races the pending trash/index commit and can%0A+   // resurrect the just-removed cards with their artwork unloaded. Recovery is%0A+   // only allowed from explicit Telegram connection/startup flows below.%0A+%0A+   useEffect(() => {%0A+     const onTelegramConnected = (event: Event) => {%0A+       const detail = (event as CustomEvent<{ connected?: boolean; username?: string | null }>).detail;%0A+       if (!detail?.connected) return;%0A+%0A+       setSettings(current => current ? {%0A+         ...current,%0A+         telegram_cloud_connected: true,%0A+         telegram_cloud_username: detail.username ?? current.telegram_cloud_username ?? null,%0A+       } : current);%0A+%0A+       void recoverTelegramLibraryOnceIfEmpty();%0A+     };%0A+%0A+     window.addEventListener("beatgaler:telegram-connected", onTelegramConnected);%0A+     return () => window.removeEventListener("beatgaler:telegram-connected", onTelegramConnected);%0A+   }, [recoverTelegramLibraryOnceIfEmpty]);%0A+%0A+%0A+   const handleUploadTelegram = useCallback(async (beat: Beat) => {%0A+     if (rejectOfflineMutation("Uploading a beat")) return;%0A+     const existingCloudBeat = Boolean(beat.telegram_file_id);%0A+     transitionRuntime(beat.id, { type: existingCloudBeat ? "SYNC_QUEUE_UPDATE" : "SYNC_QUEUE_UPLOAD" }, beat);%0A+     transitionRuntime(beat.id, { type: existingCloudBeat ? "SYNC_UPDATE_STARTED" : "SYNC_UPLOAD_STARTED" }, beat);%0A+     try {%0A+       const updated = await uploadBeatToTelegram(beat);%0A+       await syncBeatMetadataToTelegram(updated);%0A+       transitionRuntime(updated.id, { type: existingCloudBeat ? "SYNC_UPDATE_SUCCEEDED" : "SYNC_UPLOAD_SUCCEEDED" }, updated);%0A+       setBeats(bs => bs.map(b => b.id === updated.id ? updated : b));%0A+     } catch (e: any) {%0A+       const message = sanitizeUserVisibleText(runtimeErrorMessage(e), "Cloud operation failed.");%0A+       if (existingCloudBeat && isRuntimeConflictError(e)) {%0A+         transitionRuntime(beat.id, { type: "SYNC_CONFLICT", message }, beat);%0A+       } else {%0A+         transitionRuntime(beat.id, { type: "SYNC_FAILED", code: "TELEGRAM_UPLOAD_FAILED", message, retryable: true }, beat);%0A+       }%0A+       await appAlert({%0A+         title: "Cloud upload failed",%0A+         message,%0A+         danger: true,%0A+       });%0A+     }%0A+   }, [rejectOfflineMutation, transitionRuntime]);%0A+%0A+   const handleDownloadTelegram = useCallback(async (_beat: Beat) => {%0A+     await appAlert({%0A+       title: "Cloud-only library",%0A+       message: "Files are fetched into temporary storage automatically when needed.",%0A+     });%0A+   }, []);%0A+%0A+%0A+   const handleEditBulk = useCallback(() => {%0A+     if (rejectOfflineMutation("Editing metadata")) return;%0A+     const firstSelected = beats.find(b => selectedIds.has(b.id));%0A+     if (firstSelected) setDrawer({ beat: firstSelected, mode: "edit" });%0A+   }, [beats, selectedIds, rejectOfflineMutation]);%0A+%0A+   const { deleteBeat, handleRemoveBulk, handleBeatRestored } = useTrashActions({%0A+     beats,%0A+     setBeats,%0A+     beatsLatestRef,%0A+     selectedIds,%0A+     clearSelection,%0A+     connectionState,%0A+     audioPlayingId: audio.playingId,%0A+     releaseFile,%0A+     beatRuntimeStatesRef,%0A+     transitionRuntime,%0A+     forgetRuntimeState,%0A+     cloudMetaSnapshotRef,%0A+     cloudLibrarySnapshotRef,%0A+     invalidateArtworkHydration,%0A+     ensureArtworkReady,%0A+   });%0A+%0A+   const addBeats = useCallback((newBeats: Beat[]) => {%0A+     setBeats(bs => {%0A+       const existing = new Set(bs.map(b => b.mp3_path));%0A+       const next = [...newBeats.filter(b => !existing.has(b.mp3_path)), ...bs];%0A+       beatsLatestRef.current = next;%0A+       return next;%0A+     });%0A+   }, []);%0A+%0A+   const addBeatsAndReview = useCallback((newBeats: Beat[]) => {%0A+     if (newBeats.length === 0) return;%0A+     if (connectionState !== "online") {%0A+       void appAlert({%0A+         title: "Internet connection required",%0A+         message: "BeatGaler does not import new beats while offline. Reconnect and import them again.",%0A+       });%0A+       void cleanupOrphanedDropStaging(beatsLatestRef.current);%0A+       return;%0A+     }%0A+     const sanitized = newBeats.map(beat => ({ ...beat, tags: cleanTags(beat.tags || []).tags }));%0A+%0A+     // Review candidates are NOT library beats yet.%0A+     // Keeping them out of `beats` means:%0A+     // 1) Cancel leaves absolutely nothing behind.%0A+     // 2) duplicate-name checks compare only against committed library items.%0A+     // 3) a re-dropped folder can never masquerade as an edit of the existing beat.%0A+     setShowAdd(false);%0A+     startReview(sanitized);%0A+     // Upload begins only after Review → Save.%0A+   }, [connectionState, startReview]);%0A+%0A+ const {%0A+   skipCurrentReviewBeat,%0A+   cancelReview,%0A+   handleReviewedBeatSaved,%0A+ } = useImportReview({%0A+   setBeats,%0A+   beatsLatestRef,%0A+   setReviewQueue,%0A+   skippedReviewSourceKeysRef,%0A+   cloudifyImportedBeats,%0A+   getQueuedBeatsSnapshot,%0A+   onCancelPendingWork: cancelPendingReviewWork,%0A+   releaseBeat: platform.capabilities.reviewBeatCloudCommit%0A+     ? beatId => platform.importer.releaseBeat(beatId)%0A+     : undefined,%0A+   discardBatch: batchId => discardImportReviewBatch(batchId),%0A+   cleanupStaging: protectedBeats => cleanupOrphanedDropStaging(protectedBeats),%0A+ });%0A+%0A+   const {%0A+     audioConflictBatch,%0A+     dropImportBatch,%0A+     resetImportResolutionState,%0A+     handleReviewedSaveAll,%0A+     cancelAudioConflicts,%0A+     resolveAudioConflicts,%0A+     closeImportDecisions,%0A+     importResolvedDecisions,%0A+   } = useImportSaveAll({%0A+     setBeats,%0A+     beatsLatestRef,%0A+     reviewQueue,%0A+     setReviewQueue,%0A+     reviewQueueLatestRef,%0A+     reviewBootstrap,%0A+     reviewPreparationDone,%0A+     reviewPreparationPromiseRef,%0A+     deferredImportBatch,%0A+     setDeferredImportBatch,%0A+     stagedImportPathsRef,%0A+     setDropImporting,%0A+     cloudifyImportedBeats,%0A+     addBeatsAndReview,%0A+   });%0A+%0A+   const { importDroppedBrowserFiles } = useBrowserImport({%0A+     dropImporting,%0A+     setDropImporting,%0A+     rejectOfflineMutation,%0A+     setDropActive,%0A+     setShowAdd,%0A+     setReviewQueue,%0A+     completeImmediateReviewPreparation,%0A+     resetImportResolutionState,%0A+   });%0A+%0A+   const updateExistingBeatFromFolder = useCallback(async (beat: Beat, folderPath: string): Promise<boolean> => {%0A+     if (rejectOfflineMutation("Updating beat files")) return true;%0A+     if (isBackupFolderPath(folderPath)) {%0A+       await appAlert({%0A+         title: "Backup folder skipped",%0A+         message: "BeatGaler keeps Backup/Backups folders out of PROJECT.zip so old project copies are not uploaded.",%0A+       });%0A+       return true;%0A+     }%0A+%0A+     const t = await import("./lib/tauri");%0A+%0A+     let preview;%0A+     try {%0A+       preview = await t.inspectBeatUpdateFolder(folderPath);%0A+     } catch {%0A+       return false;%0A+     }%0A+%0A+     let replaceMaster = false;%0A+     if (preview.has_mp3) {%0A+       const alreadyHasMaster = Boolean(beat.telegram_file_id) || Boolean(beat.mp3_path?.trim());%0A+       if (alreadyHasMaster) {%0A+         const incoming = preview.mp3_filename || "the incoming MP3";%0A+         const confirmed = window.confirm(%0A+           `Replace current MASTER for "${beat.name}"?\n\n` +%0A+           `${incoming} will become the new MASTER.\n` +%0A+           `Its BPM, key, tags, rating and artwork will replace the current metadata.\n\n` +%0A+           `WAV and project files from this folder will also be added or updated.`%0A+         );%0A+         if (!confirmed) return true;%0A+       }%0A+       replaceMaster = true;%0A+     }%0A+%0A+     setBeatCloudUpdateBusy(beat.id, true);%0A+     const runtime = beatRuntimeStatesRef.current[beat.id] ?? createBeatRuntimeState(beat);%0A+     if (runtime.sync_state === "synced") transitionRuntime(beat.id, { type: "SYNC_QUEUE_UPDATE" }, beat);%0A+     transitionRuntime(beat.id, { type: "SYNC_UPDATE_STARTED" }, beat);%0A+     try {%0A+       let updated = await t.mergeFolderIntoExistingBeat(beat, folderPath, replaceMaster);%0A+       setBeats(bs => bs.map(b => b.id === beat.id ? updated : b));%0A+%0A+       if (replaceMaster) {%0A+         updated = await t.uploadBeatToTelegram(updated);%0A+         setBeats(bs => bs.map(b => b.id === beat.id ? updated : b));%0A+       }%0A+%0A+       if (preview.has_wav && updated.wav_path) {%0A+         await t.uploadDroppedFileToTelegram(updated, updated.wav_path, "WAV");%0A+       }%0A+%0A+       if (preview.has_project_assets) {%0A+         await t.uploadProjectToTelegram(updated);%0A+       }%0A+%0A+       if (replaceMaster && updated.telegram_file_id) {%0A+         await t.syncBeatMetadataToTelegram(updated);%0A+       }%0A+%0A+       window.dispatchEvent(new CustomEvent("beatgaler:project-cloud-updated", { detail: { beatId: beat.id } }));%0A+       await libraryStateManager.commitSnapshot(beatsLatestRef.current.map(item => item.id === beat.id ? updated : item), "metadata-update");%0A+       transitionRuntime(beat.id, { type: "SYNC_UPDATE_SUCCEEDED" }, updated);%0A+       setBeats(bs => bs.map(b => b.id === beat.id ? updated : b));%0A+       return true;%0A+     } catch (error) {%0A+       console.error(error);%0A+       const message = sanitizeUserVisibleText(runtimeErrorMessage(error), "Cloud operation failed.");%0A+       if (isRuntimeConflictError(error)) transitionRuntime(beat.id, { type: "SYNC_CONFLICT", message }, beat);%0A+       else transitionRuntime(beat.id, { type: "SYNC_FAILED", code: "FOLDER_UPDATE_FAILED", message, retryable: true }, beat);%0A+       alert(`Could not update "${beat.name}" from the dropped folder: ${message}`);%0A+       return true;%0A+     } finally {%0A+       setBeatCloudUpdateBusy(beat.id, false);%0A+     }%0A+   }, [rejectOfflineMutation, transitionRuntime]);%0A+%0A+   const { commitDrawerCloudMutation } = useDrawerCloudPersistence({%0A+   beats,%0A+   browserCloudEditing: platform.capabilities.browserCloudEditing,%0A+   connectionState,%0A+   cloudSessionVerified,%0A+   beatsLatestRef,%0A+   beatRuntimeStatesRef,%0A+   transitionRuntime,%0A+   cloudMetaSnapshotRef,%0A+   cloudLibraryTimerRef,%0A+   cloudLibrarySnapshotRef,%0A+ });%0A+%0A+   // V7: INDEX writes are explicit transactions only.%0A+   // There is deliberately no generic "beats changed => rewrite Telegram" observer.%0A+   // Upload, metadata, Trash/Restore and project/file operations commit through%0A+   // libraryStateManager at their actual logical commit boundary. This prevents%0A+   // render/cache hydration from becoming an accidental cloud mutation.%0A+%0A+   const {%0A+     handleIncompleteWarningsChanged,%0A+     handleCustomCursorChanged,%0A+     handleFolderChanged,%0A+     handleDisconnectTelegramAccount,%0A+   } = useSessionActions({%0A+     setSettings,%0A+     setCloudSessionVerified,%0A+     logoutAccount: logoutBeatGalerAccount,%0A+     releaseFile,%0A+     progressiveRevealRunRef,%0A+     clearPlaybackPreparation,%0A+     clearArtworkHydration,%0A+     setRevealedBeatIds,%0A+     setBeats,%0A+     clearSelection,%0A+   });%0A+%0A+   const updateBeat = useCallback((updated: Beat) => {%0A+     if (updated.telegram_file_id && connectionState === "online") {%0A+       const runtime = beatRuntimeStatesRef.current[updated.id] ?? createBeatRuntimeState(updated);%0A+       if (runtime.sync_state === "synced") transitionRuntime(updated.id, { type: "SYNC_QUEUE_UPDATE" }, updated);%0A+     }%0A+     setBeats(bs => bs.map(b => b.id === updated.id ? updated : b));%0A+     if (drawer?.beat.id === updated.id) setDrawer(d => d ? { ...d, beat: updated } : null);%0A+   }, [connectionState, drawer, transitionRuntime]);%0A+%0A+%0A+%0A+   const handleDropArtwork = useCallback(async (beat: Beat, imageBase64: string) => {%0A+     if (rejectOfflineMutation("Changing artwork")) return;%0A+%0A+     const updated = { ...beat, image_base64: imageBase64, image_preview_base64: null };%0A+%0A+     if (platform.capabilities.browserCloudEditing) {%0A+       // Publish the browser-decoded artwork immediately, then commit it through%0A+       // the Web editor/Direct transport. No Tauri metadata path participates.%0A+       updateBeat(updated);%0A+       transitionRuntime(updated.id, { type: "SYNC_UPDATE_STARTED" }, updated);%0A+       try {%0A+         const committed = await platform.editor.commit(beat, updated, {});%0A+         setBeats(current => {%0A+           const next = current.map(item => item.id === committed.id ? committed : item);%0A+           beatsLatestRef.current = next;%0A+           return next;%0A+         });%0A+         setDrawer(current => current?.beat.id === committed.id ? { ...current, beat: committed } : current);%0A+         transitionRuntime(updated.id, { type: "SYNC_UPDATE_SUCCEEDED" }, committed);%0A+       } catch (error) {%0A+         const message = sanitizeUserVisibleText(runtimeErrorMessage(error), "Cloud operation failed.");%0A+         transitionRuntime(updated.id, { type: "SYNC_FAILED", code: "ARTWORK_SYNC_FAILED", message, retryable: true }, updated);%0A+         throw error;%0A+       }%0A+       return;%0A+     }%0A+%0A+     // Desktop keeps its existing native metadata/artwork transaction.%0A+     await saveBeatMeta({%0A+       mp3_path: beat.mp3_path,%0A+       wav_path: beat.wav_path,%0A+       bpm: beat.bpm,%0A+       key: beat.key,%0A+       tags: beat.tags,%0A+       rating: beat.rating,%0A+       image_base64: imageBase64,%0A+       update_filename: false,%0A+     });%0A+%0A+     updateBeat(updated);%0A+%0A+     if (updated.telegram_file_id && connectionState === "online") {%0A+       const runtime = beatRuntimeStatesRef.current[updated.id] ?? createBeatRuntimeState(updated);%0A+       if (runtime.sync_state === "synced") transitionRuntime(updated.id, { type: "SYNC_QUEUE_UPDATE" }, updated);%0A+       transitionRuntime(updated.id, { type: "SYNC_UPDATE_STARTED" }, updated);%0A+       try {%0A+         await syncBeatMetadataToTelegram(updated);%0A+         const indexSnapshot = beatsLatestRef.current.map(item => item.id === updated.id ? updated : item);%0A+         await libraryStateManager.commitSnapshot(indexSnapshot, "upload-batch");%0A+         if (cloudLibraryTimerRef.current) {%0A+           window.clearTimeout(cloudLibraryTimerRef.current);%0A+           cloudLibraryTimerRef.current = null;%0A+         }%0A+         cloudLibrarySnapshotRef.current = indexSnapshot%0A+           .filter(item => !!item.telegram_file_id)%0A+           .map(cloudBeatFingerprint)%0A+           .join("\u001c");%0A+         cloudMetaSnapshotRef.current?.set(updated.id, cloudBeatFingerprint(updated));%0A+         transitionRuntime(updated.id, { type: "SYNC_UPDATE_SUCCEEDED" }, updated);%0A+       } catch (error) {%0A+         const message = sanitizeUserVisibleText(runtimeErrorMessage(error), "Cloud operation failed.");%0A+         transitionRuntime(updated.id, { type: "SYNC_FAILED", code: "ARTWORK_SYNC_FAILED", message, retryable: true }, updated);%0A+         throw error;%0A+       }%0A+     }%0A+   }, [updateBeat, rejectOfflineMutation, connectionState, transitionRuntime]);%0A+%0A+%0A+   const {%0A+     runBeatCloudUpdate,%0A+     startMasterAssetUpdate,%0A+     startWavAssetUpdate,%0A+     handleBrowserBeatAssetDrop,%0A+   } = useBeatAssetUpdates({%0A+     rejectOfflineMutation,%0A+     setBeatFileDrop,%0A+     setBeatCloudUpdateBusy,%0A+     beatRuntimeStatesRef,%0A+     transitionRuntime,%0A+     beatsLatestRef,%0A+     cloudLibrarySnapshotRef,%0A+     setBeats,%0A+     setDrawer,%0A+     waitForUploadedBeatPlaybackReady,%0A+   });%0A+%0A+   const {%0A+     openableCloudProjectIds,%0A+     projectUpdateNotice,%0A+     dismissProjectUpdateNotice,%0A+     hasStoredProject,%0A+     startProjectAssetUpdate,%0A+     handleAutoProjectDrop,%0A+     handleBrowserProjectDrop,%0A+     handleUploadProjectTelegram,%0A+     handleOpenProject,%0A+     handleUpdateProject,%0A+   } = useBeatProjects({%0A+     beats,%0A+     connectionState,%0A+     rejectOfflineMutation,%0A+     transitionRuntime,%0A+     beatsLatestRef,%0A+     setBeats,%0A+     setDrawer,%0A+     runBeatCloudUpdate,%0A+     setBeatCloudUpdateBusy,%0A+   });%0A+%0A+   const handleDroppedBeatFileRole = useCallback(async (role: DroppedBeatFileRole) => {%0A+     if (!beatFileDrop) return;%0A+     const { beat, filePath } = beatFileDrop;%0A+     const ext = extensionFromPath(filePath);%0A+%0A+     if (role === "loop" || role === "stems") return;%0A+%0A+     if (role === "main") {%0A+       if (ext !== "mp3") return;%0A+       startMasterAssetUpdate(beat, filePath);%0A+       return;%0A+     }%0A+%0A+     if (role === "wav") {%0A+       if (ext !== "wav") return;%0A+       startWavAssetUpdate(beat, filePath);%0A+       return;%0A+     }%0A+%0A+     if (role === "projectFolder") {%0A+       const existing = await hasStoredProject(beat).catch(() => false);%0A+       if (!existing) {%0A+         await cleanupStagedDropPaths([filePath]).catch(() => {});%0A+         setBeatFileDrop(null);%0A+         await appAlert({%0A+           title: "Project file required",%0A+           message: "Add a .flp, .als, .logicx, .ptx/.ptf file or a valid PROJECT ZIP first. Then folders can be added to that PROJECT.zip using their original folder name.",%0A+         });%0A+         return;%0A+       }%0A+       startProjectAssetUpdate(beat, filePath, "projectFolder");%0A+     }%0A+   }, [beatFileDrop, hasStoredProject, startMasterAssetUpdate, startProjectAssetUpdate, startWavAssetUpdate]);%0A+%0A+%0A+   useHtmlLibraryDrop({%0A+     nativeDropAvailable: isTauriAvailable,%0A+     browserFileImport: platform.capabilities.browserFileImport,%0A+     reviewSkeletonEnabled: REVIEW_SKELETON_ENABLED,%0A+     beatsLatestRef,%0A+     setDropActive,%0A+     setBeatCloudUpdateBusy,%0A+     setBeatFileDrop,%0A+     setLibraryDropStaging,%0A+     handleDropArtwork,%0A+     handleAutoProjectDrop,%0A+     handleBrowserBeatAssetDrop,%0A+     handleBrowserProjectDrop,%0A+     importDroppedBrowserFiles,%0A+     importDroppedPaths,%0A+   });%0A+%0A+   useNativeLibraryDrop({%0A+     nativeDropAvailable: isTauriAvailable,%0A+     reviewSkeletonEnabled: REVIEW_SKELETON_ENABLED,%0A+     beatsLatestRef,%0A+     setDropActive,%0A+     setBeatCloudUpdateBusy,%0A+     setBeatFileDrop,%0A+     setLibraryDropStaging,%0A+     handleDropArtwork,%0A+     handleAutoProjectDrop,%0A+     importDroppedPaths,%0A+   });%0A+%0A+   const applyBulkUpdate = useCallback((updates: Partial<Beat>, options?: { tagsMode?: "add" | "replace" | "remove" }) => {%0A+     setBeats(bs => bs.map(b => {%0A+       if (!selectedIds.has(b.id)) return b;%0A+       if (!updates.tags) return { ...b, ...updates };%0A+%0A+       const normalizedInput = Array.from(new Set(%0A+         updates.tags.map(t => t.trim().toLowerCase()).filter(Boolean)%0A+       ));%0A+%0A+       if (options?.tagsMode === "replace") {%0A+         return { ...b, ...updates, tags: normalizedInput };%0A+       }%0A+%0A+       if (options?.tagsMode === "remove") {%0A+         const removeSet = new Set(normalizedInput);%0A+         const remainingTags = b.tags.filter(tag => !removeSet.has(tag.trim().toLowerCase()));%0A+         return { ...b, ...updates, tags: remainingTags };%0A+       }%0A+%0A+       const mergedTags = Array.from(new Set(%0A+         [...b.tags, ...normalizedInput].map(t => t.trim().toLowerCase()).filter(Boolean)%0A+       ));%0A+       return { ...b, ...updates, tags: mergedTags };%0A+     }));%0A+     clearSelection();%0A+   }, [selectedIds]);%0A+%0A+%0A+   const tagColors = useTagColors();%0A+%0A+ const handleTagClick = useCallback((tag: string, e: React.MouseEvent) => {%0A+   toggleTagFilter(tag, e.altKey ? "exclude" : "include");%0A+ }, [toggleTagFilter]);%0A+%0A+   const tagFrequency = useMemo(() => selectTagFrequency(beats), [beats]);%0A+   const allTags = useMemo(() => selectAllTags(beats, tagFrequency), [beats, tagFrequency]);%0A+   const tagSuggestions = useMemo(() => selectTagSuggestions(beats), [beats]);%0A+   const displayedBeats = filteredBeats.filter(beat => revealedBeatIds.has(beat.id));%0A+%0A+   const {%0A+     shuffleEnabled,%0A+     repeatMode,%0A+     showQueue,%0A+     queuedBeats,%0A+     addToQueue,%0A+     handleNext,%0A+     handlePrev,%0A+     closeQueue,%0A+     toggleQueue,%0A+     toggleShuffle,%0A+     cycleRepeat,%0A+     playQueueIndex,%0A+   } = usePlaybackQueue({%0A+     beats,%0A+     displayedBeats,%0A+     playingId: audio.playingId,%0A+     progress: audio.progress,%0A+     endedSeq: audio.endedSeq,%0A+     handlePlay,%0A+     seek,%0A+     releaseFile,%0A+   });%0A+%0A+   useAppShortcuts({%0A+     togglePauseRef,%0A+     clearSelection,%0A+     setDrawer,%0A+     setShowAdd,%0A+     setShowSettings,%0A+     closeQueue,%0A+     setShowUpload,%0A+   });%0A+%0A+%0A+%0A+   const currentBeat = beats.find(b => b.id === audio.playingId);%0A+   const selectedBeats = beats.filter(b => selectedIds.has(b.id));%0A+   const activeDragBeat = activeDragId ? beats.find(b => b.id === activeDragId) ?? null : null;%0A+%0A+   return <AppShell scope={{ Event, HTMLElement, REVIEW_SKELETON_ENABLED, activeDragBeat, addBeatsAndReview, addToQueue, allTags, applyBulkUpdate, audio, audioConflictBatch, backTagRename, backgroundUploadErrors, beatFileDrop, beats, cancelAudioConflicts, cancelReview, cancelTagRename, clearSelection, clearTagFilters, closeCloudFiles, closeImportDecisions, cloudDownloadNotice, cloudFiles, cloudFilesBeat, cloudFilesBusyId, cloudFilesDownloadError, cloudFilesDownloadedIds, cloudSessionVerified, commitDrawerCloudMutation, confirmTagRename, connectionState, continueTagRename, currentBeat, cycleRepeat, deferredLibraryReloadRef, deleteBeat, dismissDownloadError, dismissInterruptedUploadNotices, dismissProjectUpdateNotice, displayedBeats, drawer, dropActive, dropImportBatch, dropImporting, excludedTags, filteredBeats, finishSelection, handleBeatRestored, handleCloudFiles, handleCustomCursorChanged, handleDisconnectTelegramAccount, handleDownloadTelegram, handleDragCancel, handleDragEnd, handleDragStart, handleDroppedBeatFileRole, handleEditBulk, handleFolderChanged, handleGetCloudFile, handleIncompleteWarningsChanged, handleNext, handleOpenProject, handlePlay, handlePrev, handleRemoveBulk, handleReviewedBeatSaved, handleReviewedSaveAll, handleTagClick, handleToggleOffline, handleUpdateProject, handleUpload, handleUploadBulk, handleUploadProjectTelegram, handleUploadTelegram, handleWarm, importResolvedDecisions, includedTags, interruptedUploadNotices, libraryDropStaging, libraryRefreshing, loading, offlineBusyIds, openTagRename, openableCloudProjectIds, playQueueIndex, projectUpdateNotice, queuedBeats, rejectOfflineMutation, releaseFile, reloadLibrary, repeatMode, resolveAudioConflicts, retryBackgroundUpload, revealedBeatIds, reviewBootstrap, reviewQueue, search, seek, selectMode, selectedBeats, selectedIds, sensors, setBeatFileDrop, setDrawer, setSearch, setShowAdd, setShowSettings, setShowUpload, setSortBy, setTagColorMenu, setTagRenameNewTag, setVolume, settings, showAdd, showQueue, showSettings, showUpload, shuffleEnabled, skipCurrentReviewBeat, sortBy, startupCookingGate, tagColorMenu, tagColors, tagFrequency, tagRename, tagRenameAffectedCount, tagRenameBusy, tagRenameError, tagRenameMp3Count, tagRenameWavCount, tagSuggestions, togglePause, toggleQueue, toggleSelectAll, toggleSelection, toggleShuffle, updateBeat }} />;%0A+ }%0A+%0A+%0A+ export default function App() {%0A+   return platform.kind === "web"%0A+     ? <BeatGalerApp />%0A+     : <AccountGate><BeatGalerApp /></AccountGate>;%0A+ }%0A+%0A%0A ❯ tests/component-dom/startupRevealArchitecture.test.ts:39:17%0A%0A
