
> beat-galer@0.9.0-alpha.2 test:integration
> vitest run tests/integration --environment jsdom


[1m[46m RUN [49m[22m [36mv3.2.7 [39m[90m/home/runner/work/BeatGaler/BeatGaler[39m

 [32m✓[39m tests/integration/issue97PlaybackOptimization.test.ts [2m([22m[2m17 tests[22m[2m)[22m[32m 20[2mms[22m[39m
[90mstdout[2m | tests/integration/coreIntegration.test.tsx[2m > [22m[2mLibraryStateManager ↔ platform integration[2m > [22m[2mreloads the authority before reading the restored local library
[22m[39m[library-tx] BEGIN kind=reload seq=1

[90mstdout[2m | tests/integration/coreIntegration.test.tsx[2m > [22m[2mLibraryStateManager ↔ platform integration[2m > [22m[2mreloads the authority before reading the restored local library
[22m[39m[library-tx] END kind=reload seq=1 ms=5

[90mstdout[2m | tests/integration/coreIntegration.test.tsx[2m > [22m[2mLibraryStateManager ↔ platform integration[2m > [22m[2mcoalesces concurrent authoritative reloads instead of queueing the same startup read twice
[22m[39m[library-tx] BEGIN kind=reload seq=1

[90mstdout[2m | tests/integration/coreIntegration.test.tsx[2m > [22m[2mLibraryStateManager ↔ platform integration[2m > [22m[2mcoalesces concurrent authoritative reloads instead of queueing the same startup read twice
[22m[39m[library-tx] END kind=reload seq=1 ms=2

[90mstdout[2m | tests/integration/coreIntegration.test.tsx[2m > [22m[2mLibraryStateManager ↔ platform integration[2m > [22m[2mcoalesces concurrent authoritative reloads instead of queueing the same startup read twice
[22m[39m[library-tx] BEGIN kind=reload seq=2

[90mstdout[2m | tests/integration/coreIntegration.test.tsx[2m > [22m[2mLibraryStateManager ↔ platform integration[2m > [22m[2mcoalesces concurrent authoritative reloads instead of queueing the same startup read twice
[22m[39m[library-tx] END kind=reload seq=2 ms=0

[90mstdout[2m | tests/integration/coreIntegration.test.tsx[2m > [22m[2mLibraryStateManager ↔ platform integration[2m > [22m[2mserializes competing commits so the second INDEX transaction cannot overtake the first
[22m[39m[library-tx] BEGIN kind=commit seq=1
[library-tx] COMMIT reason=first beats=1

[90mstdout[2m | tests/integration/coreIntegration.test.tsx[2m > [22m[2mLibraryStateManager ↔ platform integration[2m > [22m[2mserializes competing commits so the second INDEX transaction cannot overtake the first
[22m[39m[library-tx] END kind=commit seq=1 ms=2

[90mstdout[2m | tests/integration/coreIntegration.test.tsx[2m > [22m[2mLibraryStateManager ↔ platform integration[2m > [22m[2mserializes competing commits so the second INDEX transaction cannot overtake the first
[22m[39m[library-tx] BEGIN kind=commit seq=2
[library-tx] COMMIT reason=second beats=1

[90mstdout[2m | tests/integration/coreIntegration.test.tsx[2m > [22m[2mLibraryStateManager ↔ platform integration[2m > [22m[2mserializes competing commits so the second INDEX transaction cannot overtake the first
[22m[39m[library-tx] END kind=commit seq=2 ms=0

[90mstdout[2m | tests/integration/coreIntegration.test.tsx[2m > [22m[2mLibraryStateManager ↔ platform integration[2m > [22m[2mfreezes the commit candidate before waiting, including nested tag arrays
[22m[39m[library-tx] BEGIN kind=commit seq=1
[library-tx] COMMIT reason=freeze-test beats=1

[90mstdout[2m | tests/integration/coreIntegration.test.tsx[2m > [22m[2mLibraryStateManager ↔ platform integration[2m > [22m[2mfreezes the commit candidate before waiting, including nested tag arrays
[22m[39m[library-tx] END kind=commit seq=1 ms=1

[90mstdout[2m | tests/integration/coreIntegration.test.tsx[2m > [22m[2mLibraryStateManager ↔ platform integration[2m > [22m[2mreleases the transaction queue after a failed commit so later work can continue
[22m[39m[library-tx] BEGIN kind=commit seq=1
[library-tx] COMMIT reason=bad beats=1

[90mstdout[2m | tests/integration/coreIntegration.test.tsx[2m > [22m[2mLibraryStateManager ↔ platform integration[2m > [22m[2mreleases the transaction queue after a failed commit so later work can continue
[22m[39m[library-tx] END kind=commit seq=1 ms=1

[90mstdout[2m | tests/integration/coreIntegration.test.tsx[2m > [22m[2mLibraryStateManager ↔ platform integration[2m > [22m[2mreleases the transaction queue after a failed commit so later work can continue
[22m[39m[library-tx] BEGIN kind=commit seq=2
[library-tx] COMMIT reason=good beats=1

[90mstdout[2m | tests/integration/coreIntegration.test.tsx[2m > [22m[2mLibraryStateManager ↔ platform integration[2m > [22m[2mreleases the transaction queue after a failed commit so later work can continue
[22m[39m[library-tx] END kind=commit seq=2 ms=1

 [31m❯[39m tests/integration/issue97RuntimeWebFollowup.test.ts [2m([22m[2m7 tests[22m[2m | [22m[31m1 failed[39m[2m)[22m[32m 36[2mms[22m[39m
   [32m✓[39m Issue #97 production runtime follow-up[2m > [22mreplaces a stale installation topic id with the vault-resolved topic after artwork upload[32m 14[2mms[22m[39m
[31m   [31m×[31m Issue #97 production runtime follow-up[2m > [22mkeeps visible cloud cards playable while authority is still checking[39m[32m 13[2mms[22m[39m
[31m     → expected 'import React, { useState, useCallback…' to contain 'playbackInteractive={connectionState …'[39m
   [32m✓[39m Issue #97 production runtime follow-up[2m > [22mreveals a remembered local cache before auth restore and singleflights the duplicated gate restore[32m 1[2mms[22m[39m
   [32m✓[39m Issue #97 production runtime follow-up[2m > [22mreturns the first MSE URL before Direct stream admission and dispatches remembered Direct before React mount[32m 3[2mms[22m[39m
   [32m✓[39m Issue #97 production runtime follow-up[2m > [22mresolves an existing beat topic by vault rather than installation[32m 1[2mms[22m[39m
   [32m✓[39m Issue #97 production runtime follow-up[2m > [22mroutes browser drops through browser File owners, not Desktop path staging[32m 1[2mms[22m[39m
   [32m✓[39m Issue #97 production runtime follow-up[2m > [22mdoes not let Web card warming queue native cooking ahead of Play[32m 0[2mms[22m[39m
[90mstdout[2m | tests/integration/coreIntegration.test.tsx[2m > [22m[2mLibraryStateManager ↔ platform integration[2m > [22m[2mreturns defensive verified snapshots instead of exposing the stored authority candidate
[22m[39m[library-tx] BEGIN kind=commit seq=1
[library-tx] COMMIT reason=verified-copy beats=1

[90mstdout[2m | tests/integration/coreIntegration.test.tsx[2m > [22m[2mLibraryStateManager ↔ platform integration[2m > [22m[2mreturns defensive verified snapshots instead of exposing the stored authority candidate
[22m[39m[library-tx] END kind=commit seq=1 ms=0

[90mstdout[2m | tests/integration/coreIntegration.test.tsx[2m > [22m[2museAudio ↔ platform integration[2m > [22m[2marms the shared audio element synchronously for delayed Safari cloud playback
[22m[39m[play-trace] {"beat_id":null,"context_id":"8ujduyuf","t_ms":1428,"time_origin_ms":1788963932742.876,"ts_ms":1788963934170.9,"stage":"AUDIO_EVENT_PLAY"}

[90mstdout[2m | tests/integration/coreIntegration.test.tsx[2m > [22m[2museAudio ↔ platform integration[2m > [22m[2mconverts file paths and falls back to the next source after a browser audio error
[22m[39m[play-trace] {"beat_id":"beat-1","paused":true,"context_id":"52vohyqj","t_ms":1442.6,"time_origin_ms":1788963932742.876,"ts_ms":1788963934185.5,"stage":"AUDIO_PLAY_FUNCTION_ENTER"}
[play-trace] {"beat_id":"beat-1","url_scheme":"asset","context_id":"52vohyqj","t_ms":1443,"time_origin_ms":1788963932742.876,"ts_ms":1788963934185.9,"stage":"AUDIO_SRC_SET"}
[play-trace] {"beat_id":"beat-1","context_id":"52vohyqj","t_ms":1443.1,"time_origin_ms":1788963932742.876,"ts_ms":1788963934186,"stage":"AUDIO_PLAY_PROMISE_BEGIN"}
[play-trace] {"beat_id":"beat-1","context_id":"52vohyqj","t_ms":1443.2,"time_origin_ms":1788963932742.876,"ts_ms":1788963934186.1,"stage":"AUDIO_EVENT_PLAY"}

[90mstdout[2m | tests/integration/coreIntegration.test.tsx[2m > [22m[2museAudio ↔ platform integration[2m > [22m[2mconverts file paths and falls back to the next source after a browser audio error
[22m[39m[play-trace] {"beat_id":"beat-1","context_id":"52vohyqj","t_ms":1443.8,"time_origin_ms":1788963932742.876,"ts_ms":1788963934186.7,"stage":"AUDIO_PLAY_PROMISE_RESOLVED"}

[90mstdout[2m | tests/integration/coreIntegration.test.tsx[2m > [22m[2museAudio ↔ platform integration[2m > [22m[2mconverts file paths and falls back to the next source after a browser audio error
[22m[39m[play-trace] {"beat_id":"beat-1","media_error":null,"priming":false,"context_id":"52vohyqj","t_ms":1446,"time_origin_ms":1788963932742.876,"ts_ms":1788963934188.9,"stage":"AUDIO_EVENT_ERROR"}

[90mstdout[2m | tests/integration/coreIntegration.test.tsx[2m > [22m[2museAudio ↔ platform integration[2m > [22m[2mconverts file paths and falls back to the next source after a browser audio error
[22m[39m[play-trace] {"beat_id":"beat-1","context_id":"52vohyqj","t_ms":1446.6,"time_origin_ms":1788963932742.876,"ts_ms":1788963934189.5,"stage":"AUDIO_EVENT_PLAY"}

[90mstdout[2m | tests/integration/coreIntegration.test.tsx[2m > [22m[2museAudio ↔ platform integration[2m > [22m[2mtoggles pause when Play is requested again for the currently selected beat
[22m[39m[play-trace] {"beat_id":"beat-1","paused":true,"context_id":"pqtxqq9j","t_ms":1460.7,"time_origin_ms":1788963932742.876,"ts_ms":1788963934203.6,"stage":"AUDIO_PLAY_FUNCTION_ENTER"}
[play-trace] {"beat_id":"beat-1","url_scheme":"asset","context_id":"pqtxqq9j","t_ms":1461,"time_origin_ms":1788963932742.876,"ts_ms":1788963934203.9,"stage":"AUDIO_SRC_SET"}
[play-trace] {"beat_id":"beat-1","context_id":"pqtxqq9j","t_ms":1461.2,"time_origin_ms":1788963932742.876,"ts_ms":1788963934204,"stage":"AUDIO_PLAY_PROMISE_BEGIN"}
[play-trace] {"beat_id":"beat-1","context_id":"pqtxqq9j","t_ms":1461.3,"time_origin_ms":1788963932742.876,"ts_ms":1788963934204.1,"stage":"AUDIO_EVENT_PLAY"}

[90mstdout[2m | tests/integration/coreIntegration.test.tsx[2m > [22m[2museAudio ↔ platform integration[2m > [22m[2mtoggles pause when Play is requested again for the currently selected beat
[22m[39m[play-trace] {"beat_id":"beat-1","context_id":"pqtxqq9j","t_ms":1461.5,"time_origin_ms":1788963932742.876,"ts_ms":1788963934204.4,"stage":"AUDIO_PLAY_PROMISE_RESOLVED"}

[90mstdout[2m | tests/integration/coreIntegration.test.tsx[2m > [22m[2museAudio ↔ platform integration[2m > [22m[2mtoggles pause when Play is requested again for the currently selected beat
[22m[39m[play-trace] {"beat_id":"beat-1","paused":false,"context_id":"pqtxqq9j","t_ms":1463,"time_origin_ms":1788963932742.876,"ts_ms":1788963934205.9,"stage":"AUDIO_PLAY_FUNCTION_ENTER"}

[90mstdout[2m | tests/integration/coreIntegration.test.tsx[2m > [22m[2museAudio ↔ platform integration[2m > [22m[2mreleases the browser file handle and resets playback state before Windows rename flows
[22m[39m[play-trace] {"beat_id":"beat-1","paused":true,"context_id":"8sdovm0q","t_ms":1484.7,"time_origin_ms":1788963932742.876,"ts_ms":1788963934227.6,"stage":"AUDIO_PLAY_FUNCTION_ENTER"}
[play-trace] {"beat_id":"beat-1","url_scheme":"asset","context_id":"8sdovm0q","t_ms":1485,"time_origin_ms":1788963932742.876,"ts_ms":1788963934227.8,"stage":"AUDIO_SRC_SET"}
[play-trace] {"beat_id":"beat-1","context_id":"8sdovm0q","t_ms":1485,"time_origin_ms":1788963932742.876,"ts_ms":1788963934227.9,"stage":"AUDIO_PLAY_PROMISE_BEGIN"}
[play-trace] {"beat_id":"beat-1","context_id":"8sdovm0q","t_ms":1485.1,"time_origin_ms":1788963932742.876,"ts_ms":1788963934228,"stage":"AUDIO_EVENT_PLAY"}

[90mstdout[2m | tests/integration/coreIntegration.test.tsx[2m > [22m[2museAudio ↔ platform integration[2m > [22m[2mreleases the browser file handle and resets playback state before Windows rename flows
[22m[39m[play-trace] {"beat_id":"beat-1","context_id":"8sdovm0q","t_ms":1492.2,"time_origin_ms":1788963932742.876,"ts_ms":1788963934235.1,"stage":"AUDIO_PLAY_PROMISE_RESOLVED"}

 [32m✓[39m tests/integration/coreIntegration.test.tsx [2m([22m[2m10 tests[22m[2m)[22m[32m 292[2mms[22m[39m
 [31m❯[39m tests/integration/appMigrationCharacterization.test.ts [2m([22m[2m6 tests[22m[2m | [22m[31m1 failed[39m[2m)[22m[32m 26[2mms[22m[39m
   [32m✓[39m App migration characterization contracts[2m > [22mrecords the precise future owners for every delicate flow covered by task 1.3[32m 4[2mms[22m[39m
   [32m✓[39m App migration characterization contracts[2m > [22mkeeps browser commit routing separate and preserves the Desktop per-beat durability boundary[32m 1[2mms[22m[39m
[31m   [31m×[31m App migration characterization contracts[2m > [22mkeeps Review candidates outside the library until Save and preserves Skip versus Cancel[39m[32m 15[2mms[22m[39m
[31m     → expected 'import React, { useState, useCallback…' to contain '<ImportReviewHost'[39m
   [32m✓[39m App migration characterization contracts[2m > [22mdefers manual Reload while uploads are active and consumes the deferred event after the queue drains[32m 1[2mms[22m[39m
   [32m✓[39m App migration characterization contracts[2m > [22mkeeps playback cache invalidation, real audio events and Web/Desktop preparation paths distinct[32m 1[2mms[22m[39m
   [32m✓[39m App migration characterization contracts[2m > [22mfails closed during interrupted-upload recovery until cloud authority is known[32m 2[2mms[22m[39m
 [32m✓[39m tests/integration/appDesktopBeatUploadPipelineExtraction.test.ts [2m([22m[2m4 tests[22m[2m)[22m[32m 9[2mms[22m[39m
 [32m✓[39m tests/integration/appHelperExtraction.test.ts [2m([22m[2m5 tests[22m[2m)[22m[32m 20[2mms[22m[39m
[90mstdout[2m | tests/integration/issue97Resilience.test.ts[2m > [22m[2mIssue #97 reload/temp-auth resilience[2m > [22m[2mkeeps the last verified snapshot reproducible but does not report a failed reload as authoritative
[22m[39m[library-tx] BEGIN kind=reload seq=1

[90mstdout[2m | tests/integration/issue97Resilience.test.ts[2m > [22m[2mIssue #97 reload/temp-auth resilience[2m > [22m[2mkeeps the last verified snapshot reproducible but does not report a failed reload as authoritative
[22m[39m[library-tx] END kind=reload seq=1 ms=2

[90mstdout[2m | tests/integration/issue97Resilience.test.ts[2m > [22m[2mIssue #97 reload/temp-auth resilience[2m > [22m[2mkeeps the last verified snapshot reproducible but does not report a failed reload as authoritative
[22m[39m[library-tx] BEGIN kind=reload seq=2

[90mstdout[2m | tests/integration/issue97Resilience.test.ts[2m > [22m[2mIssue #97 reload/temp-auth resilience[2m > [22m[2mkeeps the last verified snapshot reproducible but does not report a failed reload as authoritative
[22m[39m[library-tx] END kind=reload seq=2 ms=1

[90mstdout[2m | tests/integration/issue97Resilience.test.ts[2m > [22m[2mIssue #97 reload/temp-auth resilience[2m > [22m[2mretries invalid nonce with a fresh temp-auth object while preserving the lease identity
[22m[39m[play-trace] {"span_id":1,"context_id":"66tuk06o","t_ms":1103.9,"time_origin_ms":1788963935016.332,"ts_ms":1788963936120.2,"stage":"SESSION_START_BOOTSTRAP_BEGIN"}

[90mstdout[2m | tests/integration/issue97Resilience.test.ts[2m > [22m[2mIssue #97 reload/temp-auth resilience[2m > [22m[2mretries invalid nonce with a fresh temp-auth object while preserving the lease identity
[22m[39m[play-trace] {"request_kind":"SESSION_START_BOOTSTRAP","server_trace_available":false,"context_id":"66tuk06o","t_ms":1113,"time_origin_ms":1788963935016.332,"ts_ms":1788963936129.4,"stage":"SERVER_SESSION_TRACE"}

[90mstdout[2m | tests/integration/issue97Resilience.test.ts[2m > [22m[2mIssue #97 reload/temp-auth resilience[2m > [22m[2mretries invalid nonce with a fresh temp-auth object while preserving the lease identity
[22m[39m[play-trace] {"span_id":1,"elapsed_ms":9.5,"context_id":"66tuk06o","t_ms":1113.3,"time_origin_ms":1788963935016.332,"ts_ms":1788963936129.7,"stage":"SESSION_START_BOOTSTRAP_DONE"}

[90mstdout[2m | tests/integration/issue97Resilience.test.ts[2m > [22m[2mIssue #97 reload/temp-auth resilience[2m > [22m[2mretries invalid nonce with a fresh temp-auth object while preserving the lease identity
[22m[39m[play-trace] {"attempt":1,"span_id":2,"context_id":"66tuk06o","t_ms":1113.9,"time_origin_ms":1788963935016.332,"ts_ms":1788963936130.2,"stage":"TEMP_AUTH_PREPARE_BEGIN"}

[90mstdout[2m | tests/integration/issue97Resilience.test.ts[2m > [22m[2mIssue #97 reload/temp-auth resilience[2m > [22m[2mretries invalid nonce with a fresh temp-auth object while preserving the lease identity
[22m[39m[play-trace] {"attempt":1,"span_id":2,"elapsed_ms":0.6,"context_id":"66tuk06o","t_ms":1114.4,"time_origin_ms":1788963935016.332,"ts_ms":1788963936130.8,"stage":"TEMP_AUTH_PREPARE_ERROR"}

[90mstderr[2m | tests/integration/issue97Resilience.test.ts[2m > [22m[2mIssue #97 reload/temp-auth resilience[2m > [22m[2mretries invalid nonce with a fresh temp-auth object while preserving the lease identity
[22m[39m[web/temp-auth] transient handshake failure; retrying with fresh temp auth attempt=2

[90mstdout[2m | tests/integration/issue97Resilience.test.ts[2m > [22m[2mIssue #97 reload/temp-auth resilience[2m > [22m[2mretries invalid nonce with a fresh temp-auth object while preserving the lease identity
[22m[39m[play-trace] {"attempt":2,"span_id":3,"context_id":"66tuk06o","t_ms":1115.5,"time_origin_ms":1788963935016.332,"ts_ms":1788963936131.8,"stage":"TEMP_AUTH_PREPARE_BEGIN"}

[90mstdout[2m | tests/integration/issue97Resilience.test.ts[2m > [22m[2mIssue #97 reload/temp-auth resilience[2m > [22m[2mretries invalid nonce with a fresh temp-auth object while preserving the lease identity
[22m[39m[play-trace] {"attempt":2,"span_id":3,"elapsed_ms":0.7,"context_id":"66tuk06o","t_ms":1116.2,"time_origin_ms":1788963935016.332,"ts_ms":1788963936132.5,"stage":"TEMP_AUTH_PREPARE_DONE"}

[90mstdout[2m | tests/integration/issue97Resilience.test.ts[2m > [22m[2mIssue #97 reload/temp-auth resilience[2m > [22m[2mretries invalid nonce with a fresh temp-auth object while preserving the lease identity
[22m[39m[play-trace] {"span_id":4,"context_id":"66tuk06o","t_ms":1116.5,"time_origin_ms":1788963935016.332,"ts_ms":1788963936132.8,"stage":"SESSION_START_BIND_BEGIN"}

[90mstdout[2m | tests/integration/issue97Resilience.test.ts[2m > [22m[2mIssue #97 reload/temp-auth resilience[2m > [22m[2mretries invalid nonce with a fresh temp-auth object while preserving the lease identity
[22m[39m[play-trace] {"request_kind":"SESSION_START_BIND","server_trace_available":false,"context_id":"66tuk06o","t_ms":1119.3,"time_origin_ms":1788963935016.332,"ts_ms":1788963936135.6,"stage":"SERVER_SESSION_TRACE"}

[90mstdout[2m | tests/integration/issue97Resilience.test.ts[2m > [22m[2mIssue #97 reload/temp-auth resilience[2m > [22m[2mretries invalid nonce with a fresh temp-auth object while preserving the lease identity
[22m[39m[play-trace] {"span_id":4,"elapsed_ms":2.9,"context_id":"66tuk06o","t_ms":1119.4,"time_origin_ms":1788963935016.332,"ts_ms":1788963936135.8,"stage":"SESSION_START_BIND_DONE"}

[90mstdout[2m | tests/integration/issue97Resilience.test.ts[2m > [22m[2mIssue #97 reload/temp-auth resilience[2m > [22m[2mretries invalid nonce with a fresh temp-auth object while preserving the lease identity
[22m[39m[play-trace] {"attempt":2,"span_id":5,"context_id":"66tuk06o","t_ms":1119.6,"time_origin_ms":1788963935016.332,"ts_ms":1788963936135.9,"stage":"TEMP_AUTH_BIND_BEGIN"}

[90mstdout[2m | tests/integration/issue97Resilience.test.ts[2m > [22m[2mIssue #97 reload/temp-auth resilience[2m > [22m[2mretries invalid nonce with a fresh temp-auth object while preserving the lease identity
[22m[39m[play-trace] {"attempt":2,"span_id":5,"elapsed_ms":0.8,"context_id":"66tuk06o","t_ms":1120.4,"time_origin_ms":1788963935016.332,"ts_ms":1788963936136.7,"stage":"TEMP_AUTH_BIND_DONE"}

[90mstdout[2m | tests/integration/issue97Resilience.test.ts[2m > [22m[2mIssue #97 reload/temp-auth resilience[2m > [22m[2mretries invalid nonce with a fresh temp-auth object while preserving the lease identity
[22m[39m[play-trace] {"attempt":2,"span_id":6,"context_id":"66tuk06o","t_ms":1120.7,"time_origin_ms":1788963935016.332,"ts_ms":1788963936137,"stage":"TEMP_AUTH_DESTROY_BEGIN"}

[90mstdout[2m | tests/integration/issue97Resilience.test.ts[2m > [22m[2mIssue #97 reload/temp-auth resilience[2m > [22m[2mretries invalid nonce with a fresh temp-auth object while preserving the lease identity
[22m[39m[play-trace] {"attempt":2,"span_id":6,"elapsed_ms":0.5,"context_id":"66tuk06o","t_ms":1121.2,"time_origin_ms":1788963935016.332,"ts_ms":1788963936137.5,"stage":"TEMP_AUTH_DESTROY_DONE"}

 [32m✓[39m tests/integration/issue97Resilience.test.ts [2m([22m[2m3 tests[22m[2m)[22m[32m 88[2mms[22m[39m
[90mstdout[2m | tests/integration/appUploadRecoveryExtraction.test.ts[2m > [22m[2mtask 6.2 upload recovery extraction[2m > [22m[2mpreserves a beat already confirmed by the authoritative INDEX and only rolls back the incomplete beat
[22m[39m[upload-recovery] marker cleared for durable beat durable

[90mstderr[2m | tests/integration/appUploadRecoveryExtraction.test.ts[2m > [22m[2mtask 6.2 upload recovery extraction[2m > [22m[2mkeeps the recovery marker when remote rollback fails
[22m[39mCould not roll back interrupted upload Interrupted Beat: Error: temporary failure
    at rollbackInterruptedCloudUploads [90m(/home/runner/work/BeatGaler/BeatGaler/[39msrc/features/cloud/interruptedUploadJournal.ts:96:15[90m)[39m
[90m    at processTicksAndRejections (node:internal/process/task_queues:103:5)[39m
    at [90m/home/runner/work/BeatGaler/BeatGaler/[39mtests/integration/appUploadRecoveryExtraction.test.ts:79:24
    at [90mfile:///home/runner/work/BeatGaler/BeatGaler/[39mnode_modules/[4m@vitest/runner[24m/dist/chunk-hooks.js:752:20

 [32m✓[39m tests/integration/appUploadRecoveryExtraction.test.ts [2m([22m[2m4 tests[22m[2m)[22m[32m 23[2mms[22m[39m
 [32m✓[39m tests/integration/appConnectivityCloudEventsExtraction.test.ts [2m([22m[2m3 tests[22m[2m)[22m[32m 9[2mms[22m[39m
 [32m✓[39m tests/integration/appNativeDropTargetsExtraction.test.ts [2m([22m[2m5 tests[22m[2m)[22m[32m 28[2mms[22m[39m
 [32m✓[39m tests/integration/appImportDiscoveryExtraction.test.ts [2m([22m[2m3 tests[22m[2m)[22m[32m 7[2mms[22m[39m
 [32m✓[39m tests/integration/issue97StartupRoutingRuntime.test.ts [2m([22m[2m6 tests[22m[2m)[22m[32m 12[2mms[22m[39m
 [31m❯[39m tests/integration/appImportSaveAllExtraction.test.ts [2m([22m[2m3 tests[22m[2m | [22m[31m1 failed[39m[2m)[22m[32m 20[2mms[22m[39m
   [32m✓[39m task 7.3 Save All/conflict extraction[2m > [22mkeeps Save All/conflict ownership out of App and exposes only a semantic browser reset bridge[32m 3[2mms[22m[39m
   [32m✓[39m task 7.3 Save All/conflict extraction[2m > [22mcloses Review before waiting for the shared background worker and sends duplicate/errors back to Review[32m 1[2mms[22m[39m
[31m   [31m×[31m task 7.3 Save All/conflict extraction[2m > [22msurfaces native conflicts only after normal Review and keeps staging protected across resolution[39m[32m 14[2mms[22m[39m
[31m     → expected 'import React, { useState, useCallback…' to contain '<ImportResolutionHost'[39m
 [31m❯[39m tests/integration/appCloudUploadQueueExtraction.test.ts [2m([22m[2m6 tests[22m[2m | [22m[31m1 failed[39m[2m)[22m[32m 25[2mms[22m[39m
   [32m✓[39m task 6.4 cloud upload queue extraction[2m > [22mmoves queue ownership out of App while preserving the small Review/staging read bridge[32m 4[2mms[22m[39m
   [32m✓[39m task 6.4 cloud upload queue extraction[2m > [22mkeeps Desktop uploads sequential and routes each item through the 6.3 pipeline[32m 1[2mms[22m[39m
   [32m✓[39m task 6.4 cloud upload queue extraction[2m > [22mkeeps the existing Web commit path separate from the Desktop worker[32m 0[2mms[22m[39m
   [32m✓[39m task 6.4 cloud upload queue extraction[2m > [22mruns a deferred Reload only after every queued or active upload has drained[32m 1[2mms[22m[39m
   [32m✓[39m task 6.4 cloud upload queue extraction[2m > [22mpreserves staging until the queue is empty and Review/import no longer protects it[32m 0[2mms[22m[39m
[31m   [31m×[31m task 6.4 cloud upload queue extraction[2m > [22mkeeps failed-upload retry connected to the checkpoint-aware queue[39m[32m 16[2mms[22m[39m
[31m     → expected 'import React, { useState, useCallback…' to contain 'onRetryUpload={retryBackgroundUpload}'[39m
 [31m❯[39m tests/integration/appLibraryReloadExtraction.test.ts [2m([22m[2m4 tests[22m[2m | [22m[31m1 failed[39m[2m)[22m[32m 21[2mms[22m[39m
   [32m✓[39m task 9.2 library Reload extraction[2m > [22mmoves manual Reload, retries and deferred-event reception out of App[32m 2[2mms[22m[39m
   [32m✓[39m task 9.2 library Reload extraction[2m > [22mkeeps upload deferral before cache clearing and authoritative reload[32m 1[2mms[22m[39m
   [32m✓[39m task 9.2 library Reload extraction[2m > [22mpreserves authority-failure gallery semantics instead of treating unknown as empty[32m 0[2mms[22m[39m
[31m   [31m×[31m task 9.2 library Reload extraction[2m > [22mkeeps the existing refresh feedback and manual button behavior[39m[32m 15[2mms[22m[39m
[31m     → expected 'import React, { useState, useCallback…' to contain 'disabled={loading || libraryRefreshin…'[39m
 [31m❯[39m tests/integration/appSessionExtraction.test.ts [2m([22m[2m3 tests[22m[2m | [22m[31m1 failed[39m[2m)[22m[32m 19[2mms[22m[39m
   [32m✓[39m task 9.1 session/settings extraction[2m > [22mmoves session state ownership out of App without collapsing connectivity into verification[32m 2[2mms[22m[39m
[31m   [31m×[31m task 9.1 session/settings extraction[2m > [22mmoves preferences, cursor and disconnect cleanup to session owners[39m[32m 13[2mms[22m[39m
[31m     → expected 'import React, { useState, useCallback…' to contain 'onIncompleteWarningsChanged={handleIn…'[39m
   [32m✓[39m task 9.1 session/settings extraction[2m > [22mkeeps startup separate while reconnect and SSE move to their task 9.4 owners[32m 1[2mms[22m[39m
 [31m❯[39m tests/integration/appBeatDownloadsExtraction.test.ts [2m([22m[2m4 tests[22m[2m | [22m[31m1 failed[39m[2m)[22m[32m 18[2mms[22m[39m
   [32m✓[39m App beat download extraction[2m > [22mmoves export state, destination selection, task start and result listener out of App[32m 2[2mms[22m[39m
   [32m✓[39m App beat download extraction[2m > [22mdoes not start a native export or claim runtime ownership when destination selection is cancelled[32m 1[2mms[22m[39m
[31m   [31m×[31m App beat download extraction[2m > [22mkeeps background task ownership alive outside the modal and settles only tracked task IDs[39m[32m 12[2mms[22m[39m
[31m     → expected 'import React, { useState, useCallback…' to contain 'onClose={closeCloudFiles}'[39m
   [32m✓[39m App beat download extraction[2m > [22mroutes Web exports through the existing web downloads manager and treats picker cancellation as a no-op[32m 1[2mms[22m[39m
 [32m✓[39m tests/integration/appNativeLibraryDropExtraction.test.ts [2m([22m[2m4 tests[22m[2m)[22m[32m 7[2mms[22m[39m
 [32m✓[39m tests/integration/appHtmlLibraryDropExtraction.test.ts [2m([22m[2m5 tests[22m[2m)[22m[32m 7[2mms[22m[39m
 [32m✓[39m tests/integration/appStartupBootstrapExtraction.test.ts [2m([22m[2m3 tests[22m[2m)[22m[32m 6[2mms[22m[39m
 [32m✓[39m tests/integration/appBrowserImportExtraction.test.ts [2m([22m[2m3 tests[22m[2m)[22m[32m 10[2mms[22m[39m
[90mstdout[2m | tests/integration/useAudioDuplicatePlay.test.tsx[2m > [22m[2museAudio duplicate Play protection[2m > [22m[2mdoes not reload the same MediaSource when Play is clicked again before current data exists
[22m[39m[play-trace] {"beat_id":"beat-1","ready_state":0,"paused":true,"context_id":"bqeokwmf","t_ms":1131.2,"time_origin_ms":1788963940307.352,"ts_ms":1788963941438.5,"stage":"AUDIO_PLAY_FUNCTION_ENTER"}
[play-trace] {"beat_id":"beat-1","ready_state":0,"url_scheme":"blob","context_id":"bqeokwmf","t_ms":1133.5,"time_origin_ms":1788963940307.352,"ts_ms":1788963941440.8,"stage":"AUDIO_SRC_SET"}
[play-trace] {"beat_id":"beat-1","context_id":"bqeokwmf","t_ms":1133.7,"time_origin_ms":1788963940307.352,"ts_ms":1788963941441,"stage":"AUDIO_PLAY_PROMISE_BEGIN"}
[play-trace] {"beat_id":"beat-1","ready_state":0,"context_id":"bqeokwmf","t_ms":1133.9,"time_origin_ms":1788963940307.352,"ts_ms":1788963941441.3,"stage":"AUDIO_EVENT_PLAY"}
[play-trace] {"beat_id":"beat-1","ready_state":0,"paused":false,"context_id":"bqeokwmf","t_ms":1134.5,"time_origin_ms":1788963940307.352,"ts_ms":1788963941441.9,"stage":"AUDIO_PLAY_FUNCTION_ENTER"}
[play-trace] {"beat_id":"beat-1","context_id":"bqeokwmf","t_ms":1134.7,"time_origin_ms":1788963940307.352,"ts_ms":1788963941442.1,"stage":"AUDIO_PLAY_PROMISE_RESOLVED"}

 [32m✓[39m tests/integration/useAudioDuplicatePlay.test.tsx [2m([22m[2m1 test[22m[2m)[22m[32m 50[2mms[22m[39m
 [32m✓[39m tests/integration/issue97WebRoutingContract.test.ts [2m([22m[2m3 tests[22m[2m)[22m[32m 5[2mms[22m[39m
 [32m✓[39m tests/integration/cleanMp3Cloud.test.ts [2m([22m[2m3 tests[22m[2m)[22m[32m 48[2mms[22m[39m
 [32m✓[39m tests/integration/appLibraryRevealExtraction.test.ts [2m([22m[2m3 tests[22m[2m)[22m[32m 5[2mms[22m[39m
 [32m✓[39m tests/integration/libraryStateExtraction.test.ts [2m([22m[2m3 tests[22m[2m)[22m[32m 6[2mms[22m[39m
 [32m✓[39m tests/integration/issue97RuntimeTraceContract.test.ts [2m([22m[2m2 tests[22m[2m)[22m[32m 6[2mms[22m[39m
 [32m✓[39m tests/integration/libraryViewSelectors.test.ts [2m([22m[2m3 tests[22m[2m)[22m[32m 15[2mms[22m[39m
 [32m✓[39m tests/integration/issue97IndexPriority.test.ts [2m([22m[2m4 tests[22m[2m)[22m[32m 5[2mms[22m[39m
 [31m❯[39m tests/integration/appTagRenameExtraction.test.ts [2m([22m[2m3 tests[22m[2m | [22m[31m1 failed[39m[2m)[22m[32m 17[2mms[22m[39m
   [32m✓[39m App tag rename extraction[2m > [22mmoves global rename operation and operation state to useTagRename[32m 2[2mms[22m[39m
   [32m✓[39m App tag rename extraction[2m > [22mpreserves beat order, filter replacement, color rename and recovery feedback[32m 1[2mms[22m[39m
[31m   [31m×[31m App tag rename extraction[2m > [22mmoves the dialog while preserving pre-run cancel, back, busy and error feedback[39m[32m 12[2mms[22m[39m
[31m     → expected 'import React, { useState, useCallback…' to contain '<TagRenameDialog'[39m
 [32m✓[39m tests/integration/id3BrowserParser.test.ts [2m([22m[2m1 test[22m[2m)[22m[32m 9[2mms[22m[39m
 [32m✓[39m tests/integration/libraryViewExtraction.test.ts [2m([22m[2m3 tests[22m[2m)[22m[32m 7[2mms[22m[39m
 [32m✓[39m tests/integration/appOfflineAvailabilityExtraction.test.ts [2m([22m[2m3 tests[22m[2m)[22m[32m 6[2mms[22m[39m
 [32m✓[39m tests/integration/appBeatAssetUpdatesExtraction.test.ts [2m([22m[2m4 tests[22m[2m)[22m[32m 5[2mms[22m[39m
 [32m✓[39m tests/integration/appPlaybackExtraction.test.ts [2m([22m[2m1 test[22m[2m)[22m[32m 5[2mms[22m[39m
 [31m❯[39m tests/integration/issue97DrawerWebRoutingContract.test.ts [2m([22m[2m3 tests[22m[2m | [22m[31m1 failed[39m[2m)[22m[32m 15[2mms[22m[39m
   [32m✓[39m Issue #97 Drawer Web routing contracts[2m > [22muses the browser editor when no explicit Desktop cloud commit owner is supplied[32m 2[2mms[22m[39m
[31m   [31m×[31m Issue #97 Drawer Web routing contracts[2m > [22mdoes not give the Web Drawer the Desktop cloud commit owner[39m[32m 10[2mms[22m[39m
[31m     → expected +0 to be 2 // Object.is equality[39m
   [32m✓[39m Issue #97 Drawer Web routing contracts[2m > [22mdoes not probe the Desktop cloud-file bridge when the browser-editing capability owns Drawer[32m 1[2mms[22m[39m
 [32m✓[39m tests/integration/appBeatProjectsExtraction.test.ts [2m([22m[2m3 tests[22m[2m)[22m[32m 4[2mms[22m[39m
 [31m❯[39m tests/integration/selectionReorderExtraction.test.ts [2m([22m[2m2 tests[22m[2m | [22m[31m1 failed[39m[2m)[22m[32m 15[2mms[22m[39m
[31m   [31m×[31m task 3.4 extraction wiring[2m > [22mmoves selection ownership out of App while preserving Shift and reconciliation contracts[39m[32m 12[2mms[22m[39m
[31m     → expected 'import React, { useState, useCallback…' to contain 'toggleSelection(b, e.shiftKey, filter…'[39m
   [32m✓[39m task 3.4 extraction wiring[2m > [22mmoves reorder ownership out of App and preserves rating-group limits[32m 1[2mms[22m[39m
 [32m✓[39m tests/integration/appPlaybackQueueExtraction.test.ts [2m([22m[2m1 test[22m[2m)[22m[32m 4[2mms[22m[39m
 [32m✓[39m tests/integration/appAuxiliaryModalExtraction.test.ts [2m([22m[2m1 test[22m[2m)[22m[32m 3[2mms[22m[39m
 [32m✓[39m tests/integration/artworkHydrationExtraction.test.ts [2m([22m[2m1 test[22m[2m)[22m[32m 4[2mms[22m[39m
TAP version 13
# Subtest: two concurrent callers serialize to one winning index
ok 1 - two concurrent callers serialize to one winning index
  ---
  duration_ms: 8.277256
  type: 'test'
  ...
# Subtest: retry is idempotent and returns the same winner
ok 2 - retry is idempotent and returns the same winner
  ---
  duration_ms: 5.974352
  type: 'test'
  ...
# Subtest: existing index is never overwritten
ok 3 - existing index is never overwritten
  ---
  duration_ms: 0.615733
  type: 'test'
  ...
# Subtest: provider failure does not report success or publish a pointer
ok 4 - provider failure does not report success or publish a pointer
  ---
  duration_ms: 0.889967
  type: 'test'
  ...
# Subtest: durability failure cleans the candidate and does not report success
ok 5 - durability failure cleans the candidate and does not report success
  ---
  duration_ms: 5.715838
  type: 'test'
  ...
1..5
# tests 5
# suites 0
# pass 5
# fail 0
# cancelled 0
# skipped 0
# todo 0
# duration_ms 26.620531
 [32m✓[39m tests/integration/atomic-library-index-ci.test.ts [2m([22m[2m1 test[22m[2m)[22m[32m 72[2mms[22m[39m

[31m⎯⎯⎯⎯⎯⎯[39m[1m[41m Failed Tests 10 [49m[22m[31m⎯⎯⎯⎯⎯⎯⎯[39m

[41m[1m FAIL [22m[49m tests/integration/appBeatDownloadsExtraction.test.ts[2m > [22mApp beat download extraction[2m > [22mkeeps background task ownership alive outside the modal and settles only tracked task IDs
[31m[1mAssertionError[22m: expected 'import React, { useState, useCallback…' to contain 'onClose={closeCloudFiles}'[39m

[32m- Expected[39m
[31m+ Received[39m

[32m- onClose={closeCloudFiles}[39m
[31m+ import React, { useState, useCallback, useEffect, useRef, useMemo } from "react";[39m
[31m+ import type { Beat } from "./types";[39m
[31m+ import BeatCard from "./components/BeatCard";[39m
[31m+ import Drawer from "./components/Drawer";[39m
[31m+ import Player from "./components/Player";[39m
[31m+ import AddBeatModal from "./components/AddBeatModal";[39m
[31m+ import SettingsPanel from "./components/SettingsPanel";[39m
[31m+ import AccountGate, { logoutBeatGalerAccount } from "./components/AccountGate";[39m
[31m+ import UploadModal from "./components/UploadModal";[39m
[31m+ import JobStatusBar from "./components/JobStatusBar";[39m
[31m+ import { PlusIcon, Artwork } from "./components/ui";[39m
[31m+ import { useAudio } from "./hooks/useAudio";[39m
[31m+ import { loadLibrary, readBeatMeta, saveBeatMeta, discardImportReviewBatch, uploadBeatToTelegram, downloadBeatFromTelegram, prepareBeatForPlayback, warmBeatForPlayback, getDownloadCookingStatus, downloadCookingDiagnosticEvent, uploadProjectToTelegram, uploadDroppedFileToTelegram, downloadCloudFileToCache, downloadProjectToCache, revealInExplorer, syncBeatMetadataToTelegram, copyExportFile, copyAudioMetadata, prepareUniqueExportFolder, type CloudFileType, isTauriAvailable } from "./lib/tauri";[39m
[31m+ import { libraryStateManager } from "./lib/libraryStateManager";[39m
[31m+ import { platform } from "./platform";[39m
[31m+ import { DndContext, DragOverlay, closestCenter } from "@dnd-kit/core";[39m
[31m+ import { SortableContext, rectSortingStrategy } from "@dnd-kit/sortable";[39m
[31m+ import { appAlert, appConfirm } from "./lib/dialog";[39m
[31m+ import { sanitizeUserVisibleText } from "./lib/userVisibleError";[39m
[31m+ import { useTagColors, setTagColor } from "./lib/tagColors";[39m
[31m+ import { registerJob, updateJob } from "./lib/jobStore";[39m
[31m+ import { cleanTags } from "./lib/metadataValidation";[39m
[31m+ import { cleanupOrphanedDropStaging, cleanupStagedDropPaths } from "./features/dragdrop/dropStaging";[39m
[31m+ import CloudFilesModal from "./features/downloads/components/CloudFilesModal";[39m
[31m+ import { useBeatDownloads } from "./features/downloads/useBeatDownloads";[39m
[31m+ import BeatFileDropModal, { type DroppedBeatFileRole } from "./features/dragdrop/components/BeatFileDropModal";[39m
[31m+ import SearchBar from "./features/library/components/SearchBar";[39m
[31m+ import SortMenu from "./features/library/components/SortMenu";[39m
[31m+ import TagColorMenu from "./features/tags/components/TagColorMenu";[39m
[31m+ import { useArtworkHydration } from "./features/artwork/useArtworkHydration";[39m
[31m+ import { useCloudUploadQueue } from "./features/cloud/useCloudUploadQueue";[39m
[31m+ import ImportReviewHost, { ImportResolutionHost } from "./features/import/components/ImportReviewHost";[39m
[31m+ import { useImportSession } from "./features/import/useImportSession";[39m
[31m+ import { useImportReview } from "./features/import/useImportReview";[39m
[31m+ import { useImportDiscovery } from "./features/import/useImportDiscovery";[39m
[31m+ import { useImportSaveAll } from "./features/import/useImportSaveAll";[39m
[31m+ import { useBrowserImport } from "./features/import/useBrowserImport";[39m
[31m+ import { extensionFromPath, fileNameFromPath, isBackupFolderPath } from "./features/dragdrop/pathHelpers";[39m
[31m+ import { useHtmlLibraryDrop } from "./features/dragdrop/useHtmlLibraryDrop";[39m
[31m+ import { useNativeLibraryDrop } from "./features/dragdrop/useNativeLibraryDrop";[39m
[31m+ import { cloudBeatFingerprint, drawerMetadataCommitFingerprint, libraryViewFingerprint } from "./features/library/libraryFingerprints";[39m
[31m+ import { clearUploadPreviewCache, preserveLoadedArtwork } from "./features/library/libraryPresentationCache";[39m
[31m+ import { selectFilteredAndSortedBeats } from "./features/library/librarySelectors";[39m
[31m+ import { useLibraryViewState } from "./features/library/useLibraryViewState";[39m
[31m+ import { useLibraryReorder } from "./features/library/useLibraryReorder";[39m
[31m+ import { useBeatSelection } from "./features/selection/useBeatSelection";[39m
[31m+ import { selectAllTags, selectTagFrequency, selectTagSuggestions } from "./features/tags/tagSelectors";[39m
[31m+ import { useTagFilters } from "./features/tags/useTagFilters";[39m
[31m+ import { useTagRename } from "./features/tags/useTagRename";[39m
[31m+ import TagRenameDialog from "./features/tags/components/TagRenameDialog";[39m
[31m+ import { useLibraryPresentationCache, useLibraryState } from "./features/library/useLibraryState";[39m
[31m+ import { useLibraryReload } from "./features/library/useLibraryReload";[39m
[31m+ import { useStartupBootstrap } from "./features/startup/useStartupBootstrap";[39m
[31m+ import { useLibraryReveal } from "./features/startup/useLibraryReveal";[39m
[31m+ import { dismissBeatGalerStartupLoader } from "./features/startup/startupLoader";[39m
[31m+ import { useWebPlaybackSortRouting } from "./features/playback/useWebPlaybackSortRouting";[39m
[31m+ import { usePlaybackController } from "./features/playback/usePlaybackController";[39m
[31m+ import { usePlaybackQueue } from "./features/playback/usePlaybackQueue";[39m
[31m+ import { useDrawerCloudPersistence } from "./features/edit/useDrawerCloudPersistence";[39m
[31m+ import { useBeatAssetUpdates } from "./features/edit/useBeatAssetUpdates";[39m
[31m+ import { useBeatProjects } from "./features/projects/useBeatProjects";[39m
[31m+ import { useOfflineAvailability } from "./features/offline/useOfflineAvailability";[39m
[31m+ import { useTrashActions } from "./features/trash/useTrashActions";[39m
[31m+ import { useWebLibraryReconciled } from "./features/library/useWebLibraryReconciled";[39m
[31m+ import { createBeatRuntimeState } from "./features/state/beatRuntimeState";[39m
[31m+ import { useBeatRuntimeRegistry } from "./features/state/useBeatRuntimeRegistry";[39m
[31m+ import { useSessionState } from "./features/session/useSessionState";[39m
[31m+ import { useSessionActions } from "./features/session/useSessionActions";[39m
[31m+ import { useCustomCursor } from "./features/session/useCustomCursor";[39m
[31m+ import { useConnectivity } from "./features/session/useConnectivity";[39m
[31m+ import { useCloudLibraryEvents } from "./features/cloud/useCloudLibraryEvents";[39m
[31m+ import AppShell from "./app/AppShell";[39m
[31m+ import { useAppShortcuts } from "./app/useAppShortcuts";[39m
[31m+ import { usePublishingActions } from "./features/publishing/usePublishingActions";[39m
[31m+[39m
[31m+ // Intentionally isolated: if real-world timings prove the skeleton unnecessary,[39m
[31m+ // flipping/removing this one constant deletes the visual layer without touching[39m
[31m+ // the staged Review architecture underneath it.[39m
[31m+ const REVIEW_SKELETON_ENABLED = true;[39m
[31m+[39m
[31m+ const beatCloudUpdateBusyIds = new Set<string>();[39m
[31m+[39m
[31m+ function setBeatCloudUpdateBusy(beatId: string, active: boolean, success = false) {[39m
[31m+   if (active) beatCloudUpdateBusyIds.add(beatId);[39m
[31m+   else beatCloudUpdateBusyIds.delete(beatId);[39m
[31m+   window.dispatchEvent(new CustomEvent("beatgaler:beat-cloud-busy", {[39m
[31m+     detail: { beatId, active, success }[39m
[31m+   }));[39m
[31m+ }[39m
[31m+[39m
[31m+ function formatCloudBytes(bytes: number) {[39m
[31m+   if (!bytes) return "0 B";[39m
[31m+   const units = ["B", "KB", "MB", "GB"];[39m
[31m+   let n = bytes; let i = 0;[39m
[31m+   while (n >= 1024 && i < units.length - 1) { n /= 1024; i++; }[39m
[31m+   return `${n.toFixed(i === 0 ? 0 : 1)} ${units[i]}`;[39m
[31m+ }[39m
[31m+[39m
[31m+ function runtimeErrorMessage(error: unknown): string {[39m
[31m+   return error instanceof Error ? error.message : String(error);[39m
[31m+ }[39m
[31m+[39m
[31m+ function isRuntimeConflictError(error: unknown): boolean {[39m
[31m+   const message = runtimeErrorMessage(error).toLowerCase();[39m
[31m+   return message.includes("409") || message.includes("conflict") || message.includes("revision mismatch") || message.includes("version mismatch");[39m
[31m+ }[39m
[31m+[39m
[31m+ function BeatGalerApp() {[39m
[31m+   const {[39m
[31m+     beats,[39m
[31m+     setBeats,[39m
[31m+     beatsLatestRef,[39m
[31m+     startupCachedBeatsRef,[39m
[31m+     initialLoading,[39m
[31m+   } = useLibraryState();[39m
[31m+   const cloudMetaSnapshotRef = useRef<Map<string, string> | null>(null);[39m
[31m+   const cloudLibraryTimerRef = useRef<number | null>(null);[39m
[31m+   const cloudLibrarySnapshotRef = useRef<string | null>(null);[39m
[31m+   const visibleLibraryFingerprintRef = useRef<string>("");[39m
[31m+   const {[39m
[31m+     beatRuntimeStates,[39m
[31m+     beatRuntimeStatesRef,[39m
[31m+     transitionRuntime,[39m
[31m+     forgetRuntimeState,[39m
[31m+     clearReconciledTrashRuntimeStates,[39m
[31m+   } = useBeatRuntimeRegistry(beats, beatsLatestRef);[39m
[31m+   const stagedImportPathsRef = useRef<Map<string, string[]>>(new Map());[39m
[31m+   const [loading, setLoading] = useState(() => initialLoading);[39m
[31m+   const startupCookingResolvedRef = useRef(false);[39m
[31m+   const startupPipelineStartedRef = useRef(false);[39m
[31m+   const startupEnginePrimeReadyRef = useRef(false);[39m
[31m+   const handleArtworkHydratedFromNetwork = useCallback((next: Beat[], beatId: string) => {[39m
[31m+     const hydrated = next.find(item => item.id === beatId);[39m
[31m+     if (hydrated && cloudMetaSnapshotRef.current) {[39m
[31m+       cloudMetaSnapshotRef.current.set(beatId, cloudBeatFingerprint(hydrated));[39m
[31m+     }[39m
[31m+     if (cloudLibrarySnapshotRef.current !== null) {[39m
[31m+       cloudLibrarySnapshotRef.current = next[39m
[31m+         .filter(item => !!item.telegram_file_id)[39m
[31m+         .map(cloudBeatFingerprint)[39m
[31m+         .join("\u001c");[39m
[31m+     }[39m
[31m+   }, []);[39m
[31m+   const { ensureArtworkReady, clearArtworkHydration, invalidateArtworkHydration } = useArtworkHydration({[39m
[31m+     setBeats,[39m
[31m+     onNetworkHydrated: handleArtworkHydratedFromNetwork,[39m
[31m+   });[39m
[31m+   const { search, setSearch, sortBy, setSortBy } = useLibraryViewState();[39m
[31m+   const {[39m
[31m+     includedTags,[39m
[31m+     excludedTags,[39m
[31m+     clearTagFilters,[39m
[31m+     toggleTagFilter,[39m
[31m+     replaceTagFilter,[39m
[31m+   } = useTagFilters();[39m
[31m+   const filteredBeats = selectFilteredAndSortedBeats([39m
[31m+     beats,[39m
[31m+     search,[39m
[31m+     includedTags,[39m
[31m+     excludedTags,[39m
[31m+     sortBy,[39m
[31m+   );[39m
[31m+[39m
[31m+   const [tagColorMenu, setTagColorMenu] = useState<{ tag: string; x: number; y: number } | null>(null);[39m
[31m+   const {[39m
[31m+     tagRename, tagRenameBusy, tagRenameError, affectedCount: tagRenameAffectedCount,[39m
[31m+     affectedMp3Count: tagRenameMp3Count, affectedWavCount: tagRenameWavCount,[39m
[31m+     openTagRename, setNewTag: setTagRenameNewTag, continueTagRename, backTagRename,[39m
[31m+     cancelTagRename, confirmTagRename,[39m
[31m+   } = useTagRename({ beats, setBeats, replaceTagFilter });[39m
[31m+   useWebPlaybackSortRouting(sortBy, beats, platform.kind === "web");[39m
[31m+   const onWebLibraryReconciled = useCallback((incoming: Beat[]) => {[39m
[31m+     setBeats(current => {[39m
[31m+       const next = preserveLoadedArtwork(incoming, current);[39m
[31m+       beatsLatestRef.current = next;[39m
[31m+       return next;[39m
[31m+     });[39m
[31m+   }, []);[39m
[31m+   useWebLibraryReconciled(platform.kind === "web", onWebLibraryReconciled);[39m
[31m+   const [drawer, setDrawer] = useState<{ beat: Beat; mode: "detail" | "edit" } | null>(null);[39m
[31m+   const [showAdd, setShowAdd] = useState(false);[39m
[31m+   const [dropActive, setDropActive] = useState(false);[39m
[31m+   const [dropImporting, setDropImporting] = useState(false);[39m
[31m+   // Covers the WebView2 staging window that happens BEFORE importDroppedPaths[39m
[31m+   // receives native paths. Without this state, the app can look frozen while[39m
[31m+   // large dropped files are being copied into drop-staging.[39m
[31m+   const [libraryDropStaging, setLibraryDropStaging] = useState(false);[39m
[31m+   const [beatFileDrop, setBeatFileDrop] = useState<{ beat: Beat; filePath: string; kind: "file" | "directory" } | null>(null);[39m
[31m+   const {[39m
[31m+     reviewQueue,[39m
[31m+     setReviewQueue,[39m
[31m+     reviewQueueLatestRef,[39m
[31m+     skippedReviewSourceKeysRef,[39m
[31m+     startReview,[39m
[31m+   } = useImportSession();[39m
[31m+   const [showSettings, setShowSettings] = useState(false);[39m
[31m+   const {[39m
[31m+     settings,[39m
[31m+     setSettings,[39m
[31m+     setupDone,[39m
[31m+     setSetupDone,[39m
[31m+     connectionState,[39m
[31m+     setConnectionState,[39m
[31m+     cloudSessionVerified,[39m
[31m+     setCloudSessionVerified,[39m
[31m+   } = useSessionState();[39m
[31m+   const {[39m
[31m+     startupCookingGate,[39m
[31m+     setStartupCookingGate,[39m
[31m+     revealedBeatIds,[39m
[31m+     setRevealedBeatIds,[39m
[31m+     progressiveRevealRunRef,[39m
[31m+   } = useLibraryReveal({[39m
[31m+     initialCachedBeats: startupCachedBeatsRef.current ?? [],[39m
[31m+     filteredBeats,[39m
[31m+     loading,[39m
[31m+     settings,[39m
[31m+     cloudSessionVerified,[39m
[31m+     connectionState,[39m
[31m+     ensureArtworkReady,[39m
[31m+     startupCookingResolvedRef,[39m
[31m+     startupPipelineStartedRef,[39m
[31m+     nativeParallelism: isTauriAvailable ? 6 : 1,[39m
[31m+   });[39m
[31m+   const {[39m
[31m+     cloudFilesBeat,[39m
[31m+     cloudFiles,[39m
[31m+     cloudFilesBusyId,[39m
[31m+     cloudFilesDownloadedIds,[39m
[31m+     cloudFilesDownloadError,[39m
[31m+     cloudDownloadNotice,[39m
[31m+     handleCloudFiles,[39m
[31m+     handleGetCloudFile,[39m
[31m+     closeCloudFiles,[39m
[31m+     dismissDownloadError,[39m
[31m+   } = useBeatDownloads({ connectionState, beatRuntimeStatesRef, transitionRuntime });[39m
[31m+[39m
[31m+   const {[39m
[31m+     selectedIds,[39m
[31m+     selectMode,[39m
[31m+     toggleSelection,[39m
[31m+     toggleSelectAll,[39m
[31m+     finishSelection,[39m
[31m+     clearSelection,[39m
[31m+   } = useBeatSelection(beats);[39m
[31m+   const {[39m
[31m+     sensors,[39m
[31m+     activeDragId,[39m
[31m+     handleDragStart,[39m
[31m+     handleDragEnd,[39m
[31m+     handleDragCancel,[39m
[31m+   } = useLibraryReorder({ sortBy, setSortBy, setBeats });[39m
[31m+   const { state: audio, play, togglePause, seek, setVolume, releaseFile } = useAudio();[39m
[31m+   const { clearPlaybackPreparation, ensureWarmPlaybackUrl, handlePlay, handleWarm, invalidatePlaybackPreparation, waitForUploadedBeatPlaybackReady } = usePlaybackController({[39m
[31m+     audio,[39m
[31m+     play,[39m
[31m+     beatsLatestRef,[39m
[31m+     beatRuntimeStatesRef,[39m
[31m+     transitionRuntime,[39m
[31m+     setBeats,[39m
[31m+     cloudSessionVerified,[39m
[31m+     connectionState,[39m
[31m+     isBeatCloudUpdateBusy: beatId => beatCloudUpdateBusyIds.has(beatId),[39m
[31m+   });[39m
[31m+   const { offlineBusyIds, handleToggleOffline } = useOfflineAvailability({[39m
[31m+     connectionState,[39m
[31m+     audioPlayingId: audio.playingId,[39m
[31m+     releaseFile,[39m
[31m+     invalidatePlaybackPreparation,[39m
[31m+     ensureWarmPlaybackUrl,[39m
[31m+     beatRuntimeStatesRef,[39m
[31m+     transitionRuntime,[39m
[31m+     setBeats,[39m
[31m+     setDrawer,[39m
[31m+     setRevealedBeatIds,[39m
[31m+   });[39m
[31m+[39m
[31m+   // Keep a ref to togglePause so the keydown handler never goes stale[39m
[31m+   const togglePauseRef = useRef(togglePause);[39m
[31m+   useEffect(() => { togglePauseRef.current = togglePause; }, [togglePause]);[39m
[31m+[39m
[31m+   const rejectOfflineMutation = useCallback((action: string): boolean => {[39m
[31m+     if (connectionState === "online") return false;[39m
[31m+     void appAlert({[39m
[31m+       title: connectionState === "offline" ? "Offline" : "Connection unavailable",[39m
[31m+       message: `${action} requires an internet connection. Offline mode is read-only except for moving beats to Trash.`,[39m
[31m+     });[39m
[31m+     return true;[39m
[31m+   }, [connectionState]);[39m
[31m+[39m
[31m+   const { showUpload, setShowUpload, handleUpload, handleUploadBulk } = usePublishingActions({[39m
[31m+     selectedIds,[39m
[31m+     rejectOfflineMutation,[39m
[31m+   });[39m
[31m+[39m
[31m+   const {[39m
[31m+     reviewBootstrap,[39m
[31m+     reviewPreparationDone,[39m
[31m+     reviewPreparationPromiseRef,[39m
[31m+     deferredImportBatch,[39m
[31m+     setDeferredImportBatch,[39m
[31m+     importDroppedPaths,[39m
[31m+     cancelPendingReviewWork,[39m
[31m+     completeImmediateReviewPreparation,[39m
[31m+   } = useImportDiscovery({[39m
[31m+     dropImporting,[39m
[31m+     setDropImporting,[39m
[31m+     rejectOfflineMutation,[39m
[31m+     setDropActive,[39m
[31m+     setShowAdd,[39m
[31m+     setReviewQueue,[39m
[31m+     skippedReviewSourceKeysRef,[39m
[31m+     stagedImportPathsRef,[39m
[31m+     skeletonEnabled: REVIEW_SKELETON_ENABLED,[39m
[31m+   });[39m
[31m+[39m
[31m+   const {[39m
[31m+     backgroundUploadErrors,[39m
[31m+     cloudifyImportedBeats,[39m
[31m+     retryBackgroundUpload,[39m
[31m+     getQueuedBeatsSnapshot,[39m
[31m+     deferLibraryReloadIfUploading,[39m
[31m+     deferredLibraryReloadRef,[39m
[31m+   } = useCloudUploadQueue({[39m
[31m+     settings,[39m
[31m+     setSettings,[39m
[31m+     setConnectionState,[39m
[31m+     setBeats,[39m
[31m+     beatsLatestRef,[39m
[31m+     beatRuntimeStatesRef,[39m
[31m+     transitionRuntime,[39m
[31m+     cloudLibrarySnapshotRef,[39m
[31m+     waitForUploadedBeatPlaybackReady,[39m
[31m+     rejectOfflineMutation,[39m
[31m+     isReviewActive: () => reviewQueueLatestRef.current !== null,[39m
[31m+     hasProtectedStaging: () => stagedImportPathsRef.current.size > 0,[39m
[31m+   });[39m
[31m+[39m
[31m+[39m
[31m+   const { libraryRefreshing, reloadLibrary } = useLibraryReload({[39m
[31m+     telegramCloudConnected: Boolean(settings?.telegram_cloud_connected),[39m
[31m+     beatsLatestRef,[39m
[31m+     setBeats,[39m
[31m+     setConnectionState,[39m
[31m+     setCloudSessionVerified,[39m
[31m+     cloudMetaSnapshotRef,[39m
[31m+     cloudLibrarySnapshotRef,[39m
[31m+     startupCookingResolvedRef,[39m
[31m+     startupPipelineStartedRef,[39m
[31m+     progressiveRevealRunRef,[39m
[31m+     setRevealedBeatIds,[39m
[31m+     setStartupCookingGate,[39m
[31m+     setLoading,[39m
[31m+     deferLibraryReloadIfUploading,[39m
[31m+   });[39m
[31m+[39m
[31m+   const { interruptedUploadNotices, dismissInterruptedUploadNotices } = useStartupBootstrap({[39m
[31m+     startupCachedBeatsRef,[39m
[31m+     cloudMetaSnapshotRef,[39m
[31m+     cloudLibrarySnapshotRef,[39m
[31m+     startupCookingResolvedRef,[39m
[31m+     startupPipelineStartedRef,[39m
[31m+     startupEnginePrimeReadyRef,[39m
[31m+     progressiveRevealRunRef,[39m
[31m+     setBeats,[39m
[31m+     setSettings,[39m
[31m+     setSetupDone,[39m
[31m+     setLoading,[39m
[31m+     setConnectionState,[39m
[31m+     setCloudSessionVerified,[39m
[31m+     setStartupCookingGate,[39m
[31m+     setRevealedBeatIds,[39m
[31m+     clearReconciledTrashRuntimeStates,[39m
[31m+     dismissStartupLoader: dismissBeatGalerStartupLoader,[39m
[31m+   });[39m
[31m+[39m
[31m+[39m
[31m+ useConnectivity({[39m
[31m+   setupDone,[39m
[31m+   setConnectionState,[39m
[31m+   setCloudSessionVerified,[39m
[31m+   setSettings,[39m
[31m+   setBeats,[39m
[31m+   cloudMetaSnapshotRef,[39m
[31m+   cloudLibrarySnapshotRef,[39m
[31m+   startupCookingResolvedRef,[39m
[31m+   startupPipelineStartedRef,[39m
[31m+   startupEnginePrimeReadyRef,[39m
[31m+   progressiveRevealRunRef,[39m
[31m+   clearReconciledTrashRuntimeStates,[39m
[31m+   clearPlaybackPreparation,[39m
[31m+   clearArtworkHydration,[39m
[31m+   setStartupCookingGate,[39m
[31m+ });[39m
[31m+[39m
[31m+   useCustomCursor(settings?.custom_cursor_enabled ?? true);[39m
[31m+[39m
[31m+[39m
[31m+[39m
[31m+ // BeatGaler synchronization remains push-based. SSE only notifies the app;[39m
[31m+ // the extracted owner verifies authority before hydrating library state.[39m
[31m+ useCloudLibraryEvents({[39m
[31m+   setupDone,[39m
[31m+   beatgalerUserId: settings?.beatgaler_user_id ?? null,[39m
[31m+   setConnectionState,[39m
[31m+   setCloudSessionVerified,[39m
[31m+   setSettings,[39m
[31m+   setBeats,[39m
[31m+   cloudMetaSnapshotRef,[39m
[31m+   cloudLibrarySnapshotRef,[39m
[31m+   visibleLibraryFingerprintRef,[39m
[31m+   startupCookingResolvedRef,[39m
[31m+   startupPipelineStartedRef,[39m
[31m+   startupEnginePrimeReadyRef,[39m
[31m+   progressiveRevealRunRef,[39m
[31m+   clearReconciledTrashRuntimeStates,[39m
[31m+   clearArtworkHydration,[39m
[31m+   clearPlaybackPreparation,[39m
[31m+   setStartupCookingGate,[39m
[31m+ });[39m
[31m+[39m
[31m+   useLibraryPresentationCache([39m
[31m+     beats,[39m
[31m+     cloudSessionVerified,[39m
[31m+     settings,[39m
[31m+   );[39m
[31m+[39m
[31m+   useEffect(() => {[39m
[31m+     visibleLibraryFingerprintRef.current = libraryViewFingerprint(beats);[39m
[31m+     beatsLatestRef.current = beats;[39m
[31m+   }, [beats]);[39m
[31m+[39m
[31m+[39m
[31m+[39m
[31m+   // One-time recovery for a cloud-only library after Telegram login/startup.[39m
[31m+   // No timer, no permanent synchronization.[39m
[31m+   const beatGalerCloudRecoveryAttemptedRef = useRef(false);[39m
[31m+[39m
[31m+   const recoverTelegramLibraryOnceIfEmpty = useCallback(async () => {[39m
[31m+     if (beatGalerCloudRecoveryAttemptedRef.current) return;[39m
[31m+     if (beats.length !== 0) return;[39m
[31m+[39m
[31m+     beatGalerCloudRecoveryAttemptedRef.current = true;[39m
[31m+     try {[39m
[31m+       const restored = await libraryStateManager.reloadAuthoritative();[39m
[31m+       if (restored.length > 0) {[39m
[31m+         setBeats(current => current.length === 0 ? restored : current);[39m
[31m+       }[39m
[31m+     } catch (error) {[39m
[31m+       console.warn("Telegram library one-time recovery skipped:", error);[39m
[31m+     }[39m
[31m+   }, [beats.length]);[39m
[31m+[39m
[31m+   // IMPORTANT: an empty library is a valid, authoritative state (for example[39m
[31m+   // immediately after Remove All). Never infer "Telegram recovery" merely from[39m
[31m+   // beats.length === 0; doing so races the pending trash/index commit and can[39m
[31m+   // resurrect the just-removed cards with their artwork unloaded. Recovery is[39m
[31m+   // only allowed from explicit Telegram connection/startup flows below.[39m
[31m+[39m
[31m+   useEffect(() => {[39m
[31m+     const onTelegramConnected = (event: Event) => {[39m
[31m+       const detail = (event as CustomEvent<{ connected?: boolean; username?: string | null }>).detail;[39m
[31m+       if (!detail?.connected) return;[39m
[31m+[39m
[31m+       setSettings(current => current ? {[39m
[31m+         ...current,[39m
[31m+         telegram_cloud_connected: true,[39m
[31m+         telegram_cloud_username: detail.username ?? current.telegram_cloud_username ?? null,[39m
[31m+       } : current);[39m
[31m+[39m
[31m+       void recoverTelegramLibraryOnceIfEmpty();[39m
[31m+     };[39m
[31m+[39m
[31m+     window.addEventListener("beatgaler:telegram-connected", onTelegramConnected);[39m
[31m+     return () => window.removeEventListener("beatgaler:telegram-connected", onTelegramConnected);[39m
[31m+   }, [recoverTelegramLibraryOnceIfEmpty]);[39m
[31m+[39m
[31m+[39m
[31m+   const handleUploadTelegram = useCallback(async (beat: Beat) => {[39m
[31m+     if (rejectOfflineMutation("Uploading a beat")) return;[39m
[31m+     const existingCloudBeat = Boolean(beat.telegram_file_id);[39m
[31m+     transitionRuntime(beat.id, { type: existingCloudBeat ? "SYNC_QUEUE_UPDATE" : "SYNC_QUEUE_UPLOAD" }, beat);[39m
[31m+     transitionRuntime(beat.id, { type: existingCloudBeat ? "SYNC_UPDATE_STARTED" : "SYNC_UPLOAD_STARTED" }, beat);[39m
[31m+     try {[39m
[31m+       const updated = await uploadBeatToTelegram(beat);[39m
[31m+       await syncBeatMetadataToTelegram(updated);[39m
[31m+       transitionRuntime(updated.id, { type: existingCloudBeat ? "SYNC_UPDATE_SUCCEEDED" : "SYNC_UPLOAD_SUCCEEDED" }, updated);[39m
[31m+       setBeats(bs => bs.map(b => b.id === updated.id ? updated : b));[39m
[31m+     } catch (e: any) {[39m
[31m+       const message = sanitizeUserVisibleText(runtimeErrorMessage(e), "Cloud operation failed.");[39m
[31m+       if (existingCloudBeat && isRuntimeConflictError(e)) {[39m
[31m+         transitionRuntime(beat.id, { type: "SYNC_CONFLICT", message }, beat);[39m
[31m+       } else {[39m
[31m+         transitionRuntime(beat.id, { type: "SYNC_FAILED", code: "TELEGRAM_UPLOAD_FAILED", message, retryable: true }, beat);[39m
[31m+       }[39m
[31m+       await appAlert({[39m
[31m+         title: "Cloud upload failed",[39m
[31m+         message,[39m
[31m+         danger: true,[39m
[31m+       });[39m
[31m+     }[39m
[31m+   }, [rejectOfflineMutation, transitionRuntime]);[39m
[31m+[39m
[31m+   const handleDownloadTelegram = useCallback(async (_beat: Beat) => {[39m
[31m+     await appAlert({[39m
[31m+       title: "Cloud-only library",[39m
[31m+       message: "Files are fetched into temporary storage automatically when needed.",[39m
[31m+     });[39m
[31m+   }, []);[39m
[31m+[39m
[31m+[39m
[31m+   const handleEditBulk = useCallback(() => {[39m
[31m+     if (rejectOfflineMutation("Editing metadata")) return;[39m
[31m+     const firstSelected = beats.find(b => selectedIds.has(b.id));[39m
[31m+     if (firstSelected) setDrawer({ beat: firstSelected, mode: "edit" });[39m
[31m+   }, [beats, selectedIds, rejectOfflineMutation]);[39m
[31m+[39m
[31m+   const { deleteBeat, handleRemoveBulk, handleBeatRestored } = useTrashActions({[39m
[31m+     beats,[39m
[31m+     setBeats,[39m
[31m+     beatsLatestRef,[39m
[31m+     selectedIds,[39m
[31m+     clearSelection,[39m
[31m+     connectionState,[39m
[31m+     audioPlayingId: audio.playingId,[39m
[31m+     releaseFile,[39m
[31m+     beatRuntimeStatesRef,[39m
[31m+     transitionRuntime,[39m
[31m+     forgetRuntimeState,[39m
[31m+     cloudMetaSnapshotRef,[39m
[31m+     cloudLibrarySnapshotRef,[39m
[31m+     invalidateArtworkHydration,[39m
[31m+     ensureArtworkReady,[39m
[31m+   });[39m
[31m+[39m
[31m+   const addBeats = useCallback((newBeats: Beat[]) => {[39m
[31m+     setBeats(bs => {[39m
[31m+       const existing = new Set(bs.map(b => b.mp3_path));[39m
[31m+       const next = [...newBeats.filter(b => !existing.has(b.mp3_path)), ...bs];[39m
[31m+       beatsLatestRef.current = next;[39m
[31m+       return next;[39m
[31m+     });[39m
[31m+   }, []);[39m
[31m+[39m
[31m+   const addBeatsAndReview = useCallback((newBeats: Beat[]) => {[39m
[31m+     if (newBeats.length === 0) return;[39m
[31m+     if (connectionState !== "online") {[39m
[31m+       void appAlert({[39m
[31m+         title: "Internet connection required",[39m
[31m+         message: "BeatGaler does not import new beats while offline. Reconnect and import them again.",[39m
[31m+       });[39m
[31m+       void cleanupOrphanedDropStaging(beatsLatestRef.current);[39m
[31m+       return;[39m
[31m+     }[39m
[31m+     const sanitized = newBeats.map(beat => ({ ...beat, tags: cleanTags(beat.tags || []).tags }));[39m
[31m+[39m
[31m+     // Review candidates are NOT library beats yet.[39m
[31m+     // Keeping them out of `beats` means:[39m
[31m+     // 1) Cancel leaves absolutely nothing behind.[39m
[31m+     // 2) duplicate-name checks compare only against committed library items.[39m
[31m+     // 3) a re-dropped folder can never masquerade as an edit of the existing beat.[39m
[31m+     setShowAdd(false);[39m
[31m+     startReview(sanitized);[39m
[31m+     // Upload begins only after Review → Save.[39m
[31m+   }, [connectionState, startReview]);[39m
[31m+[39m
[31m+ const {[39m
[31m+   skipCurrentReviewBeat,[39m
[31m+   cancelReview,[39m
[31m+   handleReviewedBeatSaved,[39m
[31m+ } = useImportReview({[39m
[31m+   setBeats,[39m
[31m+   beatsLatestRef,[39m
[31m+   setReviewQueue,[39m
[31m+   skippedReviewSourceKeysRef,[39m
[31m+   cloudifyImportedBeats,[39m
[31m+   getQueuedBeatsSnapshot,[39m
[31m+   onCancelPendingWork: cancelPendingReviewWork,[39m
[31m+   releaseBeat: platform.capabilities.reviewBeatCloudCommit[39m
[31m+     ? beatId => platform.importer.releaseBeat(beatId)[39m
[31m+     : undefined,[39m
[31m+   discardBatch: batchId => discardImportReviewBatch(batchId),[39m
[31m+   cleanupStaging: protectedBeats => cleanupOrphanedDropStaging(protectedBeats),[39m
[31m+ });[39m
[31m+[39m
[31m+   const {[39m
[31m+     audioConflictBatch,[39m
[31m+     dropImportBatch,[39m
[31m+     resetImportResolutionState,[39m
[31m+     handleReviewedSaveAll,[39m
[31m+     cancelAudioConflicts,[39m
[31m+     resolveAudioConflicts,[39m
[31m+     closeImportDecisions,[39m
[31m+     importResolvedDecisions,[39m
[31m+   } = useImportSaveAll({[39m
[31m+     setBeats,[39m
[31m+     beatsLatestRef,[39m
[31m+     reviewQueue,[39m
[31m+     setReviewQueue,[39m
[31m+     reviewQueueLatestRef,[39m
[31m+     reviewBootstrap,[39m
[31m+     reviewPreparationDone,[39m
[31m+     reviewPreparationPromiseRef,[39m
[31m+     deferredImportBatch,[39m
[31m+     setDeferredImportBatch,[39m
[31m+     stagedImportPathsRef,[39m
[31m+     setDropImporting,[39m
[31m+     cloudifyImportedBeats,[39m
[31m+     addBeatsAndReview,[39m
[31m+   });[39m
[31m+[39m
[31m+   const { importDroppedBrowserFiles } = useBrowserImport({[39m
[31m+     dropImporting,[39m
[31m+     setDropImporting,[39m
[31m+     rejectOfflineMutation,[39m
[31m+     setDropActive,[39m
[31m+     setShowAdd,[39m
[31m+     setReviewQueue,[39m
[31m+     completeImmediateReviewPreparation,[39m
[31m+     resetImportResolutionState,[39m
[31m+   });[39m
[31m+[39m
[31m+   const updateExistingBeatFromFolder = useCallback(async (beat: Beat, folderPath: string): Promise<boolean> => {[39m
[31m+     if (rejectOfflineMutation("Updating beat files")) return true;[39m
[31m+     if (isBackupFolderPath(folderPath)) {[39m
[31m+       await appAlert({[39m
[31m+         title: "Backup folder skipped",[39m
[31m+         message: "BeatGaler keeps Backup/Backups folders out of PROJECT.zip so old project copies are not uploaded.",[39m
[31m+       });[39m
[31m+       return true;[39m
[31m+     }[39m
[31m+[39m
[31m+     const t = await import("./lib/tauri");[39m
[31m+[39m
[31m+     let preview;[39m
[31m+     try {[39m
[31m+       preview = await t.inspectBeatUpdateFolder(folderPath);[39m
[31m+     } catch {[39m
[31m+       return false;[39m
[31m+     }[39m
[31m+[39m
[31m+     let replaceMaster = false;[39m
[31m+     if (preview.has_mp3) {[39m
[31m+       const alreadyHasMaster = Boolean(beat.telegram_file_id) || Boolean(beat.mp3_path?.trim());[39m
[31m+       if (alreadyHasMaster) {[39m
[31m+         const incoming = preview.mp3_filename || "the incoming MP3";[39m
[31m+         const confirmed = window.confirm([39m
[31m+           `Replace current MASTER for "${beat.name}"?\n\n` +[39m
[31m+           `${incoming} will become the new MASTER.\n` +[39m
[31m+           `Its BPM, key, tags, rating and artwork will replace the current metadata.\n\n` +[39m
[31m+           `WAV and project files from this folder will also be added or updated.`[39m
[31m+         );[39m
[31m+         if (!confirmed) return true;[39m
[31m+       }[39m
[31m+       replaceMaster = true;[39m
[31m+     }[39m
[31m+[39m
[31m+     setBeatCloudUpdateBusy(beat.id, true);[39m
[31m+     const runtime = beatRuntimeStatesRef.current[beat.id] ?? createBeatRuntimeState(beat);[39m
[31m+     if (runtime.sync_state === "synced") transitionRuntime(beat.id, { type: "SYNC_QUEUE_UPDATE" }, beat);[39m
[31m+     transitionRuntime(beat.id, { type: "SYNC_UPDATE_STARTED" }, beat);[39m
[31m+     try {[39m
[31m+       let updated = await t.mergeFolderIntoExistingBeat(beat, folderPath, replaceMaster);[39m
[31m+       setBeats(bs => bs.map(b => b.id === beat.id ? updated : b));[39m
[31m+[39m
[31m+       if (replaceMaster) {[39m
[31m+         updated = await t.uploadBeatToTelegram(updated);[39m
[31m+         setBeats(bs => bs.map(b => b.id === beat.id ? updated : b));[39m
[31m+       }[39m
[31m+[39m
[31m+       if (preview.has_wav && updated.wav_path) {[39m
[31m+         await t.uploadDroppedFileToTelegram(updated, updated.wav_path, "WAV");[39m
[31m+       }[39m
[31m+[39m
[31m+       if (preview.has_project_assets) {[39m
[31m+         await t.uploadProjectToTelegram(updated);[39m
[31m+       }[39m
[31m+[39m
[31m+       if (replaceMaster && updated.telegram_file_id) {[39m
[31m+         await t.syncBeatMetadataToTelegram(updated);[39m
[31m+       }[39m
[31m+[39m
[31m+       window.dispatchEvent(new CustomEvent("beatgaler:project-cloud-updated", { detail: { beatId: beat.id } }));[39m
[31m+       await libraryStateManager.commitSnapshot(beatsLatestRef.current.map(item => item.id === beat.id ? updated : item), "metadata-update");[39m
[31m+       transitionRuntime(beat.id, { type: "SYNC_UPDATE_SUCCEEDED" }, updated);[39m
[31m+       setBeats(bs => bs.map(b => b.id === beat.id ? updated : b));[39m
[31m+       return true;[39m
[31m+     } catch (error) {[39m
[31m+       console.error(error);[39m
[31m+       const message = sanitizeUserVisibleText(runtimeErrorMessage(error), "Cloud operation failed.");[39m
[31m+       if (isRuntimeConflictError(error)) transitionRuntime(beat.id, { type: "SYNC_CONFLICT", message }, beat);[39m
[31m+       else transitionRuntime(beat.id, { type: "SYNC_FAILED", code: "FOLDER_UPDATE_FAILED", message, retryable: true }, beat);[39m
[31m+       alert(`Could not update "${beat.name}" from the dropped folder: ${message}`);[39m
[31m+       return true;[39m
[31m+     } finally {[39m
[31m+       setBeatCloudUpdateBusy(beat.id, false);[39m
[31m+     }[39m
[31m+   }, [rejectOfflineMutation, transitionRuntime]);[39m
[31m+[39m
[31m+   const { commitDrawerCloudMutation } = useDrawerCloudPersistence({[39m
[31m+   beats,[39m
[31m+   browserCloudEditing: platform.capabilities.browserCloudEditing,[39m
[31m+   connectionState,[39m
[31m+   cloudSessionVerified,[39m
[31m+   beatsLatestRef,[39m
[31m+   beatRuntimeStatesRef,[39m
[31m+   transitionRuntime,[39m
[31m+   cloudMetaSnapshotRef,[39m
[31m+   cloudLibraryTimerRef,[39m
[31m+   cloudLibrarySnapshotRef,[39m
[31m+ });[39m
[31m+[39m
[31m+   // V7: INDEX writes are explicit transactions only.[39m
[31m+   // There is deliberately no generic "beats changed => rewrite Telegram" observer.[39m
[31m+   // Upload, metadata, Trash/Restore and project/file operations commit through[39m
[31m+   // libraryStateManager at their actual logical commit boundary. This prevents[39m
[31m+   // render/cache hydration from becoming an accidental cloud mutation.[39m
[31m+[39m
[31m+   const {[39m
[31m+     handleIncompleteWarningsChanged,[39m
[31m+     handleCustomCursorChanged,[39m
[31m+     handleFolderChanged,[39m
[31m+     handleDisconnectTelegramAccount,[39m
[31m+   } = useSessionActions({[39m
[31m+     setSettings,[39m
[31m+     setCloudSessionVerified,[39m
[31m+     logoutAccount: logoutBeatGalerAccount,[39m
[31m+     releaseFile,[39m
[31m+     progressiveRevealRunRef,[39m
[31m+     clearPlaybackPreparation,[39m
[31m+     clearArtworkHydration,[39m
[31m+     setRevealedBeatIds,[39m
[31m+     setBeats,[39m
[31m+     clearSelection,[39m
[31m+   });[39m
[31m+[39m
[31m+   const updateBeat = useCallback((updated: Beat) => {[39m
[31m+     if (updated.telegram_file_id && connectionState === "online") {[39m
[31m+       const runtime = beatRuntimeStatesRef.current[updated.id] ?? createBeatRuntimeState(updated);[39m
[31m+       if (runtime.sync_state === "synced") transitionRuntime(updated.id, { type: "SYNC_QUEUE_UPDATE" }, updated);[39m
[31m+     }[39m
[31m+     setBeats(bs => bs.map(b => b.id === updated.id ? updated : b));[39m
[31m+     if (drawer?.beat.id === updated.id) setDrawer(d => d ? { ...d, beat: updated } : null);[39m
[31m+   }, [connectionState, drawer, transitionRuntime]);[39m
[31m+[39m
[31m+[39m
[31m+[39m
[31m+   const handleDropArtwork = useCallback(async (beat: Beat, imageBase64: string) => {[39m
[31m+     if (rejectOfflineMutation("Changing artwork")) return;[39m
[31m+[39m
[31m+     const updated = { ...beat, image_base64: imageBase64, image_preview_base64: null };[39m
[31m+[39m
[31m+     if (platform.capabilities.browserCloudEditing) {[39m
[31m+       // Publish the browser-decoded artwork immediately, then commit it through[39m
[31m+       // the Web editor/Direct transport. No Tauri metadata path participates.[39m
[31m+       updateBeat(updated);[39m
[31m+       transitionRuntime(updated.id, { type: "SYNC_UPDATE_STARTED" }, updated);[39m
[31m+       try {[39m
[31m+         const committed = await platform.editor.commit(beat, updated, {});[39m
[31m+         setBeats(current => {[39m
[31m+           const next = current.map(item => item.id === committed.id ? committed : item);[39m
[31m+           beatsLatestRef.current = next;[39m
[31m+           return next;[39m
[31m+         });[39m
[31m+         setDrawer(current => current?.beat.id === committed.id ? { ...current, beat: committed } : current);[39m
[31m+         transitionRuntime(updated.id, { type: "SYNC_UPDATE_SUCCEEDED" }, committed);[39m
[31m+       } catch (error) {[39m
[31m+         const message = sanitizeUserVisibleText(runtimeErrorMessage(error), "Cloud operation failed.");[39m
[31m+         transitionRuntime(updated.id, { type: "SYNC_FAILED", code: "ARTWORK_SYNC_FAILED", message, retryable: true }, updated);[39m
[31m+         throw error;[39m
[31m+       }[39m
[31m+       return;[39m
[31m+     }[39m
[31m+[39m
[31m+     // Desktop keeps its existing native metadata/artwork transaction.[39m
[31m+     await saveBeatMeta({[39m
[31m+       mp3_path: beat.mp3_path,[39m
[31m+       wav_path: beat.wav_path,[39m
[31m+       bpm: beat.bpm,[39m
[31m+       key: beat.key,[39m
[31m+       tags: beat.tags,[39m
[31m+       rating: beat.rating,[39m
[31m+       image_base64: imageBase64,[39m
[31m+       update_filename: false,[39m
[31m+     });[39m
[31m+[39m
[31m+     updateBeat(updated);[39m
[31m+[39m
[31m+     if (updated.telegram_file_id && connectionState === "online") {[39m
[31m+       const runtime = beatRuntimeStatesRef.current[updated.id] ?? createBeatRuntimeState(updated);[39m
[31m+       if (runtime.sync_state === "synced") transitionRuntime(updated.id, { type: "SYNC_QUEUE_UPDATE" }, updated);[39m
[31m+       transitionRuntime(updated.id, { type: "SYNC_UPDATE_STARTED" }, updated);[39m
[31m+       try {[39m
[31m+         await syncBeatMetadataToTelegram(updated);[39m
[31m+         const indexSnapshot = beatsLatestRef.current.map(item => item.id === updated.id ? updated : item);[39m
[31m+         await libraryStateManager.commitSnapshot(indexSnapshot, "upload-batch");[39m
[31m+         if (cloudLibraryTimerRef.current) {[39m
[31m+           window.clearTimeout(cloudLibraryTimerRef.current);[39m
[31m+           cloudLibraryTimerRef.current = null;[39m
[31m+         }[39m
[31m+         cloudLibrarySnapshotRef.current = indexSnapshot[39m
[31m+           .filter(item => !!item.telegram_file_id)[39m
[31m+           .map(cloudBeatFingerprint)[39m
[31m+           .join("\u001c");[39m
[31m+         cloudMetaSnapshotRef.current?.set(updated.id, cloudBeatFingerprint(updated));[39m
[31m+         transitionRuntime(updated.id, { type: "SYNC_UPDATE_SUCCEEDED" }, updated);[39m
[31m+       } catch (error) {[39m
[31m+         const message = sanitizeUserVisibleText(runtimeErrorMessage(error), "Cloud operation failed.");[39m
[31m+         transitionRuntime(updated.id, { type: "SYNC_FAILED", code: "ARTWORK_SYNC_FAILED", message, retryable: true }, updated);[39m
[31m+         throw error;[39m
[31m+       }[39m
[31m+     }[39m
[31m+   }, [updateBeat, rejectOfflineMutation, connectionState, transitionRuntime]);[39m
[31m+[39m
[31m+[39m
[31m+   const {[39m
[31m+     runBeatCloudUpdate,[39m
[31m+     startMasterAssetUpdate,[39m
[31m+     startWavAssetUpdate,[39m
[31m+     handleBrowserBeatAssetDrop,[39m
[31m+   } = useBeatAssetUpdates({[39m
[31m+     rejectOfflineMutation,[39m
[31m+     setBeatFileDrop,[39m
[31m+     setBeatCloudUpdateBusy,[39m
[31m+     beatRuntimeStatesRef,[39m
[31m+     transitionRuntime,[39m
[31m+     beatsLatestRef,[39m
[31m+     cloudLibrarySnapshotRef,[39m
[31m+     setBeats,[39m
[31m+     setDrawer,[39m
[31m+     waitForUploadedBeatPlaybackReady,[39m
[31m+   });[39m
[31m+[39m
[31m+   const {[39m
[31m+     openableCloudProjectIds,[39m
[31m+     projectUpdateNotice,[39m
[31m+     dismissProjectUpdateNotice,[39m
[31m+     hasStoredProject,[39m
[31m+     startProjectAssetUpdate,[39m
[31m+     handleAutoProjectDrop,[39m
[31m+     handleBrowserProjectDrop,[39m
[31m+     handleUploadProjectTelegram,[39m
[31m+     handleOpenProject,[39m
[31m+     handleUpdateProject,[39m
[31m+   } = useBeatProjects({[39m
[31m+     beats,[39m
[31m+     connectionState,[39m
[31m+     rejectOfflineMutation,[39m
[31m+     transitionRuntime,[39m
[31m+     beatsLatestRef,[39m
[31m+     setBeats,[39m
[31m+     setDrawer,[39m
[31m+     runBeatCloudUpdate,[39m
[31m+     setBeatCloudUpdateBusy,[39m
[31m+   });[39m
[31m+[39m
[31m+   const handleDroppedBeatFileRole = useCallback(async (role: DroppedBeatFileRole) => {[39m
[31m+     if (!beatFileDrop) return;[39m
[31m+     const { beat, filePath } = beatFileDrop;[39m
[31m+     const ext = extensionFromPath(filePath);[39m
[31m+[39m
[31m+     if (role === "loop" || role === "stems") return;[39m
[31m+[39m
[31m+     if (role === "main") {[39m
[31m+       if (ext !== "mp3") return;[39m
[31m+       startMasterAssetUpdate(beat, filePath);[39m
[31m+       return;[39m
[31m+     }[39m
[31m+[39m
[31m+     if (role === "wav") {[39m
[31m+       if (ext !== "wav") return;[39m
[31m+       startWavAssetUpdate(beat, filePath);[39m
[31m+       return;[39m
[31m+     }[39m
[31m+[39m
[31m+     if (role === "projectFolder") {[39m
[31m+       const existing = await hasStoredProject(beat).catch(() => false);[39m
[31m+       if (!existing) {[39m
[31m+         await cleanupStagedDropPaths([filePath]).catch(() => {});[39m
[31m+         setBeatFileDrop(null);[39m
[31m+         await appAlert({[39m
[31m+           title: "Project file required",[39m
[31m+           message: "Add a .flp, .als, .logicx, .ptx/.ptf file or a valid PROJECT ZIP first. Then folders can be added to that PROJECT.zip using their original folder name.",[39m
[31m+         });[39m
[31m+         return;[39m
[31m+       }[39m
[31m+       startProjectAssetUpdate(beat, filePath, "projectFolder");[39m
[31m+     }[39m
[31m+   }, [beatFileDrop, hasStoredProject, startMasterAssetUpdate, startProjectAssetUpdate, startWavAssetUpdate]);[39m
[31m+[39m
[31m+[39m
[31m+   useHtmlLibraryDrop({[39m
[31m+     nativeDropAvailable: isTauriAvailable,[39m
[31m+     browserFileImport: platform.capabilities.browserFileImport,[39m
[31m+     reviewSkeletonEnabled: REVIEW_SKELETON_ENABLED,[39m
[31m+     beatsLatestRef,[39m
[31m+     setDropActive,[39m
[31m+     setBeatCloudUpdateBusy,[39m
[31m+     setBeatFileDrop,[39m
[31m+     setLibraryDropStaging,[39m
[31m+     handleDropArtwork,[39m
[31m+     handleAutoProjectDrop,[39m
[31m+     handleBrowserBeatAssetDrop,[39m
[31m+     handleBrowserProjectDrop,[39m
[31m+     importDroppedBrowserFiles,[39m
[31m+     importDroppedPaths,[39m
[31m+   });[39m
[31m+[39m
[31m+   useNativeLibraryDrop({[39m
[31m+     nativeDropAvailable: isTauriAvailable,[39m
[31m+     reviewSkeletonEnabled: REVIEW_SKELETON_ENABLED,[39m
[31m+     beatsLatestRef,[39m
[31m+     setDropActive,[39m
[31m+     setBeatCloudUpdateBusy,[39m
[31m+     setBeatFileDrop,[39m
[31m+     setLibraryDropStaging,[39m
[31m+     handleDropArtwork,[39m
[31m+     handleAutoProjectDrop,[39m
[31m+     importDroppedPaths,[39m
[31m+   });[39m
[31m+[39m
[31m+   const applyBulkUpdate = useCallback((updates: Partial<Beat>, options?: { tagsMode?: "add" | "replace" | "remove" }) => {[39m
[31m+     setBeats(bs => bs.map(b => {[39m
[31m+       if (!selectedIds.has(b.id)) return b;[39m
[31m+       if (!updates.tags) return { ...b, ...updates };[39m
[31m+[39m
[31m+       const normalizedInput = Array.from(new Set([39m
[31m+         updates.tags.map(t => t.trim().toLowerCase()).filter(Boolean)[39m
[31m+       ));[39m
[31m+[39m
[31m+       if (options?.tagsMode === "replace") {[39m
[31m+         return { ...b, ...updates, tags: normalizedInput };[39m
[31m+       }[39m
[31m+[39m
[31m+       if (options?.tagsMode === "remove") {[39m
[31m+         const removeSet = new Set(normalizedInput);[39m
[31m+         const remainingTags = b.tags.filter(tag => !removeSet.has(tag.trim().toLowerCase()));[39m
[31m+         return { ...b, ...updates, tags: remainingTags };[39m
[31m+       }[39m
[31m+[39m
[31m+       const mergedTags = Array.from(new Set([39m
[31m+         [...b.tags, ...normalizedInput].map(t => t.trim().toLowerCase()).filter(Boolean)[39m
[31m+       ));[39m
[31m+       return { ...b, ...updates, tags: mergedTags };[39m
[31m+     }));[39m
[31m+     clearSelection();[39m
[31m+   }, [selectedIds]);[39m
[31m+[39m
[31m+[39m
[31m+   const tagColors = useTagColors();[39m
[31m+[39m
[31m+ const handleTagClick = useCallback((tag: string, e: React.MouseEvent) => {[39m
[31m+   toggleTagFilter(tag, e.altKey ? "exclude" : "include");[39m
[31m+ }, [toggleTagFilter]);[39m
[31m+[39m
[31m+   const tagFrequency = useMemo(() => selectTagFrequency(beats), [beats]);[39m
[31m+   const allTags = useMemo(() => selectAllTags(beats, tagFrequency), [beats, tagFrequency]);[39m
[31m+   const tagSuggestions = useMemo(() => selectTagSuggestions(beats), [beats]);[39m
[31m+   const displayedBeats = filteredBeats.filter(beat => revealedBeatIds.has(beat.id));[39m
[31m+[39m
[31m+   const {[39m
[31m+     shuffleEnabled,[39m
[31m+     repeatMode,[39m
[31m+     showQueue,[39m
[31m+     queuedBeats,[39m
[31m+     addToQueue,[39m
[31m+     handleNext,[39m
[31m+     handlePrev,[39m
[31m+     closeQueue,[39m
[31m+     toggleQueue,[39m
[31m+     toggleShuffle,[39m
[31m+     cycleRepeat,[39m
[31m+     playQueueIndex,[39m
[31m+   } = usePlaybackQueue({[39m
[31m+     beats,[39m
[31m+     displayedBeats,[39m
[31m+     playingId: audio.playingId,[39m
[31m+     progress: audio.progress,[39m
[31m+     endedSeq: audio.endedSeq,[39m
[31m+     handlePlay,[39m
[31m+     seek,[39m
[31m+     releaseFile,[39m
[31m+   });[39m
[31m+[39m
[31m+   useAppShortcuts({[39m
[31m+     togglePauseRef,[39m
[31m+     clearSelection,[39m
[31m+     setDrawer,[39m
[31m+     setShowAdd,[39m
[31m+     setShowSettings,[39m
[31m+     closeQueue,[39m
[31m+     setShowUpload,[39m
[31m+   });[39m
[31m+[39m
[31m+[39m
[31m+[39m
[31m+   const currentBeat = beats.find(b => b.id === audio.playingId);[39m
[31m+   const selectedBeats = beats.filter(b => selectedIds.has(b.id));[39m
[31m+   const activeDragBeat = activeDragId ? beats.find(b => b.id === activeDragId) ?? null : null;[39m
[31m+[39m
[31m+   return <AppShell scope={{ Event, HTMLElement, REVIEW_SKELETON_ENABLED, activeDragBeat, addBeatsAndReview, addToQueue, allTags, applyBulkUpdate, audio, audioConflictBatch, backTagRename, backgroundUploadErrors, beatFileDrop, beats, cancelAudioConflicts, cancelReview, cancelTagRename, clearSelection, clearTagFilters, closeCloudFiles, closeImportDecisions, cloudDownloadNotice, cloudFiles, cloudFilesBeat, cloudFilesBusyId, cloudFilesDownloadError, cloudFilesDownloadedIds, cloudSessionVerified, commitDrawerCloudMutation, confirmTagRename, connectionState, continueTagRename, currentBeat, cycleRepeat, deferredLibraryReloadRef, deleteBeat, dismissDownloadError, dismissInterruptedUploadNotices, dismissProjectUpdateNotice, displayedBeats, drawer, dropActive, dropImportBatch, dropImporting, excludedTags, filteredBeats, finishSelection, handleBeatRestored, handleCloudFiles, handleCustomCursorChanged, handleDisconnectTelegramAccount, handleDownloadTelegram, handleDragCancel, handleDragEnd, handleDragStart, handleDroppedBeatFileRole, handleEditBulk, handleFolderChanged, handleGetCloudFile, handleIncompleteWarningsChanged, handleNext, handleOpenProject, handlePlay, handlePrev, handleRemoveBulk, handleReviewedBeatSaved, handleReviewedSaveAll, handleTagClick, handleToggleOffline, handleUpdateProject, handleUpload, handleUploadBulk, handleUploadProjectTelegram, handleUploadTelegram, handleWarm, importResolvedDecisions, includedTags, interruptedUploadNotices, libraryDropStaging, libraryRefreshing, loading, offlineBusyIds, openTagRename, openableCloudProjectIds, playQueueIndex, projectUpdateNotice, queuedBeats, rejectOfflineMutation, releaseFile, reloadLibrary, repeatMode, resolveAudioConflicts, retryBackgroundUpload, revealedBeatIds, reviewBootstrap, reviewQueue, search, seek, selectMode, selectedBeats, selectedIds, sensors, setBeatFileDrop, setDrawer, setSearch, setShowAdd, setShowSettings, setShowUpload, setSortBy, setTagColorMenu, setTagRenameNewTag, setVolume, settings, showAdd, showQueue, showSettings, showUpload, shuffleEnabled, skipCurrentReviewBeat, sortBy, startupCookingGate, tagColorMenu, tagColors, tagFrequency, tagRename, tagRenameAffectedCount, tagRenameBusy, tagRenameError, tagRenameMp3Count, tagRenameWavCount, tagSuggestions, togglePause, toggleQueue, toggleSelectAll, toggleSelection, toggleShuffle, updateBeat }} />;[39m
[31m+ }[39m
[31m+[39m
[31m+[39m
[31m+ export default function App() {[39m
[31m+   return platform.kind === "web"[39m
[31m+     ? <BeatGalerApp />[39m
[31m+     : <AccountGate><BeatGalerApp /></AccountGate>;[39m
[31m+ }[39m
[31m+[39m

[36m [2m❯[22m tests/integration/appBeatDownloadsExtraction.test.ts:[2m46:17[22m[39m
    [90m 44| [39m    [34mexpect[39m(downloads)[33m.[39m[34mtoContain[39m([32m'type: "DOWNLOAD_SUCCEEDED"'[39m)[33m;[39m
    [90m 45| [39m    [34mexpect[39m(downloads)[33m.[39m[34mtoContain[39m([32m'type: "DOWNLOAD_FAILED"'[39m)[33m;[39m
    [90m 46| [39m    [34mexpect[39m(app)[33m.[39m[34mtoContain[39m([32m"onClose={closeCloudFiles}"[39m)[33m;[39m
    [90m   | [39m                [31m^[39m
    [90m 47| [39m  })[33m;[39m
    [90m 48| [39m

[31m[2m⎯⎯⎯⎯⎯⎯⎯⎯⎯⎯⎯⎯⎯⎯⎯⎯⎯⎯⎯⎯⎯⎯⎯[1/10]⎯[22m[39m

[41m[1m FAIL [22m[49m tests/integration/appCloudUploadQueueExtraction.test.ts[2m > [22mtask 6.4 cloud upload queue extraction[2m > [22mkeeps failed-upload retry connected to the checkpoint-aware queue
[31m[1mAssertionError[22m: expected 'import React, { useState, useCallback…' to contain 'onRetryUpload={retryBackgroundUpload}'[39m

[32m- Expected[39m
[31m+ Received[39m

[32m- onRetryUpload={retryBackgroundUpload}[39m
[31m+ import React, { useState, useCallback, useEffect, useRef, useMemo } from "react";[39m
[31m+ import type { Beat } from "./types";[39m
[31m+ import BeatCard from "./components/BeatCard";[39m
[31m+ import Drawer from "./components/Drawer";[39m
[31m+ import Player from "./components/Player";[39m
[31m+ import AddBeatModal from "./components/AddBeatModal";[39m
[31m+ import SettingsPanel from "./components/SettingsPanel";[39m
[31m+ import AccountGate, { logoutBeatGalerAccount } from "./components/AccountGate";[39m
[31m+ import UploadModal from "./components/UploadModal";[39m
[31m+ import JobStatusBar from "./components/JobStatusBar";[39m
[31m+ import { PlusIcon, Artwork } from "./components/ui";[39m
[31m+ import { useAudio } from "./hooks/useAudio";[39m
[31m+ import { loadLibrary, readBeatMeta, saveBeatMeta, discardImportReviewBatch, uploadBeatToTelegram, downloadBeatFromTelegram, prepareBeatForPlayback, warmBeatForPlayback, getDownloadCookingStatus, downloadCookingDiagnosticEvent, uploadProjectToTelegram, uploadDroppedFileToTelegram, downloadCloudFileToCache, downloadProjectToCache, revealInExplorer, syncBeatMetadataToTelegram, copyExportFile, copyAudioMetadata, prepareUniqueExportFolder, type CloudFileType, isTauriAvailable } from "./lib/tauri";[39m
[31m+ import { libraryStateManager } from "./lib/libraryStateManager";[39m
[31m+ import { platform } from "./platform";[39m
[31m+ import { DndContext, DragOverlay, closestCenter } from "@dnd-kit/core";[39m
[31m+ import { SortableContext, rectSortingStrategy } from "@dnd-kit/sortable";[39m
[31m+ import { appAlert, appConfirm } from "./lib/dialog";[39m
[31m+ import { sanitizeUserVisibleText } from "./lib/userVisibleError";[39m
[31m+ import { useTagColors, setTagColor } from "./lib/tagColors";[39m
[31m+ import { registerJob, updateJob } from "./lib/jobStore";[39m
[31m+ import { cleanTags } from "./lib/metadataValidation";[39m
[31m+ import { cleanupOrphanedDropStaging, cleanupStagedDropPaths } from "./features/dragdrop/dropStaging";[39m
[31m+ import CloudFilesModal from "./features/downloads/components/CloudFilesModal";[39m
[31m+ import { useBeatDownloads } from "./features/downloads/useBeatDownloads";[39m
[31m+ import BeatFileDropModal, { type DroppedBeatFileRole } from "./features/dragdrop/components/BeatFileDropModal";[39m
[31m+ import SearchBar from "./features/library/components/SearchBar";[39m
[31m+ import SortMenu from "./features/library/components/SortMenu";[39m
[31m+ import TagColorMenu from "./features/tags/components/TagColorMenu";[39m
[31m+ import { useArtworkHydration } from "./features/artwork/useArtworkHydration";[39m
[31m+ import { useCloudUploadQueue } from "./features/cloud/useCloudUploadQueue";[39m
[31m+ import ImportReviewHost, { ImportResolutionHost } from "./features/import/components/ImportReviewHost";[39m
[31m+ import { useImportSession } from "./features/import/useImportSession";[39m
[31m+ import { useImportReview } from "./features/import/useImportReview";[39m
[31m+ import { useImportDiscovery } from "./features/import/useImportDiscovery";[39m
[31m+ import { useImportSaveAll } from "./features/import/useImportSaveAll";[39m
[31m+ import { useBrowserImport } from "./features/import/useBrowserImport";[39m
[31m+ import { extensionFromPath, fileNameFromPath, isBackupFolderPath } from "./features/dragdrop/pathHelpers";[39m
[31m+ import { useHtmlLibraryDrop } from "./features/dragdrop/useHtmlLibraryDrop";[39m
[31m+ import { useNativeLibraryDrop } from "./features/dragdrop/useNativeLibraryDrop";[39m
[31m+ import { cloudBeatFingerprint, drawerMetadataCommitFingerprint, libraryViewFingerprint } from "./features/library/libraryFingerprints";[39m
[31m+ import { clearUploadPreviewCache, preserveLoadedArtwork } from "./features/library/libraryPresentationCache";[39m
[31m+ import { selectFilteredAndSortedBeats } from "./features/library/librarySelectors";[39m
[31m+ import { useLibraryViewState } from "./features/library/useLibraryViewState";[39m
[31m+ import { useLibraryReorder } from "./features/library/useLibraryReorder";[39m
[31m+ import { useBeatSelection } from "./features/selection/useBeatSelection";[39m
[31m+ import { selectAllTags, selectTagFrequency, selectTagSuggestions } from "./features/tags/tagSelectors";[39m
[31m+ import { useTagFilters } from "./features/tags/useTagFilters";[39m
[31m+ import { useTagRename } from "./features/tags/useTagRename";[39m
[31m+ import TagRenameDialog from "./features/tags/components/TagRenameDialog";[39m
[31m+ import { useLibraryPresentationCache, useLibraryState } from "./features/library/useLibraryState";[39m
[31m+ import { useLibraryReload } from "./features/library/useLibraryReload";[39m
[31m+ import { useStartupBootstrap } from "./features/startup/useStartupBootstrap";[39m
[31m+ import { useLibraryReveal } from "./features/startup/useLibraryReveal";[39m
[31m+ import { dismissBeatGalerStartupLoader } from "./features/startup/startupLoader";[39m
[31m+ import { useWebPlaybackSortRouting } from "./features/playback/useWebPlaybackSortRouting";[39m
[31m+ import { usePlaybackController } from "./features/playback/usePlaybackController";[39m
[31m+ import { usePlaybackQueue } from "./features/playback/usePlaybackQueue";[39m
[31m+ import { useDrawerCloudPersistence } from "./features/edit/useDrawerCloudPersistence";[39m
[31m+ import { useBeatAssetUpdates } from "./features/edit/useBeatAssetUpdates";[39m
[31m+ import { useBeatProjects } from "./features/projects/useBeatProjects";[39m
[31m+ import { useOfflineAvailability } from "./features/offline/useOfflineAvailability";[39m
[31m+ import { useTrashActions } from "./features/trash/useTrashActions";[39m
[31m+ import { useWebLibraryReconciled } from "./features/library/useWebLibraryReconciled";[39m
[31m+ import { createBeatRuntimeState } from "./features/state/beatRuntimeState";[39m
[31m+ import { useBeatRuntimeRegistry } from "./features/state/useBeatRuntimeRegistry";[39m
[31m+ import { useSessionState } from "./features/session/useSessionState";[39m
[31m+ import { useSessionActions } from "./features/session/useSessionActions";[39m
[31m+ import { useCustomCursor } from "./features/session/useCustomCursor";[39m
[31m+ import { useConnectivity } from "./features/session/useConnectivity";[39m
[31m+ import { useCloudLibraryEvents } from "./features/cloud/useCloudLibraryEvents";[39m
[31m+ import AppShell from "./app/AppShell";[39m
[31m+ import { useAppShortcuts } from "./app/useAppShortcuts";[39m
[31m+ import { usePublishingActions } from "./features/publishing/usePublishingActions";[39m
[31m+[39m
[31m+ // Intentionally isolated: if real-world timings prove the skeleton unnecessary,[39m
[31m+ // flipping/removing this one constant deletes the visual layer without touching[39m
[31m+ // the staged Review architecture underneath it.[39m
[31m+ const REVIEW_SKELETON_ENABLED = true;[39m
[31m+[39m
[31m+ const beatCloudUpdateBusyIds = new Set<string>();[39m
[31m+[39m
[31m+ function setBeatCloudUpdateBusy(beatId: string, active: boolean, success = false) {[39m
[31m+   if (active) beatCloudUpdateBusyIds.add(beatId);[39m
[31m+   else beatCloudUpdateBusyIds.delete(beatId);[39m
[31m+   window.dispatchEvent(new CustomEvent("beatgaler:beat-cloud-busy", {[39m
[31m+     detail: { beatId, active, success }[39m
[31m+   }));[39m
[31m+ }[39m
[31m+[39m
[31m+ function formatCloudBytes(bytes: number) {[39m
[31m+   if (!bytes) return "0 B";[39m
[31m+   const units = ["B", "KB", "MB", "GB"];[39m
[31m+   let n = bytes; let i = 0;[39m
[31m+   while (n >= 1024 && i < units.length - 1) { n /= 1024; i++; }[39m
[31m+   return `${n.toFixed(i === 0 ? 0 : 1)} ${units[i]}`;[39m
[31m+ }[39m
[31m+[39m
[31m+ function runtimeErrorMessage(error: unknown): string {[39m
[31m+   return error instanceof Error ? error.message : String(error);[39m
[31m+ }[39m
[31m+[39m
[31m+ function isRuntimeConflictError(error: unknown): boolean {[39m
[31m+   const message = runtimeErrorMessage(error).toLowerCase();[39m
[31m+   return message.includes("409") || message.includes("conflict") || message.includes("revision mismatch") || message.includes("version mismatch");[39m
[31m+ }[39m
[31m+[39m
[31m+ function BeatGalerApp() {[39m
[31m+   const {[39m
[31m+     beats,[39m
[31m+     setBeats,[39m
[31m+     beatsLatestRef,[39m
[31m+     startupCachedBeatsRef,[39m
[31m+     initialLoading,[39m
[31m+   } = useLibraryState();[39m
[31m+   const cloudMetaSnapshotRef = useRef<Map<string, string> | null>(null);[39m
[31m+   const cloudLibraryTimerRef = useRef<number | null>(null);[39m
[31m+   const cloudLibrarySnapshotRef = useRef<string | null>(null);[39m
[31m+   const visibleLibraryFingerprintRef = useRef<string>("");[39m
[31m+   const {[39m
[31m+     beatRuntimeStates,[39m
[31m+     beatRuntimeStatesRef,[39m
[31m+     transitionRuntime,[39m
[31m+     forgetRuntimeState,[39m
[31m+     clearReconciledTrashRuntimeStates,[39m
[31m+   } = useBeatRuntimeRegistry(beats, beatsLatestRef);[39m
[31m+   const stagedImportPathsRef = useRef<Map<string, string[]>>(new Map());[39m
[31m+   const [loading, setLoading] = useState(() => initialLoading);[39m
[31m+   const startupCookingResolvedRef = useRef(false);[39m
[31m+   const startupPipelineStartedRef = useRef(false);[39m
[31m+   const startupEnginePrimeReadyRef = useRef(false);[39m
[31m+   const handleArtworkHydratedFromNetwork = useCallback((next: Beat[], beatId: string) => {[39m
[31m+     const hydrated = next.find(item => item.id === beatId);[39m
[31m+     if (hydrated && cloudMetaSnapshotRef.current) {[39m
[31m+       cloudMetaSnapshotRef.current.set(beatId, cloudBeatFingerprint(hydrated));[39m
[31m+     }[39m
[31m+     if (cloudLibrarySnapshotRef.current !== null) {[39m
[31m+       cloudLibrarySnapshotRef.current = next[39m
[31m+         .filter(item => !!item.telegram_file_id)[39m
[31m+         .map(cloudBeatFingerprint)[39m
[31m+         .join("\u001c");[39m
[31m+     }[39m
[31m+   }, []);[39m
[31m+   const { ensureArtworkReady, clearArtworkHydration, invalidateArtworkHydration } = useArtworkHydration({[39m
[31m+     setBeats,[39m
[31m+     onNetworkHydrated: handleArtworkHydratedFromNetwork,[39m
[31m+   });[39m
[31m+   const { search, setSearch, sortBy, setSortBy } = useLibraryViewState();[39m
[31m+   const {[39m
[31m+     includedTags,[39m
[31m+     excludedTags,[39m
[31m+     clearTagFilters,[39m
[31m+     toggleTagFilter,[39m
[31m+     replaceTagFilter,[39m
[31m+   } = useTagFilters();[39m
[31m+   const filteredBeats = selectFilteredAndSortedBeats([39m
[31m+     beats,[39m
[31m+     search,[39m
[31m+     includedTags,[39m
[31m+     excludedTags,[39m
[31m+     sortBy,[39m
[31m+   );[39m
[31m+[39m
[31m+   const [tagColorMenu, setTagColorMenu] = useState<{ tag: string; x: number; y: number } | null>(null);[39m
[31m+   const {[39m
[31m+     tagRename, tagRenameBusy, tagRenameError, affectedCount: tagRenameAffectedCount,[39m
[31m+     affectedMp3Count: tagRenameMp3Count, affectedWavCount: tagRenameWavCount,[39m
[31m+     openTagRename, setNewTag: setTagRenameNewTag, continueTagRename, backTagRename,[39m
[31m+     cancelTagRename, confirmTagRename,[39m
[31m+   } = useTagRename({ beats, setBeats, replaceTagFilter });[39m
[31m+   useWebPlaybackSortRouting(sortBy, beats, platform.kind === "web");[39m
[31m+   const onWebLibraryReconciled = useCallback((incoming: Beat[]) => {[39m
[31m+     setBeats(current => {[39m
[31m+       const next = preserveLoadedArtwork(incoming, current);[39m
[31m+       beatsLatestRef.current = next;[39m
[31m+       return next;[39m
[31m+     });[39m
[31m+   }, []);[39m
[31m+   useWebLibraryReconciled(platform.kind === "web", onWebLibraryReconciled);[39m
[31m+   const [drawer, setDrawer] = useState<{ beat: Beat; mode: "detail" | "edit" } | null>(null);[39m
[31m+   const [showAdd, setShowAdd] = useState(false);[39m
[31m+   const [dropActive, setDropActive] = useState(false);[39m
[31m+   const [dropImporting, setDropImporting] = useState(false);[39m
[31m+   // Covers the WebView2 staging window that happens BEFORE importDroppedPaths[39m
[31m+   // receives native paths. Without this state, the app can look frozen while[39m
[31m+   // large dropped files are being copied into drop-staging.[39m
[31m+   const [libraryDropStaging, setLibraryDropStaging] = useState(false);[39m
[31m+   const [beatFileDrop, setBeatFileDrop] = useState<{ beat: Beat; filePath: string; kind: "file" | "directory" } | null>(null);[39m
[31m+   const {[39m
[31m+     reviewQueue,[39m
[31m+     setReviewQueue,[39m
[31m+     reviewQueueLatestRef,[39m
[31m+     skippedReviewSourceKeysRef,[39m
[31m+     startReview,[39m
[31m+   } = useImportSession();[39m
[31m+   const [showSettings, setShowSettings] = useState(false);[39m
[31m+   const {[39m
[31m+     settings,[39m
[31m+     setSettings,[39m
[31m+     setupDone,[39m
[31m+     setSetupDone,[39m
[31m+     connectionState,[39m
[31m+     setConnectionState,[39m
[31m+     cloudSessionVerified,[39m
[31m+     setCloudSessionVerified,[39m
[31m+   } = useSessionState();[39m
[31m+   const {[39m
[31m+     startupCookingGate,[39m
[31m+     setStartupCookingGate,[39m
[31m+     revealedBeatIds,[39m
[31m+     setRevealedBeatIds,[39m
[31m+     progressiveRevealRunRef,[39m
[31m+   } = useLibraryReveal({[39m
[31m+     initialCachedBeats: startupCachedBeatsRef.current ?? [],[39m
[31m+     filteredBeats,[39m
[31m+     loading,[39m
[31m+     settings,[39m
[31m+     cloudSessionVerified,[39m
[31m+     connectionState,[39m
[31m+     ensureArtworkReady,[39m
[31m+     startupCookingResolvedRef,[39m
[31m+     startupPipelineStartedRef,[39m
[31m+     nativeParallelism: isTauriAvailable ? 6 : 1,[39m
[31m+   });[39m
[31m+   const {[39m
[31m+     cloudFilesBeat,[39m
[31m+     cloudFiles,[39m
[31m+     cloudFilesBusyId,[39m
[31m+     cloudFilesDownloadedIds,[39m
[31m+     cloudFilesDownloadError,[39m
[31m+     cloudDownloadNotice,[39m
[31m+     handleCloudFiles,[39m
[31m+     handleGetCloudFile,[39m
[31m+     closeCloudFiles,[39m
[31m+     dismissDownloadError,[39m
[31m+   } = useBeatDownloads({ connectionState, beatRuntimeStatesRef, transitionRuntime });[39m
[31m+[39m
[31m+   const {[39m
[31m+     selectedIds,[39m
[31m+     selectMode,[39m
[31m+     toggleSelection,[39m
[31m+     toggleSelectAll,[39m
[31m+     finishSelection,[39m
[31m+     clearSelection,[39m
[31m+   } = useBeatSelection(beats);[39m
[31m+   const {[39m
[31m+     sensors,[39m
[31m+     activeDragId,[39m
[31m+     handleDragStart,[39m
[31m+     handleDragEnd,[39m
[31m+     handleDragCancel,[39m
[31m+   } = useLibraryReorder({ sortBy, setSortBy, setBeats });[39m
[31m+   const { state: audio, play, togglePause, seek, setVolume, releaseFile } = useAudio();[39m
[31m+   const { clearPlaybackPreparation, ensureWarmPlaybackUrl, handlePlay, handleWarm, invalidatePlaybackPreparation, waitForUploadedBeatPlaybackReady } = usePlaybackController({[39m
[31m+     audio,[39m
[31m+     play,[39m
[31m+     beatsLatestRef,[39m
[31m+     beatRuntimeStatesRef,[39m
[31m+     transitionRuntime,[39m
[31m+     setBeats,[39m
[31m+     cloudSessionVerified,[39m
[31m+     connectionState,[39m
[31m+     isBeatCloudUpdateBusy: beatId => beatCloudUpdateBusyIds.has(beatId),[39m
[31m+   });[39m
[31m+   const { offlineBusyIds, handleToggleOffline } = useOfflineAvailability({[39m
[31m+     connectionState,[39m
[31m+     audioPlayingId: audio.playingId,[39m
[31m+     releaseFile,[39m
[31m+     invalidatePlaybackPreparation,[39m
[31m+     ensureWarmPlaybackUrl,[39m
[31m+     beatRuntimeStatesRef,[39m
[31m+     transitionRuntime,[39m
[31m+     setBeats,[39m
[31m+     setDrawer,[39m
[31m+     setRevealedBeatIds,[39m
[31m+   });[39m
[31m+[39m
[31m+   // Keep a ref to togglePause so the keydown handler never goes stale[39m
[31m+   const togglePauseRef = useRef(togglePause);[39m
[31m+   useEffect(() => { togglePauseRef.current = togglePause; }, [togglePause]);[39m
[31m+[39m
[31m+   const rejectOfflineMutation = useCallback((action: string): boolean => {[39m
[31m+     if (connectionState === "online") return false;[39m
[31m+     void appAlert({[39m
[31m+       title: connectionState === "offline" ? "Offline" : "Connection unavailable",[39m
[31m+       message: `${action} requires an internet connection. Offline mode is read-only except for moving beats to Trash.`,[39m
[31m+     });[39m
[31m+     return true;[39m
[31m+   }, [connectionState]);[39m
[31m+[39m
[31m+   const { showUpload, setShowUpload, handleUpload, handleUploadBulk } = usePublishingActions({[39m
[31m+     selectedIds,[39m
[31m+     rejectOfflineMutation,[39m
[31m+   });[39m
[31m+[39m
[31m+   const {[39m
[31m+     reviewBootstrap,[39m
[31m+     reviewPreparationDone,[39m
[31m+     reviewPreparationPromiseRef,[39m
[31m+     deferredImportBatch,[39m
[31m+     setDeferredImportBatch,[39m
[31m+     importDroppedPaths,[39m
[31m+     cancelPendingReviewWork,[39m
[31m+     completeImmediateReviewPreparation,[39m
[31m+   } = useImportDiscovery({[39m
[31m+     dropImporting,[39m
[31m+     setDropImporting,[39m
[31m+     rejectOfflineMutation,[39m
[31m+     setDropActive,[39m
[31m+     setShowAdd,[39m
[31m+     setReviewQueue,[39m
[31m+     skippedReviewSourceKeysRef,[39m
[31m+     stagedImportPathsRef,[39m
[31m+     skeletonEnabled: REVIEW_SKELETON_ENABLED,[39m
[31m+   });[39m
[31m+[39m
[31m+   const {[39m
[31m+     backgroundUploadErrors,[39m
[31m+     cloudifyImportedBeats,[39m
[31m+     retryBackgroundUpload,[39m
[31m+     getQueuedBeatsSnapshot,[39m
[31m+     deferLibraryReloadIfUploading,[39m
[31m+     deferredLibraryReloadRef,[39m
[31m+   } = useCloudUploadQueue({[39m
[31m+     settings,[39m
[31m+     setSettings,[39m
[31m+     setConnectionState,[39m
[31m+     setBeats,[39m
[31m+     beatsLatestRef,[39m
[31m+     beatRuntimeStatesRef,[39m
[31m+     transitionRuntime,[39m
[31m+     cloudLibrarySnapshotRef,[39m
[31m+     waitForUploadedBeatPlaybackReady,[39m
[31m+     rejectOfflineMutation,[39m
[31m+     isReviewActive: () => reviewQueueLatestRef.current !== null,[39m
[31m+     hasProtectedStaging: () => stagedImportPathsRef.current.size > 0,[39m
[31m+   });[39m
[31m+[39m
[31m+[39m
[31m+   const { libraryRefreshing, reloadLibrary } = useLibraryReload({[39m
[31m+     telegramCloudConnected: Boolean(settings?.telegram_cloud_connected),[39m
[31m+     beatsLatestRef,[39m
[31m+     setBeats,[39m
[31m+     setConnectionState,[39m
[31m+     setCloudSessionVerified,[39m
[31m+     cloudMetaSnapshotRef,[39m
[31m+     cloudLibrarySnapshotRef,[39m
[31m+     startupCookingResolvedRef,[39m
[31m+     startupPipelineStartedRef,[39m
[31m+     progressiveRevealRunRef,[39m
[31m+     setRevealedBeatIds,[39m
[31m+     setStartupCookingGate,[39m
[31m+     setLoading,[39m
[31m+     deferLibraryReloadIfUploading,[39m
[31m+   });[39m
[31m+[39m
[31m+   const { interruptedUploadNotices, dismissInterruptedUploadNotices } = useStartupBootstrap({[39m
[31m+     startupCachedBeatsRef,[39m
[31m+     cloudMetaSnapshotRef,[39m
[31m+     cloudLibrarySnapshotRef,[39m
[31m+     startupCookingResolvedRef,[39m
[31m+     startupPipelineStartedRef,[39m
[31m+     startupEnginePrimeReadyRef,[39m
[31m+     progressiveRevealRunRef,[39m
[31m+     setBeats,[39m
[31m+     setSettings,[39m
[31m+     setSetupDone,[39m
[31m+     setLoading,[39m
[31m+     setConnectionState,[39m
[31m+     setCloudSessionVerified,[39m
[31m+     setStartupCookingGate,[39m
[31m+     setRevealedBeatIds,[39m
[31m+     clearReconciledTrashRuntimeStates,[39m
[31m+     dismissStartupLoader: dismissBeatGalerStartupLoader,[39m
[31m+   });[39m
[31m+[39m
[31m+[39m
[31m+ useConnectivity({[39m
[31m+   setupDone,[39m
[31m+   setConnectionState,[39m
[31m+   setCloudSessionVerified,[39m
[31m+   setSettings,[39m
[31m+   setBeats,[39m
[31m+   cloudMetaSnapshotRef,[39m
[31m+   cloudLibrarySnapshotRef,[39m
[31m+   startupCookingResolvedRef,[39m
[31m+   startupPipelineStartedRef,[39m
[31m+   startupEnginePrimeReadyRef,[39m
[31m+   progressiveRevealRunRef,[39m
[31m+   clearReconciledTrashRuntimeStates,[39m
[31m+   clearPlaybackPreparation,[39m
[31m+   clearArtworkHydration,[39m
[31m+   setStartupCookingGate,[39m
[31m+ });[39m
[31m+[39m
[31m+   useCustomCursor(settings?.custom_cursor_enabled ?? true);[39m
[31m+[39m
[31m+[39m
[31m+[39m
[31m+ // BeatGaler synchronization remains push-based. SSE only notifies the app;[39m
[31m+ // the extracted owner verifies authority before hydrating library state.[39m
[31m+ useCloudLibraryEvents({[39m
[31m+   setupDone,[39m
[31m+   beatgalerUserId: settings?.beatgaler_user_id ?? null,[39m
[31m+   setConnectionState,[39m
[31m+   setCloudSessionVerified,[39m
[31m+   setSettings,[39m
[31m+   setBeats,[39m
[31m+   cloudMetaSnapshotRef,[39m
[31m+   cloudLibrarySnapshotRef,[39m
[31m+   visibleLibraryFingerprintRef,[39m
[31m+   startupCookingResolvedRef,[39m
[31m+   startupPipelineStartedRef,[39m
[31m+   startupEnginePrimeReadyRef,[39m
[31m+   progressiveRevealRunRef,[39m
[31m+   clearReconciledTrashRuntimeStates,[39m
[31m+   clearArtworkHydration,[39m
[31m+   clearPlaybackPreparation,[39m
[31m+   setStartupCookingGate,[39m
[31m+ });[39m
[31m+[39m
[31m+   useLibraryPresentationCache([39m
[31m+     beats,[39m
[31m+     cloudSessionVerified,[39m
[31m+     settings,[39m
[31m+   );[39m
[31m+[39m
[31m+   useEffect(() => {[39m
[31m+     visibleLibraryFingerprintRef.current = libraryViewFingerprint(beats);[39m
[31m+     beatsLatestRef.current = beats;[39m
[31m+   }, [beats]);[39m
[31m+[39m
[31m+[39m
[31m+[39m
[31m+   // One-time recovery for a cloud-only library after Telegram login/startup.[39m
[31m+   // No timer, no permanent synchronization.[39m
[31m+   const beatGalerCloudRecoveryAttemptedRef = useRef(false);[39m
[31m+[39m
[31m+   const recoverTelegramLibraryOnceIfEmpty = useCallback(async () => {[39m
[31m+     if (beatGalerCloudRecoveryAttemptedRef.current) return;[39m
[31m+     if (beats.length !== 0) return;[39m
[31m+[39m
[31m+     beatGalerCloudRecoveryAttemptedRef.current = true;[39m
[31m+     try {[39m
[31m+       const restored = await libraryStateManager.reloadAuthoritative();[39m
[31m+       if (restored.length > 0) {[39m
[31m+         setBeats(current => current.length === 0 ? restored : current);[39m
[31m+       }[39m
[31m+     } catch (error) {[39m
[31m+       console.warn("Telegram library one-time recovery skipped:", error);[39m
[31m+     }[39m
[31m+   }, [beats.length]);[39m
[31m+[39m
[31m+   // IMPORTANT: an empty library is a valid, authoritative state (for example[39m
[31m+   // immediately after Remove All). Never infer "Telegram recovery" merely from[39m
[31m+   // beats.length === 0; doing so races the pending trash/index commit and can[39m
[31m+   // resurrect the just-removed cards with their artwork unloaded. Recovery is[39m
[31m+   // only allowed from explicit Telegram connection/startup flows below.[39m
[31m+[39m
[31m+   useEffect(() => {[39m
[31m+     const onTelegramConnected = (event: Event) => {[39m
[31m+       const detail = (event as CustomEvent<{ connected?: boolean; username?: string | null }>).detail;[39m
[31m+       if (!detail?.connected) return;[39m
[31m+[39m
[31m+       setSettings(current => current ? {[39m
[31m+         ...current,[39m
[31m+         telegram_cloud_connected: true,[39m
[31m+         telegram_cloud_username: detail.username ?? current.telegram_cloud_username ?? null,[39m
[31m+       } : current);[39m
[31m+[39m
[31m+       void recoverTelegramLibraryOnceIfEmpty();[39m
[31m+     };[39m
[31m+[39m
[31m+     window.addEventListener("beatgaler:telegram-connected", onTelegramConnected);[39m
[31m+     return () => window.removeEventListener("beatgaler:telegram-connected", onTelegramConnected);[39m
[31m+   }, [recoverTelegramLibraryOnceIfEmpty]);[39m
[31m+[39m
[31m+[39m
[31m+   const handleUploadTelegram = useCallback(async (beat: Beat) => {[39m
[31m+     if (rejectOfflineMutation("Uploading a beat")) return;[39m
[31m+     const existingCloudBeat = Boolean(beat.telegram_file_id);[39m
[31m+     transitionRuntime(beat.id, { type: existingCloudBeat ? "SYNC_QUEUE_UPDATE" : "SYNC_QUEUE_UPLOAD" }, beat);[39m
[31m+     transitionRuntime(beat.id, { type: existingCloudBeat ? "SYNC_UPDATE_STARTED" : "SYNC_UPLOAD_STARTED" }, beat);[39m
[31m+     try {[39m
[31m+       const updated = await uploadBeatToTelegram(beat);[39m
[31m+       await syncBeatMetadataToTelegram(updated);[39m
[31m+       transitionRuntime(updated.id, { type: existingCloudBeat ? "SYNC_UPDATE_SUCCEEDED" : "SYNC_UPLOAD_SUCCEEDED" }, updated);[39m
[31m+       setBeats(bs => bs.map(b => b.id === updated.id ? updated : b));[39m
[31m+     } catch (e: any) {[39m
[31m+       const message = sanitizeUserVisibleText(runtimeErrorMessage(e), "Cloud operation failed.");[39m
[31m+       if (existingCloudBeat && isRuntimeConflictError(e)) {[39m
[31m+         transitionRuntime(beat.id, { type: "SYNC_CONFLICT", message }, beat);[39m
[31m+       } else {[39m
[31m+         transitionRuntime(beat.id, { type: "SYNC_FAILED", code: "TELEGRAM_UPLOAD_FAILED", message, retryable: true }, beat);[39m
[31m+       }[39m
[31m+       await appAlert({[39m
[31m+         title: "Cloud upload failed",[39m
[31m+         message,[39m
[31m+         danger: true,[39m
[31m+       });[39m
[31m+     }[39m
[31m+   }, [rejectOfflineMutation, transitionRuntime]);[39m
[31m+[39m
[31m+   const handleDownloadTelegram = useCallback(async (_beat: Beat) => {[39m
[31m+     await appAlert({[39m
[31m+       title: "Cloud-only library",[39m
[31m+       message: "Files are fetched into temporary storage automatically when needed.",[39m
[31m+     });[39m
[31m+   }, []);[39m
[31m+[39m
[31m+[39m
[31m+   const handleEditBulk = useCallback(() => {[39m
[31m+     if (rejectOfflineMutation("Editing metadata")) return;[39m
[31m+     const firstSelected = beats.find(b => selectedIds.has(b.id));[39m
[31m+     if (firstSelected) setDrawer({ beat: firstSelected, mode: "edit" });[39m
[31m+   }, [beats, selectedIds, rejectOfflineMutation]);[39m
[31m+[39m
[31m+   const { deleteBeat, handleRemoveBulk, handleBeatRestored } = useTrashActions({[39m
[31m+     beats,[39m
[31m+     setBeats,[39m
[31m+     beatsLatestRef,[39m
[31m+     selectedIds,[39m
[31m+     clearSelection,[39m
[31m+     connectionState,[39m
[31m+     audioPlayingId: audio.playingId,[39m
[31m+     releaseFile,[39m
[31m+     beatRuntimeStatesRef,[39m
[31m+     transitionRuntime,[39m
[31m+     forgetRuntimeState,[39m
[31m+     cloudMetaSnapshotRef,[39m
[31m+     cloudLibrarySnapshotRef,[39m
[31m+     invalidateArtworkHydration,[39m
[31m+     ensureArtworkReady,[39m
[31m+   });[39m
[31m+[39m
[31m+   const addBeats = useCallback((newBeats: Beat[]) => {[39m
[31m+     setBeats(bs => {[39m
[31m+       const existing = new Set(bs.map(b => b.mp3_path));[39m
[31m+       const next = [...newBeats.filter(b => !existing.has(b.mp3_path)), ...bs];[39m
[31m+       beatsLatestRef.current = next;[39m
[31m+       return next;[39m
[31m+     });[39m
[31m+   }, []);[39m
[31m+[39m
[31m+   const addBeatsAndReview = useCallback((newBeats: Beat[]) => {[39m
[31m+     if (newBeats.length === 0) return;[39m
[31m+     if (connectionState !== "online") {[39m
[31m+       void appAlert({[39m
[31m+         title: "Internet connection required",[39m
[31m+         message: "BeatGaler does not import new beats while offline. Reconnect and import them again.",[39m
[31m+       });[39m
[31m+       void cleanupOrphanedDropStaging(beatsLatestRef.current);[39m
[31m+       return;[39m
[31m+     }[39m
[31m+     const sanitized = newBeats.map(beat => ({ ...beat, tags: cleanTags(beat.tags || []).tags }));[39m
[31m+[39m
[31m+     // Review candidates are NOT library beats yet.[39m
[31m+     // Keeping them out of `beats` means:[39m
[31m+     // 1) Cancel leaves absolutely nothing behind.[39m
[31m+     // 2) duplicate-name checks compare only against committed library items.[39m
[31m+     // 3) a re-dropped folder can never masquerade as an edit of the existing beat.[39m
[31m+     setShowAdd(false);[39m
[31m+     startReview(sanitized);[39m
[31m+     // Upload begins only after Review → Save.[39m
[31m+   }, [connectionState, startReview]);[39m
[31m+[39m
[31m+ const {[39m
[31m+   skipCurrentReviewBeat,[39m
[31m+   cancelReview,[39m
[31m+   handleReviewedBeatSaved,[39m
[31m+ } = useImportReview({[39m
[31m+   setBeats,[39m
[31m+   beatsLatestRef,[39m
[31m+   setReviewQueue,[39m
[31m+   skippedReviewSourceKeysRef,[39m
[31m+   cloudifyImportedBeats,[39m
[31m+   getQueuedBeatsSnapshot,[39m
[31m+   onCancelPendingWork: cancelPendingReviewWork,[39m
[31m+   releaseBeat: platform.capabilities.reviewBeatCloudCommit[39m
[31m+     ? beatId => platform.importer.releaseBeat(beatId)[39m
[31m+     : undefined,[39m
[31m+   discardBatch: batchId => discardImportReviewBatch(batchId),[39m
[31m+   cleanupStaging: protectedBeats => cleanupOrphanedDropStaging(protectedBeats),[39m
[31m+ });[39m
[31m+[39m
[31m+   const {[39m
[31m+     audioConflictBatch,[39m
[31m+     dropImportBatch,[39m
[31m+     resetImportResolutionState,[39m
[31m+     handleReviewedSaveAll,[39m
[31m+     cancelAudioConflicts,[39m
[31m+     resolveAudioConflicts,[39m
[31m+     closeImportDecisions,[39m
[31m+     importResolvedDecisions,[39m
[31m+   } = useImportSaveAll({[39m
[31m+     setBeats,[39m
[31m+     beatsLatestRef,[39m
[31m+     reviewQueue,[39m
[31m+     setReviewQueue,[39m
[31m+     reviewQueueLatestRef,[39m
[31m+     reviewBootstrap,[39m
[31m+     reviewPreparationDone,[39m
[31m+     reviewPreparationPromiseRef,[39m
[31m+     deferredImportBatch,[39m
[31m+     setDeferredImportBatch,[39m
[31m+     stagedImportPathsRef,[39m
[31m+     setDropImporting,[39m
[31m+     cloudifyImportedBeats,[39m
[31m+     addBeatsAndReview,[39m
[31m+   });[39m
[31m+[39m
[31m+   const { importDroppedBrowserFiles } = useBrowserImport({[39m
[31m+     dropImporting,[39m
[31m+     setDropImporting,[39m
[31m+     rejectOfflineMutation,[39m
[31m+     setDropActive,[39m
[31m+     setShowAdd,[39m
[31m+     setReviewQueue,[39m
[31m+     completeImmediateReviewPreparation,[39m
[31m+     resetImportResolutionState,[39m
[31m+   });[39m
[31m+[39m
[31m+   const updateExistingBeatFromFolder = useCallback(async (beat: Beat, folderPath: string): Promise<boolean> => {[39m
[31m+     if (rejectOfflineMutation("Updating beat files")) return true;[39m
[31m+     if (isBackupFolderPath(folderPath)) {[39m
[31m+       await appAlert({[39m
[31m+         title: "Backup folder skipped",[39m
[31m+         message: "BeatGaler keeps Backup/Backups folders out of PROJECT.zip so old project copies are not uploaded.",[39m
[31m+       });[39m
[31m+       return true;[39m
[31m+     }[39m
[31m+[39m
[31m+     const t = await import("./lib/tauri");[39m
[31m+[39m
[31m+     let preview;[39m
[31m+     try {[39m
[31m+       preview = await t.inspectBeatUpdateFolder(folderPath);[39m
[31m+     } catch {[39m
[31m+       return false;[39m
[31m+     }[39m
[31m+[39m
[31m+     let replaceMaster = false;[39m
[31m+     if (preview.has_mp3) {[39m
[31m+       const alreadyHasMaster = Boolean(beat.telegram_file_id) || Boolean(beat.mp3_path?.trim());[39m
[31m+       if (alreadyHasMaster) {[39m
[31m+         const incoming = preview.mp3_filename || "the incoming MP3";[39m
[31m+         const confirmed = window.confirm([39m
[31m+           `Replace current MASTER for "${beat.name}"?\n\n` +[39m
[31m+           `${incoming} will become the new MASTER.\n` +[39m
[31m+           `Its BPM, key, tags, rating and artwork will replace the current metadata.\n\n` +[39m
[31m+           `WAV and project files from this folder will also be added or updated.`[39m
[31m+         );[39m
[31m+         if (!confirmed) return true;[39m
[31m+       }[39m
[31m+       replaceMaster = true;[39m
[31m+     }[39m
[31m+[39m
[31m+     setBeatCloudUpdateBusy(beat.id, true);[39m
[31m+     const runtime = beatRuntimeStatesRef.current[beat.id] ?? createBeatRuntimeState(beat);[39m
[31m+     if (runtime.sync_state === "synced") transitionRuntime(beat.id, { type: "SYNC_QUEUE_UPDATE" }, beat);[39m
[31m+     transitionRuntime(beat.id, { type: "SYNC_UPDATE_STARTED" }, beat);[39m
[31m+     try {[39m
[31m+       let updated = await t.mergeFolderIntoExistingBeat(beat, folderPath, replaceMaster);[39m
[31m+       setBeats(bs => bs.map(b => b.id === beat.id ? updated : b));[39m
[31m+[39m
[31m+       if (replaceMaster) {[39m
[31m+         updated = await t.uploadBeatToTelegram(updated);[39m
[31m+         setBeats(bs => bs.map(b => b.id === beat.id ? updated : b));[39m
[31m+       }[39m
[31m+[39m
[31m+       if (preview.has_wav && updated.wav_path) {[39m
[31m+         await t.uploadDroppedFileToTelegram(updated, updated.wav_path, "WAV");[39m
[31m+       }[39m
[31m+[39m
[31m+       if (preview.has_project_assets) {[39m
[31m+         await t.uploadProjectToTelegram(updated);[39m
[31m+       }[39m
[31m+[39m
[31m+       if (replaceMaster && updated.telegram_file_id) {[39m
[31m+         await t.syncBeatMetadataToTelegram(updated);[39m
[31m+       }[39m
[31m+[39m
[31m+       window.dispatchEvent(new CustomEvent("beatgaler:project-cloud-updated", { detail: { beatId: beat.id } }));[39m
[31m+       await libraryStateManager.commitSnapshot(beatsLatestRef.current.map(item => item.id === beat.id ? updated : item), "metadata-update");[39m
[31m+       transitionRuntime(beat.id, { type: "SYNC_UPDATE_SUCCEEDED" }, updated);[39m
[31m+       setBeats(bs => bs.map(b => b.id === beat.id ? updated : b));[39m
[31m+       return true;[39m
[31m+     } catch (error) {[39m
[31m+       console.error(error);[39m
[31m+       const message = sanitizeUserVisibleText(runtimeErrorMessage(error), "Cloud operation failed.");[39m
[31m+       if (isRuntimeConflictError(error)) transitionRuntime(beat.id, { type: "SYNC_CONFLICT", message }, beat);[39m
[31m+       else transitionRuntime(beat.id, { type: "SYNC_FAILED", code: "FOLDER_UPDATE_FAILED", message, retryable: true }, beat);[39m
[31m+       alert(`Could not update "${beat.name}" from the dropped folder: ${message}`);[39m
[31m+       return true;[39m
[31m+     } finally {[39m
[31m+       setBeatCloudUpdateBusy(beat.id, false);[39m
[31m+     }[39m
[31m+   }, [rejectOfflineMutation, transitionRuntime]);[39m
[31m+[39m
[31m+   const { commitDrawerCloudMutation } = useDrawerCloudPersistence({[39m
[31m+   beats,[39m
[31m+   browserCloudEditing: platform.capabilities.browserCloudEditing,[39m
[31m+   connectionState,[39m
[31m+   cloudSessionVerified,[39m
[31m+   beatsLatestRef,[39m
[31m+   beatRuntimeStatesRef,[39m
[31m+   transitionRuntime,[39m
[31m+   cloudMetaSnapshotRef,[39m
[31m+   cloudLibraryTimerRef,[39m
[31m+   cloudLibrarySnapshotRef,[39m
[31m+ });[39m
[31m+[39m
[31m+   // V7: INDEX writes are explicit transactions only.[39m
[31m+   // There is deliberately no generic "beats changed => rewrite Telegram" observer.[39m
[31m+   // Upload, metadata, Trash/Restore and project/file operations commit through[39m
[31m+   // libraryStateManager at their actual logical commit boundary. This prevents[39m
[31m+   // render/cache hydration from becoming an accidental cloud mutation.[39m
[31m+[39m
[31m+   const {[39m
[31m+     handleIncompleteWarningsChanged,[39m
[31m+     handleCustomCursorChanged,[39m
[31m+     handleFolderChanged,[39m
[31m+     handleDisconnectTelegramAccount,[39m
[31m+   } = useSessionActions({[39m
[31m+     setSettings,[39m
[31m+     setCloudSessionVerified,[39m
[31m+     logoutAccount: logoutBeatGalerAccount,[39m
[31m+     releaseFile,[39m
[31m+     progressiveRevealRunRef,[39m
[31m+     clearPlaybackPreparation,[39m
[31m+     clearArtworkHydration,[39m
[31m+     setRevealedBeatIds,[39m
[31m+     setBeats,[39m
[31m+     clearSelection,[39m
[31m+   });[39m
[31m+[39m
[31m+   const updateBeat = useCallback((updated: Beat) => {[39m
[31m+     if (updated.telegram_file_id && connectionState === "online") {[39m
[31m+       const runtime = beatRuntimeStatesRef.current[updated.id] ?? createBeatRuntimeState(updated);[39m
[31m+       if (runtime.sync_state === "synced") transitionRuntime(updated.id, { type: "SYNC_QUEUE_UPDATE" }, updated);[39m
[31m+     }[39m
[31m+     setBeats(bs => bs.map(b => b.id === updated.id ? updated : b));[39m
[31m+     if (drawer?.beat.id === updated.id) setDrawer(d => d ? { ...d, beat: updated } : null);[39m
[31m+   }, [connectionState, drawer, transitionRuntime]);[39m
[31m+[39m
[31m+[39m
[31m+[39m
[31m+   const handleDropArtwork = useCallback(async (beat: Beat, imageBase64: string) => {[39m
[31m+     if (rejectOfflineMutation("Changing artwork")) return;[39m
[31m+[39m
[31m+     const updated = { ...beat, image_base64: imageBase64, image_preview_base64: null };[39m
[31m+[39m
[31m+     if (platform.capabilities.browserCloudEditing) {[39m
[31m+       // Publish the browser-decoded artwork immediately, then commit it through[39m
[31m+       // the Web editor/Direct transport. No Tauri metadata path participates.[39m
[31m+       updateBeat(updated);[39m
[31m+       transitionRuntime(updated.id, { type: "SYNC_UPDATE_STARTED" }, updated);[39m
[31m+       try {[39m
[31m+         const committed = await platform.editor.commit(beat, updated, {});[39m
[31m+         setBeats(current => {[39m
[31m+           const next = current.map(item => item.id === committed.id ? committed : item);[39m
[31m+           beatsLatestRef.current = next;[39m
[31m+           return next;[39m
[31m+         });[39m
[31m+         setDrawer(current => current?.beat.id === committed.id ? { ...current, beat: committed } : current);[39m
[31m+         transitionRuntime(updated.id, { type: "SYNC_UPDATE_SUCCEEDED" }, committed);[39m
[31m+       } catch (error) {[39m
[31m+         const message = sanitizeUserVisibleText(runtimeErrorMessage(error), "Cloud operation failed.");[39m
[31m+         transitionRuntime(updated.id, { type: "SYNC_FAILED", code: "ARTWORK_SYNC_FAILED", message, retryable: true }, updated);[39m
[31m+         throw error;[39m
[31m+       }[39m
[31m+       return;[39m
[31m+     }[39m
[31m+[39m
[31m+     // Desktop keeps its existing native metadata/artwork transaction.[39m
[31m+     await saveBeatMeta({[39m
[31m+       mp3_path: beat.mp3_path,[39m
[31m+       wav_path: beat.wav_path,[39m
[31m+       bpm: beat.bpm,[39m
[31m+       key: beat.key,[39m
[31m+       tags: beat.tags,[39m
[31m+       rating: beat.rating,[39m
[31m+       image_base64: imageBase64,[39m
[31m+       update_filename: false,[39m
[31m+     });[39m
[31m+[39m
[31m+     updateBeat(updated);[39m
[31m+[39m
[31m+     if (updated.telegram_file_id && connectionState === "online") {[39m
[31m+       const runtime = beatRuntimeStatesRef.current[updated.id] ?? createBeatRuntimeState(updated);[39m
[31m+       if (runtime.sync_state === "synced") transitionRuntime(updated.id, { type: "SYNC_QUEUE_UPDATE" }, updated);[39m
[31m+       transitionRuntime(updated.id, { type: "SYNC_UPDATE_STARTED" }, updated);[39m
[31m+       try {[39m
[31m+         await syncBeatMetadataToTelegram(updated);[39m
[31m+         const indexSnapshot = beatsLatestRef.current.map(item => item.id === updated.id ? updated : item);[39m
[31m+         await libraryStateManager.commitSnapshot(indexSnapshot, "upload-batch");[39m
[31m+         if (cloudLibraryTimerRef.current) {[39m
[31m+           window.clearTimeout(cloudLibraryTimerRef.current);[39m
[31m+           cloudLibraryTimerRef.current = null;[39m
[31m+         }[39m
[31m+         cloudLibrarySnapshotRef.current = indexSnapshot[39m
[31m+           .filter(item => !!item.telegram_file_id)[39m
[31m+           .map(cloudBeatFingerprint)[39m
[31m+           .join("\u001c");[39m
[31m+         cloudMetaSnapshotRef.current?.set(updated.id, cloudBeatFingerprint(updated));[39m
[31m+         transitionRuntime(updated.id, { type: "SYNC_UPDATE_SUCCEEDED" }, updated);[39m
[31m+       } catch (error) {[39m
[31m+         const message = sanitizeUserVisibleText(runtimeErrorMessage(error), "Cloud operation failed.");[39m
[31m+         transitionRuntime(updated.id, { type: "SYNC_FAILED", code: "ARTWORK_SYNC_FAILED", message, retryable: true }, updated);[39m
[31m+         throw error;[39m
[31m+       }[39m
[31m+     }[39m
[31m+   }, [updateBeat, rejectOfflineMutation, connectionState, transitionRuntime]);[39m
[31m+[39m
[31m+[39m
[31m+   const {[39m
[31m+     runBeatCloudUpdate,[39m
[31m+     startMasterAssetUpdate,[39m
[31m+     startWavAssetUpdate,[39m
[31m+     handleBrowserBeatAssetDrop,[39m
[31m+   } = useBeatAssetUpdates({[39m
[31m+     rejectOfflineMutation,[39m
[31m+     setBeatFileDrop,[39m
[31m+     setBeatCloudUpdateBusy,[39m
[31m+     beatRuntimeStatesRef,[39m
[31m+     transitionRuntime,[39m
[31m+     beatsLatestRef,[39m
[31m+     cloudLibrarySnapshotRef,[39m
[31m+     setBeats,[39m
[31m+     setDrawer,[39m
[31m+     waitForUploadedBeatPlaybackReady,[39m
[31m+   });[39m
[31m+[39m
[31m+   const {[39m
[31m+     openableCloudProjectIds,[39m
[31m+     projectUpdateNotice,[39m
[31m+     dismissProjectUpdateNotice,[39m
[31m+     hasStoredProject,[39m
[31m+     startProjectAssetUpdate,[39m
[31m+     handleAutoProjectDrop,[39m
[31m+     handleBrowserProjectDrop,[39m
[31m+     handleUploadProjectTelegram,[39m
[31m+     handleOpenProject,[39m
[31m+     handleUpdateProject,[39m
[31m+   } = useBeatProjects({[39m
[31m+     beats,[39m
[31m+     connectionState,[39m
[31m+     rejectOfflineMutation,[39m
[31m+     transitionRuntime,[39m
[31m+     beatsLatestRef,[39m
[31m+     setBeats,[39m
[31m+     setDrawer,[39m
[31m+     runBeatCloudUpdate,[39m
[31m+     setBeatCloudUpdateBusy,[39m
[31m+   });[39m
[31m+[39m
[31m+   const handleDroppedBeatFileRole = useCallback(async (role: DroppedBeatFileRole) => {[39m
[31m+     if (!beatFileDrop) return;[39m
[31m+     const { beat, filePath } = beatFileDrop;[39m
[31m+     const ext = extensionFromPath(filePath);[39m
[31m+[39m
[31m+     if (role === "loop" || role === "stems") return;[39m
[31m+[39m
[31m+     if (role === "main") {[39m
[31m+       if (ext !== "mp3") return;[39m
[31m+       startMasterAssetUpdate(beat, filePath);[39m
[31m+       return;[39m
[31m+     }[39m
[31m+[39m
[31m+     if (role === "wav") {[39m
[31m+       if (ext !== "wav") return;[39m
[31m+       startWavAssetUpdate(beat, filePath);[39m
[31m+       return;[39m
[31m+     }[39m
[31m+[39m
[31m+     if (role === "projectFolder") {[39m
[31m+       const existing = await hasStoredProject(beat).catch(() => false);[39m
[31m+       if (!existing) {[39m
[31m+         await cleanupStagedDropPaths([filePath]).catch(() => {});[39m
[31m+         setBeatFileDrop(null);[39m
[31m+         await appAlert({[39m
[31m+           title: "Project file required",[39m
[31m+           message: "Add a .flp, .als, .logicx, .ptx/.ptf file or a valid PROJECT ZIP first. Then folders can be added to that PROJECT.zip using their original folder name.",[39m
[31m+         });[39m
[31m+         return;[39m
[31m+       }[39m
[31m+       startProjectAssetUpdate(beat, filePath, "projectFolder");[39m
[31m+     }[39m
[31m+   }, [beatFileDrop, hasStoredProject, startMasterAssetUpdate, startProjectAssetUpdate, startWavAssetUpdate]);[39m
[31m+[39m
[31m+[39m
[31m+   useHtmlLibraryDrop({[39m
[31m+     nativeDropAvailable: isTauriAvailable,[39m
[31m+     browserFileImport: platform.capabilities.browserFileImport,[39m
[31m+     reviewSkeletonEnabled: REVIEW_SKELETON_ENABLED,[39m
[31m+     beatsLatestRef,[39m
[31m+     setDropActive,[39m
[31m+     setBeatCloudUpdateBusy,[39m
[31m+     setBeatFileDrop,[39m
[31m+     setLibraryDropStaging,[39m
[31m+     handleDropArtwork,[39m
[31m+     handleAutoProjectDrop,[39m
[31m+     handleBrowserBeatAssetDrop,[39m
[31m+     handleBrowserProjectDrop,[39m
[31m+     importDroppedBrowserFiles,[39m
[31m+     importDroppedPaths,[39m
[31m+   });[39m
[31m+[39m
[31m+   useNativeLibraryDrop({[39m
[31m+     nativeDropAvailable: isTauriAvailable,[39m
[31m+     reviewSkeletonEnabled: REVIEW_SKELETON_ENABLED,[39m
[31m+     beatsLatestRef,[39m
[31m+     setDropActive,[39m
[31m+     setBeatCloudUpdateBusy,[39m
[31m+     setBeatFileDrop,[39m
[31m+     setLibraryDropStaging,[39m
[31m+     handleDropArtwork,[39m
[31m+     handleAutoProjectDrop,[39m
[31m+     importDroppedPaths,[39m
[31m+   });[39m
[31m+[39m
[31m+   const applyBulkUpdate = useCallback((updates: Partial<Beat>, options?: { tagsMode?: "add" | "replace" | "remove" }) => {[39m
[31m+     setBeats(bs => bs.map(b => {[39m
[31m+       if (!selectedIds.has(b.id)) return b;[39m
[31m+       if (!updates.tags) return { ...b, ...updates };[39m
[31m+[39m
[31m+       const normalizedInput = Array.from(new Set([39m
[31m+         updates.tags.map(t => t.trim().toLowerCase()).filter(Boolean)[39m
[31m+       ));[39m
[31m+[39m
[31m+       if (options?.tagsMode === "replace") {[39m
[31m+         return { ...b, ...updates, tags: normalizedInput };[39m
[31m+       }[39m
[31m+[39m
[31m+       if (options?.tagsMode === "remove") {[39m
[31m+         const removeSet = new Set(normalizedInput);[39m
[31m+         const remainingTags = b.tags.filter(tag => !removeSet.has(tag.trim().toLowerCase()));[39m
[31m+         return { ...b, ...updates, tags: remainingTags };[39m
[31m+       }[39m
[31m+[39m
[31m+       const mergedTags = Array.from(new Set([39m
[31m+         [...b.tags, ...normalizedInput].map(t => t.trim().toLowerCase()).filter(Boolean)[39m
[31m+       ));[39m
[31m+       return { ...b, ...updates, tags: mergedTags };[39m
[31m+     }));[39m
[31m+     clearSelection();[39m
[31m+   }, [selectedIds]);[39m
[31m+[39m
[31m+[39m
[31m+   const tagColors = useTagColors();[39m
[31m+[39m
[31m+ const handleTagClick = useCallback((tag: string, e: React.MouseEvent) => {[39m
[31m+   toggleTagFilter(tag, e.altKey ? "exclude" : "include");[39m
[31m+ }, [toggleTagFilter]);[39m
[31m+[39m
[31m+   const tagFrequency = useMemo(() => selectTagFrequency(beats), [beats]);[39m
[31m+   const allTags = useMemo(() => selectAllTags(beats, tagFrequency), [beats, tagFrequency]);[39m
[31m+   const tagSuggestions = useMemo(() => selectTagSuggestions(beats), [beats]);[39m
[31m+   const displayedBeats = filteredBeats.filter(beat => revealedBeatIds.has(beat.id));[39m
[31m+[39m
[31m+   const {[39m
[31m+     shuffleEnabled,[39m
[31m+     repeatMode,[39m
[31m+     showQueue,[39m
[31m+     queuedBeats,[39m
[31m+     addToQueue,[39m
[31m+     handleNext,[39m
[31m+     handlePrev,[39m
[31m+     closeQueue,[39m
[31m+     toggleQueue,[39m
[31m+     toggleShuffle,[39m
[31m+     cycleRepeat,[39m
[31m+     playQueueIndex,[39m
[31m+   } = usePlaybackQueue({[39m
[31m+     beats,[39m
[31m+     displayedBeats,[39m
[31m+     playingId: audio.playingId,[39m
[31m+     progress: audio.progress,[39m
[31m+     endedSeq: audio.endedSeq,[39m
[31m+     handlePlay,[39m
[31m+     seek,[39m
[31m+     releaseFile,[39m
[31m+   });[39m
[31m+[39m
[31m+   useAppShortcuts({[39m
[31m+     togglePauseRef,[39m
[31m+     clearSelection,[39m
[31m+     setDrawer,[39m
[31m+     setShowAdd,[39m
[31m+     setShowSettings,[39m
[31m+     closeQueue,[39m
[31m+     setShowUpload,[39m
[31m+   });[39m
[31m+[39m
[31m+[39m
[31m+[39m
[31m+   const currentBeat = beats.find(b => b.id === audio.playingId);[39m
[31m+   const selectedBeats = beats.filter(b => selectedIds.has(b.id));[39m
[31m+   const activeDragBeat = activeDragId ? beats.find(b => b.id === activeDragId) ?? null : null;[39m
[31m+[39m
[31m+   return <AppShell scope={{ Event, HTMLElement, REVIEW_SKELETON_ENABLED, activeDragBeat, addBeatsAndReview, addToQueue, allTags, applyBulkUpdate, audio, audioConflictBatch, backTagRename, backgroundUploadErrors, beatFileDrop, beats, cancelAudioConflicts, cancelReview, cancelTagRename, clearSelection, clearTagFilters, closeCloudFiles, closeImportDecisions, cloudDownloadNotice, cloudFiles, cloudFilesBeat, cloudFilesBusyId, cloudFilesDownloadError, cloudFilesDownloadedIds, cloudSessionVerified, commitDrawerCloudMutation, confirmTagRename, connectionState, continueTagRename, currentBeat, cycleRepeat, deferredLibraryReloadRef, deleteBeat, dismissDownloadError, dismissInterruptedUploadNotices, dismissProjectUpdateNotice, displayedBeats, drawer, dropActive, dropImportBatch, dropImporting, excludedTags, filteredBeats, finishSelection, handleBeatRestored, handleCloudFiles, handleCustomCursorChanged, handleDisconnectTelegramAccount, handleDownloadTelegram, handleDragCancel, handleDragEnd, handleDragStart, handleDroppedBeatFileRole, handleEditBulk, handleFolderChanged, handleGetCloudFile, handleIncompleteWarningsChanged, handleNext, handleOpenProject, handlePlay, handlePrev, handleRemoveBulk, handleReviewedBeatSaved, handleReviewedSaveAll, handleTagClick, handleToggleOffline, handleUpdateProject, handleUpload, handleUploadBulk, handleUploadProjectTelegram, handleUploadTelegram, handleWarm, importResolvedDecisions, includedTags, interruptedUploadNotices, libraryDropStaging, libraryRefreshing, loading, offlineBusyIds, openTagRename, openableCloudProjectIds, playQueueIndex, projectUpdateNotice, queuedBeats, rejectOfflineMutation, releaseFile, reloadLibrary, repeatMode, resolveAudioConflicts, retryBackgroundUpload, revealedBeatIds, reviewBootstrap, reviewQueue, search, seek, selectMode, selectedBeats, selectedIds, sensors, setBeatFileDrop, setDrawer, setSearch, setShowAdd, setShowSettings, setShowUpload, setSortBy, setTagColorMenu, setTagRenameNewTag, setVolume, settings, showAdd, showQueue, showSettings, showUpload, shuffleEnabled, skipCurrentReviewBeat, sortBy, startupCookingGate, tagColorMenu, tagColors, tagFrequency, tagRename, tagRenameAffectedCount, tagRenameBusy, tagRenameError, tagRenameMp3Count, tagRenameWavCount, tagSuggestions, togglePause, toggleQueue, toggleSelectAll, toggleSelection, toggleShuffle, updateBeat }} />;[39m
[31m+ }[39m
[31m+[39m
[31m+[39m
[31m+ export default function App() {[39m
[31m+   return platform.kind === "web"[39m
[31m+     ? <BeatGalerApp />[39m
[31m+     : <AccountGate><BeatGalerApp /></AccountGate>;[39m
[31m+ }[39m
[31m+[39m

[36m [2m❯[22m tests/integration/appCloudUploadQueueExtraction.test.ts:[2m68:17[22m[39m
    [90m 66| [39m  it("keeps failed-upload retry connected to the checkpoint-aware queu…
    [90m 67| [39m    expect(queue).toContain('cloudifyImportedBeats([{ ...beat, cloud_s…
    [90m 68| [39m    [34mexpect[39m(app)[33m.[39m[34mtoContain[39m([32m"onRetryUpload={retryBackgroundUpload}"[39m)[33m;[39m
    [90m   | [39m                [31m^[39m
    [90m 69| [39m  })[33m;[39m
    [90m 70| [39m})[33m;[39m

[31m[2m⎯⎯⎯⎯⎯⎯⎯⎯⎯⎯⎯⎯⎯⎯⎯⎯⎯⎯⎯⎯⎯⎯⎯[2/10]⎯[22m[39m

[41m[1m FAIL [22m[49m tests/integration/appImportSaveAllExtraction.test.ts[2m > [22mtask 7.3 Save All/conflict extraction[2m > [22msurfaces native conflicts only after normal Review and keeps staging protected across resolution
[31m[1mAssertionError[22m: expected 'import React, { useState, useCallback…' to contain '<ImportResolutionHost'[39m

[32m- Expected[39m
[31m+ Received[39m

[32m- <ImportResolutionHost[39m
[31m+ import React, { useState, useCallback, useEffect, useRef, useMemo } from "react";[39m
[31m+ import type { Beat } from "./types";[39m
[31m+ import BeatCard from "./components/BeatCard";[39m
[31m+ import Drawer from "./components/Drawer";[39m
[31m+ import Player from "./components/Player";[39m
[31m+ import AddBeatModal from "./components/AddBeatModal";[39m
[31m+ import SettingsPanel from "./components/SettingsPanel";[39m
[31m+ import AccountGate, { logoutBeatGalerAccount } from "./components/AccountGate";[39m
[31m+ import UploadModal from "./components/UploadModal";[39m
[31m+ import JobStatusBar from "./components/JobStatusBar";[39m
[31m+ import { PlusIcon, Artwork } from "./components/ui";[39m
[31m+ import { useAudio } from "./hooks/useAudio";[39m
[31m+ import { loadLibrary, readBeatMeta, saveBeatMeta, discardImportReviewBatch, uploadBeatToTelegram, downloadBeatFromTelegram, prepareBeatForPlayback, warmBeatForPlayback, getDownloadCookingStatus, downloadCookingDiagnosticEvent, uploadProjectToTelegram, uploadDroppedFileToTelegram, downloadCloudFileToCache, downloadProjectToCache, revealInExplorer, syncBeatMetadataToTelegram, copyExportFile, copyAudioMetadata, prepareUniqueExportFolder, type CloudFileType, isTauriAvailable } from "./lib/tauri";[39m
[31m+ import { libraryStateManager } from "./lib/libraryStateManager";[39m
[31m+ import { platform } from "./platform";[39m
[31m+ import { DndContext, DragOverlay, closestCenter } from "@dnd-kit/core";[39m
[31m+ import { SortableContext, rectSortingStrategy } from "@dnd-kit/sortable";[39m
[31m+ import { appAlert, appConfirm } from "./lib/dialog";[39m
[31m+ import { sanitizeUserVisibleText } from "./lib/userVisibleError";[39m
[31m+ import { useTagColors, setTagColor } from "./lib/tagColors";[39m
[31m+ import { registerJob, updateJob } from "./lib/jobStore";[39m
[31m+ import { cleanTags } from "./lib/metadataValidation";[39m
[31m+ import { cleanupOrphanedDropStaging, cleanupStagedDropPaths } from "./features/dragdrop/dropStaging";[39m
[31m+ import CloudFilesModal from "./features/downloads/components/CloudFilesModal";[39m
[31m+ import { useBeatDownloads } from "./features/downloads/useBeatDownloads";[39m
[31m+ import BeatFileDropModal, { type DroppedBeatFileRole } from "./features/dragdrop/components/BeatFileDropModal";[39m
[31m+ import SearchBar from "./features/library/components/SearchBar";[39m
[31m+ import SortMenu from "./features/library/components/SortMenu";[39m
[31m+ import TagColorMenu from "./features/tags/components/TagColorMenu";[39m
[31m+ import { useArtworkHydration } from "./features/artwork/useArtworkHydration";[39m
[31m+ import { useCloudUploadQueue } from "./features/cloud/useCloudUploadQueue";[39m
[31m+ import ImportReviewHost, { ImportResolutionHost } from "./features/import/components/ImportReviewHost";[39m
[31m+ import { useImportSession } from "./features/import/useImportSession";[39m
[31m+ import { useImportReview } from "./features/import/useImportReview";[39m
[31m+ import { useImportDiscovery } from "./features/import/useImportDiscovery";[39m
[31m+ import { useImportSaveAll } from "./features/import/useImportSaveAll";[39m
[31m+ import { useBrowserImport } from "./features/import/useBrowserImport";[39m
[31m+ import { extensionFromPath, fileNameFromPath, isBackupFolderPath } from "./features/dragdrop/pathHelpers";[39m
[31m+ import { useHtmlLibraryDrop } from "./features/dragdrop/useHtmlLibraryDrop";[39m
[31m+ import { useNativeLibraryDrop } from "./features/dragdrop/useNativeLibraryDrop";[39m
[31m+ import { cloudBeatFingerprint, drawerMetadataCommitFingerprint, libraryViewFingerprint } from "./features/library/libraryFingerprints";[39m
[31m+ import { clearUploadPreviewCache, preserveLoadedArtwork } from "./features/library/libraryPresentationCache";[39m
[31m+ import { selectFilteredAndSortedBeats } from "./features/library/librarySelectors";[39m
[31m+ import { useLibraryViewState } from "./features/library/useLibraryViewState";[39m
[31m+ import { useLibraryReorder } from "./features/library/useLibraryReorder";[39m
[31m+ import { useBeatSelection } from "./features/selection/useBeatSelection";[39m
[31m+ import { selectAllTags, selectTagFrequency, selectTagSuggestions } from "./features/tags/tagSelectors";[39m
[31m+ import { useTagFilters } from "./features/tags/useTagFilters";[39m
[31m+ import { useTagRename } from "./features/tags/useTagRename";[39m
[31m+ import TagRenameDialog from "./features/tags/components/TagRenameDialog";[39m
[31m+ import { useLibraryPresentationCache, useLibraryState } from "./features/library/useLibraryState";[39m
[31m+ import { useLibraryReload } from "./features/library/useLibraryReload";[39m
[31m+ import { useStartupBootstrap } from "./features/startup/useStartupBootstrap";[39m
[31m+ import { useLibraryReveal } from "./features/startup/useLibraryReveal";[39m
[31m+ import { dismissBeatGalerStartupLoader } from "./features/startup/startupLoader";[39m
[31m+ import { useWebPlaybackSortRouting } from "./features/playback/useWebPlaybackSortRouting";[39m
[31m+ import { usePlaybackController } from "./features/playback/usePlaybackController";[39m
[31m+ import { usePlaybackQueue } from "./features/playback/usePlaybackQueue";[39m
[31m+ import { useDrawerCloudPersistence } from "./features/edit/useDrawerCloudPersistence";[39m
[31m+ import { useBeatAssetUpdates } from "./features/edit/useBeatAssetUpdates";[39m
[31m+ import { useBeatProjects } from "./features/projects/useBeatProjects";[39m
[31m+ import { useOfflineAvailability } from "./features/offline/useOfflineAvailability";[39m
[31m+ import { useTrashActions } from "./features/trash/useTrashActions";[39m
[31m+ import { useWebLibraryReconciled } from "./features/library/useWebLibraryReconciled";[39m
[31m+ import { createBeatRuntimeState } from "./features/state/beatRuntimeState";[39m
[31m+ import { useBeatRuntimeRegistry } from "./features/state/useBeatRuntimeRegistry";[39m
[31m+ import { useSessionState } from "./features/session/useSessionState";[39m
[31m+ import { useSessionActions } from "./features/session/useSessionActions";[39m
[31m+ import { useCustomCursor } from "./features/session/useCustomCursor";[39m
[31m+ import { useConnectivity } from "./features/session/useConnectivity";[39m
[31m+ import { useCloudLibraryEvents } from "./features/cloud/useCloudLibraryEvents";[39m
[31m+ import AppShell from "./app/AppShell";[39m
[31m+ import { useAppShortcuts } from "./app/useAppShortcuts";[39m
[31m+ import { usePublishingActions } from "./features/publishing/usePublishingActions";[39m
[31m+[39m
[31m+ // Intentionally isolated: if real-world timings prove the skeleton unnecessary,[39m
[31m+ // flipping/removing this one constant deletes the visual layer without touching[39m
[31m+ // the staged Review architecture underneath it.[39m
[31m+ const REVIEW_SKELETON_ENABLED = true;[39m
[31m+[39m
[31m+ const beatCloudUpdateBusyIds = new Set<string>();[39m
[31m+[39m
[31m+ function setBeatCloudUpdateBusy(beatId: string, active: boolean, success = false) {[39m
[31m+   if (active) beatCloudUpdateBusyIds.add(beatId);[39m
[31m+   else beatCloudUpdateBusyIds.delete(beatId);[39m
[31m+   window.dispatchEvent(new CustomEvent("beatgaler:beat-cloud-busy", {[39m
[31m+     detail: { beatId, active, success }[39m
[31m+   }));[39m
[31m+ }[39m
[31m+[39m
[31m+ function formatCloudBytes(bytes: number) {[39m
[31m+   if (!bytes) return "0 B";[39m
[31m+   const units = ["B", "KB", "MB", "GB"];[39m
[31m+   let n = bytes; let i = 0;[39m
[31m+   while (n >= 1024 && i < units.length - 1) { n /= 1024; i++; }[39m
[31m+   return `${n.toFixed(i === 0 ? 0 : 1)} ${units[i]}`;[39m
[31m+ }[39m
[31m+[39m
[31m+ function runtimeErrorMessage(error: unknown): string {[39m
[31m+   return error instanceof Error ? error.message : String(error);[39m
[31m+ }[39m
[31m+[39m
[31m+ function isRuntimeConflictError(error: unknown): boolean {[39m
[31m+   const message = runtimeErrorMessage(error).toLowerCase();[39m
[31m+   return message.includes("409") || message.includes("conflict") || message.includes("revision mismatch") || message.includes("version mismatch");[39m
[31m+ }[39m
[31m+[39m
[31m+ function BeatGalerApp() {[39m
[31m+   const {[39m
[31m+     beats,[39m
[31m+     setBeats,[39m
[31m+     beatsLatestRef,[39m
[31m+     startupCachedBeatsRef,[39m
[31m+     initialLoading,[39m
[31m+   } = useLibraryState();[39m
[31m+   const cloudMetaSnapshotRef = useRef<Map<string, string> | null>(null);[39m
[31m+   const cloudLibraryTimerRef = useRef<number | null>(null);[39m
[31m+   const cloudLibrarySnapshotRef = useRef<string | null>(null);[39m
[31m+   const visibleLibraryFingerprintRef = useRef<string>("");[39m
[31m+   const {[39m
[31m+     beatRuntimeStates,[39m
[31m+     beatRuntimeStatesRef,[39m
[31m+     transitionRuntime,[39m
[31m+     forgetRuntimeState,[39m
[31m+     clearReconciledTrashRuntimeStates,[39m
[31m+   } = useBeatRuntimeRegistry(beats, beatsLatestRef);[39m
[31m+   const stagedImportPathsRef = useRef<Map<string, string[]>>(new Map());[39m
[31m+   const [loading, setLoading] = useState(() => initialLoading);[39m
[31m+   const startupCookingResolvedRef = useRef(false);[39m
[31m+   const startupPipelineStartedRef = useRef(false);[39m
[31m+   const startupEnginePrimeReadyRef = useRef(false);[39m
[31m+   const handleArtworkHydratedFromNetwork = useCallback((next: Beat[], beatId: string) => {[39m
[31m+     const hydrated = next.find(item => item.id === beatId);[39m
[31m+     if (hydrated && cloudMetaSnapshotRef.current) {[39m
[31m+       cloudMetaSnapshotRef.current.set(beatId, cloudBeatFingerprint(hydrated));[39m
[31m+     }[39m
[31m+     if (cloudLibrarySnapshotRef.current !== null) {[39m
[31m+       cloudLibrarySnapshotRef.current = next[39m
[31m+         .filter(item => !!item.telegram_file_id)[39m
[31m+         .map(cloudBeatFingerprint)[39m
[31m+         .join("\u001c");[39m
[31m+     }[39m
[31m+   }, []);[39m
[31m+   const { ensureArtworkReady, clearArtworkHydration, invalidateArtworkHydration } = useArtworkHydration({[39m
[31m+     setBeats,[39m
[31m+     onNetworkHydrated: handleArtworkHydratedFromNetwork,[39m
[31m+   });[39m
[31m+   const { search, setSearch, sortBy, setSortBy } = useLibraryViewState();[39m
[31m+   const {[39m
[31m+     includedTags,[39m
[31m+     excludedTags,[39m
[31m+     clearTagFilters,[39m
[31m+     toggleTagFilter,[39m
[31m+     replaceTagFilter,[39m
[31m+   } = useTagFilters();[39m
[31m+   const filteredBeats = selectFilteredAndSortedBeats([39m
[31m+     beats,[39m
[31m+     search,[39m
[31m+     includedTags,[39m
[31m+     excludedTags,[39m
[31m+     sortBy,[39m
[31m+   );[39m
[31m+[39m
[31m+   const [tagColorMenu, setTagColorMenu] = useState<{ tag: string; x: number; y: number } | null>(null);[39m
[31m+   const {[39m
[31m+     tagRename, tagRenameBusy, tagRenameError, affectedCount: tagRenameAffectedCount,[39m
[31m+     affectedMp3Count: tagRenameMp3Count, affectedWavCount: tagRenameWavCount,[39m
[31m+     openTagRename, setNewTag: setTagRenameNewTag, continueTagRename, backTagRename,[39m
[31m+     cancelTagRename, confirmTagRename,[39m
[31m+   } = useTagRename({ beats, setBeats, replaceTagFilter });[39m
[31m+   useWebPlaybackSortRouting(sortBy, beats, platform.kind === "web");[39m
[31m+   const onWebLibraryReconciled = useCallback((incoming: Beat[]) => {[39m
[31m+     setBeats(current => {[39m
[31m+       const next = preserveLoadedArtwork(incoming, current);[39m
[31m+       beatsLatestRef.current = next;[39m
[31m+       return next;[39m
[31m+     });[39m
[31m+   }, []);[39m
[31m+   useWebLibraryReconciled(platform.kind === "web", onWebLibraryReconciled);[39m
[31m+   const [drawer, setDrawer] = useState<{ beat: Beat; mode: "detail" | "edit" } | null>(null);[39m
[31m+   const [showAdd, setShowAdd] = useState(false);[39m
[31m+   const [dropActive, setDropActive] = useState(false);[39m
[31m+   const [dropImporting, setDropImporting] = useState(false);[39m
[31m+   // Covers the WebView2 staging window that happens BEFORE importDroppedPaths[39m
[31m+   // receives native paths. Without this state, the app can look frozen while[39m
[31m+   // large dropped files are being copied into drop-staging.[39m
[31m+   const [libraryDropStaging, setLibraryDropStaging] = useState(false);[39m
[31m+   const [beatFileDrop, setBeatFileDrop] = useState<{ beat: Beat; filePath: string; kind: "file" | "directory" } | null>(null);[39m
[31m+   const {[39m
[31m+     reviewQueue,[39m
[31m+     setReviewQueue,[39m
[31m+     reviewQueueLatestRef,[39m
[31m+     skippedReviewSourceKeysRef,[39m
[31m+     startReview,[39m
[31m+   } = useImportSession();[39m
[31m+   const [showSettings, setShowSettings] = useState(false);[39m
[31m+   const {[39m
[31m+     settings,[39m
[31m+     setSettings,[39m
[31m+     setupDone,[39m
[31m+     setSetupDone,[39m
[31m+     connectionState,[39m
[31m+     setConnectionState,[39m
[31m+     cloudSessionVerified,[39m
[31m+     setCloudSessionVerified,[39m
[31m+   } = useSessionState();[39m
[31m+   const {[39m
[31m+     startupCookingGate,[39m
[31m+     setStartupCookingGate,[39m
[31m+     revealedBeatIds,[39m
[31m+     setRevealedBeatIds,[39m
[31m+     progressiveRevealRunRef,[39m
[31m+   } = useLibraryReveal({[39m
[31m+     initialCachedBeats: startupCachedBeatsRef.current ?? [],[39m
[31m+     filteredBeats,[39m
[31m+     loading,[39m
[31m+     settings,[39m
[31m+     cloudSessionVerified,[39m
[31m+     connectionState,[39m
[31m+     ensureArtworkReady,[39m
[31m+     startupCookingResolvedRef,[39m
[31m+     startupPipelineStartedRef,[39m
[31m+     nativeParallelism: isTauriAvailable ? 6 : 1,[39m
[31m+   });[39m
[31m+   const {[39m
[31m+     cloudFilesBeat,[39m
[31m+     cloudFiles,[39m
[31m+     cloudFilesBusyId,[39m
[31m+     cloudFilesDownloadedIds,[39m
[31m+     cloudFilesDownloadError,[39m
[31m+     cloudDownloadNotice,[39m
[31m+     handleCloudFiles,[39m
[31m+     handleGetCloudFile,[39m
[31m+     closeCloudFiles,[39m
[31m+     dismissDownloadError,[39m
[31m+   } = useBeatDownloads({ connectionState, beatRuntimeStatesRef, transitionRuntime });[39m
[31m+[39m
[31m+   const {[39m
[31m+     selectedIds,[39m
[31m+     selectMode,[39m
[31m+     toggleSelection,[39m
[31m+     toggleSelectAll,[39m
[31m+     finishSelection,[39m
[31m+     clearSelection,[39m
[31m+   } = useBeatSelection(beats);[39m
[31m+   const {[39m
[31m+     sensors,[39m
[31m+     activeDragId,[39m
[31m+     handleDragStart,[39m
[31m+     handleDragEnd,[39m
[31m+     handleDragCancel,[39m
[31m+   } = useLibraryReorder({ sortBy, setSortBy, setBeats });[39m
[31m+   const { state: audio, play, togglePause, seek, setVolume, releaseFile } = useAudio();[39m
[31m+   const { clearPlaybackPreparation, ensureWarmPlaybackUrl, handlePlay, handleWarm, invalidatePlaybackPreparation, waitForUploadedBeatPlaybackReady } = usePlaybackController({[39m
[31m+     audio,[39m
[31m+     play,[39m
[31m+     beatsLatestRef,[39m
[31m+     beatRuntimeStatesRef,[39m
[31m+     transitionRuntime,[39m
[31m+     setBeats,[39m
[31m+     cloudSessionVerified,[39m
[31m+     connectionState,[39m
[31m+     isBeatCloudUpdateBusy: beatId => beatCloudUpdateBusyIds.has(beatId),[39m
[31m+   });[39m
[31m+   const { offlineBusyIds, handleToggleOffline } = useOfflineAvailability({[39m
[31m+     connectionState,[39m
[31m+     audioPlayingId: audio.playingId,[39m
[31m+     releaseFile,[39m
[31m+     invalidatePlaybackPreparation,[39m
[31m+     ensureWarmPlaybackUrl,[39m
[31m+     beatRuntimeStatesRef,[39m
[31m+     transitionRuntime,[39m
[31m+     setBeats,[39m
[31m+     setDrawer,[39m
[31m+     setRevealedBeatIds,[39m
[31m+   });[39m
[31m+[39m
[31m+   // Keep a ref to togglePause so the keydown handler never goes stale[39m
[31m+   const togglePauseRef = useRef(togglePause);[39m
[31m+   useEffect(() => { togglePauseRef.current = togglePause; }, [togglePause]);[39m
[31m+[39m
[31m+   const rejectOfflineMutation = useCallback((action: string): boolean => {[39m
[31m+     if (connectionState === "online") return false;[39m
[31m+     void appAlert({[39m
[31m+       title: connectionState === "offline" ? "Offline" : "Connection unavailable",[39m
[31m+       message: `${action} requires an internet connection. Offline mode is read-only except for moving beats to Trash.`,[39m
[31m+     });[39m
[31m+     return true;[39m
[31m+   }, [connectionState]);[39m
[31m+[39m
[31m+   const { showUpload, setShowUpload, handleUpload, handleUploadBulk } = usePublishingActions({[39m
[31m+     selectedIds,[39m
[31m+     rejectOfflineMutation,[39m
[31m+   });[39m
[31m+[39m
[31m+   const {[39m
[31m+     reviewBootstrap,[39m
[31m+     reviewPreparationDone,[39m
[31m+     reviewPreparationPromiseRef,[39m
[31m+     deferredImportBatch,[39m
[31m+     setDeferredImportBatch,[39m
[31m+     importDroppedPaths,[39m
[31m+     cancelPendingReviewWork,[39m
[31m+     completeImmediateReviewPreparation,[39m
[31m+   } = useImportDiscovery({[39m
[31m+     dropImporting,[39m
[31m+     setDropImporting,[39m
[31m+     rejectOfflineMutation,[39m
[31m+     setDropActive,[39m
[31m+     setShowAdd,[39m
[31m+     setReviewQueue,[39m
[31m+     skippedReviewSourceKeysRef,[39m
[31m+     stagedImportPathsRef,[39m
[31m+     skeletonEnabled: REVIEW_SKELETON_ENABLED,[39m
[31m+   });[39m
[31m+[39m
[31m+   const {[39m
[31m+     backgroundUploadErrors,[39m
[31m+     cloudifyImportedBeats,[39m
[31m+     retryBackgroundUpload,[39m
[31m+     getQueuedBeatsSnapshot,[39m
[31m+     deferLibraryReloadIfUploading,[39m
[31m+     deferredLibraryReloadRef,[39m
[31m+   } = useCloudUploadQueue({[39m
[31m+     settings,[39m
[31m+     setSettings,[39m
[31m+     setConnectionState,[39m
[31m+     setBeats,[39m
[31m+     beatsLatestRef,[39m
[31m+     beatRuntimeStatesRef,[39m
[31m+     transitionRuntime,[39m
[31m+     cloudLibrarySnapshotRef,[39m
[31m+     waitForUploadedBeatPlaybackReady,[39m
[31m+     rejectOfflineMutation,[39m
[31m+     isReviewActive: () => reviewQueueLatestRef.current !== null,[39m
[31m+     hasProtectedStaging: () => stagedImportPathsRef.current.size > 0,[39m
[31m+   });[39m
[31m+[39m
[31m+[39m
[31m+   const { libraryRefreshing, reloadLibrary } = useLibraryReload({[39m
[31m+     telegramCloudConnected: Boolean(settings?.telegram_cloud_connected),[39m
[31m+     beatsLatestRef,[39m
[31m+     setBeats,[39m
[31m+     setConnectionState,[39m
[31m+     setCloudSessionVerified,[39m
[31m+     cloudMetaSnapshotRef,[39m
[31m+     cloudLibrarySnapshotRef,[39m
[31m+     startupCookingResolvedRef,[39m
[31m+     startupPipelineStartedRef,[39m
[31m+     progressiveRevealRunRef,[39m
[31m+     setRevealedBeatIds,[39m
[31m+     setStartupCookingGate,[39m
[31m+     setLoading,[39m
[31m+     deferLibraryReloadIfUploading,[39m
[31m+   });[39m
[31m+[39m
[31m+   const { interruptedUploadNotices, dismissInterruptedUploadNotices } = useStartupBootstrap({[39m
[31m+     startupCachedBeatsRef,[39m
[31m+     cloudMetaSnapshotRef,[39m
[31m+     cloudLibrarySnapshotRef,[39m
[31m+     startupCookingResolvedRef,[39m
[31m+     startupPipelineStartedRef,[39m
[31m+     startupEnginePrimeReadyRef,[39m
[31m+     progressiveRevealRunRef,[39m
[31m+     setBeats,[39m
[31m+     setSettings,[39m
[31m+     setSetupDone,[39m
[31m+     setLoading,[39m
[31m+     setConnectionState,[39m
[31m+     setCloudSessionVerified,[39m
[31m+     setStartupCookingGate,[39m
[31m+     setRevealedBeatIds,[39m
[31m+     clearReconciledTrashRuntimeStates,[39m
[31m+     dismissStartupLoader: dismissBeatGalerStartupLoader,[39m
[31m+   });[39m
[31m+[39m
[31m+[39m
[31m+ useConnectivity({[39m
[31m+   setupDone,[39m
[31m+   setConnectionState,[39m
[31m+   setCloudSessionVerified,[39m
[31m+   setSettings,[39m
[31m+   setBeats,[39m
[31m+   cloudMetaSnapshotRef,[39m
[31m+   cloudLibrarySnapshotRef,[39m
[31m+   startupCookingResolvedRef,[39m
[31m+   startupPipelineStartedRef,[39m
[31m+   startupEnginePrimeReadyRef,[39m
[31m+   progressiveRevealRunRef,[39m
[31m+   clearReconciledTrashRuntimeStates,[39m
[31m+   clearPlaybackPreparation,[39m
[31m+   clearArtworkHydration,[39m
[31m+   setStartupCookingGate,[39m
[31m+ });[39m
[31m+[39m
[31m+   useCustomCursor(settings?.custom_cursor_enabled ?? true);[39m
[31m+[39m
[31m+[39m
[31m+[39m
[31m+ // BeatGaler synchronization remains push-based. SSE only notifies the app;[39m
[31m+ // the extracted owner verifies authority before hydrating library state.[39m
[31m+ useCloudLibraryEvents({[39m
[31m+   setupDone,[39m
[31m+   beatgalerUserId: settings?.beatgaler_user_id ?? null,[39m
[31m+   setConnectionState,[39m
[31m+   setCloudSessionVerified,[39m
[31m+   setSettings,[39m
[31m+   setBeats,[39m
[31m+   cloudMetaSnapshotRef,[39m
[31m+   cloudLibrarySnapshotRef,[39m
[31m+   visibleLibraryFingerprintRef,[39m
[31m+   startupCookingResolvedRef,[39m
[31m+   startupPipelineStartedRef,[39m
[31m+   startupEnginePrimeReadyRef,[39m
[31m+   progressiveRevealRunRef,[39m
[31m+   clearReconciledTrashRuntimeStates,[39m
[31m+   clearArtworkHydration,[39m
[31m+   clearPlaybackPreparation,[39m
[31m+   setStartupCookingGate,[39m
[31m+ });[39m
[31m+[39m
[31m+   useLibraryPresentationCache([39m
[31m+     beats,[39m
[31m+     cloudSessionVerified,[39m
[31m+     settings,[39m
[31m+   );[39m
[31m+[39m
[31m+   useEffect(() => {[39m
[31m+     visibleLibraryFingerprintRef.current = libraryViewFingerprint(beats);[39m
[31m+     beatsLatestRef.current = beats;[39m
[31m+   }, [beats]);[39m
[31m+[39m
[31m+[39m
[31m+[39m
[31m+   // One-time recovery for a cloud-only library after Telegram login/startup.[39m
[31m+   // No timer, no permanent synchronization.[39m
[31m+   const beatGalerCloudRecoveryAttemptedRef = useRef(false);[39m
[31m+[39m
[31m+   const recoverTelegramLibraryOnceIfEmpty = useCallback(async () => {[39m
[31m+     if (beatGalerCloudRecoveryAttemptedRef.current) return;[39m
[31m+     if (beats.length !== 0) return;[39m
[31m+[39m
[31m+     beatGalerCloudRecoveryAttemptedRef.current = true;[39m
[31m+     try {[39m
[31m+       const restored = await libraryStateManager.reloadAuthoritative();[39m
[31m+       if (restored.length > 0) {[39m
[31m+         setBeats(current => current.length === 0 ? restored : current);[39m
[31m+       }[39m
[31m+     } catch (error) {[39m
[31m+       console.warn("Telegram library one-time recovery skipped:", error);[39m
[31m+     }[39m
[31m+   }, [beats.length]);[39m
[31m+[39m
[31m+   // IMPORTANT: an empty library is a valid, authoritative state (for example[39m
[31m+   // immediately after Remove All). Never infer "Telegram recovery" merely from[39m
[31m+   // beats.length === 0; doing so races the pending trash/index commit and can[39m
[31m+   // resurrect the just-removed cards with their artwork unloaded. Recovery is[39m
[31m+   // only allowed from explicit Telegram connection/startup flows below.[39m
[31m+[39m
[31m+   useEffect(() => {[39m
[31m+     const onTelegramConnected = (event: Event) => {[39m
[31m+       const detail = (event as CustomEvent<{ connected?: boolean; username?: string | null }>).detail;[39m
[31m+       if (!detail?.connected) return;[39m
[31m+[39m
[31m+       setSettings(current => current ? {[39m
[31m+         ...current,[39m
[31m+         telegram_cloud_connected: true,[39m
[31m+         telegram_cloud_username: detail.username ?? current.telegram_cloud_username ?? null,[39m
[31m+       } : current);[39m
[31m+[39m
[31m+       void recoverTelegramLibraryOnceIfEmpty();[39m
[31m+     };[39m
[31m+[39m
[31m+     window.addEventListener("beatgaler:telegram-connected", onTelegramConnected);[39m
[31m+     return () => window.removeEventListener("beatgaler:telegram-connected", onTelegramConnected);[39m
[31m+   }, [recoverTelegramLibraryOnceIfEmpty]);[39m
[31m+[39m
[31m+[39m
[31m+   const handleUploadTelegram = useCallback(async (beat: Beat) => {[39m
[31m+     if (rejectOfflineMutation("Uploading a beat")) return;[39m
[31m+     const existingCloudBeat = Boolean(beat.telegram_file_id);[39m
[31m+     transitionRuntime(beat.id, { type: existingCloudBeat ? "SYNC_QUEUE_UPDATE" : "SYNC_QUEUE_UPLOAD" }, beat);[39m
[31m+     transitionRuntime(beat.id, { type: existingCloudBeat ? "SYNC_UPDATE_STARTED" : "SYNC_UPLOAD_STARTED" }, beat);[39m
[31m+     try {[39m
[31m+       const updated = await uploadBeatToTelegram(beat);[39m
[31m+       await syncBeatMetadataToTelegram(updated);[39m
[31m+       transitionRuntime(updated.id, { type: existingCloudBeat ? "SYNC_UPDATE_SUCCEEDED" : "SYNC_UPLOAD_SUCCEEDED" }, updated);[39m
[31m+       setBeats(bs => bs.map(b => b.id === updated.id ? updated : b));[39m
[31m+     } catch (e: any) {[39m
[31m+       const message = sanitizeUserVisibleText(runtimeErrorMessage(e), "Cloud operation failed.");[39m
[31m+       if (existingCloudBeat && isRuntimeConflictError(e)) {[39m
[31m+         transitionRuntime(beat.id, { type: "SYNC_CONFLICT", message }, beat);[39m
[31m+       } else {[39m
[31m+         transitionRuntime(beat.id, { type: "SYNC_FAILED", code: "TELEGRAM_UPLOAD_FAILED", message, retryable: true }, beat);[39m
[31m+       }[39m
[31m+       await appAlert({[39m
[31m+         title: "Cloud upload failed",[39m
[31m+         message,[39m
[31m+         danger: true,[39m
[31m+       });[39m
[31m+     }[39m
[31m+   }, [rejectOfflineMutation, transitionRuntime]);[39m
[31m+[39m
[31m+   const handleDownloadTelegram = useCallback(async (_beat: Beat) => {[39m
[31m+     await appAlert({[39m
[31m+       title: "Cloud-only library",[39m
[31m+       message: "Files are fetched into temporary storage automatically when needed.",[39m
[31m+     });[39m
[31m+   }, []);[39m
[31m+[39m
[31m+[39m
[31m+   const handleEditBulk = useCallback(() => {[39m
[31m+     if (rejectOfflineMutation("Editing metadata")) return;[39m
[31m+     const firstSelected = beats.find(b => selectedIds.has(b.id));[39m
[31m+     if (firstSelected) setDrawer({ beat: firstSelected, mode: "edit" });[39m
[31m+   }, [beats, selectedIds, rejectOfflineMutation]);[39m
[31m+[39m
[31m+   const { deleteBeat, handleRemoveBulk, handleBeatRestored } = useTrashActions({[39m
[31m+     beats,[39m
[31m+     setBeats,[39m
[31m+     beatsLatestRef,[39m
[31m+     selectedIds,[39m
[31m+     clearSelection,[39m
[31m+     connectionState,[39m
[31m+     audioPlayingId: audio.playingId,[39m
[31m+     releaseFile,[39m
[31m+     beatRuntimeStatesRef,[39m
[31m+     transitionRuntime,[39m
[31m+     forgetRuntimeState,[39m
[31m+     cloudMetaSnapshotRef,[39m
[31m+     cloudLibrarySnapshotRef,[39m
[31m+     invalidateArtworkHydration,[39m
[31m+     ensureArtworkReady,[39m
[31m+   });[39m
[31m+[39m
[31m+   const addBeats = useCallback((newBeats: Beat[]) => {[39m
[31m+     setBeats(bs => {[39m
[31m+       const existing = new Set(bs.map(b => b.mp3_path));[39m
[31m+       const next = [...newBeats.filter(b => !existing.has(b.mp3_path)), ...bs];[39m
[31m+       beatsLatestRef.current = next;[39m
[31m+       return next;[39m
[31m+     });[39m
[31m+   }, []);[39m
[31m+[39m
[31m+   const addBeatsAndReview = useCallback((newBeats: Beat[]) => {[39m
[31m+     if (newBeats.length === 0) return;[39m
[31m+     if (connectionState !== "online") {[39m
[31m+       void appAlert({[39m
[31m+         title: "Internet connection required",[39m
[31m+         message: "BeatGaler does not import new beats while offline. Reconnect and import them again.",[39m
[31m+       });[39m
[31m+       void cleanupOrphanedDropStaging(beatsLatestRef.current);[39m
[31m+       return;[39m
[31m+     }[39m
[31m+     const sanitized = newBeats.map(beat => ({ ...beat, tags: cleanTags(beat.tags || []).tags }));[39m
[31m+[39m
[31m+     // Review candidates are NOT library beats yet.[39m
[31m+     // Keeping them out of `beats` means:[39m
[31m+     // 1) Cancel leaves absolutely nothing behind.[39m
[31m+     // 2) duplicate-name checks compare only against committed library items.[39m
[31m+     // 3) a re-dropped folder can never masquerade as an edit of the existing beat.[39m
[31m+     setShowAdd(false);[39m
[31m+     startReview(sanitized);[39m
[31m+     // Upload begins only after Review → Save.[39m
[31m+   }, [connectionState, startReview]);[39m
[31m+[39m
[31m+ const {[39m
[31m+   skipCurrentReviewBeat,[39m
[31m+   cancelReview,[39m
[31m+   handleReviewedBeatSaved,[39m
[31m+ } = useImportReview({[39m
[31m+   setBeats,[39m
[31m+   beatsLatestRef,[39m
[31m+   setReviewQueue,[39m
[31m+   skippedReviewSourceKeysRef,[39m
[31m+   cloudifyImportedBeats,[39m
[31m+   getQueuedBeatsSnapshot,[39m
[31m+   onCancelPendingWork: cancelPendingReviewWork,[39m
[31m+   releaseBeat: platform.capabilities.reviewBeatCloudCommit[39m
[31m+     ? beatId => platform.importer.releaseBeat(beatId)[39m
[31m+     : undefined,[39m
[31m+   discardBatch: batchId => discardImportReviewBatch(batchId),[39m
[31m+   cleanupStaging: protectedBeats => cleanupOrphanedDropStaging(protectedBeats),[39m
[31m+ });[39m
[31m+[39m
[31m+   const {[39m
[31m+     audioConflictBatch,[39m
[31m+     dropImportBatch,[39m
[31m+     resetImportResolutionState,[39m
[31m+     handleReviewedSaveAll,[39m
[31m+     cancelAudioConflicts,[39m
[31m+     resolveAudioConflicts,[39m
[31m+     closeImportDecisions,[39m
[31m+     importResolvedDecisions,[39m
[31m+   } = useImportSaveAll({[39m
[31m+     setBeats,[39m
[31m+     beatsLatestRef,[39m
[31m+     reviewQueue,[39m
[31m+     setReviewQueue,[39m
[31m+     reviewQueueLatestRef,[39m
[31m+     reviewBootstrap,[39m
[31m+     reviewPreparationDone,[39m
[31m+     reviewPreparationPromiseRef,[39m
[31m+     deferredImportBatch,[39m
[31m+     setDeferredImportBatch,[39m
[31m+     stagedImportPathsRef,[39m
[31m+     setDropImporting,[39m
[31m+     cloudifyImportedBeats,[39m
[31m+     addBeatsAndReview,[39m
[31m+   });[39m
[31m+[39m
[31m+   const { importDroppedBrowserFiles } = useBrowserImport({[39m
[31m+     dropImporting,[39m
[31m+     setDropImporting,[39m
[31m+     rejectOfflineMutation,[39m
[31m+     setDropActive,[39m
[31m+     setShowAdd,[39m
[31m+     setReviewQueue,[39m
[31m+     completeImmediateReviewPreparation,[39m
[31m+     resetImportResolutionState,[39m
[31m+   });[39m
[31m+[39m
[31m+   const updateExistingBeatFromFolder = useCallback(async (beat: Beat, folderPath: string): Promise<boolean> => {[39m
[31m+     if (rejectOfflineMutation("Updating beat files")) return true;[39m
[31m+     if (isBackupFolderPath(folderPath)) {[39m
[31m+       await appAlert({[39m
[31m+         title: "Backup folder skipped",[39m
[31m+         message: "BeatGaler keeps Backup/Backups folders out of PROJECT.zip so old project copies are not uploaded.",[39m
[31m+       });[39m
[31m+       return true;[39m
[31m+     }[39m
[31m+[39m
[31m+     const t = await import("./lib/tauri");[39m
[31m+[39m
[31m+     let preview;[39m
[31m+     try {[39m
[31m+       preview = await t.inspectBeatUpdateFolder(folderPath);[39m
[31m+     } catch {[39m
[31m+       return false;[39m
[31m+     }[39m
[31m+[39m
[31m+     let replaceMaster = false;[39m
[31m+     if (preview.has_mp3) {[39m
[31m+       const alreadyHasMaster = Boolean(beat.telegram_file_id) || Boolean(beat.mp3_path?.trim());[39m
[31m+       if (alreadyHasMaster) {[39m
[31m+         const incoming = preview.mp3_filename || "the incoming MP3";[39m
[31m+         const confirmed = window.confirm([39m
[31m+           `Replace current MASTER for "${beat.name}"?\n\n` +[39m
[31m+           `${incoming} will become the new MASTER.\n` +[39m
[31m+           `Its BPM, key, tags, rating and artwork will replace the current metadata.\n\n` +[39m
[31m+           `WAV and project files from this folder will also be added or updated.`[39m
[31m+         );[39m
[31m+         if (!confirmed) return true;[39m
[31m+       }[39m
[31m+       replaceMaster = true;[39m
[31m+     }[39m
[31m+[39m
[31m+     setBeatCloudUpdateBusy(beat.id, true);[39m
[31m+     const runtime = beatRuntimeStatesRef.current[beat.id] ?? createBeatRuntimeState(beat);[39m
[31m+     if (runtime.sync_state === "synced") transitionRuntime(beat.id, { type: "SYNC_QUEUE_UPDATE" }, beat);[39m
[31m+     transitionRuntime(beat.id, { type: "SYNC_UPDATE_STARTED" }, beat);[39m
[31m+     try {[39m
[31m+       let updated = await t.mergeFolderIntoExistingBeat(beat, folderPath, replaceMaster);[39m
[31m+       setBeats(bs => bs.map(b => b.id === beat.id ? updated : b));[39m
[31m+[39m
[31m+       if (replaceMaster) {[39m
[31m+         updated = await t.uploadBeatToTelegram(updated);[39m
[31m+         setBeats(bs => bs.map(b => b.id === beat.id ? updated : b));[39m
[31m+       }[39m
[31m+[39m
[31m+       if (preview.has_wav && updated.wav_path) {[39m
[31m+         await t.uploadDroppedFileToTelegram(updated, updated.wav_path, "WAV");[39m
[31m+       }[39m
[31m+[39m
[31m+       if (preview.has_project_assets) {[39m
[31m+         await t.uploadProjectToTelegram(updated);[39m
[31m+       }[39m
[31m+[39m
[31m+       if (replaceMaster && updated.telegram_file_id) {[39m
[31m+         await t.syncBeatMetadataToTelegram(updated);[39m
[31m+       }[39m
[31m+[39m
[31m+       window.dispatchEvent(new CustomEvent("beatgaler:project-cloud-updated", { detail: { beatId: beat.id } }));[39m
[31m+       await libraryStateManager.commitSnapshot(beatsLatestRef.current.map(item => item.id === beat.id ? updated : item), "metadata-update");[39m
[31m+       transitionRuntime(beat.id, { type: "SYNC_UPDATE_SUCCEEDED" }, updated);[39m
[31m+       setBeats(bs => bs.map(b => b.id === beat.id ? updated : b));[39m
[31m+       return true;[39m
[31m+     } catch (error) {[39m
[31m+       console.error(error);[39m
[31m+       const message = sanitizeUserVisibleText(runtimeErrorMessage(error), "Cloud operation failed.");[39m
[31m+       if (isRuntimeConflictError(error)) transitionRuntime(beat.id, { type: "SYNC_CONFLICT", message }, beat);[39m
[31m+       else transitionRuntime(beat.id, { type: "SYNC_FAILED", code: "FOLDER_UPDATE_FAILED", message, retryable: true }, beat);[39m
[31m+       alert(`Could not update "${beat.name}" from the dropped folder: ${message}`);[39m
[31m+       return true;[39m
[31m+     } finally {[39m
[31m+       setBeatCloudUpdateBusy(beat.id, false);[39m
[31m+     }[39m
[31m+   }, [rejectOfflineMutation, transitionRuntime]);[39m
[31m+[39m
[31m+   const { commitDrawerCloudMutation } = useDrawerCloudPersistence({[39m
[31m+   beats,[39m
[31m+   browserCloudEditing: platform.capabilities.browserCloudEditing,[39m
[31m+   connectionState,[39m
[31m+   cloudSessionVerified,[39m
[31m+   beatsLatestRef,[39m
[31m+   beatRuntimeStatesRef,[39m
[31m+   transitionRuntime,[39m
[31m+   cloudMetaSnapshotRef,[39m
[31m+   cloudLibraryTimerRef,[39m
[31m+   cloudLibrarySnapshotRef,[39m
[31m+ });[39m
[31m+[39m
[31m+   // V7: INDEX writes are explicit transactions only.[39m
[31m+   // There is deliberately no generic "beats changed => rewrite Telegram" observer.[39m
[31m+   // Upload, metadata, Trash/Restore and project/file operations commit through[39m
[31m+   // libraryStateManager at their actual logical commit boundary. This prevents[39m
[31m+   // render/cache hydration from becoming an accidental cloud mutation.[39m
[31m+[39m
[31m+   const {[39m
[31m+     handleIncompleteWarningsChanged,[39m
[31m+     handleCustomCursorChanged,[39m
[31m+     handleFolderChanged,[39m
[31m+     handleDisconnectTelegramAccount,[39m
[31m+   } = useSessionActions({[39m
[31m+     setSettings,[39m
[31m+     setCloudSessionVerified,[39m
[31m+     logoutAccount: logoutBeatGalerAccount,[39m
[31m+     releaseFile,[39m
[31m+     progressiveRevealRunRef,[39m
[31m+     clearPlaybackPreparation,[39m
[31m+     clearArtworkHydration,[39m
[31m+     setRevealedBeatIds,[39m
[31m+     setBeats,[39m
[31m+     clearSelection,[39m
[31m+   });[39m
[31m+[39m
[31m+   const updateBeat = useCallback((updated: Beat) => {[39m
[31m+     if (updated.telegram_file_id && connectionState === "online") {[39m
[31m+       const runtime = beatRuntimeStatesRef.current[updated.id] ?? createBeatRuntimeState(updated);[39m
[31m+       if (runtime.sync_state === "synced") transitionRuntime(updated.id, { type: "SYNC_QUEUE_UPDATE" }, updated);[39m
[31m+     }[39m
[31m+     setBeats(bs => bs.map(b => b.id === updated.id ? updated : b));[39m
[31m+     if (drawer?.beat.id === updated.id) setDrawer(d => d ? { ...d, beat: updated } : null);[39m
[31m+   }, [connectionState, drawer, transitionRuntime]);[39m
[31m+[39m
[31m+[39m
[31m+[39m
[31m+   const handleDropArtwork = useCallback(async (beat: Beat, imageBase64: string) => {[39m
[31m+     if (rejectOfflineMutation("Changing artwork")) return;[39m
[31m+[39m
[31m+     const updated = { ...beat, image_base64: imageBase64, image_preview_base64: null };[39m
[31m+[39m
[31m+     if (platform.capabilities.browserCloudEditing) {[39m
[31m+       // Publish the browser-decoded artwork immediately, then commit it through[39m
[31m+       // the Web editor/Direct transport. No Tauri metadata path participates.[39m
[31m+       updateBeat(updated);[39m
[31m+       transitionRuntime(updated.id, { type: "SYNC_UPDATE_STARTED" }, updated);[39m
[31m+       try {[39m
[31m+         const committed = await platform.editor.commit(beat, updated, {});[39m
[31m+         setBeats(current => {[39m
[31m+           const next = current.map(item => item.id === committed.id ? committed : item);[39m
[31m+           beatsLatestRef.current = next;[39m
[31m+           return next;[39m
[31m+         });[39m
[31m+         setDrawer(current => current?.beat.id === committed.id ? { ...current, beat: committed } : current);[39m
[31m+         transitionRuntime(updated.id, { type: "SYNC_UPDATE_SUCCEEDED" }, committed);[39m
[31m+       } catch (error) {[39m
[31m+         const message = sanitizeUserVisibleText(runtimeErrorMessage(error), "Cloud operation failed.");[39m
[31m+         transitionRuntime(updated.id, { type: "SYNC_FAILED", code: "ARTWORK_SYNC_FAILED", message, retryable: true }, updated);[39m
[31m+         throw error;[39m
[31m+       }[39m
[31m+       return;[39m
[31m+     }[39m
[31m+[39m
[31m+     // Desktop keeps its existing native metadata/artwork transaction.[39m
[31m+     await saveBeatMeta({[39m
[31m+       mp3_path: beat.mp3_path,[39m
[31m+       wav_path: beat.wav_path,[39m
[31m+       bpm: beat.bpm,[39m
[31m+       key: beat.key,[39m
[31m+       tags: beat.tags,[39m
[31m+       rating: beat.rating,[39m
[31m+       image_base64: imageBase64,[39m
[31m+       update_filename: false,[39m
[31m+     });[39m
[31m+[39m
[31m+     updateBeat(updated);[39m
[31m+[39m
[31m+     if (updated.telegram_file_id && connectionState === "online") {[39m
[31m+       const runtime = beatRuntimeStatesRef.current[updated.id] ?? createBeatRuntimeState(updated);[39m
[31m+       if (runtime.sync_state === "synced") transitionRuntime(updated.id, { type: "SYNC_QUEUE_UPDATE" }, updated);[39m
[31m+       transitionRuntime(updated.id, { type: "SYNC_UPDATE_STARTED" }, updated);[39m
[31m+       try {[39m
[31m+         await syncBeatMetadataToTelegram(updated);[39m
[31m+         const indexSnapshot = beatsLatestRef.current.map(item => item.id === updated.id ? updated : item);[39m
[31m+         await libraryStateManager.commitSnapshot(indexSnapshot, "upload-batch");[39m
[31m+         if (cloudLibraryTimerRef.current) {[39m
[31m+           window.clearTimeout(cloudLibraryTimerRef.current);[39m
[31m+           cloudLibraryTimerRef.current = null;[39m
[31m+         }[39m
[31m+         cloudLibrarySnapshotRef.current = indexSnapshot[39m
[31m+           .filter(item => !!item.telegram_file_id)[39m
[31m+           .map(cloudBeatFingerprint)[39m
[31m+           .join("\u001c");[39m
[31m+         cloudMetaSnapshotRef.current?.set(updated.id, cloudBeatFingerprint(updated));[39m
[31m+         transitionRuntime(updated.id, { type: "SYNC_UPDATE_SUCCEEDED" }, updated);[39m
[31m+       } catch (error) {[39m
[31m+         const message = sanitizeUserVisibleText(runtimeErrorMessage(error), "Cloud operation failed.");[39m
[31m+         transitionRuntime(updated.id, { type: "SYNC_FAILED", code: "ARTWORK_SYNC_FAILED", message, retryable: true }, updated);[39m
[31m+         throw error;[39m
[31m+       }[39m
[31m+     }[39m
[31m+   }, [updateBeat, rejectOfflineMutation, connectionState, transitionRuntime]);[39m
[31m+[39m
[31m+[39m
[31m+   const {[39m
[31m+     runBeatCloudUpdate,[39m
[31m+     startMasterAssetUpdate,[39m
[31m+     startWavAssetUpdate,[39m
[31m+     handleBrowserBeatAssetDrop,[39m
[31m+   } = useBeatAssetUpdates({[39m
[31m+     rejectOfflineMutation,[39m
[31m+     setBeatFileDrop,[39m
[31m+     setBeatCloudUpdateBusy,[39m
[31m+     beatRuntimeStatesRef,[39m
[31m+     transitionRuntime,[39m
[31m+     beatsLatestRef,[39m
[31m+     cloudLibrarySnapshotRef,[39m
[31m+     setBeats,[39m
[31m+     setDrawer,[39m
[31m+     waitForUploadedBeatPlaybackReady,[39m
[31m+   });[39m
[31m+[39m
[31m+   const {[39m
[31m+     openableCloudProjectIds,[39m
[31m+     projectUpdateNotice,[39m
[31m+     dismissProjectUpdateNotice,[39m
[31m+     hasStoredProject,[39m
[31m+     startProjectAssetUpdate,[39m
[31m+     handleAutoProjectDrop,[39m
[31m+     handleBrowserProjectDrop,[39m
[31m+     handleUploadProjectTelegram,[39m
[31m+     handleOpenProject,[39m
[31m+     handleUpdateProject,[39m
[31m+   } = useBeatProjects({[39m
[31m+     beats,[39m
[31m+     connectionState,[39m
[31m+     rejectOfflineMutation,[39m
[31m+     transitionRuntime,[39m
[31m+     beatsLatestRef,[39m
[31m+     setBeats,[39m
[31m+     setDrawer,[39m
[31m+     runBeatCloudUpdate,[39m
[31m+     setBeatCloudUpdateBusy,[39m
[31m+   });[39m
[31m+[39m
[31m+   const handleDroppedBeatFileRole = useCallback(async (role: DroppedBeatFileRole) => {[39m
[31m+     if (!beatFileDrop) return;[39m
[31m+     const { beat, filePath } = beatFileDrop;[39m
[31m+     const ext = extensionFromPath(filePath);[39m
[31m+[39m
[31m+     if (role === "loop" || role === "stems") return;[39m
[31m+[39m
[31m+     if (role === "main") {[39m
[31m+       if (ext !== "mp3") return;[39m
[31m+       startMasterAssetUpdate(beat, filePath);[39m
[31m+       return;[39m
[31m+     }[39m
[31m+[39m
[31m+     if (role === "wav") {[39m
[31m+       if (ext !== "wav") return;[39m
[31m+       startWavAssetUpdate(beat, filePath);[39m
[31m+       return;[39m
[31m+     }[39m
[31m+[39m
[31m+     if (role === "projectFolder") {[39m
[31m+       const existing = await hasStoredProject(beat).catch(() => false);[39m
[31m+       if (!existing) {[39m
[31m+         await cleanupStagedDropPaths([filePath]).catch(() => {});[39m
[31m+         setBeatFileDrop(null);[39m
[31m+         await appAlert({[39m
[31m+           title: "Project file required",[39m
[31m+           message: "Add a .flp, .als, .logicx, .ptx/.ptf file or a valid PROJECT ZIP first. Then folders can be added to that PROJECT.zip using their original folder name.",[39m
[31m+         });[39m
[31m+         return;[39m
[31m+       }[39m
[31m+       startProjectAssetUpdate(beat, filePath, "projectFolder");[39m
[31m+     }[39m
[31m+   }, [beatFileDrop, hasStoredProject, startMasterAssetUpdate, startProjectAssetUpdate, startWavAssetUpdate]);[39m
[31m+[39m
[31m+[39m
[31m+   useHtmlLibraryDrop({[39m
[31m+     nativeDropAvailable: isTauriAvailable,[39m
[31m+     browserFileImport: platform.capabilities.browserFileImport,[39m
[31m+     reviewSkeletonEnabled: REVIEW_SKELETON_ENABLED,[39m
[31m+     beatsLatestRef,[39m
[31m+     setDropActive,[39m
[31m+     setBeatCloudUpdateBusy,[39m
[31m+     setBeatFileDrop,[39m
[31m+     setLibraryDropStaging,[39m
[31m+     handleDropArtwork,[39m
[31m+     handleAutoProjectDrop,[39m
[31m+     handleBrowserBeatAssetDrop,[39m
[31m+     handleBrowserProjectDrop,[39m
[31m+     importDroppedBrowserFiles,[39m
[31m+     importDroppedPaths,[39m
[31m+   });[39m
[31m+[39m
[31m+   useNativeLibraryDrop({[39m
[31m+     nativeDropAvailable: isTauriAvailable,[39m
[31m+     reviewSkeletonEnabled: REVIEW_SKELETON_ENABLED,[39m
[31m+     beatsLatestRef,[39m
[31m+     setDropActive,[39m
[31m+     setBeatCloudUpdateBusy,[39m
[31m+     setBeatFileDrop,[39m
[31m+     setLibraryDropStaging,[39m
[31m+     handleDropArtwork,[39m
[31m+     handleAutoProjectDrop,[39m
[31m+     importDroppedPaths,[39m
[31m+   });[39m
[31m+[39m
[31m+   const applyBulkUpdate = useCallback((updates: Partial<Beat>, options?: { tagsMode?: "add" | "replace" | "remove" }) => {[39m
[31m+     setBeats(bs => bs.map(b => {[39m
[31m+       if (!selectedIds.has(b.id)) return b;[39m
[31m+       if (!updates.tags) return { ...b, ...updates };[39m
[31m+[39m
[31m+       const normalizedInput = Array.from(new Set([39m
[31m+         updates.tags.map(t => t.trim().toLowerCase()).filter(Boolean)[39m
[31m+       ));[39m
[31m+[39m
[31m+       if (options?.tagsMode === "replace") {[39m
[31m+         return { ...b, ...updates, tags: normalizedInput };[39m
[31m+       }[39m
[31m+[39m
[31m+       if (options?.tagsMode === "remove") {[39m
[31m+         const removeSet = new Set(normalizedInput);[39m
[31m+         const remainingTags = b.tags.filter(tag => !removeSet.has(tag.trim().toLowerCase()));[39m
[31m+         return { ...b, ...updates, tags: remainingTags };[39m
[31m+       }[39m
[31m+[39m
[31m+       const mergedTags = Array.from(new Set([39m
[31m+         [...b.tags, ...normalizedInput].map(t => t.trim().toLowerCase()).filter(Boolean)[39m
[31m+       ));[39m
[31m+       return { ...b, ...updates, tags: mergedTags };[39m
[31m+     }));[39m
[31m+     clearSelection();[39m
[31m+   }, [selectedIds]);[39m
[31m+[39m
[31m+[39m
[31m+   const tagColors = useTagColors();[39m
[31m+[39m
[31m+ const handleTagClick = useCallback((tag: string, e: React.MouseEvent) => {[39m
[31m+   toggleTagFilter(tag, e.altKey ? "exclude" : "include");[39m
[31m+ }, [toggleTagFilter]);[39m
[31m+[39m
[31m+   const tagFrequency = useMemo(() => selectTagFrequency(beats), [beats]);[39m
[31m+   const allTags = useMemo(() => selectAllTags(beats, tagFrequency), [beats, tagFrequency]);[39m
[31m+   const tagSuggestions = useMemo(() => selectTagSuggestions(beats), [beats]);[39m
[31m+   const displayedBeats = filteredBeats.filter(beat => revealedBeatIds.has(beat.id));[39m
[31m+[39m
[31m+   const {[39m
[31m+     shuffleEnabled,[39m
[31m+     repeatMode,[39m
[31m+     showQueue,[39m
[31m+     queuedBeats,[39m
[31m+     addToQueue,[39m
[31m+     handleNext,[39m
[31m+     handlePrev,[39m
[31m+     closeQueue,[39m
[31m+     toggleQueue,[39m
[31m+     toggleShuffle,[39m
[31m+     cycleRepeat,[39m
[31m+     playQueueIndex,[39m
[31m+   } = usePlaybackQueue({[39m
[31m+     beats,[39m
[31m+     displayedBeats,[39m
[31m+     playingId: audio.playingId,[39m
[31m+     progress: audio.progress,[39m
[31m+     endedSeq: audio.endedSeq,[39m
[31m+     handlePlay,[39m
[31m+     seek,[39m
[31m+     releaseFile,[39m
[31m+   });[39m
[31m+[39m
[31m+   useAppShortcuts({[39m
[31m+     togglePauseRef,[39m
[31m+     clearSelection,[39m
[31m+     setDrawer,[39m
[31m+     setShowAdd,[39m
[31m+     setShowSettings,[39m
[31m+     closeQueue,[39m
[31m+     setShowUpload,[39m
[31m+   });[39m
[31m+[39m
[31m+[39m
[31m+[39m
[31m+   const currentBeat = beats.find(b => b.id === audio.playingId);[39m
[31m+   const selectedBeats = beats.filter(b => selectedIds.has(b.id));[39m
[31m+   const activeDragBeat = activeDragId ? beats.find(b => b.id === activeDragId) ?? null : null;[39m
[31m+[39m
[31m+   return <AppShell scope={{ Event, HTMLElement, REVIEW_SKELETON_ENABLED, activeDragBeat, addBeatsAndReview, addToQueue, allTags, applyBulkUpdate, audio, audioConflictBatch, backTagRename, backgroundUploadErrors, beatFileDrop, beats, cancelAudioConflicts, cancelReview, cancelTagRename, clearSelection, clearTagFilters, closeCloudFiles, closeImportDecisions, cloudDownloadNotice, cloudFiles, cloudFilesBeat, cloudFilesBusyId, cloudFilesDownloadError, cloudFilesDownloadedIds, cloudSessionVerified, commitDrawerCloudMutation, confirmTagRename, connectionState, continueTagRename, currentBeat, cycleRepeat, deferredLibraryReloadRef, deleteBeat, dismissDownloadError, dismissInterruptedUploadNotices, dismissProjectUpdateNotice, displayedBeats, drawer, dropActive, dropImportBatch, dropImporting, excludedTags, filteredBeats, finishSelection, handleBeatRestored, handleCloudFiles, handleCustomCursorChanged, handleDisconnectTelegramAccount, handleDownloadTelegram, handleDragCancel, handleDragEnd, handleDragStart, handleDroppedBeatFileRole, handleEditBulk, handleFolderChanged, handleGetCloudFile, handleIncompleteWarningsChanged, handleNext, handleOpenProject, handlePlay, handlePrev, handleRemoveBulk, handleReviewedBeatSaved, handleReviewedSaveAll, handleTagClick, handleToggleOffline, handleUpdateProject, handleUpload, handleUploadBulk, handleUploadProjectTelegram, handleUploadTelegram, handleWarm, importResolvedDecisions, includedTags, interruptedUploadNotices, libraryDropStaging, libraryRefreshing, loading, offlineBusyIds, openTagRename, openableCloudProjectIds, playQueueIndex, projectUpdateNotice, queuedBeats, rejectOfflineMutation, releaseFile, reloadLibrary, repeatMode, resolveAudioConflicts, retryBackgroundUpload, revealedBeatIds, reviewBootstrap, reviewQueue, search, seek, selectMode, selectedBeats, selectedIds, sensors, setBeatFileDrop, setDrawer, setSearch, setShowAdd, setShowSettings, setShowUpload, setSortBy, setTagColorMenu, setTagRenameNewTag, setVolume, settings, showAdd, showQueue, showSettings, showUpload, shuffleEnabled, skipCurrentReviewBeat, sortBy, startupCookingGate, tagColorMenu, tagColors, tagFrequency, tagRename, tagRenameAffectedCount, tagRenameBusy, tagRenameError, tagRenameMp3Count, tagRenameWavCount, tagSuggestions, togglePause, toggleQueue, toggleSelectAll, toggleSelection, toggleShuffle, updateBeat }} />;[39m
[31m+ }[39m
[31m+[39m
[31m+[39m
[31m+ export default function App() {[39m
[31m+   return platform.kind === "web"[39m
[31m+     ? <BeatGalerApp />[39m
[31m+     : <AccountGate><BeatGalerApp /></AccountGate>;[39m
[31m+ }[39m
[31m+[39m

[36m [2m❯[22m tests/integration/appImportSaveAllExtraction.test.ts:[2m64:17[22m[39m
    [90m 62| [39m    [34mexpect[39m(host)[33m.[39m[34mtoContain[39m([32m"<ImportAudioConflictsModal"[39m)[33m;[39m
    [90m 63| [39m    [34mexpect[39m(host)[33m.[39m[34mtoContain[39m([32m"<ImportDecisionsModal"[39m)[33m;[39m
    [90m 64| [39m    [34mexpect[39m(app)[33m.[39m[34mtoContain[39m([32m"<ImportResolutionHost"[39m)[33m;[39m
    [90m   | [39m                [31m^[39m
    [90m 65| [39m  })[33m;[39m
    [90m 66| [39m})[33m;[39m

[31m[2m⎯⎯⎯⎯⎯⎯⎯⎯⎯⎯⎯⎯⎯⎯⎯⎯⎯⎯⎯⎯⎯⎯⎯[3/10]⎯[22m[39m

[41m[1m FAIL [22m[49m tests/integration/appLibraryReloadExtraction.test.ts[2m > [22mtask 9.2 library Reload extraction[2m > [22mkeeps the existing refresh feedback and manual button behavior
[31m[1mAssertionError[22m: expected 'import React, { useState, useCallback…' to contain 'disabled={loading || libraryRefreshin…'[39m

[32m- Expected[39m
[31m+ Received[39m

[32m- disabled={loading || libraryRefreshing}[39m
[31m+ import React, { useState, useCallback, useEffect, useRef, useMemo } from "react";[39m
[31m+ import type { Beat } from "./types";[39m
[31m+ import BeatCard from "./components/BeatCard";[39m
[31m+ import Drawer from "./components/Drawer";[39m
[31m+ import Player from "./components/Player";[39m
[31m+ import AddBeatModal from "./components/AddBeatModal";[39m
[31m+ import SettingsPanel from "./components/SettingsPanel";[39m
[31m+ import AccountGate, { logoutBeatGalerAccount } from "./components/AccountGate";[39m
[31m+ import UploadModal from "./components/UploadModal";[39m
[31m+ import JobStatusBar from "./components/JobStatusBar";[39m
[31m+ import { PlusIcon, Artwork } from "./components/ui";[39m
[31m+ import { useAudio } from "./hooks/useAudio";[39m
[31m+ import { loadLibrary, readBeatMeta, saveBeatMeta, discardImportReviewBatch, uploadBeatToTelegram, downloadBeatFromTelegram, prepareBeatForPlayback, warmBeatForPlayback, getDownloadCookingStatus, downloadCookingDiagnosticEvent, uploadProjectToTelegram, uploadDroppedFileToTelegram, downloadCloudFileToCache, downloadProjectToCache, revealInExplorer, syncBeatMetadataToTelegram, copyExportFile, copyAudioMetadata, prepareUniqueExportFolder, type CloudFileType, isTauriAvailable } from "./lib/tauri";[39m
[31m+ import { libraryStateManager } from "./lib/libraryStateManager";[39m
[31m+ import { platform } from "./platform";[39m
[31m+ import { DndContext, DragOverlay, closestCenter } from "@dnd-kit/core";[39m
[31m+ import { SortableContext, rectSortingStrategy } from "@dnd-kit/sortable";[39m
[31m+ import { appAlert, appConfirm } from "./lib/dialog";[39m
[31m+ import { sanitizeUserVisibleText } from "./lib/userVisibleError";[39m
[31m+ import { useTagColors, setTagColor } from "./lib/tagColors";[39m
[31m+ import { registerJob, updateJob } from "./lib/jobStore";[39m
[31m+ import { cleanTags } from "./lib/metadataValidation";[39m
[31m+ import { cleanupOrphanedDropStaging, cleanupStagedDropPaths } from "./features/dragdrop/dropStaging";[39m
[31m+ import CloudFilesModal from "./features/downloads/components/CloudFilesModal";[39m
[31m+ import { useBeatDownloads } from "./features/downloads/useBeatDownloads";[39m
[31m+ import BeatFileDropModal, { type DroppedBeatFileRole } from "./features/dragdrop/components/BeatFileDropModal";[39m
[31m+ import SearchBar from "./features/library/components/SearchBar";[39m
[31m+ import SortMenu from "./features/library/components/SortMenu";[39m
[31m+ import TagColorMenu from "./features/tags/components/TagColorMenu";[39m
[31m+ import { useArtworkHydration } from "./features/artwork/useArtworkHydration";[39m
[31m+ import { useCloudUploadQueue } from "./features/cloud/useCloudUploadQueue";[39m
[31m+ import ImportReviewHost, { ImportResolutionHost } from "./features/import/components/ImportReviewHost";[39m
[31m+ import { useImportSession } from "./features/import/useImportSession";[39m
[31m+ import { useImportReview } from "./features/import/useImportReview";[39m
[31m+ import { useImportDiscovery } from "./features/import/useImportDiscovery";[39m
[31m+ import { useImportSaveAll } from "./features/import/useImportSaveAll";[39m
[31m+ import { useBrowserImport } from "./features/import/useBrowserImport";[39m
[31m+ import { extensionFromPath, fileNameFromPath, isBackupFolderPath } from "./features/dragdrop/pathHelpers";[39m
[31m+ import { useHtmlLibraryDrop } from "./features/dragdrop/useHtmlLibraryDrop";[39m
[31m+ import { useNativeLibraryDrop } from "./features/dragdrop/useNativeLibraryDrop";[39m
[31m+ import { cloudBeatFingerprint, drawerMetadataCommitFingerprint, libraryViewFingerprint } from "./features/library/libraryFingerprints";[39m
[31m+ import { clearUploadPreviewCache, preserveLoadedArtwork } from "./features/library/libraryPresentationCache";[39m
[31m+ import { selectFilteredAndSortedBeats } from "./features/library/librarySelectors";[39m
[31m+ import { useLibraryViewState } from "./features/library/useLibraryViewState";[39m
[31m+ import { useLibraryReorder } from "./features/library/useLibraryReorder";[39m
[31m+ import { useBeatSelection } from "./features/selection/useBeatSelection";[39m
[31m+ import { selectAllTags, selectTagFrequency, selectTagSuggestions } from "./features/tags/tagSelectors";[39m
[31m+ import { useTagFilters } from "./features/tags/useTagFilters";[39m
[31m+ import { useTagRename } from "./features/tags/useTagRename";[39m
[31m+ import TagRenameDialog from "./features/tags/components/TagRenameDialog";[39m
[31m+ import { useLibraryPresentationCache, useLibraryState } from "./features/library/useLibraryState";[39m
[31m+ import { useLibraryReload } from "./features/library/useLibraryReload";[39m
[31m+ import { useStartupBootstrap } from "./features/startup/useStartupBootstrap";[39m
[31m+ import { useLibraryReveal } from "./features/startup/useLibraryReveal";[39m
[31m+ import { dismissBeatGalerStartupLoader } from "./features/startup/startupLoader";[39m
[31m+ import { useWebPlaybackSortRouting } from "./features/playback/useWebPlaybackSortRouting";[39m
[31m+ import { usePlaybackController } from "./features/playback/usePlaybackController";[39m
[31m+ import { usePlaybackQueue } from "./features/playback/usePlaybackQueue";[39m
[31m+ import { useDrawerCloudPersistence } from "./features/edit/useDrawerCloudPersistence";[39m
[31m+ import { useBeatAssetUpdates } from "./features/edit/useBeatAssetUpdates";[39m
[31m+ import { useBeatProjects } from "./features/projects/useBeatProjects";[39m
[31m+ import { useOfflineAvailability } from "./features/offline/useOfflineAvailability";[39m
[31m+ import { useTrashActions } from "./features/trash/useTrashActions";[39m
[31m+ import { useWebLibraryReconciled } from "./features/library/useWebLibraryReconciled";[39m
[31m+ import { createBeatRuntimeState } from "./features/state/beatRuntimeState";[39m
[31m+ import { useBeatRuntimeRegistry } from "./features/state/useBeatRuntimeRegistry";[39m
[31m+ import { useSessionState } from "./features/session/useSessionState";[39m
[31m+ import { useSessionActions } from "./features/session/useSessionActions";[39m
[31m+ import { useCustomCursor } from "./features/session/useCustomCursor";[39m
[31m+ import { useConnectivity } from "./features/session/useConnectivity";[39m
[31m+ import { useCloudLibraryEvents } from "./features/cloud/useCloudLibraryEvents";[39m
[31m+ import AppShell from "./app/AppShell";[39m
[31m+ import { useAppShortcuts } from "./app/useAppShortcuts";[39m
[31m+ import { usePublishingActions } from "./features/publishing/usePublishingActions";[39m
[31m+[39m
[31m+ // Intentionally isolated: if real-world timings prove the skeleton unnecessary,[39m
[31m+ // flipping/removing this one constant deletes the visual layer without touching[39m
[31m+ // the staged Review architecture underneath it.[39m
[31m+ const REVIEW_SKELETON_ENABLED = true;[39m
[31m+[39m
[31m+ const beatCloudUpdateBusyIds = new Set<string>();[39m
[31m+[39m
[31m+ function setBeatCloudUpdateBusy(beatId: string, active: boolean, success = false) {[39m
[31m+   if (active) beatCloudUpdateBusyIds.add(beatId);[39m
[31m+   else beatCloudUpdateBusyIds.delete(beatId);[39m
[31m+   window.dispatchEvent(new CustomEvent("beatgaler:beat-cloud-busy", {[39m
[31m+     detail: { beatId, active, success }[39m
[31m+   }));[39m
[31m+ }[39m
[31m+[39m
[31m+ function formatCloudBytes(bytes: number) {[39m
[31m+   if (!bytes) return "0 B";[39m
[31m+   const units = ["B", "KB", "MB", "GB"];[39m
[31m+   let n = bytes; let i = 0;[39m
[31m+   while (n >= 1024 && i < units.length - 1) { n /= 1024; i++; }[39m
[31m+   return `${n.toFixed(i === 0 ? 0 : 1)} ${units[i]}`;[39m
[31m+ }[39m
[31m+[39m
[31m+ function runtimeErrorMessage(error: unknown): string {[39m
[31m+   return error instanceof Error ? error.message : String(error);[39m
[31m+ }[39m
[31m+[39m
[31m+ function isRuntimeConflictError(error: unknown): boolean {[39m
[31m+   const message = runtimeErrorMessage(error).toLowerCase();[39m
[31m+   return message.includes("409") || message.includes("conflict") || message.includes("revision mismatch") || message.includes("version mismatch");[39m
[31m+ }[39m
[31m+[39m
[31m+ function BeatGalerApp() {[39m
[31m+   const {[39m
[31m+     beats,[39m
[31m+     setBeats,[39m
[31m+     beatsLatestRef,[39m
[31m+     startupCachedBeatsRef,[39m
[31m+     initialLoading,[39m
[31m+   } = useLibraryState();[39m
[31m+   const cloudMetaSnapshotRef = useRef<Map<string, string> | null>(null);[39m
[31m+   const cloudLibraryTimerRef = useRef<number | null>(null);[39m
[31m+   const cloudLibrarySnapshotRef = useRef<string | null>(null);[39m
[31m+   const visibleLibraryFingerprintRef = useRef<string>("");[39m
[31m+   const {[39m
[31m+     beatRuntimeStates,[39m
[31m+     beatRuntimeStatesRef,[39m
[31m+     transitionRuntime,[39m
[31m+     forgetRuntimeState,[39m
[31m+     clearReconciledTrashRuntimeStates,[39m
[31m+   } = useBeatRuntimeRegistry(beats, beatsLatestRef);[39m
[31m+   const stagedImportPathsRef = useRef<Map<string, string[]>>(new Map());[39m
[31m+   const [loading, setLoading] = useState(() => initialLoading);[39m
[31m+   const startupCookingResolvedRef = useRef(false);[39m
[31m+   const startupPipelineStartedRef = useRef(false);[39m
[31m+   const startupEnginePrimeReadyRef = useRef(false);[39m
[31m+   const handleArtworkHydratedFromNetwork = useCallback((next: Beat[], beatId: string) => {[39m
[31m+     const hydrated = next.find(item => item.id === beatId);[39m
[31m+     if (hydrated && cloudMetaSnapshotRef.current) {[39m
[31m+       cloudMetaSnapshotRef.current.set(beatId, cloudBeatFingerprint(hydrated));[39m
[31m+     }[39m
[31m+     if (cloudLibrarySnapshotRef.current !== null) {[39m
[31m+       cloudLibrarySnapshotRef.current = next[39m
[31m+         .filter(item => !!item.telegram_file_id)[39m
[31m+         .map(cloudBeatFingerprint)[39m
[31m+         .join("\u001c");[39m
[31m+     }[39m
[31m+   }, []);[39m
[31m+   const { ensureArtworkReady, clearArtworkHydration, invalidateArtworkHydration } = useArtworkHydration({[39m
[31m+     setBeats,[39m
[31m+     onNetworkHydrated: handleArtworkHydratedFromNetwork,[39m
[31m+   });[39m
[31m+   const { search, setSearch, sortBy, setSortBy } = useLibraryViewState();[39m
[31m+   const {[39m
[31m+     includedTags,[39m
[31m+     excludedTags,[39m
[31m+     clearTagFilters,[39m
[31m+     toggleTagFilter,[39m
[31m+     replaceTagFilter,[39m
[31m+   } = useTagFilters();[39m
[31m+   const filteredBeats = selectFilteredAndSortedBeats([39m
[31m+     beats,[39m
[31m+     search,[39m
[31m+     includedTags,[39m
[31m+     excludedTags,[39m
[31m+     sortBy,[39m
[31m+   );[39m
[31m+[39m
[31m+   const [tagColorMenu, setTagColorMenu] = useState<{ tag: string; x: number; y: number } | null>(null);[39m
[31m+   const {[39m
[31m+     tagRename, tagRenameBusy, tagRenameError, affectedCount: tagRenameAffectedCount,[39m
[31m+     affectedMp3Count: tagRenameMp3Count, affectedWavCount: tagRenameWavCount,[39m
[31m+     openTagRename, setNewTag: setTagRenameNewTag, continueTagRename, backTagRename,[39m
[31m+     cancelTagRename, confirmTagRename,[39m
[31m+   } = useTagRename({ beats, setBeats, replaceTagFilter });[39m
[31m+   useWebPlaybackSortRouting(sortBy, beats, platform.kind === "web");[39m
[31m+   const onWebLibraryReconciled = useCallback((incoming: Beat[]) => {[39m
[31m+     setBeats(current => {[39m
[31m+       const next = preserveLoadedArtwork(incoming, current);[39m
[31m+       beatsLatestRef.current = next;[39m
[31m+       return next;[39m
[31m+     });[39m
[31m+   }, []);[39m
[31m+   useWebLibraryReconciled(platform.kind === "web", onWebLibraryReconciled);[39m
[31m+   const [drawer, setDrawer] = useState<{ beat: Beat; mode: "detail" | "edit" } | null>(null);[39m
[31m+   const [showAdd, setShowAdd] = useState(false);[39m
[31m+   const [dropActive, setDropActive] = useState(false);[39m
[31m+   const [dropImporting, setDropImporting] = useState(false);[39m
[31m+   // Covers the WebView2 staging window that happens BEFORE importDroppedPaths[39m
[31m+   // receives native paths. Without this state, the app can look frozen while[39m
[31m+   // large dropped files are being copied into drop-staging.[39m
[31m+   const [libraryDropStaging, setLibraryDropStaging] = useState(false);[39m
[31m+   const [beatFileDrop, setBeatFileDrop] = useState<{ beat: Beat; filePath: string; kind: "file" | "directory" } | null>(null);[39m
[31m+   const {[39m
[31m+     reviewQueue,[39m
[31m+     setReviewQueue,[39m
[31m+     reviewQueueLatestRef,[39m
[31m+     skippedReviewSourceKeysRef,[39m
[31m+     startReview,[39m
[31m+   } = useImportSession();[39m
[31m+   const [showSettings, setShowSettings] = useState(false);[39m
[31m+   const {[39m
[31m+     settings,[39m
[31m+     setSettings,[39m
[31m+     setupDone,[39m
[31m+     setSetupDone,[39m
[31m+     connectionState,[39m
[31m+     setConnectionState,[39m
[31m+     cloudSessionVerified,[39m
[31m+     setCloudSessionVerified,[39m
[31m+   } = useSessionState();[39m
[31m+   const {[39m
[31m+     startupCookingGate,[39m
[31m+     setStartupCookingGate,[39m
[31m+     revealedBeatIds,[39m
[31m+     setRevealedBeatIds,[39m
[31m+     progressiveRevealRunRef,[39m
[31m+   } = useLibraryReveal({[39m
[31m+     initialCachedBeats: startupCachedBeatsRef.current ?? [],[39m
[31m+     filteredBeats,[39m
[31m+     loading,[39m
[31m+     settings,[39m
[31m+     cloudSessionVerified,[39m
[31m+     connectionState,[39m
[31m+     ensureArtworkReady,[39m
[31m+     startupCookingResolvedRef,[39m
[31m+     startupPipelineStartedRef,[39m
[31m+     nativeParallelism: isTauriAvailable ? 6 : 1,[39m
[31m+   });[39m
[31m+   const {[39m
[31m+     cloudFilesBeat,[39m
[31m+     cloudFiles,[39m
[31m+     cloudFilesBusyId,[39m
[31m+     cloudFilesDownloadedIds,[39m
[31m+     cloudFilesDownloadError,[39m
[31m+     cloudDownloadNotice,[39m
[31m+     handleCloudFiles,[39m
[31m+     handleGetCloudFile,[39m
[31m+     closeCloudFiles,[39m
[31m+     dismissDownloadError,[39m
[31m+   } = useBeatDownloads({ connectionState, beatRuntimeStatesRef, transitionRuntime });[39m
[31m+[39m
[31m+   const {[39m
[31m+     selectedIds,[39m
[31m+     selectMode,[39m
[31m+     toggleSelection,[39m
[31m+     toggleSelectAll,[39m
[31m+     finishSelection,[39m
[31m+     clearSelection,[39m
[31m+   } = useBeatSelection(beats);[39m
[31m+   const {[39m
[31m+     sensors,[39m
[31m+     activeDragId,[39m
[31m+     handleDragStart,[39m
[31m+     handleDragEnd,[39m
[31m+     handleDragCancel,[39m
[31m+   } = useLibraryReorder({ sortBy, setSortBy, setBeats });[39m
[31m+   const { state: audio, play, togglePause, seek, setVolume, releaseFile } = useAudio();[39m
[31m+   const { clearPlaybackPreparation, ensureWarmPlaybackUrl, handlePlay, handleWarm, invalidatePlaybackPreparation, waitForUploadedBeatPlaybackReady } = usePlaybackController({[39m
[31m+     audio,[39m
[31m+     play,[39m
[31m+     beatsLatestRef,[39m
[31m+     beatRuntimeStatesRef,[39m
[31m+     transitionRuntime,[39m
[31m+     setBeats,[39m
[31m+     cloudSessionVerified,[39m
[31m+     connectionState,[39m
[31m+     isBeatCloudUpdateBusy: beatId => beatCloudUpdateBusyIds.has(beatId),[39m
[31m+   });[39m
[31m+   const { offlineBusyIds, handleToggleOffline } = useOfflineAvailability({[39m
[31m+     connectionState,[39m
[31m+     audioPlayingId: audio.playingId,[39m
[31m+     releaseFile,[39m
[31m+     invalidatePlaybackPreparation,[39m
[31m+     ensureWarmPlaybackUrl,[39m
[31m+     beatRuntimeStatesRef,[39m
[31m+     transitionRuntime,[39m
[31m+     setBeats,[39m
[31m+     setDrawer,[39m
[31m+     setRevealedBeatIds,[39m
[31m+   });[39m
[31m+[39m
[31m+   // Keep a ref to togglePause so the keydown handler never goes stale[39m
[31m+   const togglePauseRef = useRef(togglePause);[39m
[31m+   useEffect(() => { togglePauseRef.current = togglePause; }, [togglePause]);[39m
[31m+[39m
[31m+   const rejectOfflineMutation = useCallback((action: string): boolean => {[39m
[31m+     if (connectionState === "online") return false;[39m
[31m+     void appAlert({[39m
[31m+       title: connectionState === "offline" ? "Offline" : "Connection unavailable",[39m
[31m+       message: `${action} requires an internet connection. Offline mode is read-only except for moving beats to Trash.`,[39m
[31m+     });[39m
[31m+     return true;[39m
[31m+   }, [connectionState]);[39m
[31m+[39m
[31m+   const { showUpload, setShowUpload, handleUpload, handleUploadBulk } = usePublishingActions({[39m
[31m+     selectedIds,[39m
[31m+     rejectOfflineMutation,[39m
[31m+   });[39m
[31m+[39m
[31m+   const {[39m
[31m+     reviewBootstrap,[39m
[31m+     reviewPreparationDone,[39m
[31m+     reviewPreparationPromiseRef,[39m
[31m+     deferredImportBatch,[39m
[31m+     setDeferredImportBatch,[39m
[31m+     importDroppedPaths,[39m
[31m+     cancelPendingReviewWork,[39m
[31m+     completeImmediateReviewPreparation,[39m
[31m+   } = useImportDiscovery({[39m
[31m+     dropImporting,[39m
[31m+     setDropImporting,[39m
[31m+     rejectOfflineMutation,[39m
[31m+     setDropActive,[39m
[31m+     setShowAdd,[39m
[31m+     setReviewQueue,[39m
[31m+     skippedReviewSourceKeysRef,[39m
[31m+     stagedImportPathsRef,[39m
[31m+     skeletonEnabled: REVIEW_SKELETON_ENABLED,[39m
[31m+   });[39m
[31m+[39m
[31m+   const {[39m
[31m+     backgroundUploadErrors,[39m
[31m+     cloudifyImportedBeats,[39m
[31m+     retryBackgroundUpload,[39m
[31m+     getQueuedBeatsSnapshot,[39m
[31m+     deferLibraryReloadIfUploading,[39m
[31m+     deferredLibraryReloadRef,[39m
[31m+   } = useCloudUploadQueue({[39m
[31m+     settings,[39m
[31m+     setSettings,[39m
[31m+     setConnectionState,[39m
[31m+     setBeats,[39m
[31m+     beatsLatestRef,[39m
[31m+     beatRuntimeStatesRef,[39m
[31m+     transitionRuntime,[39m
[31m+     cloudLibrarySnapshotRef,[39m
[31m+     waitForUploadedBeatPlaybackReady,[39m
[31m+     rejectOfflineMutation,[39m
[31m+     isReviewActive: () => reviewQueueLatestRef.current !== null,[39m
[31m+     hasProtectedStaging: () => stagedImportPathsRef.current.size > 0,[39m
[31m+   });[39m
[31m+[39m
[31m+[39m
[31m+   const { libraryRefreshing, reloadLibrary } = useLibraryReload({[39m
[31m+     telegramCloudConnected: Boolean(settings?.telegram_cloud_connected),[39m
[31m+     beatsLatestRef,[39m
[31m+     setBeats,[39m
[31m+     setConnectionState,[39m
[31m+     setCloudSessionVerified,[39m
[31m+     cloudMetaSnapshotRef,[39m
[31m+     cloudLibrarySnapshotRef,[39m
[31m+     startupCookingResolvedRef,[39m
[31m+     startupPipelineStartedRef,[39m
[31m+     progressiveRevealRunRef,[39m
[31m+     setRevealedBeatIds,[39m
[31m+     setStartupCookingGate,[39m
[31m+     setLoading,[39m
[31m+     deferLibraryReloadIfUploading,[39m
[31m+   });[39m
[31m+[39m
[31m+   const { interruptedUploadNotices, dismissInterruptedUploadNotices } = useStartupBootstrap({[39m
[31m+     startupCachedBeatsRef,[39m
[31m+     cloudMetaSnapshotRef,[39m
[31m+     cloudLibrarySnapshotRef,[39m
[31m+     startupCookingResolvedRef,[39m
[31m+     startupPipelineStartedRef,[39m
[31m+     startupEnginePrimeReadyRef,[39m
[31m+     progressiveRevealRunRef,[39m
[31m+     setBeats,[39m
[31m+     setSettings,[39m
[31m+     setSetupDone,[39m
[31m+     setLoading,[39m
[31m+     setConnectionState,[39m
[31m+     setCloudSessionVerified,[39m
[31m+     setStartupCookingGate,[39m
[31m+     setRevealedBeatIds,[39m
[31m+     clearReconciledTrashRuntimeStates,[39m
[31m+     dismissStartupLoader: dismissBeatGalerStartupLoader,[39m
[31m+   });[39m
[31m+[39m
[31m+[39m
[31m+ useConnectivity({[39m
[31m+   setupDone,[39m
[31m+   setConnectionState,[39m
[31m+   setCloudSessionVerified,[39m
[31m+   setSettings,[39m
[31m+   setBeats,[39m
[31m+   cloudMetaSnapshotRef,[39m
[31m+   cloudLibrarySnapshotRef,[39m
[31m+   startupCookingResolvedRef,[39m
[31m+   startupPipelineStartedRef,[39m
[31m+   startupEnginePrimeReadyRef,[39m
[31m+   progressiveRevealRunRef,[39m
[31m+   clearReconciledTrashRuntimeStates,[39m
[31m+   clearPlaybackPreparation,[39m
[31m+   clearArtworkHydration,[39m
[31m+   setStartupCookingGate,[39m
[31m+ });[39m
[31m+[39m
[31m+   useCustomCursor(settings?.custom_cursor_enabled ?? true);[39m
[31m+[39m
[31m+[39m
[31m+[39m
[31m+ // BeatGaler synchronization remains push-based. SSE only notifies the app;[39m
[31m+ // the extracted owner verifies authority before hydrating library state.[39m
[31m+ useCloudLibraryEvents({[39m
[31m+   setupDone,[39m
[31m+   beatgalerUserId: settings?.beatgaler_user_id ?? null,[39m
[31m+   setConnectionState,[39m
[31m+   setCloudSessionVerified,[39m
[31m+   setSettings,[39m
[31m+   setBeats,[39m
[31m+   cloudMetaSnapshotRef,[39m
[31m+   cloudLibrarySnapshotRef,[39m
[31m+   visibleLibraryFingerprintRef,[39m
[31m+   startupCookingResolvedRef,[39m
[31m+   startupPipelineStartedRef,[39m
[31m+   startupEnginePrimeReadyRef,[39m
[31m+   progressiveRevealRunRef,[39m
[31m+   clearReconciledTrashRuntimeStates,[39m
[31m+   clearArtworkHydration,[39m
[31m+   clearPlaybackPreparation,[39m
[31m+   setStartupCookingGate,[39m
[31m+ });[39m
[31m+[39m
[31m+   useLibraryPresentationCache([39m
[31m+     beats,[39m
[31m+     cloudSessionVerified,[39m
[31m+     settings,[39m
[31m+   );[39m
[31m+[39m
[31m+   useEffect(() => {[39m
[31m+     visibleLibraryFingerprintRef.current = libraryViewFingerprint(beats);[39m
[31m+     beatsLatestRef.current = beats;[39m
[31m+   }, [beats]);[39m
[31m+[39m
[31m+[39m
[31m+[39m
[31m+   // One-time recovery for a cloud-only library after Telegram login/startup.[39m
[31m+   // No timer, no permanent synchronization.[39m
[31m+   const beatGalerCloudRecoveryAttemptedRef = useRef(false);[39m
[31m+[39m
[31m+   const recoverTelegramLibraryOnceIfEmpty = useCallback(async () => {[39m
[31m+     if (beatGalerCloudRecoveryAttemptedRef.current) return;[39m
[31m+     if (beats.length !== 0) return;[39m
[31m+[39m
[31m+     beatGalerCloudRecoveryAttemptedRef.current = true;[39m
[31m+     try {[39m
[31m+       const restored = await libraryStateManager.reloadAuthoritative();[39m
[31m+       if (restored.length > 0) {[39m
[31m+         setBeats(current => current.length === 0 ? restored : current);[39m
[31m+       }[39m
[31m+     } catch (error) {[39m
[31m+       console.warn("Telegram library one-time recovery skipped:", error);[39m
[31m+     }[39m
[31m+   }, [beats.length]);[39m
[31m+[39m
[31m+   // IMPORTANT: an empty library is a valid, authoritative state (for example[39m
[31m+   // immediately after Remove All). Never infer "Telegram recovery" merely from[39m
[31m+   // beats.length === 0; doing so races the pending trash/index commit and can[39m
[31m+   // resurrect the just-removed cards with their artwork unloaded. Recovery is[39m
[31m+   // only allowed from explicit Telegram connection/startup flows below.[39m
[31m+[39m
[31m+   useEffect(() => {[39m
[31m+     const onTelegramConnected = (event: Event) => {[39m
[31m+       const detail = (event as CustomEvent<{ connected?: boolean; username?: string | null }>).detail;[39m
[31m+       if (!detail?.connected) return;[39m
[31m+[39m
[31m+       setSettings(current => current ? {[39m
[31m+         ...current,[39m
[31m+         telegram_cloud_connected: true,[39m
[31m+         telegram_cloud_username: detail.username ?? current.telegram_cloud_username ?? null,[39m
[31m+       } : current);[39m
[31m+[39m
[31m+       void recoverTelegramLibraryOnceIfEmpty();[39m
[31m+     };[39m
[31m+[39m
[31m+     window.addEventListener("beatgaler:telegram-connected", onTelegramConnected);[39m
[31m+     return () => window.removeEventListener("beatgaler:telegram-connected", onTelegramConnected);[39m
[31m+   }, [recoverTelegramLibraryOnceIfEmpty]);[39m
[31m+[39m
[31m+[39m
[31m+   const handleUploadTelegram = useCallback(async (beat: Beat) => {[39m
[31m+     if (rejectOfflineMutation("Uploading a beat")) return;[39m
[31m+     const existingCloudBeat = Boolean(beat.telegram_file_id);[39m
[31m+     transitionRuntime(beat.id, { type: existingCloudBeat ? "SYNC_QUEUE_UPDATE" : "SYNC_QUEUE_UPLOAD" }, beat);[39m
[31m+     transitionRuntime(beat.id, { type: existingCloudBeat ? "SYNC_UPDATE_STARTED" : "SYNC_UPLOAD_STARTED" }, beat);[39m
[31m+     try {[39m
[31m+       const updated = await uploadBeatToTelegram(beat);[39m
[31m+       await syncBeatMetadataToTelegram(updated);[39m
[31m+       transitionRuntime(updated.id, { type: existingCloudBeat ? "SYNC_UPDATE_SUCCEEDED" : "SYNC_UPLOAD_SUCCEEDED" }, updated);[39m
[31m+       setBeats(bs => bs.map(b => b.id === updated.id ? updated : b));[39m
[31m+     } catch (e: any) {[39m
[31m+       const message = sanitizeUserVisibleText(runtimeErrorMessage(e), "Cloud operation failed.");[39m
[31m+       if (existingCloudBeat && isRuntimeConflictError(e)) {[39m
[31m+         transitionRuntime(beat.id, { type: "SYNC_CONFLICT", message }, beat);[39m
[31m+       } else {[39m
[31m+         transitionRuntime(beat.id, { type: "SYNC_FAILED", code: "TELEGRAM_UPLOAD_FAILED", message, retryable: true }, beat);[39m
[31m+       }[39m
[31m+       await appAlert({[39m
[31m+         title: "Cloud upload failed",[39m
[31m+         message,[39m
[31m+         danger: true,[39m
[31m+       });[39m
[31m+     }[39m
[31m+   }, [rejectOfflineMutation, transitionRuntime]);[39m
[31m+[39m
[31m+   const handleDownloadTelegram = useCallback(async (_beat: Beat) => {[39m
[31m+     await appAlert({[39m
[31m+       title: "Cloud-only library",[39m
[31m+       message: "Files are fetched into temporary storage automatically when needed.",[39m
[31m+     });[39m
[31m+   }, []);[39m
[31m+[39m
[31m+[39m
[31m+   const handleEditBulk = useCallback(() => {[39m
[31m+     if (rejectOfflineMutation("Editing metadata")) return;[39m
[31m+     const firstSelected = beats.find(b => selectedIds.has(b.id));[39m
[31m+     if (firstSelected) setDrawer({ beat: firstSelected, mode: "edit" });[39m
[31m+   }, [beats, selectedIds, rejectOfflineMutation]);[39m
[31m+[39m
[31m+   const { deleteBeat, handleRemoveBulk, handleBeatRestored } = useTrashActions({[39m
[31m+     beats,[39m
[31m+     setBeats,[39m
[31m+     beatsLatestRef,[39m
[31m+     selectedIds,[39m
[31m+     clearSelection,[39m
[31m+     connectionState,[39m
[31m+     audioPlayingId: audio.playingId,[39m
[31m+     releaseFile,[39m
[31m+     beatRuntimeStatesRef,[39m
[31m+     transitionRuntime,[39m
[31m+     forgetRuntimeState,[39m
[31m+     cloudMetaSnapshotRef,[39m
[31m+     cloudLibrarySnapshotRef,[39m
[31m+     invalidateArtworkHydration,[39m
[31m+     ensureArtworkReady,[39m
[31m+   });[39m
[31m+[39m
[31m+   const addBeats = useCallback((newBeats: Beat[]) => {[39m
[31m+     setBeats(bs => {[39m
[31m+       const existing = new Set(bs.map(b => b.mp3_path));[39m
[31m+       const next = [...newBeats.filter(b => !existing.has(b.mp3_path)), ...bs];[39m
[31m+       beatsLatestRef.current = next;[39m
[31m+       return next;[39m
[31m+     });[39m
[31m+   }, []);[39m
[31m+[39m
[31m+   const addBeatsAndReview = useCallback((newBeats: Beat[]) => {[39m
[31m+     if (newBeats.length === 0) return;[39m
[31m+     if (connectionState !== "online") {[39m
[31m+       void appAlert({[39m
[31m+         title: "Internet connection required",[39m
[31m+         message: "BeatGaler does not import new beats while offline. Reconnect and import them again.",[39m
[31m+       });[39m
[31m+       void cleanupOrphanedDropStaging(beatsLatestRef.current);[39m
[31m+       return;[39m
[31m+     }[39m
[31m+     const sanitized = newBeats.map(beat => ({ ...beat, tags: cleanTags(beat.tags || []).tags }));[39m
[31m+[39m
[31m+     // Review candidates are NOT library beats yet.[39m
[31m+     // Keeping them out of `beats` means:[39m
[31m+     // 1) Cancel leaves absolutely nothing behind.[39m
[31m+     // 2) duplicate-name checks compare only against committed library items.[39m
[31m+     // 3) a re-dropped folder can never masquerade as an edit of the existing beat.[39m
[31m+     setShowAdd(false);[39m
[31m+     startReview(sanitized);[39m
[31m+     // Upload begins only after Review → Save.[39m
[31m+   }, [connectionState, startReview]);[39m
[31m+[39m
[31m+ const {[39m
[31m+   skipCurrentReviewBeat,[39m
[31m+   cancelReview,[39m
[31m+   handleReviewedBeatSaved,[39m
[31m+ } = useImportReview({[39m
[31m+   setBeats,[39m
[31m+   beatsLatestRef,[39m
[31m+   setReviewQueue,[39m
[31m+   skippedReviewSourceKeysRef,[39m
[31m+   cloudifyImportedBeats,[39m
[31m+   getQueuedBeatsSnapshot,[39m
[31m+   onCancelPendingWork: cancelPendingReviewWork,[39m
[31m+   releaseBeat: platform.capabilities.reviewBeatCloudCommit[39m
[31m+     ? beatId => platform.importer.releaseBeat(beatId)[39m
[31m+     : undefined,[39m
[31m+   discardBatch: batchId => discardImportReviewBatch(batchId),[39m
[31m+   cleanupStaging: protectedBeats => cleanupOrphanedDropStaging(protectedBeats),[39m
[31m+ });[39m
[31m+[39m
[31m+   const {[39m
[31m+     audioConflictBatch,[39m
[31m+     dropImportBatch,[39m
[31m+     resetImportResolutionState,[39m
[31m+     handleReviewedSaveAll,[39m
[31m+     cancelAudioConflicts,[39m
[31m+     resolveAudioConflicts,[39m
[31m+     closeImportDecisions,[39m
[31m+     importResolvedDecisions,[39m
[31m+   } = useImportSaveAll({[39m
[31m+     setBeats,[39m
[31m+     beatsLatestRef,[39m
[31m+     reviewQueue,[39m
[31m+     setReviewQueue,[39m
[31m+     reviewQueueLatestRef,[39m
[31m+     reviewBootstrap,[39m
[31m+     reviewPreparationDone,[39m
[31m+     reviewPreparationPromiseRef,[39m
[31m+     deferredImportBatch,[39m
[31m+     setDeferredImportBatch,[39m
[31m+     stagedImportPathsRef,[39m
[31m+     setDropImporting,[39m
[31m+     cloudifyImportedBeats,[39m
[31m+     addBeatsAndReview,[39m
[31m+   });[39m
[31m+[39m
[31m+   const { importDroppedBrowserFiles } = useBrowserImport({[39m
[31m+     dropImporting,[39m
[31m+     setDropImporting,[39m
[31m+     rejectOfflineMutation,[39m
[31m+     setDropActive,[39m
[31m+     setShowAdd,[39m
[31m+     setReviewQueue,[39m
[31m+     completeImmediateReviewPreparation,[39m
[31m+     resetImportResolutionState,[39m
[31m+   });[39m
[31m+[39m
[31m+   const updateExistingBeatFromFolder = useCallback(async (beat: Beat, folderPath: string): Promise<boolean> => {[39m
[31m+     if (rejectOfflineMutation("Updating beat files")) return true;[39m
[31m+     if (isBackupFolderPath(folderPath)) {[39m
[31m+       await appAlert({[39m
[31m+         title: "Backup folder skipped",[39m
[31m+         message: "BeatGaler keeps Backup/Backups folders out of PROJECT.zip so old project copies are not uploaded.",[39m
[31m+       });[39m
[31m+       return true;[39m
[31m+     }[39m
[31m+[39m
[31m+     const t = await import("./lib/tauri");[39m
[31m+[39m
[31m+     let preview;[39m
[31m+     try {[39m
[31m+       preview = await t.inspectBeatUpdateFolder(folderPath);[39m
[31m+     } catch {[39m
[31m+       return false;[39m
[31m+     }[39m
[31m+[39m
[31m+     let replaceMaster = false;[39m
[31m+     if (preview.has_mp3) {[39m
[31m+       const alreadyHasMaster = Boolean(beat.telegram_file_id) || Boolean(beat.mp3_path?.trim());[39m
[31m+       if (alreadyHasMaster) {[39m
[31m+         const incoming = preview.mp3_filename || "the incoming MP3";[39m
[31m+         const confirmed = window.confirm([39m
[31m+           `Replace current MASTER for "${beat.name}"?\n\n` +[39m
[31m+           `${incoming} will become the new MASTER.\n` +[39m
[31m+           `Its BPM, key, tags, rating and artwork will replace the current metadata.\n\n` +[39m
[31m+           `WAV and project files from this folder will also be added or updated.`[39m
[31m+         );[39m
[31m+         if (!confirmed) return true;[39m
[31m+       }[39m
[31m+       replaceMaster = true;[39m
[31m+     }[39m
[31m+[39m
[31m+     setBeatCloudUpdateBusy(beat.id, true);[39m
[31m+     const runtime = beatRuntimeStatesRef.current[beat.id] ?? createBeatRuntimeState(beat);[39m
[31m+     if (runtime.sync_state === "synced") transitionRuntime(beat.id, { type: "SYNC_QUEUE_UPDATE" }, beat);[39m
[31m+     transitionRuntime(beat.id, { type: "SYNC_UPDATE_STARTED" }, beat);[39m
[31m+     try {[39m
[31m+       let updated = await t.mergeFolderIntoExistingBeat(beat, folderPath, replaceMaster);[39m
[31m+       setBeats(bs => bs.map(b => b.id === beat.id ? updated : b));[39m
[31m+[39m
[31m+       if (replaceMaster) {[39m
[31m+         updated = await t.uploadBeatToTelegram(updated);[39m
[31m+         setBeats(bs => bs.map(b => b.id === beat.id ? updated : b));[39m
[31m+       }[39m
[31m+[39m
[31m+       if (preview.has_wav && updated.wav_path) {[39m
[31m+         await t.uploadDroppedFileToTelegram(updated, updated.wav_path, "WAV");[39m
[31m+       }[39m
[31m+[39m
[31m+       if (preview.has_project_assets) {[39m
[31m+         await t.uploadProjectToTelegram(updated);[39m
[31m+       }[39m
[31m+[39m
[31m+       if (replaceMaster && updated.telegram_file_id) {[39m
[31m+         await t.syncBeatMetadataToTelegram(updated);[39m
[31m+       }[39m
[31m+[39m
[31m+       window.dispatchEvent(new CustomEvent("beatgaler:project-cloud-updated", { detail: { beatId: beat.id } }));[39m
[31m+       await libraryStateManager.commitSnapshot(beatsLatestRef.current.map(item => item.id === beat.id ? updated : item), "metadata-update");[39m
[31m+       transitionRuntime(beat.id, { type: "SYNC_UPDATE_SUCCEEDED" }, updated);[39m
[31m+       setBeats(bs => bs.map(b => b.id === beat.id ? updated : b));[39m
[31m+       return true;[39m
[31m+     } catch (error) {[39m
[31m+       console.error(error);[39m
[31m+       const message = sanitizeUserVisibleText(runtimeErrorMessage(error), "Cloud operation failed.");[39m
[31m+       if (isRuntimeConflictError(error)) transitionRuntime(beat.id, { type: "SYNC_CONFLICT", message }, beat);[39m
[31m+       else transitionRuntime(beat.id, { type: "SYNC_FAILED", code: "FOLDER_UPDATE_FAILED", message, retryable: true }, beat);[39m
[31m+       alert(`Could not update "${beat.name}" from the dropped folder: ${message}`);[39m
[31m+       return true;[39m
[31m+     } finally {[39m
[31m+       setBeatCloudUpdateBusy(beat.id, false);[39m
[31m+     }[39m
[31m+   }, [rejectOfflineMutation, transitionRuntime]);[39m
[31m+[39m
[31m+   const { commitDrawerCloudMutation } = useDrawerCloudPersistence({[39m
[31m+   beats,[39m
[31m+   browserCloudEditing: platform.capabilities.browserCloudEditing,[39m
[31m+   connectionState,[39m
[31m+   cloudSessionVerified,[39m
[31m+   beatsLatestRef,[39m
[31m+   beatRuntimeStatesRef,[39m
[31m+   transitionRuntime,[39m
[31m+   cloudMetaSnapshotRef,[39m
[31m+   cloudLibraryTimerRef,[39m
[31m+   cloudLibrarySnapshotRef,[39m
[31m+ });[39m
[31m+[39m
[31m+   // V7: INDEX writes are explicit transactions only.[39m
[31m+   // There is deliberately no generic "beats changed => rewrite Telegram" observer.[39m
[31m+   // Upload, metadata, Trash/Restore and project/file operations commit through[39m
[31m+   // libraryStateManager at their actual logical commit boundary. This prevents[39m
[31m+   // render/cache hydration from becoming an accidental cloud mutation.[39m
[31m+[39m
[31m+   const {[39m
[31m+     handleIncompleteWarningsChanged,[39m
[31m+     handleCustomCursorChanged,[39m
[31m+     handleFolderChanged,[39m
[31m+     handleDisconnectTelegramAccount,[39m
[31m+   } = useSessionActions({[39m
[31m+     setSettings,[39m
[31m+     setCloudSessionVerified,[39m
[31m+     logoutAccount: logoutBeatGalerAccount,[39m
[31m+     releaseFile,[39m
[31m+     progressiveRevealRunRef,[39m
[31m+     clearPlaybackPreparation,[39m
[31m+     clearArtworkHydration,[39m
[31m+     setRevealedBeatIds,[39m
[31m+     setBeats,[39m
[31m+     clearSelection,[39m
[31m+   });[39m
[31m+[39m
[31m+   const updateBeat = useCallback((updated: Beat) => {[39m
[31m+     if (updated.telegram_file_id && connectionState === "online") {[39m
[31m+       const runtime = beatRuntimeStatesRef.current[updated.id] ?? createBeatRuntimeState(updated);[39m
[31m+       if (runtime.sync_state === "synced") transitionRuntime(updated.id, { type: "SYNC_QUEUE_UPDATE" }, updated);[39m
[31m+     }[39m
[31m+     setBeats(bs => bs.map(b => b.id === updated.id ? updated : b));[39m
[31m+     if (drawer?.beat.id === updated.id) setDrawer(d => d ? { ...d, beat: updated } : null);[39m
[31m+   }, [connectionState, drawer, transitionRuntime]);[39m
[31m+[39m
[31m+[39m
[31m+[39m
[31m+   const handleDropArtwork = useCallback(async (beat: Beat, imageBase64: string) => {[39m
[31m+     if (rejectOfflineMutation("Changing artwork")) return;[39m
[31m+[39m
[31m+     const updated = { ...beat, image_base64: imageBase64, image_preview_base64: null };[39m
[31m+[39m
[31m+     if (platform.capabilities.browserCloudEditing) {[39m
[31m+       // Publish the browser-decoded artwork immediately, then commit it through[39m
[31m+       // the Web editor/Direct transport. No Tauri metadata path participates.[39m
[31m+       updateBeat(updated);[39m
[31m+       transitionRuntime(updated.id, { type: "SYNC_UPDATE_STARTED" }, updated);[39m
[31m+       try {[39m
[31m+         const committed = await platform.editor.commit(beat, updated, {});[39m
[31m+         setBeats(current => {[39m
[31m+           const next = current.map(item => item.id === committed.id ? committed : item);[39m
[31m+           beatsLatestRef.current = next;[39m
[31m+           return next;[39m
[31m+         });[39m
[31m+         setDrawer(current => current?.beat.id === committed.id ? { ...current, beat: committed } : current);[39m
[31m+         transitionRuntime(updated.id, { type: "SYNC_UPDATE_SUCCEEDED" }, committed);[39m
[31m+       } catch (error) {[39m
[31m+         const message = sanitizeUserVisibleText(runtimeErrorMessage(error), "Cloud operation failed.");[39m
[31m+         transitionRuntime(updated.id, { type: "SYNC_FAILED", code: "ARTWORK_SYNC_FAILED", message, retryable: true }, updated);[39m
[31m+         throw error;[39m
[31m+       }[39m
[31m+       return;[39m
[31m+     }[39m
[31m+[39m
[31m+     // Desktop keeps its existing native metadata/artwork transaction.[39m
[31m+     await saveBeatMeta({[39m
[31m+       mp3_path: beat.mp3_path,[39m
[31m+       wav_path: beat.wav_path,[39m
[31m+       bpm: beat.bpm,[39m
[31m+       key: beat.key,[39m
[31m+       tags: beat.tags,[39m
[31m+       rating: beat.rating,[39m
[31m+       image_base64: imageBase64,[39m
[31m+       update_filename: false,[39m
[31m+     });[39m
[31m+[39m
[31m+     updateBeat(updated);[39m
[31m+[39m
[31m+     if (updated.telegram_file_id && connectionState === "online") {[39m
[31m+       const runtime = beatRuntimeStatesRef.current[updated.id] ?? createBeatRuntimeState(updated);[39m
[31m+       if (runtime.sync_state === "synced") transitionRuntime(updated.id, { type: "SYNC_QUEUE_UPDATE" }, updated);[39m
[31m+       transitionRuntime(updated.id, { type: "SYNC_UPDATE_STARTED" }, updated);[39m
[31m+       try {[39m
[31m+         await syncBeatMetadataToTelegram(updated);[39m
[31m+         const indexSnapshot = beatsLatestRef.current.map(item => item.id === updated.id ? updated : item);[39m
[31m+         await libraryStateManager.commitSnapshot(indexSnapshot, "upload-batch");[39m
[31m+         if (cloudLibraryTimerRef.current) {[39m
[31m+           window.clearTimeout(cloudLibraryTimerRef.current);[39m
[31m+           cloudLibraryTimerRef.current = null;[39m
[31m+         }[39m
[31m+         cloudLibrarySnapshotRef.current = indexSnapshot[39m
[31m+           .filter(item => !!item.telegram_file_id)[39m
[31m+           .map(cloudBeatFingerprint)[39m
[31m+           .join("\u001c");[39m
[31m+         cloudMetaSnapshotRef.current?.set(updated.id, cloudBeatFingerprint(updated));[39m
[31m+         transitionRuntime(updated.id, { type: "SYNC_UPDATE_SUCCEEDED" }, updated);[39m
[31m+       } catch (error) {[39m
[31m+         const message = sanitizeUserVisibleText(runtimeErrorMessage(error), "Cloud operation failed.");[39m
[31m+         transitionRuntime(updated.id, { type: "SYNC_FAILED", code: "ARTWORK_SYNC_FAILED", message, retryable: true }, updated);[39m
[31m+         throw error;[39m
[31m+       }[39m
[31m+     }[39m
[31m+   }, [updateBeat, rejectOfflineMutation, connectionState, transitionRuntime]);[39m
[31m+[39m
[31m+[39m
[31m+   const {[39m
[31m+     runBeatCloudUpdate,[39m
[31m+     startMasterAssetUpdate,[39m
[31m+     startWavAssetUpdate,[39m
[31m+     handleBrowserBeatAssetDrop,[39m
[31m+   } = useBeatAssetUpdates({[39m
[31m+     rejectOfflineMutation,[39m
[31m+     setBeatFileDrop,[39m
[31m+     setBeatCloudUpdateBusy,[39m
[31m+     beatRuntimeStatesRef,[39m
[31m+     transitionRuntime,[39m
[31m+     beatsLatestRef,[39m
[31m+     cloudLibrarySnapshotRef,[39m
[31m+     setBeats,[39m
[31m+     setDrawer,[39m
[31m+     waitForUploadedBeatPlaybackReady,[39m
[31m+   });[39m
[31m+[39m
[31m+   const {[39m
[31m+     openableCloudProjectIds,[39m
[31m+     projectUpdateNotice,[39m
[31m+     dismissProjectUpdateNotice,[39m
[31m+     hasStoredProject,[39m
[31m+     startProjectAssetUpdate,[39m
[31m+     handleAutoProjectDrop,[39m
[31m+     handleBrowserProjectDrop,[39m
[31m+     handleUploadProjectTelegram,[39m
[31m+     handleOpenProject,[39m
[31m+     handleUpdateProject,[39m
[31m+   } = useBeatProjects({[39m
[31m+     beats,[39m
[31m+     connectionState,[39m
[31m+     rejectOfflineMutation,[39m
[31m+     transitionRuntime,[39m
[31m+     beatsLatestRef,[39m
[31m+     setBeats,[39m
[31m+     setDrawer,[39m
[31m+     runBeatCloudUpdate,[39m
[31m+     setBeatCloudUpdateBusy,[39m
[31m+   });[39m
[31m+[39m
[31m+   const handleDroppedBeatFileRole = useCallback(async (role: DroppedBeatFileRole) => {[39m
[31m+     if (!beatFileDrop) return;[39m
[31m+     const { beat, filePath } = beatFileDrop;[39m
[31m+     const ext = extensionFromPath(filePath);[39m
[31m+[39m
[31m+     if (role === "loop" || role === "stems") return;[39m
[31m+[39m
[31m+     if (role === "main") {[39m
[31m+       if (ext !== "mp3") return;[39m
[31m+       startMasterAssetUpdate(beat, filePath);[39m
[31m+       return;[39m
[31m+     }[39m
[31m+[39m
[31m+     if (role === "wav") {[39m
[31m+       if (ext !== "wav") return;[39m
[31m+       startWavAssetUpdate(beat, filePath);[39m
[31m+       return;[39m
[31m+     }[39m
[31m+[39m
[31m+     if (role === "projectFolder") {[39m
[31m+       const existing = await hasStoredProject(beat).catch(() => false);[39m
[31m+       if (!existing) {[39m
[31m+         await cleanupStagedDropPaths([filePath]).catch(() => {});[39m
[31m+         setBeatFileDrop(null);[39m
[31m+         await appAlert({[39m
[31m+           title: "Project file required",[39m
[31m+           message: "Add a .flp, .als, .logicx, .ptx/.ptf file or a valid PROJECT ZIP first. Then folders can be added to that PROJECT.zip using their original folder name.",[39m
[31m+         });[39m
[31m+         return;[39m
[31m+       }[39m
[31m+       startProjectAssetUpdate(beat, filePath, "projectFolder");[39m
[31m+     }[39m
[31m+   }, [beatFileDrop, hasStoredProject, startMasterAssetUpdate, startProjectAssetUpdate, startWavAssetUpdate]);[39m
[31m+[39m
[31m+[39m
[31m+   useHtmlLibraryDrop({[39m
[31m+     nativeDropAvailable: isTauriAvailable,[39m
[31m+     browserFileImport: platform.capabilities.browserFileImport,[39m
[31m+     reviewSkeletonEnabled: REVIEW_SKELETON_ENABLED,[39m
[31m+     beatsLatestRef,[39m
[31m+     setDropActive,[39m
[31m+     setBeatCloudUpdateBusy,[39m
[31m+     setBeatFileDrop,[39m
[31m+     setLibraryDropStaging,[39m
[31m+     handleDropArtwork,[39m
[31m+     handleAutoProjectDrop,[39m
[31m+     handleBrowserBeatAssetDrop,[39m
[31m+     handleBrowserProjectDrop,[39m
[31m+     importDroppedBrowserFiles,[39m
[31m+     importDroppedPaths,[39m
[31m+   });[39m
[31m+[39m
[31m+   useNativeLibraryDrop({[39m
[31m+     nativeDropAvailable: isTauriAvailable,[39m
[31m+     reviewSkeletonEnabled: REVIEW_SKELETON_ENABLED,[39m
[31m+     beatsLatestRef,[39m
[31m+     setDropActive,[39m
[31m+     setBeatCloudUpdateBusy,[39m
[31m+     setBeatFileDrop,[39m
[31m+     setLibraryDropStaging,[39m
[31m+     handleDropArtwork,[39m
[31m+     handleAutoProjectDrop,[39m
[31m+     importDroppedPaths,[39m
[31m+   });[39m
[31m+[39m
[31m+   const applyBulkUpdate = useCallback((updates: Partial<Beat>, options?: { tagsMode?: "add" | "replace" | "remove" }) => {[39m
[31m+     setBeats(bs => bs.map(b => {[39m
[31m+       if (!selectedIds.has(b.id)) return b;[39m
[31m+       if (!updates.tags) return { ...b, ...updates };[39m
[31m+[39m
[31m+       const normalizedInput = Array.from(new Set([39m
[31m+         updates.tags.map(t => t.trim().toLowerCase()).filter(Boolean)[39m
[31m+       ));[39m
[31m+[39m
[31m+       if (options?.tagsMode === "replace") {[39m
[31m+         return { ...b, ...updates, tags: normalizedInput };[39m
[31m+       }[39m
[31m+[39m
[31m+       if (options?.tagsMode === "remove") {[39m
[31m+         const removeSet = new Set(normalizedInput);[39m
[31m+         const remainingTags = b.tags.filter(tag => !removeSet.has(tag.trim().toLowerCase()));[39m
[31m+         return { ...b, ...updates, tags: remainingTags };[39m
[31m+       }[39m
[31m+[39m
[31m+       const mergedTags = Array.from(new Set([39m
[31m+         [...b.tags, ...normalizedInput].map(t => t.trim().toLowerCase()).filter(Boolean)[39m
[31m+       ));[39m
[31m+       return { ...b, ...updates, tags: mergedTags };[39m
[31m+     }));[39m
[31m+     clearSelection();[39m
[31m+   }, [selectedIds]);[39m
[31m+[39m
[31m+[39m
[31m+   const tagColors = useTagColors();[39m
[31m+[39m
[31m+ const handleTagClick = useCallback((tag: string, e: React.MouseEvent) => {[39m
[31m+   toggleTagFilter(tag, e.altKey ? "exclude" : "include");[39m
[31m+ }, [toggleTagFilter]);[39m
[31m+[39m
[31m+   const tagFrequency = useMemo(() => selectTagFrequency(beats), [beats]);[39m
[31m+   const allTags = useMemo(() => selectAllTags(beats, tagFrequency), [beats, tagFrequency]);[39m
[31m+   const tagSuggestions = useMemo(() => selectTagSuggestions(beats), [beats]);[39m
[31m+   const displayedBeats = filteredBeats.filter(beat => revealedBeatIds.has(beat.id));[39m
[31m+[39m
[31m+   const {[39m
[31m+     shuffleEnabled,[39m
[31m+     repeatMode,[39m
[31m+     showQueue,[39m
[31m+     queuedBeats,[39m
[31m+     addToQueue,[39m
[31m+     handleNext,[39m
[31m+     handlePrev,[39m
[31m+     closeQueue,[39m
[31m+     toggleQueue,[39m
[31m+     toggleShuffle,[39m
[31m+     cycleRepeat,[39m
[31m+     playQueueIndex,[39m
[31m+   } = usePlaybackQueue({[39m
[31m+     beats,[39m
[31m+     displayedBeats,[39m
[31m+     playingId: audio.playingId,[39m
[31m+     progress: audio.progress,[39m
[31m+     endedSeq: audio.endedSeq,[39m
[31m+     handlePlay,[39m
[31m+     seek,[39m
[31m+     releaseFile,[39m
[31m+   });[39m
[31m+[39m
[31m+   useAppShortcuts({[39m
[31m+     togglePauseRef,[39m
[31m+     clearSelection,[39m
[31m+     setDrawer,[39m
[31m+     setShowAdd,[39m
[31m+     setShowSettings,[39m
[31m+     closeQueue,[39m
[31m+     setShowUpload,[39m
[31m+   });[39m
[31m+[39m
[31m+[39m
[31m+[39m
[31m+   const currentBeat = beats.find(b => b.id === audio.playingId);[39m
[31m+   const selectedBeats = beats.filter(b => selectedIds.has(b.id));[39m
[31m+   const activeDragBeat = activeDragId ? beats.find(b => b.id === activeDragId) ?? null : null;[39m
[31m+[39m
[31m+   return <AppShell scope={{ Event, HTMLElement, REVIEW_SKELETON_ENABLED, activeDragBeat, addBeatsAndReview, addToQueue, allTags, applyBulkUpdate, audio, audioConflictBatch, backTagRename, backgroundUploadErrors, beatFileDrop, beats, cancelAudioConflicts, cancelReview, cancelTagRename, clearSelection, clearTagFilters, closeCloudFiles, closeImportDecisions, cloudDownloadNotice, cloudFiles, cloudFilesBeat, cloudFilesBusyId, cloudFilesDownloadError, cloudFilesDownloadedIds, cloudSessionVerified, commitDrawerCloudMutation, confirmTagRename, connectionState, continueTagRename, currentBeat, cycleRepeat, deferredLibraryReloadRef, deleteBeat, dismissDownloadError, dismissInterruptedUploadNotices, dismissProjectUpdateNotice, displayedBeats, drawer, dropActive, dropImportBatch, dropImporting, excludedTags, filteredBeats, finishSelection, handleBeatRestored, handleCloudFiles, handleCustomCursorChanged, handleDisconnectTelegramAccount, handleDownloadTelegram, handleDragCancel, handleDragEnd, handleDragStart, handleDroppedBeatFileRole, handleEditBulk, handleFolderChanged, handleGetCloudFile, handleIncompleteWarningsChanged, handleNext, handleOpenProject, handlePlay, handlePrev, handleRemoveBulk, handleReviewedBeatSaved, handleReviewedSaveAll, handleTagClick, handleToggleOffline, handleUpdateProject, handleUpload, handleUploadBulk, handleUploadProjectTelegram, handleUploadTelegram, handleWarm, importResolvedDecisions, includedTags, interruptedUploadNotices, libraryDropStaging, libraryRefreshing, loading, offlineBusyIds, openTagRename, openableCloudProjectIds, playQueueIndex, projectUpdateNotice, queuedBeats, rejectOfflineMutation, releaseFile, reloadLibrary, repeatMode, resolveAudioConflicts, retryBackgroundUpload, revealedBeatIds, reviewBootstrap, reviewQueue, search, seek, selectMode, selectedBeats, selectedIds, sensors, setBeatFileDrop, setDrawer, setSearch, setShowAdd, setShowSettings, setShowUpload, setSortBy, setTagColorMenu, setTagRenameNewTag, setVolume, settings, showAdd, showQueue, showSettings, showUpload, shuffleEnabled, skipCurrentReviewBeat, sortBy, startupCookingGate, tagColorMenu, tagColors, tagFrequency, tagRename, tagRenameAffectedCount, tagRenameBusy, tagRenameError, tagRenameMp3Count, tagRenameWavCount, tagSuggestions, togglePause, toggleQueue, toggleSelectAll, toggleSelection, toggleShuffle, updateBeat }} />;[39m
[31m+ }[39m
[31m+[39m
[31m+[39m
[31m+ export default function App() {[39m
[31m+   return platform.kind === "web"[39m
[31m+     ? <BeatGalerApp />[39m
[31m+     : <AccountGate><BeatGalerApp /></AccountGate>;[39m
[31m+ }[39m
[31m+[39m

[36m [2m❯[22m tests/integration/appLibraryReloadExtraction.test.ts:[2m74:17[22m[39m
    [90m 72| [39m    expect(reload).toContain("const [libraryRefreshing, setLibraryRefr…
    [90m 73| [39m    [34mexpect[39m(reload)[33m.[39m[34mtoContain[39m([32m"if (elapsed < 320)"[39m)[33m;[39m
    [90m 74| [39m    [34mexpect[39m(app)[33m.[39m[34mtoContain[39m([32m"disabled={loading || libraryRefreshing}"[39m)[33m;[39m
    [90m   | [39m                [31m^[39m
    [90m 75| [39m    expect(app).toContain('animation: libraryRefreshing ? "beatgaler-r…
    [90m 76| [39m    expect(app).toContain("clearUploadPreviewCache(); void reloadLibra…

[31m[2m⎯⎯⎯⎯⎯⎯⎯⎯⎯⎯⎯⎯⎯⎯⎯⎯⎯⎯⎯⎯⎯⎯⎯[4/10]⎯[22m[39m

[41m[1m FAIL [22m[49m tests/integration/appMigrationCharacterization.test.ts[2m > [22mApp migration characterization contracts[2m > [22mkeeps Review candidates outside the library until Save and preserves Skip versus Cancel
[31m[1mAssertionError[22m: expected 'import React, { useState, useCallback…' to contain '<ImportReviewHost'[39m

[32m- Expected[39m
[31m+ Received[39m

[32m- <ImportReviewHost[39m
[31m+ import React, { useState, useCallback, useEffect, useRef, useMemo } from "react";[39m
[31m+ import type { Beat } from "./types";[39m
[31m+ import BeatCard from "./components/BeatCard";[39m
[31m+ import Drawer from "./components/Drawer";[39m
[31m+ import Player from "./components/Player";[39m
[31m+ import AddBeatModal from "./components/AddBeatModal";[39m
[31m+ import SettingsPanel from "./components/SettingsPanel";[39m
[31m+ import AccountGate, { logoutBeatGalerAccount } from "./components/AccountGate";[39m
[31m+ import UploadModal from "./components/UploadModal";[39m
[31m+ import JobStatusBar from "./components/JobStatusBar";[39m
[31m+ import { PlusIcon, Artwork } from "./components/ui";[39m
[31m+ import { useAudio } from "./hooks/useAudio";[39m
[31m+ import { loadLibrary, readBeatMeta, saveBeatMeta, discardImportReviewBatch, uploadBeatToTelegram, downloadBeatFromTelegram, prepareBeatForPlayback, warmBeatForPlayback, getDownloadCookingStatus, downloadCookingDiagnosticEvent, uploadProjectToTelegram, uploadDroppedFileToTelegram, downloadCloudFileToCache, downloadProjectToCache, revealInExplorer, syncBeatMetadataToTelegram, copyExportFile, copyAudioMetadata, prepareUniqueExportFolder, type CloudFileType, isTauriAvailable } from "./lib/tauri";[39m
[31m+ import { libraryStateManager } from "./lib/libraryStateManager";[39m
[31m+ import { platform } from "./platform";[39m
[31m+ import { DndContext, DragOverlay, closestCenter } from "@dnd-kit/core";[39m
[31m+ import { SortableContext, rectSortingStrategy } from "@dnd-kit/sortable";[39m
[31m+ import { appAlert, appConfirm } from "./lib/dialog";[39m
[31m+ import { sanitizeUserVisibleText } from "./lib/userVisibleError";[39m
[31m+ import { useTagColors, setTagColor } from "./lib/tagColors";[39m
[31m+ import { registerJob, updateJob } from "./lib/jobStore";[39m
[31m+ import { cleanTags } from "./lib/metadataValidation";[39m
[31m+ import { cleanupOrphanedDropStaging, cleanupStagedDropPaths } from "./features/dragdrop/dropStaging";[39m
[31m+ import CloudFilesModal from "./features/downloads/components/CloudFilesModal";[39m
[31m+ import { useBeatDownloads } from "./features/downloads/useBeatDownloads";[39m
[31m+ import BeatFileDropModal, { type DroppedBeatFileRole } from "./features/dragdrop/components/BeatFileDropModal";[39m
[31m+ import SearchBar from "./features/library/components/SearchBar";[39m
[31m+ import SortMenu from "./features/library/components/SortMenu";[39m
[31m+ import TagColorMenu from "./features/tags/components/TagColorMenu";[39m
[31m+ import { useArtworkHydration } from "./features/artwork/useArtworkHydration";[39m
[31m+ import { useCloudUploadQueue } from "./features/cloud/useCloudUploadQueue";[39m
[31m+ import ImportReviewHost, { ImportResolutionHost } from "./features/import/components/ImportReviewHost";[39m
[31m+ import { useImportSession } from "./features/import/useImportSession";[39m
[31m+ import { useImportReview } from "./features/import/useImportReview";[39m
[31m+ import { useImportDiscovery } from "./features/import/useImportDiscovery";[39m
[31m+ import { useImportSaveAll } from "./features/import/useImportSaveAll";[39m
[31m+ import { useBrowserImport } from "./features/import/useBrowserImport";[39m
[31m+ import { extensionFromPath, fileNameFromPath, isBackupFolderPath } from "./features/dragdrop/pathHelpers";[39m
[31m+ import { useHtmlLibraryDrop } from "./features/dragdrop/useHtmlLibraryDrop";[39m
[31m+ import { useNativeLibraryDrop } from "./features/dragdrop/useNativeLibraryDrop";[39m
[31m+ import { cloudBeatFingerprint, drawerMetadataCommitFingerprint, libraryViewFingerprint } from "./features/library/libraryFingerprints";[39m
[31m+ import { clearUploadPreviewCache, preserveLoadedArtwork } from "./features/library/libraryPresentationCache";[39m
[31m+ import { selectFilteredAndSortedBeats } from "./features/library/librarySelectors";[39m
[31m+ import { useLibraryViewState } from "./features/library/useLibraryViewState";[39m
[31m+ import { useLibraryReorder } from "./features/library/useLibraryReorder";[39m
[31m+ import { useBeatSelection } from "./features/selection/useBeatSelection";[39m
[31m+ import { selectAllTags, selectTagFrequency, selectTagSuggestions } from "./features/tags/tagSelectors";[39m
[31m+ import { useTagFilters } from "./features/tags/useTagFilters";[39m
[31m+ import { useTagRename } from "./features/tags/useTagRename";[39m
[31m+ import TagRenameDialog from "./features/tags/components/TagRenameDialog";[39m
[31m+ import { useLibraryPresentationCache, useLibraryState } from "./features/library/useLibraryState";[39m
[31m+ import { useLibraryReload } from "./features/library/useLibraryReload";[39m
[31m+ import { useStartupBootstrap } from "./features/startup/useStartupBootstrap";[39m
[31m+ import { useLibraryReveal } from "./features/startup/useLibraryReveal";[39m
[31m+ import { dismissBeatGalerStartupLoader } from "./features/startup/startupLoader";[39m
[31m+ import { useWebPlaybackSortRouting } from "./features/playback/useWebPlaybackSortRouting";[39m
[31m+ import { usePlaybackController } from "./features/playback/usePlaybackController";[39m
[31m+ import { usePlaybackQueue } from "./features/playback/usePlaybackQueue";[39m
[31m+ import { useDrawerCloudPersistence } from "./features/edit/useDrawerCloudPersistence";[39m
[31m+ import { useBeatAssetUpdates } from "./features/edit/useBeatAssetUpdates";[39m
[31m+ import { useBeatProjects } from "./features/projects/useBeatProjects";[39m
[31m+ import { useOfflineAvailability } from "./features/offline/useOfflineAvailability";[39m
[31m+ import { useTrashActions } from "./features/trash/useTrashActions";[39m
[31m+ import { useWebLibraryReconciled } from "./features/library/useWebLibraryReconciled";[39m
[31m+ import { createBeatRuntimeState } from "./features/state/beatRuntimeState";[39m
[31m+ import { useBeatRuntimeRegistry } from "./features/state/useBeatRuntimeRegistry";[39m
[31m+ import { useSessionState } from "./features/session/useSessionState";[39m
[31m+ import { useSessionActions } from "./features/session/useSessionActions";[39m
[31m+ import { useCustomCursor } from "./features/session/useCustomCursor";[39m
[31m+ import { useConnectivity } from "./features/session/useConnectivity";[39m
[31m+ import { useCloudLibraryEvents } from "./features/cloud/useCloudLibraryEvents";[39m
[31m+ import AppShell from "./app/AppShell";[39m
[31m+ import { useAppShortcuts } from "./app/useAppShortcuts";[39m
[31m+ import { usePublishingActions } from "./features/publishing/usePublishingActions";[39m
[31m+[39m
[31m+ // Intentionally isolated: if real-world timings prove the skeleton unnecessary,[39m
[31m+ // flipping/removing this one constant deletes the visual layer without touching[39m
[31m+ // the staged Review architecture underneath it.[39m
[31m+ const REVIEW_SKELETON_ENABLED = true;[39m
[31m+[39m
[31m+ const beatCloudUpdateBusyIds = new Set<string>();[39m
[31m+[39m
[31m+ function setBeatCloudUpdateBusy(beatId: string, active: boolean, success = false) {[39m
[31m+   if (active) beatCloudUpdateBusyIds.add(beatId);[39m
[31m+   else beatCloudUpdateBusyIds.delete(beatId);[39m
[31m+   window.dispatchEvent(new CustomEvent("beatgaler:beat-cloud-busy", {[39m
[31m+     detail: { beatId, active, success }[39m
[31m+   }));[39m
[31m+ }[39m
[31m+[39m
[31m+ function formatCloudBytes(bytes: number) {[39m
[31m+   if (!bytes) return "0 B";[39m
[31m+   const units = ["B", "KB", "MB", "GB"];[39m
[31m+   let n = bytes; let i = 0;[39m
[31m+   while (n >= 1024 && i < units.length - 1) { n /= 1024; i++; }[39m
[31m+   return `${n.toFixed(i === 0 ? 0 : 1)} ${units[i]}`;[39m
[31m+ }[39m
[31m+[39m
[31m+ function runtimeErrorMessage(error: unknown): string {[39m
[31m+   return error instanceof Error ? error.message : String(error);[39m
[31m+ }[39m
[31m+[39m
[31m+ function isRuntimeConflictError(error: unknown): boolean {[39m
[31m+   const message = runtimeErrorMessage(error).toLowerCase();[39m
[31m+   return message.includes("409") || message.includes("conflict") || message.includes("revision mismatch") || message.includes("version mismatch");[39m
[31m+ }[39m
[31m+[39m
[31m+ function BeatGalerApp() {[39m
[31m+   const {[39m
[31m+     beats,[39m
[31m+     setBeats,[39m
[31m+     beatsLatestRef,[39m
[31m+     startupCachedBeatsRef,[39m
[31m+     initialLoading,[39m
[31m+   } = useLibraryState();[39m
[31m+   const cloudMetaSnapshotRef = useRef<Map<string, string> | null>(null);[39m
[31m+   const cloudLibraryTimerRef = useRef<number | null>(null);[39m
[31m+   const cloudLibrarySnapshotRef = useRef<string | null>(null);[39m
[31m+   const visibleLibraryFingerprintRef = useRef<string>("");[39m
[31m+   const {[39m
[31m+     beatRuntimeStates,[39m
[31m+     beatRuntimeStatesRef,[39m
[31m+     transitionRuntime,[39m
[31m+     forgetRuntimeState,[39m
[31m+     clearReconciledTrashRuntimeStates,[39m
[31m+   } = useBeatRuntimeRegistry(beats, beatsLatestRef);[39m
[31m+   const stagedImportPathsRef = useRef<Map<string, string[]>>(new Map());[39m
[31m+   const [loading, setLoading] = useState(() => initialLoading);[39m
[31m+   const startupCookingResolvedRef = useRef(false);[39m
[31m+   const startupPipelineStartedRef = useRef(false);[39m
[31m+   const startupEnginePrimeReadyRef = useRef(false);[39m
[31m+   const handleArtworkHydratedFromNetwork = useCallback((next: Beat[], beatId: string) => {[39m
[31m+     const hydrated = next.find(item => item.id === beatId);[39m
[31m+     if (hydrated && cloudMetaSnapshotRef.current) {[39m
[31m+       cloudMetaSnapshotRef.current.set(beatId, cloudBeatFingerprint(hydrated));[39m
[31m+     }[39m
[31m+     if (cloudLibrarySnapshotRef.current !== null) {[39m
[31m+       cloudLibrarySnapshotRef.current = next[39m
[31m+         .filter(item => !!item.telegram_file_id)[39m
[31m+         .map(cloudBeatFingerprint)[39m
[31m+         .join("\u001c");[39m
[31m+     }[39m
[31m+   }, []);[39m
[31m+   const { ensureArtworkReady, clearArtworkHydration, invalidateArtworkHydration } = useArtworkHydration({[39m
[31m+     setBeats,[39m
[31m+     onNetworkHydrated: handleArtworkHydratedFromNetwork,[39m
[31m+   });[39m
[31m+   const { search, setSearch, sortBy, setSortBy } = useLibraryViewState();[39m
[31m+   const {[39m
[31m+     includedTags,[39m
[31m+     excludedTags,[39m
[31m+     clearTagFilters,[39m
[31m+     toggleTagFilter,[39m
[31m+     replaceTagFilter,[39m
[31m+   } = useTagFilters();[39m
[31m+   const filteredBeats = selectFilteredAndSortedBeats([39m
[31m+     beats,[39m
[31m+     search,[39m
[31m+     includedTags,[39m
[31m+     excludedTags,[39m
[31m+     sortBy,[39m
[31m+   );[39m
[31m+[39m
[31m+   const [tagColorMenu, setTagColorMenu] = useState<{ tag: string; x: number; y: number } | null>(null);[39m
[31m+   const {[39m
[31m+     tagRename, tagRenameBusy, tagRenameError, affectedCount: tagRenameAffectedCount,[39m
[31m+     affectedMp3Count: tagRenameMp3Count, affectedWavCount: tagRenameWavCount,[39m
[31m+     openTagRename, setNewTag: setTagRenameNewTag, continueTagRename, backTagRename,[39m
[31m+     cancelTagRename, confirmTagRename,[39m
[31m+   } = useTagRename({ beats, setBeats, replaceTagFilter });[39m
[31m+   useWebPlaybackSortRouting(sortBy, beats, platform.kind === "web");[39m
[31m+   const onWebLibraryReconciled = useCallback((incoming: Beat[]) => {[39m
[31m+     setBeats(current => {[39m
[31m+       const next = preserveLoadedArtwork(incoming, current);[39m
[31m+       beatsLatestRef.current = next;[39m
[31m+       return next;[39m
[31m+     });[39m
[31m+   }, []);[39m
[31m+   useWebLibraryReconciled(platform.kind === "web", onWebLibraryReconciled);[39m
[31m+   const [drawer, setDrawer] = useState<{ beat: Beat; mode: "detail" | "edit" } | null>(null);[39m
[31m+   const [showAdd, setShowAdd] = useState(false);[39m
[31m+   const [dropActive, setDropActive] = useState(false);[39m
[31m+   const [dropImporting, setDropImporting] = useState(false);[39m
[31m+   // Covers the WebView2 staging window that happens BEFORE importDroppedPaths[39m
[31m+   // receives native paths. Without this state, the app can look frozen while[39m
[31m+   // large dropped files are being copied into drop-staging.[39m
[31m+   const [libraryDropStaging, setLibraryDropStaging] = useState(false);[39m
[31m+   const [beatFileDrop, setBeatFileDrop] = useState<{ beat: Beat; filePath: string; kind: "file" | "directory" } | null>(null);[39m
[31m+   const {[39m
[31m+     reviewQueue,[39m
[31m+     setReviewQueue,[39m
[31m+     reviewQueueLatestRef,[39m
[31m+     skippedReviewSourceKeysRef,[39m
[31m+     startReview,[39m
[31m+   } = useImportSession();[39m
[31m+   const [showSettings, setShowSettings] = useState(false);[39m
[31m+   const {[39m
[31m+     settings,[39m
[31m+     setSettings,[39m
[31m+     setupDone,[39m
[31m+     setSetupDone,[39m
[31m+     connectionState,[39m
[31m+     setConnectionState,[39m
[31m+     cloudSessionVerified,[39m
[31m+     setCloudSessionVerified,[39m
[31m+   } = useSessionState();[39m
[31m+   const {[39m
[31m+     startupCookingGate,[39m
[31m+     setStartupCookingGate,[39m
[31m+     revealedBeatIds,[39m
[31m+     setRevealedBeatIds,[39m
[31m+     progressiveRevealRunRef,[39m
[31m+   } = useLibraryReveal({[39m
[31m+     initialCachedBeats: startupCachedBeatsRef.current ?? [],[39m
[31m+     filteredBeats,[39m
[31m+     loading,[39m
[31m+     settings,[39m
[31m+     cloudSessionVerified,[39m
[31m+     connectionState,[39m
[31m+     ensureArtworkReady,[39m
[31m+     startupCookingResolvedRef,[39m
[31m+     startupPipelineStartedRef,[39m
[31m+     nativeParallelism: isTauriAvailable ? 6 : 1,[39m
[31m+   });[39m
[31m+   const {[39m
[31m+     cloudFilesBeat,[39m
[31m+     cloudFiles,[39m
[31m+     cloudFilesBusyId,[39m
[31m+     cloudFilesDownloadedIds,[39m
[31m+     cloudFilesDownloadError,[39m
[31m+     cloudDownloadNotice,[39m
[31m+     handleCloudFiles,[39m
[31m+     handleGetCloudFile,[39m
[31m+     closeCloudFiles,[39m
[31m+     dismissDownloadError,[39m
[31m+   } = useBeatDownloads({ connectionState, beatRuntimeStatesRef, transitionRuntime });[39m
[31m+[39m
[31m+   const {[39m
[31m+     selectedIds,[39m
[31m+     selectMode,[39m
[31m+     toggleSelection,[39m
[31m+     toggleSelectAll,[39m
[31m+     finishSelection,[39m
[31m+     clearSelection,[39m
[31m+   } = useBeatSelection(beats);[39m
[31m+   const {[39m
[31m+     sensors,[39m
[31m+     activeDragId,[39m
[31m+     handleDragStart,[39m
[31m+     handleDragEnd,[39m
[31m+     handleDragCancel,[39m
[31m+   } = useLibraryReorder({ sortBy, setSortBy, setBeats });[39m
[31m+   const { state: audio, play, togglePause, seek, setVolume, releaseFile } = useAudio();[39m
[31m+   const { clearPlaybackPreparation, ensureWarmPlaybackUrl, handlePlay, handleWarm, invalidatePlaybackPreparation, waitForUploadedBeatPlaybackReady } = usePlaybackController({[39m
[31m+     audio,[39m
[31m+     play,[39m
[31m+     beatsLatestRef,[39m
[31m+     beatRuntimeStatesRef,[39m
[31m+     transitionRuntime,[39m
[31m+     setBeats,[39m
[31m+     cloudSessionVerified,[39m
[31m+     connectionState,[39m
[31m+     isBeatCloudUpdateBusy: beatId => beatCloudUpdateBusyIds.has(beatId),[39m
[31m+   });[39m
[31m+   const { offlineBusyIds, handleToggleOffline } = useOfflineAvailability({[39m
[31m+     connectionState,[39m
[31m+     audioPlayingId: audio.playingId,[39m
[31m+     releaseFile,[39m
[31m+     invalidatePlaybackPreparation,[39m
[31m+     ensureWarmPlaybackUrl,[39m
[31m+     beatRuntimeStatesRef,[39m
[31m+     transitionRuntime,[39m
[31m+     setBeats,[39m
[31m+     setDrawer,[39m
[31m+     setRevealedBeatIds,[39m
[31m+   });[39m
[31m+[39m
[31m+   // Keep a ref to togglePause so the keydown handler never goes stale[39m
[31m+   const togglePauseRef = useRef(togglePause);[39m
[31m+   useEffect(() => { togglePauseRef.current = togglePause; }, [togglePause]);[39m
[31m+[39m
[31m+   const rejectOfflineMutation = useCallback((action: string): boolean => {[39m
[31m+     if (connectionState === "online") return false;[39m
[31m+     void appAlert({[39m
[31m+       title: connectionState === "offline" ? "Offline" : "Connection unavailable",[39m
[31m+       message: `${action} requires an internet connection. Offline mode is read-only except for moving beats to Trash.`,[39m
[31m+     });[39m
[31m+     return true;[39m
[31m+   }, [connectionState]);[39m
[31m+[39m
[31m+   const { showUpload, setShowUpload, handleUpload, handleUploadBulk } = usePublishingActions({[39m
[31m+     selectedIds,[39m
[31m+     rejectOfflineMutation,[39m
[31m+   });[39m
[31m+[39m
[31m+   const {[39m
[31m+     reviewBootstrap,[39m
[31m+     reviewPreparationDone,[39m
[31m+     reviewPreparationPromiseRef,[39m
[31m+     deferredImportBatch,[39m
[31m+     setDeferredImportBatch,[39m
[31m+     importDroppedPaths,[39m
[31m+     cancelPendingReviewWork,[39m
[31m+     completeImmediateReviewPreparation,[39m
[31m+   } = useImportDiscovery({[39m
[31m+     dropImporting,[39m
[31m+     setDropImporting,[39m
[31m+     rejectOfflineMutation,[39m
[31m+     setDropActive,[39m
[31m+     setShowAdd,[39m
[31m+     setReviewQueue,[39m
[31m+     skippedReviewSourceKeysRef,[39m
[31m+     stagedImportPathsRef,[39m
[31m+     skeletonEnabled: REVIEW_SKELETON_ENABLED,[39m
[31m+   });[39m
[31m+[39m
[31m+   const {[39m
[31m+     backgroundUploadErrors,[39m
[31m+     cloudifyImportedBeats,[39m
[31m+     retryBackgroundUpload,[39m
[31m+     getQueuedBeatsSnapshot,[39m
[31m+     deferLibraryReloadIfUploading,[39m
[31m+     deferredLibraryReloadRef,[39m
[31m+   } = useCloudUploadQueue({[39m
[31m+     settings,[39m
[31m+     setSettings,[39m
[31m+     setConnectionState,[39m
[31m+     setBeats,[39m
[31m+     beatsLatestRef,[39m
[31m+     beatRuntimeStatesRef,[39m
[31m+     transitionRuntime,[39m
[31m+     cloudLibrarySnapshotRef,[39m
[31m+     waitForUploadedBeatPlaybackReady,[39m
[31m+     rejectOfflineMutation,[39m
[31m+     isReviewActive: () => reviewQueueLatestRef.current !== null,[39m
[31m+     hasProtectedStaging: () => stagedImportPathsRef.current.size > 0,[39m
[31m+   });[39m
[31m+[39m
[31m+[39m
[31m+   const { libraryRefreshing, reloadLibrary } = useLibraryReload({[39m
[31m+     telegramCloudConnected: Boolean(settings?.telegram_cloud_connected),[39m
[31m+     beatsLatestRef,[39m
[31m+     setBeats,[39m
[31m+     setConnectionState,[39m
[31m+     setCloudSessionVerified,[39m
[31m+     cloudMetaSnapshotRef,[39m
[31m+     cloudLibrarySnapshotRef,[39m
[31m+     startupCookingResolvedRef,[39m
[31m+     startupPipelineStartedRef,[39m
[31m+     progressiveRevealRunRef,[39m
[31m+     setRevealedBeatIds,[39m
[31m+     setStartupCookingGate,[39m
[31m+     setLoading,[39m
[31m+     deferLibraryReloadIfUploading,[39m
[31m+   });[39m
[31m+[39m
[31m+   const { interruptedUploadNotices, dismissInterruptedUploadNotices } = useStartupBootstrap({[39m
[31m+     startupCachedBeatsRef,[39m
[31m+     cloudMetaSnapshotRef,[39m
[31m+     cloudLibrarySnapshotRef,[39m
[31m+     startupCookingResolvedRef,[39m
[31m+     startupPipelineStartedRef,[39m
[31m+     startupEnginePrimeReadyRef,[39m
[31m+     progressiveRevealRunRef,[39m
[31m+     setBeats,[39m
[31m+     setSettings,[39m
[31m+     setSetupDone,[39m
[31m+     setLoading,[39m
[31m+     setConnectionState,[39m
[31m+     setCloudSessionVerified,[39m
[31m+     setStartupCookingGate,[39m
[31m+     setRevealedBeatIds,[39m
[31m+     clearReconciledTrashRuntimeStates,[39m
[31m+     dismissStartupLoader: dismissBeatGalerStartupLoader,[39m
[31m+   });[39m
[31m+[39m
[31m+[39m
[31m+ useConnectivity({[39m
[31m+   setupDone,[39m
[31m+   setConnectionState,[39m
[31m+   setCloudSessionVerified,[39m
[31m+   setSettings,[39m
[31m+   setBeats,[39m
[31m+   cloudMetaSnapshotRef,[39m
[31m+   cloudLibrarySnapshotRef,[39m
[31m+   startupCookingResolvedRef,[39m
[31m+   startupPipelineStartedRef,[39m
[31m+   startupEnginePrimeReadyRef,[39m
[31m+   progressiveRevealRunRef,[39m
[31m+   clearReconciledTrashRuntimeStates,[39m
[31m+   clearPlaybackPreparation,[39m
[31m+   clearArtworkHydration,[39m
[31m+   setStartupCookingGate,[39m
[31m+ });[39m
[31m+[39m
[31m+   useCustomCursor(settings?.custom_cursor_enabled ?? true);[39m
[31m+[39m
[31m+[39m
[31m+[39m
[31m+ // BeatGaler synchronization remains push-based. SSE only notifies the app;[39m
[31m+ // the extracted owner verifies authority before hydrating library state.[39m
[31m+ useCloudLibraryEvents({[39m
[31m+   setupDone,[39m
[31m+   beatgalerUserId: settings?.beatgaler_user_id ?? null,[39m
[31m+   setConnectionState,[39m
[31m+   setCloudSessionVerified,[39m
[31m+   setSettings,[39m
[31m+   setBeats,[39m
[31m+   cloudMetaSnapshotRef,[39m
[31m+   cloudLibrarySnapshotRef,[39m
[31m+   visibleLibraryFingerprintRef,[39m
[31m+   startupCookingResolvedRef,[39m
[31m+   startupPipelineStartedRef,[39m
[31m+   startupEnginePrimeReadyRef,[39m
[31m+   progressiveRevealRunRef,[39m
[31m+   clearReconciledTrashRuntimeStates,[39m
[31m+   clearArtworkHydration,[39m
[31m+   clearPlaybackPreparation,[39m
[31m+   setStartupCookingGate,[39m
[31m+ });[39m
[31m+[39m
[31m+   useLibraryPresentationCache([39m
[31m+     beats,[39m
[31m+     cloudSessionVerified,[39m
[31m+     settings,[39m
[31m+   );[39m
[31m+[39m
[31m+   useEffect(() => {[39m
[31m+     visibleLibraryFingerprintRef.current = libraryViewFingerprint(beats);[39m
[31m+     beatsLatestRef.current = beats;[39m
[31m+   }, [beats]);[39m
[31m+[39m
[31m+[39m
[31m+[39m
[31m+   // One-time recovery for a cloud-only library after Telegram login/startup.[39m
[31m+   // No timer, no permanent synchronization.[39m
[31m+   const beatGalerCloudRecoveryAttemptedRef = useRef(false);[39m
[31m+[39m
[31m+   const recoverTelegramLibraryOnceIfEmpty = useCallback(async () => {[39m
[31m+     if (beatGalerCloudRecoveryAttemptedRef.current) return;[39m
[31m+     if (beats.length !== 0) return;[39m
[31m+[39m
[31m+     beatGalerCloudRecoveryAttemptedRef.current = true;[39m
[31m+     try {[39m
[31m+       const restored = await libraryStateManager.reloadAuthoritative();[39m
[31m+       if (restored.length > 0) {[39m
[31m+         setBeats(current => current.length === 0 ? restored : current);[39m
[31m+       }[39m
[31m+     } catch (error) {[39m
[31m+       console.warn("Telegram library one-time recovery skipped:", error);[39m
[31m+     }[39m
[31m+   }, [beats.length]);[39m
[31m+[39m
[31m+   // IMPORTANT: an empty library is a valid, authoritative state (for example[39m
[31m+   // immediately after Remove All). Never infer "Telegram recovery" merely from[39m
[31m+   // beats.length === 0; doing so races the pending trash/index commit and can[39m
[31m+   // resurrect the just-removed cards with their artwork unloaded. Recovery is[39m
[31m+   // only allowed from explicit Telegram connection/startup flows below.[39m
[31m+[39m
[31m+   useEffect(() => {[39m
[31m+     const onTelegramConnected = (event: Event) => {[39m
[31m+       const detail = (event as CustomEvent<{ connected?: boolean; username?: string | null }>).detail;[39m
[31m+       if (!detail?.connected) return;[39m
[31m+[39m
[31m+       setSettings(current => current ? {[39m
[31m+         ...current,[39m
[31m+         telegram_cloud_connected: true,[39m
[31m+         telegram_cloud_username: detail.username ?? current.telegram_cloud_username ?? null,[39m
[31m+       } : current);[39m
[31m+[39m
[31m+       void recoverTelegramLibraryOnceIfEmpty();[39m
[31m+     };[39m
[31m+[39m
[31m+     window.addEventListener("beatgaler:telegram-connected", onTelegramConnected);[39m
[31m+     return () => window.removeEventListener("beatgaler:telegram-connected", onTelegramConnected);[39m
[31m+   }, [recoverTelegramLibraryOnceIfEmpty]);[39m
[31m+[39m
[31m+[39m
[31m+   const handleUploadTelegram = useCallback(async (beat: Beat) => {[39m
[31m+     if (rejectOfflineMutation("Uploading a beat")) return;[39m
[31m+     const existingCloudBeat = Boolean(beat.telegram_file_id);[39m
[31m+     transitionRuntime(beat.id, { type: existingCloudBeat ? "SYNC_QUEUE_UPDATE" : "SYNC_QUEUE_UPLOAD" }, beat);[39m
[31m+     transitionRuntime(beat.id, { type: existingCloudBeat ? "SYNC_UPDATE_STARTED" : "SYNC_UPLOAD_STARTED" }, beat);[39m
[31m+     try {[39m
[31m+       const updated = await uploadBeatToTelegram(beat);[39m
[31m+       await syncBeatMetadataToTelegram(updated);[39m
[31m+       transitionRuntime(updated.id, { type: existingCloudBeat ? "SYNC_UPDATE_SUCCEEDED" : "SYNC_UPLOAD_SUCCEEDED" }, updated);[39m
[31m+       setBeats(bs => bs.map(b => b.id === updated.id ? updated : b));[39m
[31m+     } catch (e: any) {[39m
[31m+       const message = sanitizeUserVisibleText(runtimeErrorMessage(e), "Cloud operation failed.");[39m
[31m+       if (existingCloudBeat && isRuntimeConflictError(e)) {[39m
[31m+         transitionRuntime(beat.id, { type: "SYNC_CONFLICT", message }, beat);[39m
[31m+       } else {[39m
[31m+         transitionRuntime(beat.id, { type: "SYNC_FAILED", code: "TELEGRAM_UPLOAD_FAILED", message, retryable: true }, beat);[39m
[31m+       }[39m
[31m+       await appAlert({[39m
[31m+         title: "Cloud upload failed",[39m
[31m+         message,[39m
[31m+         danger: true,[39m
[31m+       });[39m
[31m+     }[39m
[31m+   }, [rejectOfflineMutation, transitionRuntime]);[39m
[31m+[39m
[31m+   const handleDownloadTelegram = useCallback(async (_beat: Beat) => {[39m
[31m+     await appAlert({[39m
[31m+       title: "Cloud-only library",[39m
[31m+       message: "Files are fetched into temporary storage automatically when needed.",[39m
[31m+     });[39m
[31m+   }, []);[39m
[31m+[39m
[31m+[39m
[31m+   const handleEditBulk = useCallback(() => {[39m
[31m+     if (rejectOfflineMutation("Editing metadata")) return;[39m
[31m+     const firstSelected = beats.find(b => selectedIds.has(b.id));[39m
[31m+     if (firstSelected) setDrawer({ beat: firstSelected, mode: "edit" });[39m
[31m+   }, [beats, selectedIds, rejectOfflineMutation]);[39m
[31m+[39m
[31m+   const { deleteBeat, handleRemoveBulk, handleBeatRestored } = useTrashActions({[39m
[31m+     beats,[39m
[31m+     setBeats,[39m
[31m+     beatsLatestRef,[39m
[31m+     selectedIds,[39m
[31m+     clearSelection,[39m
[31m+     connectionState,[39m
[31m+     audioPlayingId: audio.playingId,[39m
[31m+     releaseFile,[39m
[31m+     beatRuntimeStatesRef,[39m
[31m+     transitionRuntime,[39m
[31m+     forgetRuntimeState,[39m
[31m+     cloudMetaSnapshotRef,[39m
[31m+     cloudLibrarySnapshotRef,[39m
[31m+     invalidateArtworkHydration,[39m
[31m+     ensureArtworkReady,[39m
[31m+   });[39m
[31m+[39m
[31m+   const addBeats = useCallback((newBeats: Beat[]) => {[39m
[31m+     setBeats(bs => {[39m
[31m+       const existing = new Set(bs.map(b => b.mp3_path));[39m
[31m+       const next = [...newBeats.filter(b => !existing.has(b.mp3_path)), ...bs];[39m
[31m+       beatsLatestRef.current = next;[39m
[31m+       return next;[39m
[31m+     });[39m
[31m+   }, []);[39m
[31m+[39m
[31m+   const addBeatsAndReview = useCallback((newBeats: Beat[]) => {[39m
[31m+     if (newBeats.length === 0) return;[39m
[31m+     if (connectionState !== "online") {[39m
[31m+       void appAlert({[39m
[31m+         title: "Internet connection required",[39m
[31m+         message: "BeatGaler does not import new beats while offline. Reconnect and import them again.",[39m
[31m+       });[39m
[31m+       void cleanupOrphanedDropStaging(beatsLatestRef.current);[39m
[31m+       return;[39m
[31m+     }[39m
[31m+     const sanitized = newBeats.map(beat => ({ ...beat, tags: cleanTags(beat.tags || []).tags }));[39m
[31m+[39m
[31m+     // Review candidates are NOT library beats yet.[39m
[31m+     // Keeping them out of `beats` means:[39m
[31m+     // 1) Cancel leaves absolutely nothing behind.[39m
[31m+     // 2) duplicate-name checks compare only against committed library items.[39m
[31m+     // 3) a re-dropped folder can never masquerade as an edit of the existing beat.[39m
[31m+     setShowAdd(false);[39m
[31m+     startReview(sanitized);[39m
[31m+     // Upload begins only after Review → Save.[39m
[31m+   }, [connectionState, startReview]);[39m
[31m+[39m
[31m+ const {[39m
[31m+   skipCurrentReviewBeat,[39m
[31m+   cancelReview,[39m
[31m+   handleReviewedBeatSaved,[39m
[31m+ } = useImportReview({[39m
[31m+   setBeats,[39m
[31m+   beatsLatestRef,[39m
[31m+   setReviewQueue,[39m
[31m+   skippedReviewSourceKeysRef,[39m
[31m+   cloudifyImportedBeats,[39m
[31m+   getQueuedBeatsSnapshot,[39m
[31m+   onCancelPendingWork: cancelPendingReviewWork,[39m
[31m+   releaseBeat: platform.capabilities.reviewBeatCloudCommit[39m
[31m+     ? beatId => platform.importer.releaseBeat(beatId)[39m
[31m+     : undefined,[39m
[31m+   discardBatch: batchId => discardImportReviewBatch(batchId),[39m
[31m+   cleanupStaging: protectedBeats => cleanupOrphanedDropStaging(protectedBeats),[39m
[31m+ });[39m
[31m+[39m
[31m+   const {[39m
[31m+     audioConflictBatch,[39m
[31m+     dropImportBatch,[39m
[31m+     resetImportResolutionState,[39m
[31m+     handleReviewedSaveAll,[39m
[31m+     cancelAudioConflicts,[39m
[31m+     resolveAudioConflicts,[39m
[31m+     closeImportDecisions,[39m
[31m+     importResolvedDecisions,[39m
[31m+   } = useImportSaveAll({[39m
[31m+     setBeats,[39m
[31m+     beatsLatestRef,[39m
[31m+     reviewQueue,[39m
[31m+     setReviewQueue,[39m
[31m+     reviewQueueLatestRef,[39m
[31m+     reviewBootstrap,[39m
[31m+     reviewPreparationDone,[39m
[31m+     reviewPreparationPromiseRef,[39m
[31m+     deferredImportBatch,[39m
[31m+     setDeferredImportBatch,[39m
[31m+     stagedImportPathsRef,[39m
[31m+     setDropImporting,[39m
[31m+     cloudifyImportedBeats,[39m
[31m+     addBeatsAndReview,[39m
[31m+   });[39m
[31m+[39m
[31m+   const { importDroppedBrowserFiles } = useBrowserImport({[39m
[31m+     dropImporting,[39m
[31m+     setDropImporting,[39m
[31m+     rejectOfflineMutation,[39m
[31m+     setDropActive,[39m
[31m+     setShowAdd,[39m
[31m+     setReviewQueue,[39m
[31m+     completeImmediateReviewPreparation,[39m
[31m+     resetImportResolutionState,[39m
[31m+   });[39m
[31m+[39m
[31m+   const updateExistingBeatFromFolder = useCallback(async (beat: Beat, folderPath: string): Promise<boolean> => {[39m
[31m+     if (rejectOfflineMutation("Updating beat files")) return true;[39m
[31m+     if (isBackupFolderPath(folderPath)) {[39m
[31m+       await appAlert({[39m
[31m+         title: "Backup folder skipped",[39m
[31m+         message: "BeatGaler keeps Backup/Backups folders out of PROJECT.zip so old project copies are not uploaded.",[39m
[31m+       });[39m
[31m+       return true;[39m
[31m+     }[39m
[31m+[39m
[31m+     const t = await import("./lib/tauri");[39m
[31m+[39m
[31m+     let preview;[39m
[31m+     try {[39m
[31m+       preview = await t.inspectBeatUpdateFolder(folderPath);[39m
[31m+     } catch {[39m
[31m+       return false;[39m
[31m+     }[39m
[31m+[39m
[31m+     let replaceMaster = false;[39m
[31m+     if (preview.has_mp3) {[39m
[31m+       const alreadyHasMaster = Boolean(beat.telegram_file_id) || Boolean(beat.mp3_path?.trim());[39m
[31m+       if (alreadyHasMaster) {[39m
[31m+         const incoming = preview.mp3_filename || "the incoming MP3";[39m
[31m+         const confirmed = window.confirm([39m
[31m+           `Replace current MASTER for "${beat.name}"?\n\n` +[39m
[31m+           `${incoming} will become the new MASTER.\n` +[39m
[31m+           `Its BPM, key, tags, rating and artwork will replace the current metadata.\n\n` +[39m
[31m+           `WAV and project files from this folder will also be added or updated.`[39m
[31m+         );[39m
[31m+         if (!confirmed) return true;[39m
[31m+       }[39m
[31m+       replaceMaster = true;[39m
[31m+     }[39m
[31m+[39m
[31m+     setBeatCloudUpdateBusy(beat.id, true);[39m
[31m+     const runtime = beatRuntimeStatesRef.current[beat.id] ?? createBeatRuntimeState(beat);[39m
[31m+     if (runtime.sync_state === "synced") transitionRuntime(beat.id, { type: "SYNC_QUEUE_UPDATE" }, beat);[39m
[31m+     transitionRuntime(beat.id, { type: "SYNC_UPDATE_STARTED" }, beat);[39m
[31m+     try {[39m
[31m+       let updated = await t.mergeFolderIntoExistingBeat(beat, folderPath, replaceMaster);[39m
[31m+       setBeats(bs => bs.map(b => b.id === beat.id ? updated : b));[39m
[31m+[39m
[31m+       if (replaceMaster) {[39m
[31m+         updated = await t.uploadBeatToTelegram(updated);[39m
[31m+         setBeats(bs => bs.map(b => b.id === beat.id ? updated : b));[39m
[31m+       }[39m
[31m+[39m
[31m+       if (preview.has_wav && updated.wav_path) {[39m
[31m+         await t.uploadDroppedFileToTelegram(updated, updated.wav_path, "WAV");[39m
[31m+       }[39m
[31m+[39m
[31m+       if (preview.has_project_assets) {[39m
[31m+         await t.uploadProjectToTelegram(updated);[39m
[31m+       }[39m
[31m+[39m
[31m+       if (replaceMaster && updated.telegram_file_id) {[39m
[31m+         await t.syncBeatMetadataToTelegram(updated);[39m
[31m+       }[39m
[31m+[39m
[31m+       window.dispatchEvent(new CustomEvent("beatgaler:project-cloud-updated", { detail: { beatId: beat.id } }));[39m
[31m+       await libraryStateManager.commitSnapshot(beatsLatestRef.current.map(item => item.id === beat.id ? updated : item), "metadata-update");[39m
[31m+       transitionRuntime(beat.id, { type: "SYNC_UPDATE_SUCCEEDED" }, updated);[39m
[31m+       setBeats(bs => bs.map(b => b.id === beat.id ? updated : b));[39m
[31m+       return true;[39m
[31m+     } catch (error) {[39m
[31m+       console.error(error);[39m
[31m+       const message = sanitizeUserVisibleText(runtimeErrorMessage(error), "Cloud operation failed.");[39m
[31m+       if (isRuntimeConflictError(error)) transitionRuntime(beat.id, { type: "SYNC_CONFLICT", message }, beat);[39m
[31m+       else transitionRuntime(beat.id, { type: "SYNC_FAILED", code: "FOLDER_UPDATE_FAILED", message, retryable: true }, beat);[39m
[31m+       alert(`Could not update "${beat.name}" from the dropped folder: ${message}`);[39m
[31m+       return true;[39m
[31m+     } finally {[39m
[31m+       setBeatCloudUpdateBusy(beat.id, false);[39m
[31m+     }[39m
[31m+   }, [rejectOfflineMutation, transitionRuntime]);[39m
[31m+[39m
[31m+   const { commitDrawerCloudMutation } = useDrawerCloudPersistence({[39m
[31m+   beats,[39m
[31m+   browserCloudEditing: platform.capabilities.browserCloudEditing,[39m
[31m+   connectionState,[39m
[31m+   cloudSessionVerified,[39m
[31m+   beatsLatestRef,[39m
[31m+   beatRuntimeStatesRef,[39m
[31m+   transitionRuntime,[39m
[31m+   cloudMetaSnapshotRef,[39m
[31m+   cloudLibraryTimerRef,[39m
[31m+   cloudLibrarySnapshotRef,[39m
[31m+ });[39m
[31m+[39m
[31m+   // V7: INDEX writes are explicit transactions only.[39m
[31m+   // There is deliberately no generic "beats changed => rewrite Telegram" observer.[39m
[31m+   // Upload, metadata, Trash/Restore and project/file operations commit through[39m
[31m+   // libraryStateManager at their actual logical commit boundary. This prevents[39m
[31m+   // render/cache hydration from becoming an accidental cloud mutation.[39m
[31m+[39m
[31m+   const {[39m
[31m+     handleIncompleteWarningsChanged,[39m
[31m+     handleCustomCursorChanged,[39m
[31m+     handleFolderChanged,[39m
[31m+     handleDisconnectTelegramAccount,[39m
[31m+   } = useSessionActions({[39m
[31m+     setSettings,[39m
[31m+     setCloudSessionVerified,[39m
[31m+     logoutAccount: logoutBeatGalerAccount,[39m
[31m+     releaseFile,[39m
[31m+     progressiveRevealRunRef,[39m
[31m+     clearPlaybackPreparation,[39m
[31m+     clearArtworkHydration,[39m
[31m+     setRevealedBeatIds,[39m
[31m+     setBeats,[39m
[31m+     clearSelection,[39m
[31m+   });[39m
[31m+[39m
[31m+   const updateBeat = useCallback((updated: Beat) => {[39m
[31m+     if (updated.telegram_file_id && connectionState === "online") {[39m
[31m+       const runtime = beatRuntimeStatesRef.current[updated.id] ?? createBeatRuntimeState(updated);[39m
[31m+       if (runtime.sync_state === "synced") transitionRuntime(updated.id, { type: "SYNC_QUEUE_UPDATE" }, updated);[39m
[31m+     }[39m
[31m+     setBeats(bs => bs.map(b => b.id === updated.id ? updated : b));[39m
[31m+     if (drawer?.beat.id === updated.id) setDrawer(d => d ? { ...d, beat: updated } : null);[39m
[31m+   }, [connectionState, drawer, transitionRuntime]);[39m
[31m+[39m
[31m+[39m
[31m+[39m
[31m+   const handleDropArtwork = useCallback(async (beat: Beat, imageBase64: string) => {[39m
[31m+     if (rejectOfflineMutation("Changing artwork")) return;[39m
[31m+[39m
[31m+     const updated = { ...beat, image_base64: imageBase64, image_preview_base64: null };[39m
[31m+[39m
[31m+     if (platform.capabilities.browserCloudEditing) {[39m
[31m+       // Publish the browser-decoded artwork immediately, then commit it through[39m
[31m+       // the Web editor/Direct transport. No Tauri metadata path participates.[39m
[31m+       updateBeat(updated);[39m
[31m+       transitionRuntime(updated.id, { type: "SYNC_UPDATE_STARTED" }, updated);[39m
[31m+       try {[39m
[31m+         const committed = await platform.editor.commit(beat, updated, {});[39m
[31m+         setBeats(current => {[39m
[31m+           const next = current.map(item => item.id === committed.id ? committed : item);[39m
[31m+           beatsLatestRef.current = next;[39m
[31m+           return next;[39m
[31m+         });[39m
[31m+         setDrawer(current => current?.beat.id === committed.id ? { ...current, beat: committed } : current);[39m
[31m+         transitionRuntime(updated.id, { type: "SYNC_UPDATE_SUCCEEDED" }, committed);[39m
[31m+       } catch (error) {[39m
[31m+         const message = sanitizeUserVisibleText(runtimeErrorMessage(error), "Cloud operation failed.");[39m
[31m+         transitionRuntime(updated.id, { type: "SYNC_FAILED", code: "ARTWORK_SYNC_FAILED", message, retryable: true }, updated);[39m
[31m+         throw error;[39m
[31m+       }[39m
[31m+       return;[39m
[31m+     }[39m
[31m+[39m
[31m+     // Desktop keeps its existing native metadata/artwork transaction.[39m
[31m+     await saveBeatMeta({[39m
[31m+       mp3_path: beat.mp3_path,[39m
[31m+       wav_path: beat.wav_path,[39m
[31m+       bpm: beat.bpm,[39m
[31m+       key: beat.key,[39m
[31m+       tags: beat.tags,[39m
[31m+       rating: beat.rating,[39m
[31m+       image_base64: imageBase64,[39m
[31m+       update_filename: false,[39m
[31m+     });[39m
[31m+[39m
[31m+     updateBeat(updated);[39m
[31m+[39m
[31m+     if (updated.telegram_file_id && connectionState === "online") {[39m
[31m+       const runtime = beatRuntimeStatesRef.current[updated.id] ?? createBeatRuntimeState(updated);[39m
[31m+       if (runtime.sync_state === "synced") transitionRuntime(updated.id, { type: "SYNC_QUEUE_UPDATE" }, updated);[39m
[31m+       transitionRuntime(updated.id, { type: "SYNC_UPDATE_STARTED" }, updated);[39m
[31m+       try {[39m
[31m+         await syncBeatMetadataToTelegram(updated);[39m
[31m+         const indexSnapshot = beatsLatestRef.current.map(item => item.id === updated.id ? updated : item);[39m
[31m+         await libraryStateManager.commitSnapshot(indexSnapshot, "upload-batch");[39m
[31m+         if (cloudLibraryTimerRef.current) {[39m
[31m+           window.clearTimeout(cloudLibraryTimerRef.current);[39m
[31m+           cloudLibraryTimerRef.current = null;[39m
[31m+         }[39m
[31m+         cloudLibrarySnapshotRef.current = indexSnapshot[39m
[31m+           .filter(item => !!item.telegram_file_id)[39m
[31m+           .map(cloudBeatFingerprint)[39m
[31m+           .join("\u001c");[39m
[31m+         cloudMetaSnapshotRef.current?.set(updated.id, cloudBeatFingerprint(updated));[39m
[31m+         transitionRuntime(updated.id, { type: "SYNC_UPDATE_SUCCEEDED" }, updated);[39m
[31m+       } catch (error) {[39m
[31m+         const message = sanitizeUserVisibleText(runtimeErrorMessage(error), "Cloud operation failed.");[39m
[31m+         transitionRuntime(updated.id, { type: "SYNC_FAILED", code: "ARTWORK_SYNC_FAILED", message, retryable: true }, updated);[39m
[31m+         throw error;[39m
[31m+       }[39m
[31m+     }[39m
[31m+   }, [updateBeat, rejectOfflineMutation, connectionState, transitionRuntime]);[39m
[31m+[39m
[31m+[39m
[31m+   const {[39m
[31m+     runBeatCloudUpdate,[39m
[31m+     startMasterAssetUpdate,[39m
[31m+     startWavAssetUpdate,[39m
[31m+     handleBrowserBeatAssetDrop,[39m
[31m+   } = useBeatAssetUpdates({[39m
[31m+     rejectOfflineMutation,[39m
[31m+     setBeatFileDrop,[39m
[31m+     setBeatCloudUpdateBusy,[39m
[31m+     beatRuntimeStatesRef,[39m
[31m+     transitionRuntime,[39m
[31m+     beatsLatestRef,[39m
[31m+     cloudLibrarySnapshotRef,[39m
[31m+     setBeats,[39m
[31m+     setDrawer,[39m
[31m+     waitForUploadedBeatPlaybackReady,[39m
[31m+   });[39m
[31m+[39m
[31m+   const {[39m
[31m+     openableCloudProjectIds,[39m
[31m+     projectUpdateNotice,[39m
[31m+     dismissProjectUpdateNotice,[39m
[31m+     hasStoredProject,[39m
[31m+     startProjectAssetUpdate,[39m
[31m+     handleAutoProjectDrop,[39m
[31m+     handleBrowserProjectDrop,[39m
[31m+     handleUploadProjectTelegram,[39m
[31m+     handleOpenProject,[39m
[31m+     handleUpdateProject,[39m
[31m+   } = useBeatProjects({[39m
[31m+     beats,[39m
[31m+     connectionState,[39m
[31m+     rejectOfflineMutation,[39m
[31m+     transitionRuntime,[39m
[31m+     beatsLatestRef,[39m
[31m+     setBeats,[39m
[31m+     setDrawer,[39m
[31m+     runBeatCloudUpdate,[39m
[31m+     setBeatCloudUpdateBusy,[39m
[31m+   });[39m
[31m+[39m
[31m+   const handleDroppedBeatFileRole = useCallback(async (role: DroppedBeatFileRole) => {[39m
[31m+     if (!beatFileDrop) return;[39m
[31m+     const { beat, filePath } = beatFileDrop;[39m
[31m+     const ext = extensionFromPath(filePath);[39m
[31m+[39m
[31m+     if (role === "loop" || role === "stems") return;[39m
[31m+[39m
[31m+     if (role === "main") {[39m
[31m+       if (ext !== "mp3") return;[39m
[31m+       startMasterAssetUpdate(beat, filePath);[39m
[31m+       return;[39m
[31m+     }[39m
[31m+[39m
[31m+     if (role === "wav") {[39m
[31m+       if (ext !== "wav") return;[39m
[31m+       startWavAssetUpdate(beat, filePath);[39m
[31m+       return;[39m
[31m+     }[39m
[31m+[39m
[31m+     if (role === "projectFolder") {[39m
[31m+       const existing = await hasStoredProject(beat).catch(() => false);[39m
[31m+       if (!existing) {[39m
[31m+         await cleanupStagedDropPaths([filePath]).catch(() => {});[39m
[31m+         setBeatFileDrop(null);[39m
[31m+         await appAlert({[39m
[31m+           title: "Project file required",[39m
[31m+           message: "Add a .flp, .als, .logicx, .ptx/.ptf file or a valid PROJECT ZIP first. Then folders can be added to that PROJECT.zip using their original folder name.",[39m
[31m+         });[39m
[31m+         return;[39m
[31m+       }[39m
[31m+       startProjectAssetUpdate(beat, filePath, "projectFolder");[39m
[31m+     }[39m
[31m+   }, [beatFileDrop, hasStoredProject, startMasterAssetUpdate, startProjectAssetUpdate, startWavAssetUpdate]);[39m
[31m+[39m
[31m+[39m
[31m+   useHtmlLibraryDrop({[39m
[31m+     nativeDropAvailable: isTauriAvailable,[39m
[31m+     browserFileImport: platform.capabilities.browserFileImport,[39m
[31m+     reviewSkeletonEnabled: REVIEW_SKELETON_ENABLED,[39m
[31m+     beatsLatestRef,[39m
[31m+     setDropActive,[39m
[31m+     setBeatCloudUpdateBusy,[39m
[31m+     setBeatFileDrop,[39m
[31m+     setLibraryDropStaging,[39m
[31m+     handleDropArtwork,[39m
[31m+     handleAutoProjectDrop,[39m
[31m+     handleBrowserBeatAssetDrop,[39m
[31m+     handleBrowserProjectDrop,[39m
[31m+     importDroppedBrowserFiles,[39m
[31m+     importDroppedPaths,[39m
[31m+   });[39m
[31m+[39m
[31m+   useNativeLibraryDrop({[39m
[31m+     nativeDropAvailable: isTauriAvailable,[39m
[31m+     reviewSkeletonEnabled: REVIEW_SKELETON_ENABLED,[39m
[31m+     beatsLatestRef,[39m
[31m+     setDropActive,[39m
[31m+     setBeatCloudUpdateBusy,[39m
[31m+     setBeatFileDrop,[39m
[31m+     setLibraryDropStaging,[39m
[31m+     handleDropArtwork,[39m
[31m+     handleAutoProjectDrop,[39m
[31m+     importDroppedPaths,[39m
[31m+   });[39m
[31m+[39m
[31m+   const applyBulkUpdate = useCallback((updates: Partial<Beat>, options?: { tagsMode?: "add" | "replace" | "remove" }) => {[39m
[31m+     setBeats(bs => bs.map(b => {[39m
[31m+       if (!selectedIds.has(b.id)) return b;[39m
[31m+       if (!updates.tags) return { ...b, ...updates };[39m
[31m+[39m
[31m+       const normalizedInput = Array.from(new Set([39m
[31m+         updates.tags.map(t => t.trim().toLowerCase()).filter(Boolean)[39m
[31m+       ));[39m
[31m+[39m
[31m+       if (options?.tagsMode === "replace") {[39m
[31m+         return { ...b, ...updates, tags: normalizedInput };[39m
[31m+       }[39m
[31m+[39m
[31m+       if (options?.tagsMode === "remove") {[39m
[31m+         const removeSet = new Set(normalizedInput);[39m
[31m+         const remainingTags = b.tags.filter(tag => !removeSet.has(tag.trim().toLowerCase()));[39m
[31m+         return { ...b, ...updates, tags: remainingTags };[39m
[31m+       }[39m
[31m+[39m
[31m+       const mergedTags = Array.from(new Set([39m
[31m+         [...b.tags, ...normalizedInput].map(t => t.trim().toLowerCase()).filter(Boolean)[39m
[31m+       ));[39m
[31m+       return { ...b, ...updates, tags: mergedTags };[39m
[31m+     }));[39m
[31m+     clearSelection();[39m
[31m+   }, [selectedIds]);[39m
[31m+[39m
[31m+[39m
[31m+   const tagColors = useTagColors();[39m
[31m+[39m
[31m+ const handleTagClick = useCallback((tag: string, e: React.MouseEvent) => {[39m
[31m+   toggleTagFilter(tag, e.altKey ? "exclude" : "include");[39m
[31m+ }, [toggleTagFilter]);[39m
[31m+[39m
[31m+   const tagFrequency = useMemo(() => selectTagFrequency(beats), [beats]);[39m
[31m+   const allTags = useMemo(() => selectAllTags(beats, tagFrequency), [beats, tagFrequency]);[39m
[31m+   const tagSuggestions = useMemo(() => selectTagSuggestions(beats), [beats]);[39m
[31m+   const displayedBeats = filteredBeats.filter(beat => revealedBeatIds.has(beat.id));[39m
[31m+[39m
[31m+   const {[39m
[31m+     shuffleEnabled,[39m
[31m+     repeatMode,[39m
[31m+     showQueue,[39m
[31m+     queuedBeats,[39m
[31m+     addToQueue,[39m
[31m+     handleNext,[39m
[31m+     handlePrev,[39m
[31m+     closeQueue,[39m
[31m+     toggleQueue,[39m
[31m+     toggleShuffle,[39m
[31m+     cycleRepeat,[39m
[31m+     playQueueIndex,[39m
[31m+   } = usePlaybackQueue({[39m
[31m+     beats,[39m
[31m+     displayedBeats,[39m
[31m+     playingId: audio.playingId,[39m
[31m+     progress: audio.progress,[39m
[31m+     endedSeq: audio.endedSeq,[39m
[31m+     handlePlay,[39m
[31m+     seek,[39m
[31m+     releaseFile,[39m
[31m+   });[39m
[31m+[39m
[31m+   useAppShortcuts({[39m
[31m+     togglePauseRef,[39m
[31m+     clearSelection,[39m
[31m+     setDrawer,[39m
[31m+     setShowAdd,[39m
[31m+     setShowSettings,[39m
[31m+     closeQueue,[39m
[31m+     setShowUpload,[39m
[31m+   });[39m
[31m+[39m
[31m+[39m
[31m+[39m
[31m+   const currentBeat = beats.find(b => b.id === audio.playingId);[39m
[31m+   const selectedBeats = beats.filter(b => selectedIds.has(b.id));[39m
[31m+   const activeDragBeat = activeDragId ? beats.find(b => b.id === activeDragId) ?? null : null;[39m
[31m+[39m
[31m+   return <AppShell scope={{ Event, HTMLElement, REVIEW_SKELETON_ENABLED, activeDragBeat, addBeatsAndReview, addToQueue, allTags, applyBulkUpdate, audio, audioConflictBatch, backTagRename, backgroundUploadErrors, beatFileDrop, beats, cancelAudioConflicts, cancelReview, cancelTagRename, clearSelection, clearTagFilters, closeCloudFiles, closeImportDecisions, cloudDownloadNotice, cloudFiles, cloudFilesBeat, cloudFilesBusyId, cloudFilesDownloadError, cloudFilesDownloadedIds, cloudSessionVerified, commitDrawerCloudMutation, confirmTagRename, connectionState, continueTagRename, currentBeat, cycleRepeat, deferredLibraryReloadRef, deleteBeat, dismissDownloadError, dismissInterruptedUploadNotices, dismissProjectUpdateNotice, displayedBeats, drawer, dropActive, dropImportBatch, dropImporting, excludedTags, filteredBeats, finishSelection, handleBeatRestored, handleCloudFiles, handleCustomCursorChanged, handleDisconnectTelegramAccount, handleDownloadTelegram, handleDragCancel, handleDragEnd, handleDragStart, handleDroppedBeatFileRole, handleEditBulk, handleFolderChanged, handleGetCloudFile, handleIncompleteWarningsChanged, handleNext, handleOpenProject, handlePlay, handlePrev, handleRemoveBulk, handleReviewedBeatSaved, handleReviewedSaveAll, handleTagClick, handleToggleOffline, handleUpdateProject, handleUpload, handleUploadBulk, handleUploadProjectTelegram, handleUploadTelegram, handleWarm, importResolvedDecisions, includedTags, interruptedUploadNotices, libraryDropStaging, libraryRefreshing, loading, offlineBusyIds, openTagRename, openableCloudProjectIds, playQueueIndex, projectUpdateNotice, queuedBeats, rejectOfflineMutation, releaseFile, reloadLibrary, repeatMode, resolveAudioConflicts, retryBackgroundUpload, revealedBeatIds, reviewBootstrap, reviewQueue, search, seek, selectMode, selectedBeats, selectedIds, sensors, setBeatFileDrop, setDrawer, setSearch, setShowAdd, setShowSettings, setShowUpload, setSortBy, setTagColorMenu, setTagRenameNewTag, setVolume, settings, showAdd, showQueue, showSettings, showUpload, shuffleEnabled, skipCurrentReviewBeat, sortBy, startupCookingGate, tagColorMenu, tagColors, tagFrequency, tagRename, tagRenameAffectedCount, tagRenameBusy, tagRenameError, tagRenameMp3Count, tagRenameWavCount, tagSuggestions, togglePause, toggleQueue, toggleSelectAll, toggleSelection, toggleShuffle, updateBeat }} />;[39m
[31m+ }[39m
[31m+[39m
[31m+[39m
[31m+ export default function App() {[39m
[31m+   return platform.kind === "web"[39m
[31m+     ? <BeatGalerApp />[39m
[31m+     : <AccountGate><BeatGalerApp /></AccountGate>;[39m
[31m+ }[39m
[31m+[39m

[36m [2m❯[22m tests/integration/appMigrationCharacterization.test.ts:[2m127:17[22m[39m
    [90m125| [39m    [34mexpect[39m(app)[33m.[39m[34mtoContain[39m([32m"} = useImportSession();"[39m)[33m;[39m
    [90m126| [39m    [34mexpect[39m(app)[33m.[39m[34mtoContain[39m([32m"} = useImportReview({"[39m)[33m;[39m
    [90m127| [39m    [34mexpect[39m(app)[33m.[39m[34mtoContain[39m([32m"<ImportReviewHost"[39m)[33m;[39m
    [90m   | [39m                [31m^[39m
    [90m128| [39m    [34mexpect[39m(importReviewHost)[33m.[39m[34mtoContain[39m([32m"onSkipAll={onCancel}"[39m)[33m;[39m
    [90m129| [39m    [34mexpect[39m(importReviewHost)[33m.[39m[34mtoContain[39m([32m"onSaved={onSaved}"[39m)[33m;[39m

[31m[2m⎯⎯⎯⎯⎯⎯⎯⎯⎯⎯⎯⎯⎯⎯⎯⎯⎯⎯⎯⎯⎯⎯⎯[5/10]⎯[22m[39m

[41m[1m FAIL [22m[49m tests/integration/appSessionExtraction.test.ts[2m > [22mtask 9.1 session/settings extraction[2m > [22mmoves preferences, cursor and disconnect cleanup to session owners
[31m[1mAssertionError[22m: expected 'import React, { useState, useCallback…' to contain 'onIncompleteWarningsChanged={handleIn…'[39m

[32m- Expected[39m
[31m+ Received[39m

[32m- onIncompleteWarningsChanged={handleIncompleteWarningsChanged}[39m
[31m+ import React, { useState, useCallback, useEffect, useRef, useMemo } from "react";[39m
[31m+ import type { Beat } from "./types";[39m
[31m+ import BeatCard from "./components/BeatCard";[39m
[31m+ import Drawer from "./components/Drawer";[39m
[31m+ import Player from "./components/Player";[39m
[31m+ import AddBeatModal from "./components/AddBeatModal";[39m
[31m+ import SettingsPanel from "./components/SettingsPanel";[39m
[31m+ import AccountGate, { logoutBeatGalerAccount } from "./components/AccountGate";[39m
[31m+ import UploadModal from "./components/UploadModal";[39m
[31m+ import JobStatusBar from "./components/JobStatusBar";[39m
[31m+ import { PlusIcon, Artwork } from "./components/ui";[39m
[31m+ import { useAudio } from "./hooks/useAudio";[39m
[31m+ import { loadLibrary, readBeatMeta, saveBeatMeta, discardImportReviewBatch, uploadBeatToTelegram, downloadBeatFromTelegram, prepareBeatForPlayback, warmBeatForPlayback, getDownloadCookingStatus, downloadCookingDiagnosticEvent, uploadProjectToTelegram, uploadDroppedFileToTelegram, downloadCloudFileToCache, downloadProjectToCache, revealInExplorer, syncBeatMetadataToTelegram, copyExportFile, copyAudioMetadata, prepareUniqueExportFolder, type CloudFileType, isTauriAvailable } from "./lib/tauri";[39m
[31m+ import { libraryStateManager } from "./lib/libraryStateManager";[39m
[31m+ import { platform } from "./platform";[39m
[31m+ import { DndContext, DragOverlay, closestCenter } from "@dnd-kit/core";[39m
[31m+ import { SortableContext, rectSortingStrategy } from "@dnd-kit/sortable";[39m
[31m+ import { appAlert, appConfirm } from "./lib/dialog";[39m
[31m+ import { sanitizeUserVisibleText } from "./lib/userVisibleError";[39m
[31m+ import { useTagColors, setTagColor } from "./lib/tagColors";[39m
[31m+ import { registerJob, updateJob } from "./lib/jobStore";[39m
[31m+ import { cleanTags } from "./lib/metadataValidation";[39m
[31m+ import { cleanupOrphanedDropStaging, cleanupStagedDropPaths } from "./features/dragdrop/dropStaging";[39m
[31m+ import CloudFilesModal from "./features/downloads/components/CloudFilesModal";[39m
[31m+ import { useBeatDownloads } from "./features/downloads/useBeatDownloads";[39m
[31m+ import BeatFileDropModal, { type DroppedBeatFileRole } from "./features/dragdrop/components/BeatFileDropModal";[39m
[31m+ import SearchBar from "./features/library/components/SearchBar";[39m
[31m+ import SortMenu from "./features/library/components/SortMenu";[39m
[31m+ import TagColorMenu from "./features/tags/components/TagColorMenu";[39m
[31m+ import { useArtworkHydration } from "./features/artwork/useArtworkHydration";[39m
[31m+ import { useCloudUploadQueue } from "./features/cloud/useCloudUploadQueue";[39m
[31m+ import ImportReviewHost, { ImportResolutionHost } from "./features/import/components/ImportReviewHost";[39m
[31m+ import { useImportSession } from "./features/import/useImportSession";[39m
[31m+ import { useImportReview } from "./features/import/useImportReview";[39m
[31m+ import { useImportDiscovery } from "./features/import/useImportDiscovery";[39m
[31m+ import { useImportSaveAll } from "./features/import/useImportSaveAll";[39m
[31m+ import { useBrowserImport } from "./features/import/useBrowserImport";[39m
[31m+ import { extensionFromPath, fileNameFromPath, isBackupFolderPath } from "./features/dragdrop/pathHelpers";[39m
[31m+ import { useHtmlLibraryDrop } from "./features/dragdrop/useHtmlLibraryDrop";[39m
[31m+ import { useNativeLibraryDrop } from "./features/dragdrop/useNativeLibraryDrop";[39m
[31m+ import { cloudBeatFingerprint, drawerMetadataCommitFingerprint, libraryViewFingerprint } from "./features/library/libraryFingerprints";[39m
[31m+ import { clearUploadPreviewCache, preserveLoadedArtwork } from "./features/library/libraryPresentationCache";[39m
[31m+ import { selectFilteredAndSortedBeats } from "./features/library/librarySelectors";[39m
[31m+ import { useLibraryViewState } from "./features/library/useLibraryViewState";[39m
[31m+ import { useLibraryReorder } from "./features/library/useLibraryReorder";[39m
[31m+ import { useBeatSelection } from "./features/selection/useBeatSelection";[39m
[31m+ import { selectAllTags, selectTagFrequency, selectTagSuggestions } from "./features/tags/tagSelectors";[39m
[31m+ import { useTagFilters } from "./features/tags/useTagFilters";[39m
[31m+ import { useTagRename } from "./features/tags/useTagRename";[39m
[31m+ import TagRenameDialog from "./features/tags/components/TagRenameDialog";[39m
[31m+ import { useLibraryPresentationCache, useLibraryState } from "./features/library/useLibraryState";[39m
[31m+ import { useLibraryReload } from "./features/library/useLibraryReload";[39m
[31m+ import { useStartupBootstrap } from "./features/startup/useStartupBootstrap";[39m
[31m+ import { useLibraryReveal } from "./features/startup/useLibraryReveal";[39m
[31m+ import { dismissBeatGalerStartupLoader } from "./features/startup/startupLoader";[39m
[31m+ import { useWebPlaybackSortRouting } from "./features/playback/useWebPlaybackSortRouting";[39m
[31m+ import { usePlaybackController } from "./features/playback/usePlaybackController";[39m
[31m+ import { usePlaybackQueue } from "./features/playback/usePlaybackQueue";[39m
[31m+ import { useDrawerCloudPersistence } from "./features/edit/useDrawerCloudPersistence";[39m
[31m+ import { useBeatAssetUpdates } from "./features/edit/useBeatAssetUpdates";[39m
[31m+ import { useBeatProjects } from "./features/projects/useBeatProjects";[39m
[31m+ import { useOfflineAvailability } from "./features/offline/useOfflineAvailability";[39m
[31m+ import { useTrashActions } from "./features/trash/useTrashActions";[39m
[31m+ import { useWebLibraryReconciled } from "./features/library/useWebLibraryReconciled";[39m
[31m+ import { createBeatRuntimeState } from "./features/state/beatRuntimeState";[39m
[31m+ import { useBeatRuntimeRegistry } from "./features/state/useBeatRuntimeRegistry";[39m
[31m+ import { useSessionState } from "./features/session/useSessionState";[39m
[31m+ import { useSessionActions } from "./features/session/useSessionActions";[39m
[31m+ import { useCustomCursor } from "./features/session/useCustomCursor";[39m
[31m+ import { useConnectivity } from "./features/session/useConnectivity";[39m
[31m+ import { useCloudLibraryEvents } from "./features/cloud/useCloudLibraryEvents";[39m
[31m+ import AppShell from "./app/AppShell";[39m
[31m+ import { useAppShortcuts } from "./app/useAppShortcuts";[39m
[31m+ import { usePublishingActions } from "./features/publishing/usePublishingActions";[39m
[31m+[39m
[31m+ // Intentionally isolated: if real-world timings prove the skeleton unnecessary,[39m
[31m+ // flipping/removing this one constant deletes the visual layer without touching[39m
[31m+ // the staged Review architecture underneath it.[39m
[31m+ const REVIEW_SKELETON_ENABLED = true;[39m
[31m+[39m
[31m+ const beatCloudUpdateBusyIds = new Set<string>();[39m
[31m+[39m
[31m+ function setBeatCloudUpdateBusy(beatId: string, active: boolean, success = false) {[39m
[31m+   if (active) beatCloudUpdateBusyIds.add(beatId);[39m
[31m+   else beatCloudUpdateBusyIds.delete(beatId);[39m
[31m+   window.dispatchEvent(new CustomEvent("beatgaler:beat-cloud-busy", {[39m
[31m+     detail: { beatId, active, success }[39m
[31m+   }));[39m
[31m+ }[39m
[31m+[39m
[31m+ function formatCloudBytes(bytes: number) {[39m
[31m+   if (!bytes) return "0 B";[39m
[31m+   const units = ["B", "KB", "MB", "GB"];[39m
[31m+   let n = bytes; let i = 0;[39m
[31m+   while (n >= 1024 && i < units.length - 1) { n /= 1024; i++; }[39m
[31m+   return `${n.toFixed(i === 0 ? 0 : 1)} ${units[i]}`;[39m
[31m+ }[39m
[31m+[39m
[31m+ function runtimeErrorMessage(error: unknown): string {[39m
[31m+   return error instanceof Error ? error.message : String(error);[39m
[31m+ }[39m
[31m+[39m
[31m+ function isRuntimeConflictError(error: unknown): boolean {[39m
[31m+   const message = runtimeErrorMessage(error).toLowerCase();[39m
[31m+   return message.includes("409") || message.includes("conflict") || message.includes("revision mismatch") || message.includes("version mismatch");[39m
[31m+ }[39m
[31m+[39m
[31m+ function BeatGalerApp() {[39m
[31m+   const {[39m
[31m+     beats,[39m
[31m+     setBeats,[39m
[31m+     beatsLatestRef,[39m
[31m+     startupCachedBeatsRef,[39m
[31m+     initialLoading,[39m
[31m+   } = useLibraryState();[39m
[31m+   const cloudMetaSnapshotRef = useRef<Map<string, string> | null>(null);[39m
[31m+   const cloudLibraryTimerRef = useRef<number | null>(null);[39m
[31m+   const cloudLibrarySnapshotRef = useRef<string | null>(null);[39m
[31m+   const visibleLibraryFingerprintRef = useRef<string>("");[39m
[31m+   const {[39m
[31m+     beatRuntimeStates,[39m
[31m+     beatRuntimeStatesRef,[39m
[31m+     transitionRuntime,[39m
[31m+     forgetRuntimeState,[39m
[31m+     clearReconciledTrashRuntimeStates,[39m
[31m+   } = useBeatRuntimeRegistry(beats, beatsLatestRef);[39m
[31m+   const stagedImportPathsRef = useRef<Map<string, string[]>>(new Map());[39m
[31m+   const [loading, setLoading] = useState(() => initialLoading);[39m
[31m+   const startupCookingResolvedRef = useRef(false);[39m
[31m+   const startupPipelineStartedRef = useRef(false);[39m
[31m+   const startupEnginePrimeReadyRef = useRef(false);[39m
[31m+   const handleArtworkHydratedFromNetwork = useCallback((next: Beat[], beatId: string) => {[39m
[31m+     const hydrated = next.find(item => item.id === beatId);[39m
[31m+     if (hydrated && cloudMetaSnapshotRef.current) {[39m
[31m+       cloudMetaSnapshotRef.current.set(beatId, cloudBeatFingerprint(hydrated));[39m
[31m+     }[39m
[31m+     if (cloudLibrarySnapshotRef.current !== null) {[39m
[31m+       cloudLibrarySnapshotRef.current = next[39m
[31m+         .filter(item => !!item.telegram_file_id)[39m
[31m+         .map(cloudBeatFingerprint)[39m
[31m+         .join("\u001c");[39m
[31m+     }[39m
[31m+   }, []);[39m
[31m+   const { ensureArtworkReady, clearArtworkHydration, invalidateArtworkHydration } = useArtworkHydration({[39m
[31m+     setBeats,[39m
[31m+     onNetworkHydrated: handleArtworkHydratedFromNetwork,[39m
[31m+   });[39m
[31m+   const { search, setSearch, sortBy, setSortBy } = useLibraryViewState();[39m
[31m+   const {[39m
[31m+     includedTags,[39m
[31m+     excludedTags,[39m
[31m+     clearTagFilters,[39m
[31m+     toggleTagFilter,[39m
[31m+     replaceTagFilter,[39m
[31m+   } = useTagFilters();[39m
[31m+   const filteredBeats = selectFilteredAndSortedBeats([39m
[31m+     beats,[39m
[31m+     search,[39m
[31m+     includedTags,[39m
[31m+     excludedTags,[39m
[31m+     sortBy,[39m
[31m+   );[39m
[31m+[39m
[31m+   const [tagColorMenu, setTagColorMenu] = useState<{ tag: string; x: number; y: number } | null>(null);[39m
[31m+   const {[39m
[31m+     tagRename, tagRenameBusy, tagRenameError, affectedCount: tagRenameAffectedCount,[39m
[31m+     affectedMp3Count: tagRenameMp3Count, affectedWavCount: tagRenameWavCount,[39m
[31m+     openTagRename, setNewTag: setTagRenameNewTag, continueTagRename, backTagRename,[39m
[31m+     cancelTagRename, confirmTagRename,[39m
[31m+   } = useTagRename({ beats, setBeats, replaceTagFilter });[39m
[31m+   useWebPlaybackSortRouting(sortBy, beats, platform.kind === "web");[39m
[31m+   const onWebLibraryReconciled = useCallback((incoming: Beat[]) => {[39m
[31m+     setBeats(current => {[39m
[31m+       const next = preserveLoadedArtwork(incoming, current);[39m
[31m+       beatsLatestRef.current = next;[39m
[31m+       return next;[39m
[31m+     });[39m
[31m+   }, []);[39m
[31m+   useWebLibraryReconciled(platform.kind === "web", onWebLibraryReconciled);[39m
[31m+   const [drawer, setDrawer] = useState<{ beat: Beat; mode: "detail" | "edit" } | null>(null);[39m
[31m+   const [showAdd, setShowAdd] = useState(false);[39m
[31m+   const [dropActive, setDropActive] = useState(false);[39m
[31m+   const [dropImporting, setDropImporting] = useState(false);[39m
[31m+   // Covers the WebView2 staging window that happens BEFORE importDroppedPaths[39m
[31m+   // receives native paths. Without this state, the app can look frozen while[39m
[31m+   // large dropped files are being copied into drop-staging.[39m
[31m+   const [libraryDropStaging, setLibraryDropStaging] = useState(false);[39m
[31m+   const [beatFileDrop, setBeatFileDrop] = useState<{ beat: Beat; filePath: string; kind: "file" | "directory" } | null>(null);[39m
[31m+   const {[39m
[31m+     reviewQueue,[39m
[31m+     setReviewQueue,[39m
[31m+     reviewQueueLatestRef,[39m
[31m+     skippedReviewSourceKeysRef,[39m
[31m+     startReview,[39m
[31m+   } = useImportSession();[39m
[31m+   const [showSettings, setShowSettings] = useState(false);[39m
[31m+   const {[39m
[31m+     settings,[39m
[31m+     setSettings,[39m
[31m+     setupDone,[39m
[31m+     setSetupDone,[39m
[31m+     connectionState,[39m
[31m+     setConnectionState,[39m
[31m+     cloudSessionVerified,[39m
[31m+     setCloudSessionVerified,[39m
[31m+   } = useSessionState();[39m
[31m+   const {[39m
[31m+     startupCookingGate,[39m
[31m+     setStartupCookingGate,[39m
[31m+     revealedBeatIds,[39m
[31m+     setRevealedBeatIds,[39m
[31m+     progressiveRevealRunRef,[39m
[31m+   } = useLibraryReveal({[39m
[31m+     initialCachedBeats: startupCachedBeatsRef.current ?? [],[39m
[31m+     filteredBeats,[39m
[31m+     loading,[39m
[31m+     settings,[39m
[31m+     cloudSessionVerified,[39m
[31m+     connectionState,[39m
[31m+     ensureArtworkReady,[39m
[31m+     startupCookingResolvedRef,[39m
[31m+     startupPipelineStartedRef,[39m
[31m+     nativeParallelism: isTauriAvailable ? 6 : 1,[39m
[31m+   });[39m
[31m+   const {[39m
[31m+     cloudFilesBeat,[39m
[31m+     cloudFiles,[39m
[31m+     cloudFilesBusyId,[39m
[31m+     cloudFilesDownloadedIds,[39m
[31m+     cloudFilesDownloadError,[39m
[31m+     cloudDownloadNotice,[39m
[31m+     handleCloudFiles,[39m
[31m+     handleGetCloudFile,[39m
[31m+     closeCloudFiles,[39m
[31m+     dismissDownloadError,[39m
[31m+   } = useBeatDownloads({ connectionState, beatRuntimeStatesRef, transitionRuntime });[39m
[31m+[39m
[31m+   const {[39m
[31m+     selectedIds,[39m
[31m+     selectMode,[39m
[31m+     toggleSelection,[39m
[31m+     toggleSelectAll,[39m
[31m+     finishSelection,[39m
[31m+     clearSelection,[39m
[31m+   } = useBeatSelection(beats);[39m
[31m+   const {[39m
[31m+     sensors,[39m
[31m+     activeDragId,[39m
[31m+     handleDragStart,[39m
[31m+     handleDragEnd,[39m
[31m+     handleDragCancel,[39m
[31m+   } = useLibraryReorder({ sortBy, setSortBy, setBeats });[39m
[31m+   const { state: audio, play, togglePause, seek, setVolume, releaseFile } = useAudio();[39m
[31m+   const { clearPlaybackPreparation, ensureWarmPlaybackUrl, handlePlay, handleWarm, invalidatePlaybackPreparation, waitForUploadedBeatPlaybackReady } = usePlaybackController({[39m
[31m+     audio,[39m
[31m+     play,[39m
[31m+     beatsLatestRef,[39m
[31m+     beatRuntimeStatesRef,[39m
[31m+     transitionRuntime,[39m
[31m+     setBeats,[39m
[31m+     cloudSessionVerified,[39m
[31m+     connectionState,[39m
[31m+     isBeatCloudUpdateBusy: beatId => beatCloudUpdateBusyIds.has(beatId),[39m
[31m+   });[39m
[31m+   const { offlineBusyIds, handleToggleOffline } = useOfflineAvailability({[39m
[31m+     connectionState,[39m
[31m+     audioPlayingId: audio.playingId,[39m
[31m+     releaseFile,[39m
[31m+     invalidatePlaybackPreparation,[39m
[31m+     ensureWarmPlaybackUrl,[39m
[31m+     beatRuntimeStatesRef,[39m
[31m+     transitionRuntime,[39m
[31m+     setBeats,[39m
[31m+     setDrawer,[39m
[31m+     setRevealedBeatIds,[39m
[31m+   });[39m
[31m+[39m
[31m+   // Keep a ref to togglePause so the keydown handler never goes stale[39m
[31m+   const togglePauseRef = useRef(togglePause);[39m
[31m+   useEffect(() => { togglePauseRef.current = togglePause; }, [togglePause]);[39m
[31m+[39m
[31m+   const rejectOfflineMutation = useCallback((action: string): boolean => {[39m
[31m+     if (connectionState === "online") return false;[39m
[31m+     void appAlert({[39m
[31m+       title: connectionState === "offline" ? "Offline" : "Connection unavailable",[39m
[31m+       message: `${action} requires an internet connection. Offline mode is read-only except for moving beats to Trash.`,[39m
[31m+     });[39m
[31m+     return true;[39m
[31m+   }, [connectionState]);[39m
[31m+[39m
[31m+   const { showUpload, setShowUpload, handleUpload, handleUploadBulk } = usePublishingActions({[39m
[31m+     selectedIds,[39m
[31m+     rejectOfflineMutation,[39m
[31m+   });[39m
[31m+[39m
[31m+   const {[39m
[31m+     reviewBootstrap,[39m
[31m+     reviewPreparationDone,[39m
[31m+     reviewPreparationPromiseRef,[39m
[31m+     deferredImportBatch,[39m
[31m+     setDeferredImportBatch,[39m
[31m+     importDroppedPaths,[39m
[31m+     cancelPendingReviewWork,[39m
[31m+     completeImmediateReviewPreparation,[39m
[31m+   } = useImportDiscovery({[39m
[31m+     dropImporting,[39m
[31m+     setDropImporting,[39m
[31m+     rejectOfflineMutation,[39m
[31m+     setDropActive,[39m
[31m+     setShowAdd,[39m
[31m+     setReviewQueue,[39m
[31m+     skippedReviewSourceKeysRef,[39m
[31m+     stagedImportPathsRef,[39m
[31m+     skeletonEnabled: REVIEW_SKELETON_ENABLED,[39m
[31m+   });[39m
[31m+[39m
[31m+   const {[39m
[31m+     backgroundUploadErrors,[39m
[31m+     cloudifyImportedBeats,[39m
[31m+     retryBackgroundUpload,[39m
[31m+     getQueuedBeatsSnapshot,[39m
[31m+     deferLibraryReloadIfUploading,[39m
[31m+     deferredLibraryReloadRef,[39m
[31m+   } = useCloudUploadQueue({[39m
[31m+     settings,[39m
[31m+     setSettings,[39m
[31m+     setConnectionState,[39m
[31m+     setBeats,[39m
[31m+     beatsLatestRef,[39m
[31m+     beatRuntimeStatesRef,[39m
[31m+     transitionRuntime,[39m
[31m+     cloudLibrarySnapshotRef,[39m
[31m+     waitForUploadedBeatPlaybackReady,[39m
[31m+     rejectOfflineMutation,[39m
[31m+     isReviewActive: () => reviewQueueLatestRef.current !== null,[39m
[31m+     hasProtectedStaging: () => stagedImportPathsRef.current.size > 0,[39m
[31m+   });[39m
[31m+[39m
[31m+[39m
[31m+   const { libraryRefreshing, reloadLibrary } = useLibraryReload({[39m
[31m+     telegramCloudConnected: Boolean(settings?.telegram_cloud_connected),[39m
[31m+     beatsLatestRef,[39m
[31m+     setBeats,[39m
[31m+     setConnectionState,[39m
[31m+     setCloudSessionVerified,[39m
[31m+     cloudMetaSnapshotRef,[39m
[31m+     cloudLibrarySnapshotRef,[39m
[31m+     startupCookingResolvedRef,[39m
[31m+     startupPipelineStartedRef,[39m
[31m+     progressiveRevealRunRef,[39m
[31m+     setRevealedBeatIds,[39m
[31m+     setStartupCookingGate,[39m
[31m+     setLoading,[39m
[31m+     deferLibraryReloadIfUploading,[39m
[31m+   });[39m
[31m+[39m
[31m+   const { interruptedUploadNotices, dismissInterruptedUploadNotices } = useStartupBootstrap({[39m
[31m+     startupCachedBeatsRef,[39m
[31m+     cloudMetaSnapshotRef,[39m
[31m+     cloudLibrarySnapshotRef,[39m
[31m+     startupCookingResolvedRef,[39m
[31m+     startupPipelineStartedRef,[39m
[31m+     startupEnginePrimeReadyRef,[39m
[31m+     progressiveRevealRunRef,[39m
[31m+     setBeats,[39m
[31m+     setSettings,[39m
[31m+     setSetupDone,[39m
[31m+     setLoading,[39m
[31m+     setConnectionState,[39m
[31m+     setCloudSessionVerified,[39m
[31m+     setStartupCookingGate,[39m
[31m+     setRevealedBeatIds,[39m
[31m+     clearReconciledTrashRuntimeStates,[39m
[31m+     dismissStartupLoader: dismissBeatGalerStartupLoader,[39m
[31m+   });[39m
[31m+[39m
[31m+[39m
[31m+ useConnectivity({[39m
[31m+   setupDone,[39m
[31m+   setConnectionState,[39m
[31m+   setCloudSessionVerified,[39m
[31m+   setSettings,[39m
[31m+   setBeats,[39m
[31m+   cloudMetaSnapshotRef,[39m
[31m+   cloudLibrarySnapshotRef,[39m
[31m+   startupCookingResolvedRef,[39m
[31m+   startupPipelineStartedRef,[39m
[31m+   startupEnginePrimeReadyRef,[39m
[31m+   progressiveRevealRunRef,[39m
[31m+   clearReconciledTrashRuntimeStates,[39m
[31m+   clearPlaybackPreparation,[39m
[31m+   clearArtworkHydration,[39m
[31m+   setStartupCookingGate,[39m
[31m+ });[39m
[31m+[39m
[31m+   useCustomCursor(settings?.custom_cursor_enabled ?? true);[39m
[31m+[39m
[31m+[39m
[31m+[39m
[31m+ // BeatGaler synchronization remains push-based. SSE only notifies the app;[39m
[31m+ // the extracted owner verifies authority before hydrating library state.[39m
[31m+ useCloudLibraryEvents({[39m
[31m+   setupDone,[39m
[31m+   beatgalerUserId: settings?.beatgaler_user_id ?? null,[39m
[31m+   setConnectionState,[39m
[31m+   setCloudSessionVerified,[39m
[31m+   setSettings,[39m
[31m+   setBeats,[39m
[31m+   cloudMetaSnapshotRef,[39m
[31m+   cloudLibrarySnapshotRef,[39m
[31m+   visibleLibraryFingerprintRef,[39m
[31m+   startupCookingResolvedRef,[39m
[31m+   startupPipelineStartedRef,[39m
[31m+   startupEnginePrimeReadyRef,[39m
[31m+   progressiveRevealRunRef,[39m
[31m+   clearReconciledTrashRuntimeStates,[39m
[31m+   clearArtworkHydration,[39m
[31m+   clearPlaybackPreparation,[39m
[31m+   setStartupCookingGate,[39m
[31m+ });[39m
[31m+[39m
[31m+   useLibraryPresentationCache([39m
[31m+     beats,[39m
[31m+     cloudSessionVerified,[39m
[31m+     settings,[39m
[31m+   );[39m
[31m+[39m
[31m+   useEffect(() => {[39m
[31m+     visibleLibraryFingerprintRef.current = libraryViewFingerprint(beats);[39m
[31m+     beatsLatestRef.current = beats;[39m
[31m+   }, [beats]);[39m
[31m+[39m
[31m+[39m
[31m+[39m
[31m+   // One-time recovery for a cloud-only library after Telegram login/startup.[39m
[31m+   // No timer, no permanent synchronization.[39m
[31m+   const beatGalerCloudRecoveryAttemptedRef = useRef(false);[39m
[31m+[39m
[31m+   const recoverTelegramLibraryOnceIfEmpty = useCallback(async () => {[39m
[31m+     if (beatGalerCloudRecoveryAttemptedRef.current) return;[39m
[31m+     if (beats.length !== 0) return;[39m
[31m+[39m
[31m+     beatGalerCloudRecoveryAttemptedRef.current = true;[39m
[31m+     try {[39m
[31m+       const restored = await libraryStateManager.reloadAuthoritative();[39m
[31m+       if (restored.length > 0) {[39m
[31m+         setBeats(current => current.length === 0 ? restored : current);[39m
[31m+       }[39m
[31m+     } catch (error) {[39m
[31m+       console.warn("Telegram library one-time recovery skipped:", error);[39m
[31m+     }[39m
[31m+   }, [beats.length]);[39m
[31m+[39m
[31m+   // IMPORTANT: an empty library is a valid, authoritative state (for example[39m
[31m+   // immediately after Remove All). Never infer "Telegram recovery" merely from[39m
[31m+   // beats.length === 0; doing so races the pending trash/index commit and can[39m
[31m+   // resurrect the just-removed cards with their artwork unloaded. Recovery is[39m
[31m+   // only allowed from explicit Telegram connection/startup flows below.[39m
[31m+[39m
[31m+   useEffect(() => {[39m
[31m+     const onTelegramConnected = (event: Event) => {[39m
[31m+       const detail = (event as CustomEvent<{ connected?: boolean; username?: string | null }>).detail;[39m
[31m+       if (!detail?.connected) return;[39m
[31m+[39m
[31m+       setSettings(current => current ? {[39m
[31m+         ...current,[39m
[31m+         telegram_cloud_connected: true,[39m
[31m+         telegram_cloud_username: detail.username ?? current.telegram_cloud_username ?? null,[39m
[31m+       } : current);[39m
[31m+[39m
[31m+       void recoverTelegramLibraryOnceIfEmpty();[39m
[31m+     };[39m
[31m+[39m
[31m+     window.addEventListener("beatgaler:telegram-connected", onTelegramConnected);[39m
[31m+     return () => window.removeEventListener("beatgaler:telegram-connected", onTelegramConnected);[39m
[31m+   }, [recoverTelegramLibraryOnceIfEmpty]);[39m
[31m+[39m
[31m+[39m
[31m+   const handleUploadTelegram = useCallback(async (beat: Beat) => {[39m
[31m+     if (rejectOfflineMutation("Uploading a beat")) return;[39m
[31m+     const existingCloudBeat = Boolean(beat.telegram_file_id);[39m
[31m+     transitionRuntime(beat.id, { type: existingCloudBeat ? "SYNC_QUEUE_UPDATE" : "SYNC_QUEUE_UPLOAD" }, beat);[39m
[31m+     transitionRuntime(beat.id, { type: existingCloudBeat ? "SYNC_UPDATE_STARTED" : "SYNC_UPLOAD_STARTED" }, beat);[39m
[31m+     try {[39m
[31m+       const updated = await uploadBeatToTelegram(beat);[39m
[31m+       await syncBeatMetadataToTelegram(updated);[39m
[31m+       transitionRuntime(updated.id, { type: existingCloudBeat ? "SYNC_UPDATE_SUCCEEDED" : "SYNC_UPLOAD_SUCCEEDED" }, updated);[39m
[31m+       setBeats(bs => bs.map(b => b.id === updated.id ? updated : b));[39m
[31m+     } catch (e: any) {[39m
[31m+       const message = sanitizeUserVisibleText(runtimeErrorMessage(e), "Cloud operation failed.");[39m
[31m+       if (existingCloudBeat && isRuntimeConflictError(e)) {[39m
[31m+         transitionRuntime(beat.id, { type: "SYNC_CONFLICT", message }, beat);[39m
[31m+       } else {[39m
[31m+         transitionRuntime(beat.id, { type: "SYNC_FAILED", code: "TELEGRAM_UPLOAD_FAILED", message, retryable: true }, beat);[39m
[31m+       }[39m
[31m+       await appAlert({[39m
[31m+         title: "Cloud upload failed",[39m
[31m+         message,[39m
[31m+         danger: true,[39m
[31m+       });[39m
[31m+     }[39m
[31m+   }, [rejectOfflineMutation, transitionRuntime]);[39m
[31m+[39m
[31m+   const handleDownloadTelegram = useCallback(async (_beat: Beat) => {[39m
[31m+     await appAlert({[39m
[31m+       title: "Cloud-only library",[39m
[31m+       message: "Files are fetched into temporary storage automatically when needed.",[39m
[31m+     });[39m
[31m+   }, []);[39m
[31m+[39m
[31m+[39m
[31m+   const handleEditBulk = useCallback(() => {[39m
[31m+     if (rejectOfflineMutation("Editing metadata")) return;[39m
[31m+     const firstSelected = beats.find(b => selectedIds.has(b.id));[39m
[31m+     if (firstSelected) setDrawer({ beat: firstSelected, mode: "edit" });[39m
[31m+   }, [beats, selectedIds, rejectOfflineMutation]);[39m
[31m+[39m
[31m+   const { deleteBeat, handleRemoveBulk, handleBeatRestored } = useTrashActions({[39m
[31m+     beats,[39m
[31m+     setBeats,[39m
[31m+     beatsLatestRef,[39m
[31m+     selectedIds,[39m
[31m+     clearSelection,[39m
[31m+     connectionState,[39m
[31m+     audioPlayingId: audio.playingId,[39m
[31m+     releaseFile,[39m
[31m+     beatRuntimeStatesRef,[39m
[31m+     transitionRuntime,[39m
[31m+     forgetRuntimeState,[39m
[31m+     cloudMetaSnapshotRef,[39m
[31m+     cloudLibrarySnapshotRef,[39m
[31m+     invalidateArtworkHydration,[39m
[31m+     ensureArtworkReady,[39m
[31m+   });[39m
[31m+[39m
[31m+   const addBeats = useCallback((newBeats: Beat[]) => {[39m
[31m+     setBeats(bs => {[39m
[31m+       const existing = new Set(bs.map(b => b.mp3_path));[39m
[31m+       const next = [...newBeats.filter(b => !existing.has(b.mp3_path)), ...bs];[39m
[31m+       beatsLatestRef.current = next;[39m
[31m+       return next;[39m
[31m+     });[39m
[31m+   }, []);[39m
[31m+[39m
[31m+   const addBeatsAndReview = useCallback((newBeats: Beat[]) => {[39m
[31m+     if (newBeats.length === 0) return;[39m
[31m+     if (connectionState !== "online") {[39m
[31m+       void appAlert({[39m
[31m+         title: "Internet connection required",[39m
[31m+         message: "BeatGaler does not import new beats while offline. Reconnect and import them again.",[39m
[31m+       });[39m
[31m+       void cleanupOrphanedDropStaging(beatsLatestRef.current);[39m
[31m+       return;[39m
[31m+     }[39m
[31m+     const sanitized = newBeats.map(beat => ({ ...beat, tags: cleanTags(beat.tags || []).tags }));[39m
[31m+[39m
[31m+     // Review candidates are NOT library beats yet.[39m
[31m+     // Keeping them out of `beats` means:[39m
[31m+     // 1) Cancel leaves absolutely nothing behind.[39m
[31m+     // 2) duplicate-name checks compare only against committed library items.[39m
[31m+     // 3) a re-dropped folder can never masquerade as an edit of the existing beat.[39m
[31m+     setShowAdd(false);[39m
[31m+     startReview(sanitized);[39m
[31m+     // Upload begins only after Review → Save.[39m
[31m+   }, [connectionState, startReview]);[39m
[31m+[39m
[31m+ const {[39m
[31m+   skipCurrentReviewBeat,[39m
[31m+   cancelReview,[39m
[31m+   handleReviewedBeatSaved,[39m
[31m+ } = useImportReview({[39m
[31m+   setBeats,[39m
[31m+   beatsLatestRef,[39m
[31m+   setReviewQueue,[39m
[31m+   skippedReviewSourceKeysRef,[39m
[31m+   cloudifyImportedBeats,[39m
[31m+   getQueuedBeatsSnapshot,[39m
[31m+   onCancelPendingWork: cancelPendingReviewWork,[39m
[31m+   releaseBeat: platform.capabilities.reviewBeatCloudCommit[39m
[31m+     ? beatId => platform.importer.releaseBeat(beatId)[39m
[31m+     : undefined,[39m
[31m+   discardBatch: batchId => discardImportReviewBatch(batchId),[39m
[31m+   cleanupStaging: protectedBeats => cleanupOrphanedDropStaging(protectedBeats),[39m
[31m+ });[39m
[31m+[39m
[31m+   const {[39m
[31m+     audioConflictBatch,[39m
[31m+     dropImportBatch,[39m
[31m+     resetImportResolutionState,[39m
[31m+     handleReviewedSaveAll,[39m
[31m+     cancelAudioConflicts,[39m
[31m+     resolveAudioConflicts,[39m
[31m+     closeImportDecisions,[39m
[31m+     importResolvedDecisions,[39m
[31m+   } = useImportSaveAll({[39m
[31m+     setBeats,[39m
[31m+     beatsLatestRef,[39m
[31m+     reviewQueue,[39m
[31m+     setReviewQueue,[39m
[31m+     reviewQueueLatestRef,[39m
[31m+     reviewBootstrap,[39m
[31m+     reviewPreparationDone,[39m
[31m+     reviewPreparationPromiseRef,[39m
[31m+     deferredImportBatch,[39m
[31m+     setDeferredImportBatch,[39m
[31m+     stagedImportPathsRef,[39m
[31m+     setDropImporting,[39m
[31m+     cloudifyImportedBeats,[39m
[31m+     addBeatsAndReview,[39m
[31m+   });[39m
[31m+[39m
[31m+   const { importDroppedBrowserFiles } = useBrowserImport({[39m
[31m+     dropImporting,[39m
[31m+     setDropImporting,[39m
[31m+     rejectOfflineMutation,[39m
[31m+     setDropActive,[39m
[31m+     setShowAdd,[39m
[31m+     setReviewQueue,[39m
[31m+     completeImmediateReviewPreparation,[39m
[31m+     resetImportResolutionState,[39m
[31m+   });[39m
[31m+[39m
[31m+   const updateExistingBeatFromFolder = useCallback(async (beat: Beat, folderPath: string): Promise<boolean> => {[39m
[31m+     if (rejectOfflineMutation("Updating beat files")) return true;[39m
[31m+     if (isBackupFolderPath(folderPath)) {[39m
[31m+       await appAlert({[39m
[31m+         title: "Backup folder skipped",[39m
[31m+         message: "BeatGaler keeps Backup/Backups folders out of PROJECT.zip so old project copies are not uploaded.",[39m
[31m+       });[39m
[31m+       return true;[39m
[31m+     }[39m
[31m+[39m
[31m+     const t = await import("./lib/tauri");[39m
[31m+[39m
[31m+     let preview;[39m
[31m+     try {[39m
[31m+       preview = await t.inspectBeatUpdateFolder(folderPath);[39m
[31m+     } catch {[39m
[31m+       return false;[39m
[31m+     }[39m
[31m+[39m
[31m+     let replaceMaster = false;[39m
[31m+     if (preview.has_mp3) {[39m
[31m+       const alreadyHasMaster = Boolean(beat.telegram_file_id) || Boolean(beat.mp3_path?.trim());[39m
[31m+       if (alreadyHasMaster) {[39m
[31m+         const incoming = preview.mp3_filename || "the incoming MP3";[39m
[31m+         const confirmed = window.confirm([39m
[31m+           `Replace current MASTER for "${beat.name}"?\n\n` +[39m
[31m+           `${incoming} will become the new MASTER.\n` +[39m
[31m+           `Its BPM, key, tags, rating and artwork will replace the current metadata.\n\n` +[39m
[31m+           `WAV and project files from this folder will also be added or updated.`[39m
[31m+         );[39m
[31m+         if (!confirmed) return true;[39m
[31m+       }[39m
[31m+       replaceMaster = true;[39m
[31m+     }[39m
[31m+[39m
[31m+     setBeatCloudUpdateBusy(beat.id, true);[39m
[31m+     const runtime = beatRuntimeStatesRef.current[beat.id] ?? createBeatRuntimeState(beat);[39m
[31m+     if (runtime.sync_state === "synced") transitionRuntime(beat.id, { type: "SYNC_QUEUE_UPDATE" }, beat);[39m
[31m+     transitionRuntime(beat.id, { type: "SYNC_UPDATE_STARTED" }, beat);[39m
[31m+     try {[39m
[31m+       let updated = await t.mergeFolderIntoExistingBeat(beat, folderPath, replaceMaster);[39m
[31m+       setBeats(bs => bs.map(b => b.id === beat.id ? updated : b));[39m
[31m+[39m
[31m+       if (replaceMaster) {[39m
[31m+         updated = await t.uploadBeatToTelegram(updated);[39m
[31m+         setBeats(bs => bs.map(b => b.id === beat.id ? updated : b));[39m
[31m+       }[39m
[31m+[39m
[31m+       if (preview.has_wav && updated.wav_path) {[39m
[31m+         await t.uploadDroppedFileToTelegram(updated, updated.wav_path, "WAV");[39m
[31m+       }[39m
[31m+[39m
[31m+       if (preview.has_project_assets) {[39m
[31m+         await t.uploadProjectToTelegram(updated);[39m
[31m+       }[39m
[31m+[39m
[31m+       if (replaceMaster && updated.telegram_file_id) {[39m
[31m+         await t.syncBeatMetadataToTelegram(updated);[39m
[31m+       }[39m
[31m+[39m
[31m+       window.dispatchEvent(new CustomEvent("beatgaler:project-cloud-updated", { detail: { beatId: beat.id } }));[39m
[31m+       await libraryStateManager.commitSnapshot(beatsLatestRef.current.map(item => item.id === beat.id ? updated : item), "metadata-update");[39m
[31m+       transitionRuntime(beat.id, { type: "SYNC_UPDATE_SUCCEEDED" }, updated);[39m
[31m+       setBeats(bs => bs.map(b => b.id === beat.id ? updated : b));[39m
[31m+       return true;[39m
[31m+     } catch (error) {[39m
[31m+       console.error(error);[39m
[31m+       const message = sanitizeUserVisibleText(runtimeErrorMessage(error), "Cloud operation failed.");[39m
[31m+       if (isRuntimeConflictError(error)) transitionRuntime(beat.id, { type: "SYNC_CONFLICT", message }, beat);[39m
[31m+       else transitionRuntime(beat.id, { type: "SYNC_FAILED", code: "FOLDER_UPDATE_FAILED", message, retryable: true }, beat);[39m
[31m+       alert(`Could not update "${beat.name}" from the dropped folder: ${message}`);[39m
[31m+       return true;[39m
[31m+     } finally {[39m
[31m+       setBeatCloudUpdateBusy(beat.id, false);[39m
[31m+     }[39m
[31m+   }, [rejectOfflineMutation, transitionRuntime]);[39m
[31m+[39m
[31m+   const { commitDrawerCloudMutation } = useDrawerCloudPersistence({[39m
[31m+   beats,[39m
[31m+   browserCloudEditing: platform.capabilities.browserCloudEditing,[39m
[31m+   connectionState,[39m
[31m+   cloudSessionVerified,[39m
[31m+   beatsLatestRef,[39m
[31m+   beatRuntimeStatesRef,[39m
[31m+   transitionRuntime,[39m
[31m+   cloudMetaSnapshotRef,[39m
[31m+   cloudLibraryTimerRef,[39m
[31m+   cloudLibrarySnapshotRef,[39m
[31m+ });[39m
[31m+[39m
[31m+   // V7: INDEX writes are explicit transactions only.[39m
[31m+   // There is deliberately no generic "beats changed => rewrite Telegram" observer.[39m
[31m+   // Upload, metadata, Trash/Restore and project/file operations commit through[39m
[31m+   // libraryStateManager at their actual logical commit boundary. This prevents[39m
[31m+   // render/cache hydration from becoming an accidental cloud mutation.[39m
[31m+[39m
[31m+   const {[39m
[31m+     handleIncompleteWarningsChanged,[39m
[31m+     handleCustomCursorChanged,[39m
[31m+     handleFolderChanged,[39m
[31m+     handleDisconnectTelegramAccount,[39m
[31m+   } = useSessionActions({[39m
[31m+     setSettings,[39m
[31m+     setCloudSessionVerified,[39m
[31m+     logoutAccount: logoutBeatGalerAccount,[39m
[31m+     releaseFile,[39m
[31m+     progressiveRevealRunRef,[39m
[31m+     clearPlaybackPreparation,[39m
[31m+     clearArtworkHydration,[39m
[31m+     setRevealedBeatIds,[39m
[31m+     setBeats,[39m
[31m+     clearSelection,[39m
[31m+   });[39m
[31m+[39m
[31m+   const updateBeat = useCallback((updated: Beat) => {[39m
[31m+     if (updated.telegram_file_id && connectionState === "online") {[39m
[31m+       const runtime = beatRuntimeStatesRef.current[updated.id] ?? createBeatRuntimeState(updated);[39m
[31m+       if (runtime.sync_state === "synced") transitionRuntime(updated.id, { type: "SYNC_QUEUE_UPDATE" }, updated);[39m
[31m+     }[39m
[31m+     setBeats(bs => bs.map(b => b.id === updated.id ? updated : b));[39m
[31m+     if (drawer?.beat.id === updated.id) setDrawer(d => d ? { ...d, beat: updated } : null);[39m
[31m+   }, [connectionState, drawer, transitionRuntime]);[39m
[31m+[39m
[31m+[39m
[31m+[39m
[31m+   const handleDropArtwork = useCallback(async (beat: Beat, imageBase64: string) => {[39m
[31m+     if (rejectOfflineMutation("Changing artwork")) return;[39m
[31m+[39m
[31m+     const updated = { ...beat, image_base64: imageBase64, image_preview_base64: null };[39m
[31m+[39m
[31m+     if (platform.capabilities.browserCloudEditing) {[39m
[31m+       // Publish the browser-decoded artwork immediately, then commit it through[39m
[31m+       // the Web editor/Direct transport. No Tauri metadata path participates.[39m
[31m+       updateBeat(updated);[39m
[31m+       transitionRuntime(updated.id, { type: "SYNC_UPDATE_STARTED" }, updated);[39m
[31m+       try {[39m
[31m+         const committed = await platform.editor.commit(beat, updated, {});[39m
[31m+         setBeats(current => {[39m
[31m+           const next = current.map(item => item.id === committed.id ? committed : item);[39m
[31m+           beatsLatestRef.current = next;[39m
[31m+           return next;[39m
[31m+         });[39m
[31m+         setDrawer(current => current?.beat.id === committed.id ? { ...current, beat: committed } : current);[39m
[31m+         transitionRuntime(updated.id, { type: "SYNC_UPDATE_SUCCEEDED" }, committed);[39m
[31m+       } catch (error) {[39m
[31m+         const message = sanitizeUserVisibleText(runtimeErrorMessage(error), "Cloud operation failed.");[39m
[31m+         transitionRuntime(updated.id, { type: "SYNC_FAILED", code: "ARTWORK_SYNC_FAILED", message, retryable: true }, updated);[39m
[31m+         throw error;[39m
[31m+       }[39m
[31m+       return;[39m
[31m+     }[39m
[31m+[39m
[31m+     // Desktop keeps its existing native metadata/artwork transaction.[39m
[31m+     await saveBeatMeta({[39m
[31m+       mp3_path: beat.mp3_path,[39m
[31m+       wav_path: beat.wav_path,[39m
[31m+       bpm: beat.bpm,[39m
[31m+       key: beat.key,[39m
[31m+       tags: beat.tags,[39m
[31m+       rating: beat.rating,[39m
[31m+       image_base64: imageBase64,[39m
[31m+       update_filename: false,[39m
[31m+     });[39m
[31m+[39m
[31m+     updateBeat(updated);[39m
[31m+[39m
[31m+     if (updated.telegram_file_id && connectionState === "online") {[39m
[31m+       const runtime = beatRuntimeStatesRef.current[updated.id] ?? createBeatRuntimeState(updated);[39m
[31m+       if (runtime.sync_state === "synced") transitionRuntime(updated.id, { type: "SYNC_QUEUE_UPDATE" }, updated);[39m
[31m+       transitionRuntime(updated.id, { type: "SYNC_UPDATE_STARTED" }, updated);[39m
[31m+       try {[39m
[31m+         await syncBeatMetadataToTelegram(updated);[39m
[31m+         const indexSnapshot = beatsLatestRef.current.map(item => item.id === updated.id ? updated : item);[39m
[31m+         await libraryStateManager.commitSnapshot(indexSnapshot, "upload-batch");[39m
[31m+         if (cloudLibraryTimerRef.current) {[39m
[31m+           window.clearTimeout(cloudLibraryTimerRef.current);[39m
[31m+           cloudLibraryTimerRef.current = null;[39m
[31m+         }[39m
[31m+         cloudLibrarySnapshotRef.current = indexSnapshot[39m
[31m+           .filter(item => !!item.telegram_file_id)[39m
[31m+           .map(cloudBeatFingerprint)[39m
[31m+           .join("\u001c");[39m
[31m+         cloudMetaSnapshotRef.current?.set(updated.id, cloudBeatFingerprint(updated));[39m
[31m+         transitionRuntime(updated.id, { type: "SYNC_UPDATE_SUCCEEDED" }, updated);[39m
[31m+       } catch (error) {[39m
[31m+         const message = sanitizeUserVisibleText(runtimeErrorMessage(error), "Cloud operation failed.");[39m
[31m+         transitionRuntime(updated.id, { type: "SYNC_FAILED", code: "ARTWORK_SYNC_FAILED", message, retryable: true }, updated);[39m
[31m+         throw error;[39m
[31m+       }[39m
[31m+     }[39m
[31m+   }, [updateBeat, rejectOfflineMutation, connectionState, transitionRuntime]);[39m
[31m+[39m
[31m+[39m
[31m+   const {[39m
[31m+     runBeatCloudUpdate,[39m
[31m+     startMasterAssetUpdate,[39m
[31m+     startWavAssetUpdate,[39m
[31m+     handleBrowserBeatAssetDrop,[39m
[31m+   } = useBeatAssetUpdates({[39m
[31m+     rejectOfflineMutation,[39m
[31m+     setBeatFileDrop,[39m
[31m+     setBeatCloudUpdateBusy,[39m
[31m+     beatRuntimeStatesRef,[39m
[31m+     transitionRuntime,[39m
[31m+     beatsLatestRef,[39m
[31m+     cloudLibrarySnapshotRef,[39m
[31m+     setBeats,[39m
[31m+     setDrawer,[39m
[31m+     waitForUploadedBeatPlaybackReady,[39m
[31m+   });[39m
[31m+[39m
[31m+   const {[39m
[31m+     openableCloudProjectIds,[39m
[31m+     projectUpdateNotice,[39m
[31m+     dismissProjectUpdateNotice,[39m
[31m+     hasStoredProject,[39m
[31m+     startProjectAssetUpdate,[39m
[31m+     handleAutoProjectDrop,[39m
[31m+     handleBrowserProjectDrop,[39m
[31m+     handleUploadProjectTelegram,[39m
[31m+     handleOpenProject,[39m
[31m+     handleUpdateProject,[39m
[31m+   } = useBeatProjects({[39m
[31m+     beats,[39m
[31m+     connectionState,[39m
[31m+     rejectOfflineMutation,[39m
[31m+     transitionRuntime,[39m
[31m+     beatsLatestRef,[39m
[31m+     setBeats,[39m
[31m+     setDrawer,[39m
[31m+     runBeatCloudUpdate,[39m
[31m+     setBeatCloudUpdateBusy,[39m
[31m+   });[39m
[31m+[39m
[31m+   const handleDroppedBeatFileRole = useCallback(async (role: DroppedBeatFileRole) => {[39m
[31m+     if (!beatFileDrop) return;[39m
[31m+     const { beat, filePath } = beatFileDrop;[39m
[31m+     const ext = extensionFromPath(filePath);[39m
[31m+[39m
[31m+     if (role === "loop" || role === "stems") return;[39m
[31m+[39m
[31m+     if (role === "main") {[39m
[31m+       if (ext !== "mp3") return;[39m
[31m+       startMasterAssetUpdate(beat, filePath);[39m
[31m+       return;[39m
[31m+     }[39m
[31m+[39m
[31m+     if (role === "wav") {[39m
[31m+       if (ext !== "wav") return;[39m
[31m+       startWavAssetUpdate(beat, filePath);[39m
[31m+       return;[39m
[31m+     }[39m
[31m+[39m
[31m+     if (role === "projectFolder") {[39m
[31m+       const existing = await hasStoredProject(beat).catch(() => false);[39m
[31m+       if (!existing) {[39m
[31m+         await cleanupStagedDropPaths([filePath]).catch(() => {});[39m
[31m+         setBeatFileDrop(null);[39m
[31m+         await appAlert({[39m
[31m+           title: "Project file required",[39m
[31m+           message: "Add a .flp, .als, .logicx, .ptx/.ptf file or a valid PROJECT ZIP first. Then folders can be added to that PROJECT.zip using their original folder name.",[39m
[31m+         });[39m
[31m+         return;[39m
[31m+       }[39m
[31m+       startProjectAssetUpdate(beat, filePath, "projectFolder");[39m
[31m+     }[39m
[31m+   }, [beatFileDrop, hasStoredProject, startMasterAssetUpdate, startProjectAssetUpdate, startWavAssetUpdate]);[39m
[31m+[39m
[31m+[39m
[31m+   useHtmlLibraryDrop({[39m
[31m+     nativeDropAvailable: isTauriAvailable,[39m
[31m+     browserFileImport: platform.capabilities.browserFileImport,[39m
[31m+     reviewSkeletonEnabled: REVIEW_SKELETON_ENABLED,[39m
[31m+     beatsLatestRef,[39m
[31m+     setDropActive,[39m
[31m+     setBeatCloudUpdateBusy,[39m
[31m+     setBeatFileDrop,[39m
[31m+     setLibraryDropStaging,[39m
[31m+     handleDropArtwork,[39m
[31m+     handleAutoProjectDrop,[39m
[31m+     handleBrowserBeatAssetDrop,[39m
[31m+     handleBrowserProjectDrop,[39m
[31m+     importDroppedBrowserFiles,[39m
[31m+     importDroppedPaths,[39m
[31m+   });[39m
[31m+[39m
[31m+   useNativeLibraryDrop({[39m
[31m+     nativeDropAvailable: isTauriAvailable,[39m
[31m+     reviewSkeletonEnabled: REVIEW_SKELETON_ENABLED,[39m
[31m+     beatsLatestRef,[39m
[31m+     setDropActive,[39m
[31m+     setBeatCloudUpdateBusy,[39m
[31m+     setBeatFileDrop,[39m
[31m+     setLibraryDropStaging,[39m
[31m+     handleDropArtwork,[39m
[31m+     handleAutoProjectDrop,[39m
[31m+     importDroppedPaths,[39m
[31m+   });[39m
[31m+[39m
[31m+   const applyBulkUpdate = useCallback((updates: Partial<Beat>, options?: { tagsMode?: "add" | "replace" | "remove" }) => {[39m
[31m+     setBeats(bs => bs.map(b => {[39m
[31m+       if (!selectedIds.has(b.id)) return b;[39m
[31m+       if (!updates.tags) return { ...b, ...updates };[39m
[31m+[39m
[31m+       const normalizedInput = Array.from(new Set([39m
[31m+         updates.tags.map(t => t.trim().toLowerCase()).filter(Boolean)[39m
[31m+       ));[39m
[31m+[39m
[31m+       if (options?.tagsMode === "replace") {[39m
[31m+         return { ...b, ...updates, tags: normalizedInput };[39m
[31m+       }[39m
[31m+[39m
[31m+       if (options?.tagsMode === "remove") {[39m
[31m+         const removeSet = new Set(normalizedInput);[39m
[31m+         const remainingTags = b.tags.filter(tag => !removeSet.has(tag.trim().toLowerCase()));[39m
[31m+         return { ...b, ...updates, tags: remainingTags };[39m
[31m+       }[39m
[31m+[39m
[31m+       const mergedTags = Array.from(new Set([39m
[31m+         [...b.tags, ...normalizedInput].map(t => t.trim().toLowerCase()).filter(Boolean)[39m
[31m+       ));[39m
[31m+       return { ...b, ...updates, tags: mergedTags };[39m
[31m+     }));[39m
[31m+     clearSelection();[39m
[31m+   }, [selectedIds]);[39m
[31m+[39m
[31m+[39m
[31m+   const tagColors = useTagColors();[39m
[31m+[39m
[31m+ const handleTagClick = useCallback((tag: string, e: React.MouseEvent) => {[39m
[31m+   toggleTagFilter(tag, e.altKey ? "exclude" : "include");[39m
[31m+ }, [toggleTagFilter]);[39m
[31m+[39m
[31m+   const tagFrequency = useMemo(() => selectTagFrequency(beats), [beats]);[39m
[31m+   const allTags = useMemo(() => selectAllTags(beats, tagFrequency), [beats, tagFrequency]);[39m
[31m+   const tagSuggestions = useMemo(() => selectTagSuggestions(beats), [beats]);[39m
[31m+   const displayedBeats = filteredBeats.filter(beat => revealedBeatIds.has(beat.id));[39m
[31m+[39m
[31m+   const {[39m
[31m+     shuffleEnabled,[39m
[31m+     repeatMode,[39m
[31m+     showQueue,[39m
[31m+     queuedBeats,[39m
[31m+     addToQueue,[39m
[31m+     handleNext,[39m
[31m+     handlePrev,[39m
[31m+     closeQueue,[39m
[31m+     toggleQueue,[39m
[31m+     toggleShuffle,[39m
[31m+     cycleRepeat,[39m
[31m+     playQueueIndex,[39m
[31m+   } = usePlaybackQueue({[39m
[31m+     beats,[39m
[31m+     displayedBeats,[39m
[31m+     playingId: audio.playingId,[39m
[31m+     progress: audio.progress,[39m
[31m+     endedSeq: audio.endedSeq,[39m
[31m+     handlePlay,[39m
[31m+     seek,[39m
[31m+     releaseFile,[39m
[31m+   });[39m
[31m+[39m
[31m+   useAppShortcuts({[39m
[31m+     togglePauseRef,[39m
[31m+     clearSelection,[39m
[31m+     setDrawer,[39m
[31m+     setShowAdd,[39m
[31m+     setShowSettings,[39m
[31m+     closeQueue,[39m
[31m+     setShowUpload,[39m
[31m+   });[39m
[31m+[39m
[31m+[39m
[31m+[39m
[31m+   const currentBeat = beats.find(b => b.id === audio.playingId);[39m
[31m+   const selectedBeats = beats.filter(b => selectedIds.has(b.id));[39m
[31m+   const activeDragBeat = activeDragId ? beats.find(b => b.id === activeDragId) ?? null : null;[39m
[31m+[39m
[31m+   return <AppShell scope={{ Event, HTMLElement, REVIEW_SKELETON_ENABLED, activeDragBeat, addBeatsAndReview, addToQueue, allTags, applyBulkUpdate, audio, audioConflictBatch, backTagRename, backgroundUploadErrors, beatFileDrop, beats, cancelAudioConflicts, cancelReview, cancelTagRename, clearSelection, clearTagFilters, closeCloudFiles, closeImportDecisions, cloudDownloadNotice, cloudFiles, cloudFilesBeat, cloudFilesBusyId, cloudFilesDownloadError, cloudFilesDownloadedIds, cloudSessionVerified, commitDrawerCloudMutation, confirmTagRename, connectionState, continueTagRename, currentBeat, cycleRepeat, deferredLibraryReloadRef, deleteBeat, dismissDownloadError, dismissInterruptedUploadNotices, dismissProjectUpdateNotice, displayedBeats, drawer, dropActive, dropImportBatch, dropImporting, excludedTags, filteredBeats, finishSelection, handleBeatRestored, handleCloudFiles, handleCustomCursorChanged, handleDisconnectTelegramAccount, handleDownloadTelegram, handleDragCancel, handleDragEnd, handleDragStart, handleDroppedBeatFileRole, handleEditBulk, handleFolderChanged, handleGetCloudFile, handleIncompleteWarningsChanged, handleNext, handleOpenProject, handlePlay, handlePrev, handleRemoveBulk, handleReviewedBeatSaved, handleReviewedSaveAll, handleTagClick, handleToggleOffline, handleUpdateProject, handleUpload, handleUploadBulk, handleUploadProjectTelegram, handleUploadTelegram, handleWarm, importResolvedDecisions, includedTags, interruptedUploadNotices, libraryDropStaging, libraryRefreshing, loading, offlineBusyIds, openTagRename, openableCloudProjectIds, playQueueIndex, projectUpdateNotice, queuedBeats, rejectOfflineMutation, releaseFile, reloadLibrary, repeatMode, resolveAudioConflicts, retryBackgroundUpload, revealedBeatIds, reviewBootstrap, reviewQueue, search, seek, selectMode, selectedBeats, selectedIds, sensors, setBeatFileDrop, setDrawer, setSearch, setShowAdd, setShowSettings, setShowUpload, setSortBy, setTagColorMenu, setTagRenameNewTag, setVolume, settings, showAdd, showQueue, showSettings, showUpload, shuffleEnabled, skipCurrentReviewBeat, sortBy, startupCookingGate, tagColorMenu, tagColors, tagFrequency, tagRename, tagRenameAffectedCount, tagRenameBusy, tagRenameError, tagRenameMp3Count, tagRenameWavCount, tagSuggestions, togglePause, toggleQueue, toggleSelectAll, toggleSelection, toggleShuffle, updateBeat }} />;[39m
[31m+ }[39m
[31m+[39m
[31m+[39m
[31m+ export default function App() {[39m
[31m+   return platform.kind === "web"[39m
[31m+     ? <BeatGalerApp />[39m
[31m+     : <AccountGate><BeatGalerApp /></AccountGate>;[39m
[31m+ }[39m
[31m+[39m

[36m [2m❯[22m tests/integration/appSessionExtraction.test.ts:[2m27:17[22m[39m
    [90m 25| [39m    expect(app).toContain("useCustomCursor(settings?.custom_cursor_ena…
    [90m 26| [39m    [34mexpect[39m(app)[33m.[39m[34mtoContain[39m([32m"} = useSessionActions({"[39m)[33m;[39m
    [90m 27| [39m    expect(app).toContain("onIncompleteWarningsChanged={handleIncomple…
    [90m   | [39m                [31m^[39m
    [90m 28| [39m    expect(app).toContain("onCustomCursorChanged={handleCustomCursorCh…
    [90m 29| [39m    [34mexpect[39m(app)[33m.[39m[34mtoContain[39m([32m"onFolderChanged={handleFolderChanged}"[39m)[33m;[39m

[31m[2m⎯⎯⎯⎯⎯⎯⎯⎯⎯⎯⎯⎯⎯⎯⎯⎯⎯⎯⎯⎯⎯⎯⎯[6/10]⎯[22m[39m

[41m[1m FAIL [22m[49m tests/integration/appTagRenameExtraction.test.ts[2m > [22mApp tag rename extraction[2m > [22mmoves the dialog while preserving pre-run cancel, back, busy and error feedback
[31m[1mAssertionError[22m: expected 'import React, { useState, useCallback…' to contain '<TagRenameDialog'[39m

[32m- Expected[39m
[31m+ Received[39m

[32m- <TagRenameDialog[39m
[31m+ import React, { useState, useCallback, useEffect, useRef, useMemo } from "react";[39m
[31m+ import type { Beat } from "./types";[39m
[31m+ import BeatCard from "./components/BeatCard";[39m
[31m+ import Drawer from "./components/Drawer";[39m
[31m+ import Player from "./components/Player";[39m
[31m+ import AddBeatModal from "./components/AddBeatModal";[39m
[31m+ import SettingsPanel from "./components/SettingsPanel";[39m
[31m+ import AccountGate, { logoutBeatGalerAccount } from "./components/AccountGate";[39m
[31m+ import UploadModal from "./components/UploadModal";[39m
[31m+ import JobStatusBar from "./components/JobStatusBar";[39m
[31m+ import { PlusIcon, Artwork } from "./components/ui";[39m
[31m+ import { useAudio } from "./hooks/useAudio";[39m
[31m+ import { loadLibrary, readBeatMeta, saveBeatMeta, discardImportReviewBatch, uploadBeatToTelegram, downloadBeatFromTelegram, prepareBeatForPlayback, warmBeatForPlayback, getDownloadCookingStatus, downloadCookingDiagnosticEvent, uploadProjectToTelegram, uploadDroppedFileToTelegram, downloadCloudFileToCache, downloadProjectToCache, revealInExplorer, syncBeatMetadataToTelegram, copyExportFile, copyAudioMetadata, prepareUniqueExportFolder, type CloudFileType, isTauriAvailable } from "./lib/tauri";[39m
[31m+ import { libraryStateManager } from "./lib/libraryStateManager";[39m
[31m+ import { platform } from "./platform";[39m
[31m+ import { DndContext, DragOverlay, closestCenter } from "@dnd-kit/core";[39m
[31m+ import { SortableContext, rectSortingStrategy } from "@dnd-kit/sortable";[39m
[31m+ import { appAlert, appConfirm } from "./lib/dialog";[39m
[31m+ import { sanitizeUserVisibleText } from "./lib/userVisibleError";[39m
[31m+ import { useTagColors, setTagColor } from "./lib/tagColors";[39m
[31m+ import { registerJob, updateJob } from "./lib/jobStore";[39m
[31m+ import { cleanTags } from "./lib/metadataValidation";[39m
[31m+ import { cleanupOrphanedDropStaging, cleanupStagedDropPaths } from "./features/dragdrop/dropStaging";[39m
[31m+ import CloudFilesModal from "./features/downloads/components/CloudFilesModal";[39m
[31m+ import { useBeatDownloads } from "./features/downloads/useBeatDownloads";[39m
[31m+ import BeatFileDropModal, { type DroppedBeatFileRole } from "./features/dragdrop/components/BeatFileDropModal";[39m
[31m+ import SearchBar from "./features/library/components/SearchBar";[39m
[31m+ import SortMenu from "./features/library/components/SortMenu";[39m
[31m+ import TagColorMenu from "./features/tags/components/TagColorMenu";[39m
[31m+ import { useArtworkHydration } from "./features/artwork/useArtworkHydration";[39m
[31m+ import { useCloudUploadQueue } from "./features/cloud/useCloudUploadQueue";[39m
[31m+ import ImportReviewHost, { ImportResolutionHost } from "./features/import/components/ImportReviewHost";[39m
[31m+ import { useImportSession } from "./features/import/useImportSession";[39m
[31m+ import { useImportReview } from "./features/import/useImportReview";[39m
[31m+ import { useImportDiscovery } from "./features/import/useImportDiscovery";[39m
[31m+ import { useImportSaveAll } from "./features/import/useImportSaveAll";[39m
[31m+ import { useBrowserImport } from "./features/import/useBrowserImport";[39m
[31m+ import { extensionFromPath, fileNameFromPath, isBackupFolderPath } from "./features/dragdrop/pathHelpers";[39m
[31m+ import { useHtmlLibraryDrop } from "./features/dragdrop/useHtmlLibraryDrop";[39m
[31m+ import { useNativeLibraryDrop } from "./features/dragdrop/useNativeLibraryDrop";[39m
[31m+ import { cloudBeatFingerprint, drawerMetadataCommitFingerprint, libraryViewFingerprint } from "./features/library/libraryFingerprints";[39m
[31m+ import { clearUploadPreviewCache, preserveLoadedArtwork } from "./features/library/libraryPresentationCache";[39m
[31m+ import { selectFilteredAndSortedBeats } from "./features/library/librarySelectors";[39m
[31m+ import { useLibraryViewState } from "./features/library/useLibraryViewState";[39m
[31m+ import { useLibraryReorder } from "./features/library/useLibraryReorder";[39m
[31m+ import { useBeatSelection } from "./features/selection/useBeatSelection";[39m
[31m+ import { selectAllTags, selectTagFrequency, selectTagSuggestions } from "./features/tags/tagSelectors";[39m
[31m+ import { useTagFilters } from "./features/tags/useTagFilters";[39m
[31m+ import { useTagRename } from "./features/tags/useTagRename";[39m
[31m+ import TagRenameDialog from "./features/tags/components/TagRenameDialog";[39m
[31m+ import { useLibraryPresentationCache, useLibraryState } from "./features/library/useLibraryState";[39m
[31m+ import { useLibraryReload } from "./features/library/useLibraryReload";[39m
[31m+ import { useStartupBootstrap } from "./features/startup/useStartupBootstrap";[39m
[31m+ import { useLibraryReveal } from "./features/startup/useLibraryReveal";[39m
[31m+ import { dismissBeatGalerStartupLoader } from "./features/startup/startupLoader";[39m
[31m+ import { useWebPlaybackSortRouting } from "./features/playback/useWebPlaybackSortRouting";[39m
[31m+ import { usePlaybackController } from "./features/playback/usePlaybackController";[39m
[31m+ import { usePlaybackQueue } from "./features/playback/usePlaybackQueue";[39m
[31m+ import { useDrawerCloudPersistence } from "./features/edit/useDrawerCloudPersistence";[39m
[31m+ import { useBeatAssetUpdates } from "./features/edit/useBeatAssetUpdates";[39m
[31m+ import { useBeatProjects } from "./features/projects/useBeatProjects";[39m
[31m+ import { useOfflineAvailability } from "./features/offline/useOfflineAvailability";[39m
[31m+ import { useTrashActions } from "./features/trash/useTrashActions";[39m
[31m+ import { useWebLibraryReconciled } from "./features/library/useWebLibraryReconciled";[39m
[31m+ import { createBeatRuntimeState } from "./features/state/beatRuntimeState";[39m
[31m+ import { useBeatRuntimeRegistry } from "./features/state/useBeatRuntimeRegistry";[39m
[31m+ import { useSessionState } from "./features/session/useSessionState";[39m
[31m+ import { useSessionActions } from "./features/session/useSessionActions";[39m
[31m+ import { useCustomCursor } from "./features/session/useCustomCursor";[39m
[31m+ import { useConnectivity } from "./features/session/useConnectivity";[39m
[31m+ import { useCloudLibraryEvents } from "./features/cloud/useCloudLibraryEvents";[39m
[31m+ import AppShell from "./app/AppShell";[39m
[31m+ import { useAppShortcuts } from "./app/useAppShortcuts";[39m
[31m+ import { usePublishingActions } from "./features/publishing/usePublishingActions";[39m
[31m+[39m
[31m+ // Intentionally isolated: if real-world timings prove the skeleton unnecessary,[39m
[31m+ // flipping/removing this one constant deletes the visual layer without touching[39m
[31m+ // the staged Review architecture underneath it.[39m
[31m+ const REVIEW_SKELETON_ENABLED = true;[39m
[31m+[39m
[31m+ const beatCloudUpdateBusyIds = new Set<string>();[39m
[31m+[39m
[31m+ function setBeatCloudUpdateBusy(beatId: string, active: boolean, success = false) {[39m
[31m+   if (active) beatCloudUpdateBusyIds.add(beatId);[39m
[31m+   else beatCloudUpdateBusyIds.delete(beatId);[39m
[31m+   window.dispatchEvent(new CustomEvent("beatgaler:beat-cloud-busy", {[39m
[31m+     detail: { beatId, active, success }[39m
[31m+   }));[39m
[31m+ }[39m
[31m+[39m
[31m+ function formatCloudBytes(bytes: number) {[39m
[31m+   if (!bytes) return "0 B";[39m
[31m+   const units = ["B", "KB", "MB", "GB"];[39m
[31m+   let n = bytes; let i = 0;[39m
[31m+   while (n >= 1024 && i < units.length - 1) { n /= 1024; i++; }[39m
[31m+   return `${n.toFixed(i === 0 ? 0 : 1)} ${units[i]}`;[39m
[31m+ }[39m
[31m+[39m
[31m+ function runtimeErrorMessage(error: unknown): string {[39m
[31m+   return error instanceof Error ? error.message : String(error);[39m
[31m+ }[39m
[31m+[39m
[31m+ function isRuntimeConflictError(error: unknown): boolean {[39m
[31m+   const message = runtimeErrorMessage(error).toLowerCase();[39m
[31m+   return message.includes("409") || message.includes("conflict") || message.includes("revision mismatch") || message.includes("version mismatch");[39m
[31m+ }[39m
[31m+[39m
[31m+ function BeatGalerApp() {[39m
[31m+   const {[39m
[31m+     beats,[39m
[31m+     setBeats,[39m
[31m+     beatsLatestRef,[39m
[31m+     startupCachedBeatsRef,[39m
[31m+     initialLoading,[39m
[31m+   } = useLibraryState();[39m
[31m+   const cloudMetaSnapshotRef = useRef<Map<string, string> | null>(null);[39m
[31m+   const cloudLibraryTimerRef = useRef<number | null>(null);[39m
[31m+   const cloudLibrarySnapshotRef = useRef<string | null>(null);[39m
[31m+   const visibleLibraryFingerprintRef = useRef<string>("");[39m
[31m+   const {[39m
[31m+     beatRuntimeStates,[39m
[31m+     beatRuntimeStatesRef,[39m
[31m+     transitionRuntime,[39m
[31m+     forgetRuntimeState,[39m
[31m+     clearReconciledTrashRuntimeStates,[39m
[31m+   } = useBeatRuntimeRegistry(beats, beatsLatestRef);[39m
[31m+   const stagedImportPathsRef = useRef<Map<string, string[]>>(new Map());[39m
[31m+   const [loading, setLoading] = useState(() => initialLoading);[39m
[31m+   const startupCookingResolvedRef = useRef(false);[39m
[31m+   const startupPipelineStartedRef = useRef(false);[39m
[31m+   const startupEnginePrimeReadyRef = useRef(false);[39m
[31m+   const handleArtworkHydratedFromNetwork = useCallback((next: Beat[], beatId: string) => {[39m
[31m+     const hydrated = next.find(item => item.id === beatId);[39m
[31m+     if (hydrated && cloudMetaSnapshotRef.current) {[39m
[31m+       cloudMetaSnapshotRef.current.set(beatId, cloudBeatFingerprint(hydrated));[39m
[31m+     }[39m
[31m+     if (cloudLibrarySnapshotRef.current !== null) {[39m
[31m+       cloudLibrarySnapshotRef.current = next[39m
[31m+         .filter(item => !!item.telegram_file_id)[39m
[31m+         .map(cloudBeatFingerprint)[39m
[31m+         .join("\u001c");[39m
[31m+     }[39m
[31m+   }, []);[39m
[31m+   const { ensureArtworkReady, clearArtworkHydration, invalidateArtworkHydration } = useArtworkHydration({[39m
[31m+     setBeats,[39m
[31m+     onNetworkHydrated: handleArtworkHydratedFromNetwork,[39m
[31m+   });[39m
[31m+   const { search, setSearch, sortBy, setSortBy } = useLibraryViewState();[39m
[31m+   const {[39m
[31m+     includedTags,[39m
[31m+     excludedTags,[39m
[31m+     clearTagFilters,[39m
[31m+     toggleTagFilter,[39m
[31m+     replaceTagFilter,[39m
[31m+   } = useTagFilters();[39m
[31m+   const filteredBeats = selectFilteredAndSortedBeats([39m
[31m+     beats,[39m
[31m+     search,[39m
[31m+     includedTags,[39m
[31m+     excludedTags,[39m
[31m+     sortBy,[39m
[31m+   );[39m
[31m+[39m
[31m+   const [tagColorMenu, setTagColorMenu] = useState<{ tag: string; x: number; y: number } | null>(null);[39m
[31m+   const {[39m
[31m+     tagRename, tagRenameBusy, tagRenameError, affectedCount: tagRenameAffectedCount,[39m
[31m+     affectedMp3Count: tagRenameMp3Count, affectedWavCount: tagRenameWavCount,[39m
[31m+     openTagRename, setNewTag: setTagRenameNewTag, continueTagRename, backTagRename,[39m
[31m+     cancelTagRename, confirmTagRename,[39m
[31m+   } = useTagRename({ beats, setBeats, replaceTagFilter });[39m
[31m+   useWebPlaybackSortRouting(sortBy, beats, platform.kind === "web");[39m
[31m+   const onWebLibraryReconciled = useCallback((incoming: Beat[]) => {[39m
[31m+     setBeats(current => {[39m
[31m+       const next = preserveLoadedArtwork(incoming, current);[39m
[31m+       beatsLatestRef.current = next;[39m
[31m+       return next;[39m
[31m+     });[39m
[31m+   }, []);[39m
[31m+   useWebLibraryReconciled(platform.kind === "web", onWebLibraryReconciled);[39m
[31m+   const [drawer, setDrawer] = useState<{ beat: Beat; mode: "detail" | "edit" } | null>(null);[39m
[31m+   const [showAdd, setShowAdd] = useState(false);[39m
[31m+   const [dropActive, setDropActive] = useState(false);[39m
[31m+   const [dropImporting, setDropImporting] = useState(false);[39m
[31m+   // Covers the WebView2 staging window that happens BEFORE importDroppedPaths[39m
[31m+   // receives native paths. Without this state, the app can look frozen while[39m
[31m+   // large dropped files are being copied into drop-staging.[39m
[31m+   const [libraryDropStaging, setLibraryDropStaging] = useState(false);[39m
[31m+   const [beatFileDrop, setBeatFileDrop] = useState<{ beat: Beat; filePath: string; kind: "file" | "directory" } | null>(null);[39m
[31m+   const {[39m
[31m+     reviewQueue,[39m
[31m+     setReviewQueue,[39m
[31m+     reviewQueueLatestRef,[39m
[31m+     skippedReviewSourceKeysRef,[39m
[31m+     startReview,[39m
[31m+   } = useImportSession();[39m
[31m+   const [showSettings, setShowSettings] = useState(false);[39m
[31m+   const {[39m
[31m+     settings,[39m
[31m+     setSettings,[39m
[31m+     setupDone,[39m
[31m+     setSetupDone,[39m
[31m+     connectionState,[39m
[31m+     setConnectionState,[39m
[31m+     cloudSessionVerified,[39m
[31m+     setCloudSessionVerified,[39m
[31m+   } = useSessionState();[39m
[31m+   const {[39m
[31m+     startupCookingGate,[39m
[31m+     setStartupCookingGate,[39m
[31m+     revealedBeatIds,[39m
[31m+     setRevealedBeatIds,[39m
[31m+     progressiveRevealRunRef,[39m
[31m+   } = useLibraryReveal({[39m
[31m+     initialCachedBeats: startupCachedBeatsRef.current ?? [],[39m
[31m+     filteredBeats,[39m
[31m+     loading,[39m
[31m+     settings,[39m
[31m+     cloudSessionVerified,[39m
[31m+     connectionState,[39m
[31m+     ensureArtworkReady,[39m
[31m+     startupCookingResolvedRef,[39m
[31m+     startupPipelineStartedRef,[39m
[31m+     nativeParallelism: isTauriAvailable ? 6 : 1,[39m
[31m+   });[39m
[31m+   const {[39m
[31m+     cloudFilesBeat,[39m
[31m+     cloudFiles,[39m
[31m+     cloudFilesBusyId,[39m
[31m+     cloudFilesDownloadedIds,[39m
[31m+     cloudFilesDownloadError,[39m
[31m+     cloudDownloadNotice,[39m
[31m+     handleCloudFiles,[39m
[31m+     handleGetCloudFile,[39m
[31m+     closeCloudFiles,[39m
[31m+     dismissDownloadError,[39m
[31m+   } = useBeatDownloads({ connectionState, beatRuntimeStatesRef, transitionRuntime });[39m
[31m+[39m
[31m+   const {[39m
[31m+     selectedIds,[39m
[31m+     selectMode,[39m
[31m+     toggleSelection,[39m
[31m+     toggleSelectAll,[39m
[31m+     finishSelection,[39m
[31m+     clearSelection,[39m
[31m+   } = useBeatSelection(beats);[39m
[31m+   const {[39m
[31m+     sensors,[39m
[31m+     activeDragId,[39m
[31m+     handleDragStart,[39m
[31m+     handleDragEnd,[39m
[31m+     handleDragCancel,[39m
[31m+   } = useLibraryReorder({ sortBy, setSortBy, setBeats });[39m
[31m+   const { state: audio, play, togglePause, seek, setVolume, releaseFile } = useAudio();[39m
[31m+   const { clearPlaybackPreparation, ensureWarmPlaybackUrl, handlePlay, handleWarm, invalidatePlaybackPreparation, waitForUploadedBeatPlaybackReady } = usePlaybackController({[39m
[31m+     audio,[39m
[31m+     play,[39m
[31m+     beatsLatestRef,[39m
[31m+     beatRuntimeStatesRef,[39m
[31m+     transitionRuntime,[39m
[31m+     setBeats,[39m
[31m+     cloudSessionVerified,[39m
[31m+     connectionState,[39m
[31m+     isBeatCloudUpdateBusy: beatId => beatCloudUpdateBusyIds.has(beatId),[39m
[31m+   });[39m
[31m+   const { offlineBusyIds, handleToggleOffline } = useOfflineAvailability({[39m
[31m+     connectionState,[39m
[31m+     audioPlayingId: audio.playingId,[39m
[31m+     releaseFile,[39m
[31m+     invalidatePlaybackPreparation,[39m
[31m+     ensureWarmPlaybackUrl,[39m
[31m+     beatRuntimeStatesRef,[39m
[31m+     transitionRuntime,[39m
[31m+     setBeats,[39m
[31m+     setDrawer,[39m
[31m+     setRevealedBeatIds,[39m
[31m+   });[39m
[31m+[39m
[31m+   // Keep a ref to togglePause so the keydown handler never goes stale[39m
[31m+   const togglePauseRef = useRef(togglePause);[39m
[31m+   useEffect(() => { togglePauseRef.current = togglePause; }, [togglePause]);[39m
[31m+[39m
[31m+   const rejectOfflineMutation = useCallback((action: string): boolean => {[39m
[31m+     if (connectionState === "online") return false;[39m
[31m+     void appAlert({[39m
[31m+       title: connectionState === "offline" ? "Offline" : "Connection unavailable",[39m
[31m+       message: `${action} requires an internet connection. Offline mode is read-only except for moving beats to Trash.`,[39m
[31m+     });[39m
[31m+     return true;[39m
[31m+   }, [connectionState]);[39m
[31m+[39m
[31m+   const { showUpload, setShowUpload, handleUpload, handleUploadBulk } = usePublishingActions({[39m
[31m+     selectedIds,[39m
[31m+     rejectOfflineMutation,[39m
[31m+   });[39m
[31m+[39m
[31m+   const {[39m
[31m+     reviewBootstrap,[39m
[31m+     reviewPreparationDone,[39m
[31m+     reviewPreparationPromiseRef,[39m
[31m+     deferredImportBatch,[39m
[31m+     setDeferredImportBatch,[39m
[31m+     importDroppedPaths,[39m
[31m+     cancelPendingReviewWork,[39m
[31m+     completeImmediateReviewPreparation,[39m
[31m+   } = useImportDiscovery({[39m
[31m+     dropImporting,[39m
[31m+     setDropImporting,[39m
[31m+     rejectOfflineMutation,[39m
[31m+     setDropActive,[39m
[31m+     setShowAdd,[39m
[31m+     setReviewQueue,[39m
[31m+     skippedReviewSourceKeysRef,[39m
[31m+     stagedImportPathsRef,[39m
[31m+     skeletonEnabled: REVIEW_SKELETON_ENABLED,[39m
[31m+   });[39m
[31m+[39m
[31m+   const {[39m
[31m+     backgroundUploadErrors,[39m
[31m+     cloudifyImportedBeats,[39m
[31m+     retryBackgroundUpload,[39m
[31m+     getQueuedBeatsSnapshot,[39m
[31m+     deferLibraryReloadIfUploading,[39m
[31m+     deferredLibraryReloadRef,[39m
[31m+   } = useCloudUploadQueue({[39m
[31m+     settings,[39m
[31m+     setSettings,[39m
[31m+     setConnectionState,[39m
[31m+     setBeats,[39m
[31m+     beatsLatestRef,[39m
[31m+     beatRuntimeStatesRef,[39m
[31m+     transitionRuntime,[39m
[31m+     cloudLibrarySnapshotRef,[39m
[31m+     waitForUploadedBeatPlaybackReady,[39m
[31m+     rejectOfflineMutation,[39m
[31m+     isReviewActive: () => reviewQueueLatestRef.current !== null,[39m
[31m+     hasProtectedStaging: () => stagedImportPathsRef.current.size > 0,[39m
[31m+   });[39m
[31m+[39m
[31m+[39m
[31m+   const { libraryRefreshing, reloadLibrary } = useLibraryReload({[39m
[31m+     telegramCloudConnected: Boolean(settings?.telegram_cloud_connected),[39m
[31m+     beatsLatestRef,[39m
[31m+     setBeats,[39m
[31m+     setConnectionState,[39m
[31m+     setCloudSessionVerified,[39m
[31m+     cloudMetaSnapshotRef,[39m
[31m+     cloudLibrarySnapshotRef,[39m
[31m+     startupCookingResolvedRef,[39m
[31m+     startupPipelineStartedRef,[39m
[31m+     progressiveRevealRunRef,[39m
[31m+     setRevealedBeatIds,[39m
[31m+     setStartupCookingGate,[39m
[31m+     setLoading,[39m
[31m+     deferLibraryReloadIfUploading,[39m
[31m+   });[39m
[31m+[39m
[31m+   const { interruptedUploadNotices, dismissInterruptedUploadNotices } = useStartupBootstrap({[39m
[31m+     startupCachedBeatsRef,[39m
[31m+     cloudMetaSnapshotRef,[39m
[31m+     cloudLibrarySnapshotRef,[39m
[31m+     startupCookingResolvedRef,[39m
[31m+     startupPipelineStartedRef,[39m
[31m+     startupEnginePrimeReadyRef,[39m
[31m+     progressiveRevealRunRef,[39m
[31m+     setBeats,[39m
[31m+     setSettings,[39m
[31m+     setSetupDone,[39m
[31m+     setLoading,[39m
[31m+     setConnectionState,[39m
[31m+     setCloudSessionVerified,[39m
[31m+     setStartupCookingGate,[39m
[31m+     setRevealedBeatIds,[39m
[31m+     clearReconciledTrashRuntimeStates,[39m
[31m+     dismissStartupLoader: dismissBeatGalerStartupLoader,[39m
[31m+   });[39m
[31m+[39m
[31m+[39m
[31m+ useConnectivity({[39m
[31m+   setupDone,[39m
[31m+   setConnectionState,[39m
[31m+   setCloudSessionVerified,[39m
[31m+   setSettings,[39m
[31m+   setBeats,[39m
[31m+   cloudMetaSnapshotRef,[39m
[31m+   cloudLibrarySnapshotRef,[39m
[31m+   startupCookingResolvedRef,[39m
[31m+   startupPipelineStartedRef,[39m
[31m+   startupEnginePrimeReadyRef,[39m
[31m+   progressiveRevealRunRef,[39m
[31m+   clearReconciledTrashRuntimeStates,[39m
[31m+   clearPlaybackPreparation,[39m
[31m+   clearArtworkHydration,[39m
[31m+   setStartupCookingGate,[39m
[31m+ });[39m
[31m+[39m
[31m+   useCustomCursor(settings?.custom_cursor_enabled ?? true);[39m
[31m+[39m
[31m+[39m
[31m+[39m
[31m+ // BeatGaler synchronization remains push-based. SSE only notifies the app;[39m
[31m+ // the extracted owner verifies authority before hydrating library state.[39m
[31m+ useCloudLibraryEvents({[39m
[31m+   setupDone,[39m
[31m+   beatgalerUserId: settings?.beatgaler_user_id ?? null,[39m
[31m+   setConnectionState,[39m
[31m+   setCloudSessionVerified,[39m
[31m+   setSettings,[39m
[31m+   setBeats,[39m
[31m+   cloudMetaSnapshotRef,[39m
[31m+   cloudLibrarySnapshotRef,[39m
[31m+   visibleLibraryFingerprintRef,[39m
[31m+   startupCookingResolvedRef,[39m
[31m+   startupPipelineStartedRef,[39m
[31m+   startupEnginePrimeReadyRef,[39m
[31m+   progressiveRevealRunRef,[39m
[31m+   clearReconciledTrashRuntimeStates,[39m
[31m+   clearArtworkHydration,[39m
[31m+   clearPlaybackPreparation,[39m
[31m+   setStartupCookingGate,[39m
[31m+ });[39m
[31m+[39m
[31m+   useLibraryPresentationCache([39m
[31m+     beats,[39m
[31m+     cloudSessionVerified,[39m
[31m+     settings,[39m
[31m+   );[39m
[31m+[39m
[31m+   useEffect(() => {[39m
[31m+     visibleLibraryFingerprintRef.current = libraryViewFingerprint(beats);[39m
[31m+     beatsLatestRef.current = beats;[39m
[31m+   }, [beats]);[39m
[31m+[39m
[31m+[39m
[31m+[39m
[31m+   // One-time recovery for a cloud-only library after Telegram login/startup.[39m
[31m+   // No timer, no permanent synchronization.[39m
[31m+   const beatGalerCloudRecoveryAttemptedRef = useRef(false);[39m
[31m+[39m
[31m+   const recoverTelegramLibraryOnceIfEmpty = useCallback(async () => {[39m
[31m+     if (beatGalerCloudRecoveryAttemptedRef.current) return;[39m
[31m+     if (beats.length !== 0) return;[39m
[31m+[39m
[31m+     beatGalerCloudRecoveryAttemptedRef.current = true;[39m
[31m+     try {[39m
[31m+       const restored = await libraryStateManager.reloadAuthoritative();[39m
[31m+       if (restored.length > 0) {[39m
[31m+         setBeats(current => current.length === 0 ? restored : current);[39m
[31m+       }[39m
[31m+     } catch (error) {[39m
[31m+       console.warn("Telegram library one-time recovery skipped:", error);[39m
[31m+     }[39m
[31m+   }, [beats.length]);[39m
[31m+[39m
[31m+   // IMPORTANT: an empty library is a valid, authoritative state (for example[39m
[31m+   // immediately after Remove All). Never infer "Telegram recovery" merely from[39m
[31m+   // beats.length === 0; doing so races the pending trash/index commit and can[39m
[31m+   // resurrect the just-removed cards with their artwork unloaded. Recovery is[39m
[31m+   // only allowed from explicit Telegram connection/startup flows below.[39m
[31m+[39m
[31m+   useEffect(() => {[39m
[31m+     const onTelegramConnected = (event: Event) => {[39m
[31m+       const detail = (event as CustomEvent<{ connected?: boolean; username?: string | null }>).detail;[39m
[31m+       if (!detail?.connected) return;[39m
[31m+[39m
[31m+       setSettings(current => current ? {[39m
[31m+         ...current,[39m
[31m+         telegram_cloud_connected: true,[39m
[31m+         telegram_cloud_username: detail.username ?? current.telegram_cloud_username ?? null,[39m
[31m+       } : current);[39m
[31m+[39m
[31m+       void recoverTelegramLibraryOnceIfEmpty();[39m
[31m+     };[39m
[31m+[39m
[31m+     window.addEventListener("beatgaler:telegram-connected", onTelegramConnected);[39m
[31m+     return () => window.removeEventListener("beatgaler:telegram-connected", onTelegramConnected);[39m
[31m+   }, [recoverTelegramLibraryOnceIfEmpty]);[39m
[31m+[39m
[31m+[39m
[31m+   const handleUploadTelegram = useCallback(async (beat: Beat) => {[39m
[31m+     if (rejectOfflineMutation("Uploading a beat")) return;[39m
[31m+     const existingCloudBeat = Boolean(beat.telegram_file_id);[39m
[31m+     transitionRuntime(beat.id, { type: existingCloudBeat ? "SYNC_QUEUE_UPDATE" : "SYNC_QUEUE_UPLOAD" }, beat);[39m
[31m+     transitionRuntime(beat.id, { type: existingCloudBeat ? "SYNC_UPDATE_STARTED" : "SYNC_UPLOAD_STARTED" }, beat);[39m
[31m+     try {[39m
[31m+       const updated = await uploadBeatToTelegram(beat);[39m
[31m+       await syncBeatMetadataToTelegram(updated);[39m
[31m+       transitionRuntime(updated.id, { type: existingCloudBeat ? "SYNC_UPDATE_SUCCEEDED" : "SYNC_UPLOAD_SUCCEEDED" }, updated);[39m
[31m+       setBeats(bs => bs.map(b => b.id === updated.id ? updated : b));[39m
[31m+     } catch (e: any) {[39m
[31m+       const message = sanitizeUserVisibleText(runtimeErrorMessage(e), "Cloud operation failed.");[39m
[31m+       if (existingCloudBeat && isRuntimeConflictError(e)) {[39m
[31m+         transitionRuntime(beat.id, { type: "SYNC_CONFLICT", message }, beat);[39m
[31m+       } else {[39m
[31m+         transitionRuntime(beat.id, { type: "SYNC_FAILED", code: "TELEGRAM_UPLOAD_FAILED", message, retryable: true }, beat);[39m
[31m+       }[39m
[31m+       await appAlert({[39m
[31m+         title: "Cloud upload failed",[39m
[31m+         message,[39m
[31m+         danger: true,[39m
[31m+       });[39m
[31m+     }[39m
[31m+   }, [rejectOfflineMutation, transitionRuntime]);[39m
[31m+[39m
[31m+   const handleDownloadTelegram = useCallback(async (_beat: Beat) => {[39m
[31m+     await appAlert({[39m
[31m+       title: "Cloud-only library",[39m
[31m+       message: "Files are fetched into temporary storage automatically when needed.",[39m
[31m+     });[39m
[31m+   }, []);[39m
[31m+[39m
[31m+[39m
[31m+   const handleEditBulk = useCallback(() => {[39m
[31m+     if (rejectOfflineMutation("Editing metadata")) return;[39m
[31m+     const firstSelected = beats.find(b => selectedIds.has(b.id));[39m
[31m+     if (firstSelected) setDrawer({ beat: firstSelected, mode: "edit" });[39m
[31m+   }, [beats, selectedIds, rejectOfflineMutation]);[39m
[31m+[39m
[31m+   const { deleteBeat, handleRemoveBulk, handleBeatRestored } = useTrashActions({[39m
[31m+     beats,[39m
[31m+     setBeats,[39m
[31m+     beatsLatestRef,[39m
[31m+     selectedIds,[39m
[31m+     clearSelection,[39m
[31m+     connectionState,[39m
[31m+     audioPlayingId: audio.playingId,[39m
[31m+     releaseFile,[39m
[31m+     beatRuntimeStatesRef,[39m
[31m+     transitionRuntime,[39m
[31m+     forgetRuntimeState,[39m
[31m+     cloudMetaSnapshotRef,[39m
[31m+     cloudLibrarySnapshotRef,[39m
[31m+     invalidateArtworkHydration,[39m
[31m+     ensureArtworkReady,[39m
[31m+   });[39m
[31m+[39m
[31m+   const addBeats = useCallback((newBeats: Beat[]) => {[39m
[31m+     setBeats(bs => {[39m
[31m+       const existing = new Set(bs.map(b => b.mp3_path));[39m
[31m+       const next = [...newBeats.filter(b => !existing.has(b.mp3_path)), ...bs];[39m
[31m+       beatsLatestRef.current = next;[39m
[31m+       return next;[39m
[31m+     });[39m
[31m+   }, []);[39m
[31m+[39m
[31m+   const addBeatsAndReview = useCallback((newBeats: Beat[]) => {[39m
[31m+     if (newBeats.length === 0) return;[39m
[31m+     if (connectionState !== "online") {[39m
[31m+       void appAlert({[39m
[31m+         title: "Internet connection required",[39m
[31m+         message: "BeatGaler does not import new beats while offline. Reconnect and import them again.",[39m
[31m+       });[39m
[31m+       void cleanupOrphanedDropStaging(beatsLatestRef.current);[39m
[31m+       return;[39m
[31m+     }[39m
[31m+     const sanitized = newBeats.map(beat => ({ ...beat, tags: cleanTags(beat.tags || []).tags }));[39m
[31m+[39m
[31m+     // Review candidates are NOT library beats yet.[39m
[31m+     // Keeping them out of `beats` means:[39m
[31m+     // 1) Cancel leaves absolutely nothing behind.[39m
[31m+     // 2) duplicate-name checks compare only against committed library items.[39m
[31m+     // 3) a re-dropped folder can never masquerade as an edit of the existing beat.[39m
[31m+     setShowAdd(false);[39m
[31m+     startReview(sanitized);[39m
[31m+     // Upload begins only after Review → Save.[39m
[31m+   }, [connectionState, startReview]);[39m
[31m+[39m
[31m+ const {[39m
[31m+   skipCurrentReviewBeat,[39m
[31m+   cancelReview,[39m
[31m+   handleReviewedBeatSaved,[39m
[31m+ } = useImportReview({[39m
[31m+   setBeats,[39m
[31m+   beatsLatestRef,[39m
[31m+   setReviewQueue,[39m
[31m+   skippedReviewSourceKeysRef,[39m
[31m+   cloudifyImportedBeats,[39m
[31m+   getQueuedBeatsSnapshot,[39m
[31m+   onCancelPendingWork: cancelPendingReviewWork,[39m
[31m+   releaseBeat: platform.capabilities.reviewBeatCloudCommit[39m
[31m+     ? beatId => platform.importer.releaseBeat(beatId)[39m
[31m+     : undefined,[39m
[31m+   discardBatch: batchId => discardImportReviewBatch(batchId),[39m
[31m+   cleanupStaging: protectedBeats => cleanupOrphanedDropStaging(protectedBeats),[39m
[31m+ });[39m
[31m+[39m
[31m+   const {[39m
[31m+     audioConflictBatch,[39m
[31m+     dropImportBatch,[39m
[31m+     resetImportResolutionState,[39m
[31m+     handleReviewedSaveAll,[39m
[31m+     cancelAudioConflicts,[39m
[31m+     resolveAudioConflicts,[39m
[31m+     closeImportDecisions,[39m
[31m+     importResolvedDecisions,[39m
[31m+   } = useImportSaveAll({[39m
[31m+     setBeats,[39m
[31m+     beatsLatestRef,[39m
[31m+     reviewQueue,[39m
[31m+     setReviewQueue,[39m
[31m+     reviewQueueLatestRef,[39m
[31m+     reviewBootstrap,[39m
[31m+     reviewPreparationDone,[39m
[31m+     reviewPreparationPromiseRef,[39m
[31m+     deferredImportBatch,[39m
[31m+     setDeferredImportBatch,[39m
[31m+     stagedImportPathsRef,[39m
[31m+     setDropImporting,[39m
[31m+     cloudifyImportedBeats,[39m
[31m+     addBeatsAndReview,[39m
[31m+   });[39m
[31m+[39m
[31m+   const { importDroppedBrowserFiles } = useBrowserImport({[39m
[31m+     dropImporting,[39m
[31m+     setDropImporting,[39m
[31m+     rejectOfflineMutation,[39m
[31m+     setDropActive,[39m
[31m+     setShowAdd,[39m
[31m+     setReviewQueue,[39m
[31m+     completeImmediateReviewPreparation,[39m
[31m+     resetImportResolutionState,[39m
[31m+   });[39m
[31m+[39m
[31m+   const updateExistingBeatFromFolder = useCallback(async (beat: Beat, folderPath: string): Promise<boolean> => {[39m
[31m+     if (rejectOfflineMutation("Updating beat files")) return true;[39m
[31m+     if (isBackupFolderPath(folderPath)) {[39m
[31m+       await appAlert({[39m
[31m+         title: "Backup folder skipped",[39m
[31m+         message: "BeatGaler keeps Backup/Backups folders out of PROJECT.zip so old project copies are not uploaded.",[39m
[31m+       });[39m
[31m+       return true;[39m
[31m+     }[39m
[31m+[39m
[31m+     const t = await import("./lib/tauri");[39m
[31m+[39m
[31m+     let preview;[39m
[31m+     try {[39m
[31m+       preview = await t.inspectBeatUpdateFolder(folderPath);[39m
[31m+     } catch {[39m
[31m+       return false;[39m
[31m+     }[39m
[31m+[39m
[31m+     let replaceMaster = false;[39m
[31m+     if (preview.has_mp3) {[39m
[31m+       const alreadyHasMaster = Boolean(beat.telegram_file_id) || Boolean(beat.mp3_path?.trim());[39m
[31m+       if (alreadyHasMaster) {[39m
[31m+         const incoming = preview.mp3_filename || "the incoming MP3";[39m
[31m+         const confirmed = window.confirm([39m
[31m+           `Replace current MASTER for "${beat.name}"?\n\n` +[39m
[31m+           `${incoming} will become the new MASTER.\n` +[39m
[31m+           `Its BPM, key, tags, rating and artwork will replace the current metadata.\n\n` +[39m
[31m+           `WAV and project files from this folder will also be added or updated.`[39m
[31m+         );[39m
[31m+         if (!confirmed) return true;[39m
[31m+       }[39m
[31m+       replaceMaster = true;[39m
[31m+     }[39m
[31m+[39m
[31m+     setBeatCloudUpdateBusy(beat.id, true);[39m
[31m+     const runtime = beatRuntimeStatesRef.current[beat.id] ?? createBeatRuntimeState(beat);[39m
[31m+     if (runtime.sync_state === "synced") transitionRuntime(beat.id, { type: "SYNC_QUEUE_UPDATE" }, beat);[39m
[31m+     transitionRuntime(beat.id, { type: "SYNC_UPDATE_STARTED" }, beat);[39m
[31m+     try {[39m
[31m+       let updated = await t.mergeFolderIntoExistingBeat(beat, folderPath, replaceMaster);[39m
[31m+       setBeats(bs => bs.map(b => b.id === beat.id ? updated : b));[39m
[31m+[39m
[31m+       if (replaceMaster) {[39m
[31m+         updated = await t.uploadBeatToTelegram(updated);[39m
[31m+         setBeats(bs => bs.map(b => b.id === beat.id ? updated : b));[39m
[31m+       }[39m
[31m+[39m
[31m+       if (preview.has_wav && updated.wav_path) {[39m
[31m+         await t.uploadDroppedFileToTelegram(updated, updated.wav_path, "WAV");[39m
[31m+       }[39m
[31m+[39m
[31m+       if (preview.has_project_assets) {[39m
[31m+         await t.uploadProjectToTelegram(updated);[39m
[31m+       }[39m
[31m+[39m
[31m+       if (replaceMaster && updated.telegram_file_id) {[39m
[31m+         await t.syncBeatMetadataToTelegram(updated);[39m
[31m+       }[39m
[31m+[39m
[31m+       window.dispatchEvent(new CustomEvent("beatgaler:project-cloud-updated", { detail: { beatId: beat.id } }));[39m
[31m+       await libraryStateManager.commitSnapshot(beatsLatestRef.current.map(item => item.id === beat.id ? updated : item), "metadata-update");[39m
[31m+       transitionRuntime(beat.id, { type: "SYNC_UPDATE_SUCCEEDED" }, updated);[39m
[31m+       setBeats(bs => bs.map(b => b.id === beat.id ? updated : b));[39m
[31m+       return true;[39m
[31m+     } catch (error) {[39m
[31m+       console.error(error);[39m
[31m+       const message = sanitizeUserVisibleText(runtimeErrorMessage(error), "Cloud operation failed.");[39m
[31m+       if (isRuntimeConflictError(error)) transitionRuntime(beat.id, { type: "SYNC_CONFLICT", message }, beat);[39m
[31m+       else transitionRuntime(beat.id, { type: "SYNC_FAILED", code: "FOLDER_UPDATE_FAILED", message, retryable: true }, beat);[39m
[31m+       alert(`Could not update "${beat.name}" from the dropped folder: ${message}`);[39m
[31m+       return true;[39m
[31m+     } finally {[39m
[31m+       setBeatCloudUpdateBusy(beat.id, false);[39m
[31m+     }[39m
[31m+   }, [rejectOfflineMutation, transitionRuntime]);[39m
[31m+[39m
[31m+   const { commitDrawerCloudMutation } = useDrawerCloudPersistence({[39m
[31m+   beats,[39m
[31m+   browserCloudEditing: platform.capabilities.browserCloudEditing,[39m
[31m+   connectionState,[39m
[31m+   cloudSessionVerified,[39m
[31m+   beatsLatestRef,[39m
[31m+   beatRuntimeStatesRef,[39m
[31m+   transitionRuntime,[39m
[31m+   cloudMetaSnapshotRef,[39m
[31m+   cloudLibraryTimerRef,[39m
[31m+   cloudLibrarySnapshotRef,[39m
[31m+ });[39m
[31m+[39m
[31m+   // V7: INDEX writes are explicit transactions only.[39m
[31m+   // There is deliberately no generic "beats changed => rewrite Telegram" observer.[39m
[31m+   // Upload, metadata, Trash/Restore and project/file operations commit through[39m
[31m+   // libraryStateManager at their actual logical commit boundary. This prevents[39m
[31m+   // render/cache hydration from becoming an accidental cloud mutation.[39m
[31m+[39m
[31m+   const {[39m
[31m+     handleIncompleteWarningsChanged,[39m
[31m+     handleCustomCursorChanged,[39m
[31m+     handleFolderChanged,[39m
[31m+     handleDisconnectTelegramAccount,[39m
[31m+   } = useSessionActions({[39m
[31m+     setSettings,[39m
[31m+     setCloudSessionVerified,[39m
[31m+     logoutAccount: logoutBeatGalerAccount,[39m
[31m+     releaseFile,[39m
[31m+     progressiveRevealRunRef,[39m
[31m+     clearPlaybackPreparation,[39m
[31m+     clearArtworkHydration,[39m
[31m+     setRevealedBeatIds,[39m
[31m+     setBeats,[39m
[31m+     clearSelection,[39m
[31m+   });[39m
[31m+[39m
[31m+   const updateBeat = useCallback((updated: Beat) => {[39m
[31m+     if (updated.telegram_file_id && connectionState === "online") {[39m
[31m+       const runtime = beatRuntimeStatesRef.current[updated.id] ?? createBeatRuntimeState(updated);[39m
[31m+       if (runtime.sync_state === "synced") transitionRuntime(updated.id, { type: "SYNC_QUEUE_UPDATE" }, updated);[39m
[31m+     }[39m
[31m+     setBeats(bs => bs.map(b => b.id === updated.id ? updated : b));[39m
[31m+     if (drawer?.beat.id === updated.id) setDrawer(d => d ? { ...d, beat: updated } : null);[39m
[31m+   }, [connectionState, drawer, transitionRuntime]);[39m
[31m+[39m
[31m+[39m
[31m+[39m
[31m+   const handleDropArtwork = useCallback(async (beat: Beat, imageBase64: string) => {[39m
[31m+     if (rejectOfflineMutation("Changing artwork")) return;[39m
[31m+[39m
[31m+     const updated = { ...beat, image_base64: imageBase64, image_preview_base64: null };[39m
[31m+[39m
[31m+     if (platform.capabilities.browserCloudEditing) {[39m
[31m+       // Publish the browser-decoded artwork immediately, then commit it through[39m
[31m+       // the Web editor/Direct transport. No Tauri metadata path participates.[39m
[31m+       updateBeat(updated);[39m
[31m+       transitionRuntime(updated.id, { type: "SYNC_UPDATE_STARTED" }, updated);[39m
[31m+       try {[39m
[31m+         const committed = await platform.editor.commit(beat, updated, {});[39m
[31m+         setBeats(current => {[39m
[31m+           const next = current.map(item => item.id === committed.id ? committed : item);[39m
[31m+           beatsLatestRef.current = next;[39m
[31m+           return next;[39m
[31m+         });[39m
[31m+         setDrawer(current => current?.beat.id === committed.id ? { ...current, beat: committed } : current);[39m
[31m+         transitionRuntime(updated.id, { type: "SYNC_UPDATE_SUCCEEDED" }, committed);[39m
[31m+       } catch (error) {[39m
[31m+         const message = sanitizeUserVisibleText(runtimeErrorMessage(error), "Cloud operation failed.");[39m
[31m+         transitionRuntime(updated.id, { type: "SYNC_FAILED", code: "ARTWORK_SYNC_FAILED", message, retryable: true }, updated);[39m
[31m+         throw error;[39m
[31m+       }[39m
[31m+       return;[39m
[31m+     }[39m
[31m+[39m
[31m+     // Desktop keeps its existing native metadata/artwork transaction.[39m
[31m+     await saveBeatMeta({[39m
[31m+       mp3_path: beat.mp3_path,[39m
[31m+       wav_path: beat.wav_path,[39m
[31m+       bpm: beat.bpm,[39m
[31m+       key: beat.key,[39m
[31m+       tags: beat.tags,[39m
[31m+       rating: beat.rating,[39m
[31m+       image_base64: imageBase64,[39m
[31m+       update_filename: false,[39m
[31m+     });[39m
[31m+[39m
[31m+     updateBeat(updated);[39m
[31m+[39m
[31m+     if (updated.telegram_file_id && connectionState === "online") {[39m
[31m+       const runtime = beatRuntimeStatesRef.current[updated.id] ?? createBeatRuntimeState(updated);[39m
[31m+       if (runtime.sync_state === "synced") transitionRuntime(updated.id, { type: "SYNC_QUEUE_UPDATE" }, updated);[39m
[31m+       transitionRuntime(updated.id, { type: "SYNC_UPDATE_STARTED" }, updated);[39m
[31m+       try {[39m
[31m+         await syncBeatMetadataToTelegram(updated);[39m
[31m+         const indexSnapshot = beatsLatestRef.current.map(item => item.id === updated.id ? updated : item);[39m
[31m+         await libraryStateManager.commitSnapshot(indexSnapshot, "upload-batch");[39m
[31m+         if (cloudLibraryTimerRef.current) {[39m
[31m+           window.clearTimeout(cloudLibraryTimerRef.current);[39m
[31m+           cloudLibraryTimerRef.current = null;[39m
[31m+         }[39m
[31m+         cloudLibrarySnapshotRef.current = indexSnapshot[39m
[31m+           .filter(item => !!item.telegram_file_id)[39m
[31m+           .map(cloudBeatFingerprint)[39m
[31m+           .join("\u001c");[39m
[31m+         cloudMetaSnapshotRef.current?.set(updated.id, cloudBeatFingerprint(updated));[39m
[31m+         transitionRuntime(updated.id, { type: "SYNC_UPDATE_SUCCEEDED" }, updated);[39m
[31m+       } catch (error) {[39m
[31m+         const message = sanitizeUserVisibleText(runtimeErrorMessage(error), "Cloud operation failed.");[39m
[31m+         transitionRuntime(updated.id, { type: "SYNC_FAILED", code: "ARTWORK_SYNC_FAILED", message, retryable: true }, updated);[39m
[31m+         throw error;[39m
[31m+       }[39m
[31m+     }[39m
[31m+   }, [updateBeat, rejectOfflineMutation, connectionState, transitionRuntime]);[39m
[31m+[39m
[31m+[39m
[31m+   const {[39m
[31m+     runBeatCloudUpdate,[39m
[31m+     startMasterAssetUpdate,[39m
[31m+     startWavAssetUpdate,[39m
[31m+     handleBrowserBeatAssetDrop,[39m
[31m+   } = useBeatAssetUpdates({[39m
[31m+     rejectOfflineMutation,[39m
[31m+     setBeatFileDrop,[39m
[31m+     setBeatCloudUpdateBusy,[39m
[31m+     beatRuntimeStatesRef,[39m
[31m+     transitionRuntime,[39m
[31m+     beatsLatestRef,[39m
[31m+     cloudLibrarySnapshotRef,[39m
[31m+     setBeats,[39m
[31m+     setDrawer,[39m
[31m+     waitForUploadedBeatPlaybackReady,[39m
[31m+   });[39m
[31m+[39m
[31m+   const {[39m
[31m+     openableCloudProjectIds,[39m
[31m+     projectUpdateNotice,[39m
[31m+     dismissProjectUpdateNotice,[39m
[31m+     hasStoredProject,[39m
[31m+     startProjectAssetUpdate,[39m
[31m+     handleAutoProjectDrop,[39m
[31m+     handleBrowserProjectDrop,[39m
[31m+     handleUploadProjectTelegram,[39m
[31m+     handleOpenProject,[39m
[31m+     handleUpdateProject,[39m
[31m+   } = useBeatProjects({[39m
[31m+     beats,[39m
[31m+     connectionState,[39m
[31m+     rejectOfflineMutation,[39m
[31m+     transitionRuntime,[39m
[31m+     beatsLatestRef,[39m
[31m+     setBeats,[39m
[31m+     setDrawer,[39m
[31m+     runBeatCloudUpdate,[39m
[31m+     setBeatCloudUpdateBusy,[39m
[31m+   });[39m
[31m+[39m
[31m+   const handleDroppedBeatFileRole = useCallback(async (role: DroppedBeatFileRole) => {[39m
[31m+     if (!beatFileDrop) return;[39m
[31m+     const { beat, filePath } = beatFileDrop;[39m
[31m+     const ext = extensionFromPath(filePath);[39m
[31m+[39m
[31m+     if (role === "loop" || role === "stems") return;[39m
[31m+[39m
[31m+     if (role === "main") {[39m
[31m+       if (ext !== "mp3") return;[39m
[31m+       startMasterAssetUpdate(beat, filePath);[39m
[31m+       return;[39m
[31m+     }[39m
[31m+[39m
[31m+     if (role === "wav") {[39m
[31m+       if (ext !== "wav") return;[39m
[31m+       startWavAssetUpdate(beat, filePath);[39m
[31m+       return;[39m
[31m+     }[39m
[31m+[39m
[31m+     if (role === "projectFolder") {[39m
[31m+       const existing = await hasStoredProject(beat).catch(() => false);[39m
[31m+       if (!existing) {[39m
[31m+         await cleanupStagedDropPaths([filePath]).catch(() => {});[39m
[31m+         setBeatFileDrop(null);[39m
[31m+         await appAlert({[39m
[31m+           title: "Project file required",[39m
[31m+           message: "Add a .flp, .als, .logicx, .ptx/.ptf file or a valid PROJECT ZIP first. Then folders can be added to that PROJECT.zip using their original folder name.",[39m
[31m+         });[39m
[31m+         return;[39m
[31m+       }[39m
[31m+       startProjectAssetUpdate(beat, filePath, "projectFolder");[39m
[31m+     }[39m
[31m+   }, [beatFileDrop, hasStoredProject, startMasterAssetUpdate, startProjectAssetUpdate, startWavAssetUpdate]);[39m
[31m+[39m
[31m+[39m
[31m+   useHtmlLibraryDrop({[39m
[31m+     nativeDropAvailable: isTauriAvailable,[39m
[31m+     browserFileImport: platform.capabilities.browserFileImport,[39m
[31m+     reviewSkeletonEnabled: REVIEW_SKELETON_ENABLED,[39m
[31m+     beatsLatestRef,[39m
[31m+     setDropActive,[39m
[31m+     setBeatCloudUpdateBusy,[39m
[31m+     setBeatFileDrop,[39m
[31m+     setLibraryDropStaging,[39m
[31m+     handleDropArtwork,[39m
[31m+     handleAutoProjectDrop,[39m
[31m+     handleBrowserBeatAssetDrop,[39m
[31m+     handleBrowserProjectDrop,[39m
[31m+     importDroppedBrowserFiles,[39m
[31m+     importDroppedPaths,[39m
[31m+   });[39m
[31m+[39m
[31m+   useNativeLibraryDrop({[39m
[31m+     nativeDropAvailable: isTauriAvailable,[39m
[31m+     reviewSkeletonEnabled: REVIEW_SKELETON_ENABLED,[39m
[31m+     beatsLatestRef,[39m
[31m+     setDropActive,[39m
[31m+     setBeatCloudUpdateBusy,[39m
[31m+     setBeatFileDrop,[39m
[31m+     setLibraryDropStaging,[39m
[31m+     handleDropArtwork,[39m
[31m+     handleAutoProjectDrop,[39m
[31m+     importDroppedPaths,[39m
[31m+   });[39m
[31m+[39m
[31m+   const applyBulkUpdate = useCallback((updates: Partial<Beat>, options?: { tagsMode?: "add" | "replace" | "remove" }) => {[39m
[31m+     setBeats(bs => bs.map(b => {[39m
[31m+       if (!selectedIds.has(b.id)) return b;[39m
[31m+       if (!updates.tags) return { ...b, ...updates };[39m
[31m+[39m
[31m+       const normalizedInput = Array.from(new Set([39m
[31m+         updates.tags.map(t => t.trim().toLowerCase()).filter(Boolean)[39m
[31m+       ));[39m
[31m+[39m
[31m+       if (options?.tagsMode === "replace") {[39m
[31m+         return { ...b, ...updates, tags: normalizedInput };[39m
[31m+       }[39m
[31m+[39m
[31m+       if (options?.tagsMode === "remove") {[39m
[31m+         const removeSet = new Set(normalizedInput);[39m
[31m+         const remainingTags = b.tags.filter(tag => !removeSet.has(tag.trim().toLowerCase()));[39m
[31m+         return { ...b, ...updates, tags: remainingTags };[39m
[31m+       }[39m
[31m+[39m
[31m+       const mergedTags = Array.from(new Set([39m
[31m+         [...b.tags, ...normalizedInput].map(t => t.trim().toLowerCase()).filter(Boolean)[39m
[31m+       ));[39m
[31m+       return { ...b, ...updates, tags: mergedTags };[39m
[31m+     }));[39m
[31m+     clearSelection();[39m
[31m+   }, [selectedIds]);[39m
[31m+[39m
[31m+[39m
[31m+   const tagColors = useTagColors();[39m
[31m+[39m
[31m+ const handleTagClick = useCallback((tag: string, e: React.MouseEvent) => {[39m
[31m+   toggleTagFilter(tag, e.altKey ? "exclude" : "include");[39m
[31m+ }, [toggleTagFilter]);[39m
[31m+[39m
[31m+   const tagFrequency = useMemo(() => selectTagFrequency(beats), [beats]);[39m
[31m+   const allTags = useMemo(() => selectAllTags(beats, tagFrequency), [beats, tagFrequency]);[39m
[31m+   const tagSuggestions = useMemo(() => selectTagSuggestions(beats), [beats]);[39m
[31m+   const displayedBeats = filteredBeats.filter(beat => revealedBeatIds.has(beat.id));[39m
[31m+[39m
[31m+   const {[39m
[31m+     shuffleEnabled,[39m
[31m+     repeatMode,[39m
[31m+     showQueue,[39m
[31m+     queuedBeats,[39m
[31m+     addToQueue,[39m
[31m+     handleNext,[39m
[31m+     handlePrev,[39m
[31m+     closeQueue,[39m
[31m+     toggleQueue,[39m
[31m+     toggleShuffle,[39m
[31m+     cycleRepeat,[39m
[31m+     playQueueIndex,[39m
[31m+   } = usePlaybackQueue({[39m
[31m+     beats,[39m
[31m+     displayedBeats,[39m
[31m+     playingId: audio.playingId,[39m
[31m+     progress: audio.progress,[39m
[31m+     endedSeq: audio.endedSeq,[39m
[31m+     handlePlay,[39m
[31m+     seek,[39m
[31m+     releaseFile,[39m
[31m+   });[39m
[31m+[39m
[31m+   useAppShortcuts({[39m
[31m+     togglePauseRef,[39m
[31m+     clearSelection,[39m
[31m+     setDrawer,[39m
[31m+     setShowAdd,[39m
[31m+     setShowSettings,[39m
[31m+     closeQueue,[39m
[31m+     setShowUpload,[39m
[31m+   });[39m
[31m+[39m
[31m+[39m
[31m+[39m
[31m+   const currentBeat = beats.find(b => b.id === audio.playingId);[39m
[31m+   const selectedBeats = beats.filter(b => selectedIds.has(b.id));[39m
[31m+   const activeDragBeat = activeDragId ? beats.find(b => b.id === activeDragId) ?? null : null;[39m
[31m+[39m
[31m+   return <AppShell scope={{ Event, HTMLElement, REVIEW_SKELETON_ENABLED, activeDragBeat, addBeatsAndReview, addToQueue, allTags, applyBulkUpdate, audio, audioConflictBatch, backTagRename, backgroundUploadErrors, beatFileDrop, beats, cancelAudioConflicts, cancelReview, cancelTagRename, clearSelection, clearTagFilters, closeCloudFiles, closeImportDecisions, cloudDownloadNotice, cloudFiles, cloudFilesBeat, cloudFilesBusyId, cloudFilesDownloadError, cloudFilesDownloadedIds, cloudSessionVerified, commitDrawerCloudMutation, confirmTagRename, connectionState, continueTagRename, currentBeat, cycleRepeat, deferredLibraryReloadRef, deleteBeat, dismissDownloadError, dismissInterruptedUploadNotices, dismissProjectUpdateNotice, displayedBeats, drawer, dropActive, dropImportBatch, dropImporting, excludedTags, filteredBeats, finishSelection, handleBeatRestored, handleCloudFiles, handleCustomCursorChanged, handleDisconnectTelegramAccount, handleDownloadTelegram, handleDragCancel, handleDragEnd, handleDragStart, handleDroppedBeatFileRole, handleEditBulk, handleFolderChanged, handleGetCloudFile, handleIncompleteWarningsChanged, handleNext, handleOpenProject, handlePlay, handlePrev, handleRemoveBulk, handleReviewedBeatSaved, handleReviewedSaveAll, handleTagClick, handleToggleOffline, handleUpdateProject, handleUpload, handleUploadBulk, handleUploadProjectTelegram, handleUploadTelegram, handleWarm, importResolvedDecisions, includedTags, interruptedUploadNotices, libraryDropStaging, libraryRefreshing, loading, offlineBusyIds, openTagRename, openableCloudProjectIds, playQueueIndex, projectUpdateNotice, queuedBeats, rejectOfflineMutation, releaseFile, reloadLibrary, repeatMode, resolveAudioConflicts, retryBackgroundUpload, revealedBeatIds, reviewBootstrap, reviewQueue, search, seek, selectMode, selectedBeats, selectedIds, sensors, setBeatFileDrop, setDrawer, setSearch, setShowAdd, setShowSettings, setShowUpload, setSortBy, setTagColorMenu, setTagRenameNewTag, setVolume, settings, showAdd, showQueue, showSettings, showUpload, shuffleEnabled, skipCurrentReviewBeat, sortBy, startupCookingGate, tagColorMenu, tagColors, tagFrequency, tagRename, tagRenameAffectedCount, tagRenameBusy, tagRenameError, tagRenameMp3Count, tagRenameWavCount, tagSuggestions, togglePause, toggleQueue, toggleSelectAll, toggleSelection, toggleShuffle, updateBeat }} />;[39m
[31m+ }[39m
[31m+[39m
[31m+[39m
[31m+ export default function App() {[39m
[31m+   return platform.kind === "web"[39m
[31m+     ? <BeatGalerApp />[39m
[31m+     : <AccountGate><BeatGalerApp /></AccountGate>;[39m
[31m+ }[39m
[31m+[39m

[36m [2m❯[22m tests/integration/appTagRenameExtraction.test.ts:[2m30:17[22m[39m
    [90m 28| [39m
    [90m 29| [39m  it("moves the dialog while preserving pre-run cancel, back, busy and…
    [90m 30| [39m    [34mexpect[39m(app)[33m.[39m[34mtoContain[39m([32m'<TagRenameDialog'[39m)[33m;[39m
    [90m   | [39m                [31m^[39m
    [90m 31| [39m    [34mexpect[39m(app)[33m.[39mnot[33m.[39m[34mtoContain[39m([32m'Rename tag globally</div>'[39m)[33m;[39m
    [90m 32| [39m    [34mexpect[39m(dialog)[33m.[39m[34mtoContain[39m([32m'Rename tag globally'[39m)[33m;[39m

[31m[2m⎯⎯⎯⎯⎯⎯⎯⎯⎯⎯⎯⎯⎯⎯⎯⎯⎯⎯⎯⎯⎯⎯⎯[7/10]⎯[22m[39m

[41m[1m FAIL [22m[49m tests/integration/issue97DrawerWebRoutingContract.test.ts[2m > [22mIssue #97 Drawer Web routing contracts[2m > [22mdoes not give the Web Drawer the Desktop cloud commit owner
[31m[1mAssertionError[22m: expected +0 to be 2 // Object.is equality[39m

[32m- Expected[39m
[31m+ Received[39m

[32m- 2[39m
[31m+ 0[39m

[36m [2m❯[22m tests/integration/issue97DrawerWebRoutingContract.test.ts:[2m16:42[22m[39m
    [90m 14| [39m  it("does not give the Web Drawer the Desktop cloud commit owner", ()…
    [90m 15| [39m    const marker = "onCloudMutationCommit={platform.capabilities.brows…
    [90m 16| [39m    [34mexpect[39m(app[33m.[39m[34msplit[39m(marker)[33m.[39mlength [33m-[39m [34m1[39m)[33m.[39m[34mtoBe[39m([34m2[39m)[33m;[39m
    [90m   | [39m                                         [31m^[39m
    [90m 17| [39m  })[33m;[39m
    [90m 18| [39m

[31m[2m⎯⎯⎯⎯⎯⎯⎯⎯⎯⎯⎯⎯⎯⎯⎯⎯⎯⎯⎯⎯⎯⎯⎯[8/10]⎯[22m[39m

[41m[1m FAIL [22m[49m tests/integration/issue97RuntimeWebFollowup.test.ts[2m > [22mIssue #97 production runtime follow-up[2m > [22mkeeps visible cloud cards playable while authority is still checking
[31m[1mAssertionError[22m: expected 'import React, { useState, useCallback…' to contain 'playbackInteractive={connectionState …'[39m

[32m- Expected[39m
[31m+ Received[39m

[32m- playbackInteractive={connectionState !== "offline" || Boolean(beat.offline_available)}[39m
[31m+ import React, { useState, useCallback, useEffect, useRef, useMemo } from "react";[39m
[31m+ import type { Beat } from "./types";[39m
[31m+ import BeatCard from "./components/BeatCard";[39m
[31m+ import Drawer from "./components/Drawer";[39m
[31m+ import Player from "./components/Player";[39m
[31m+ import AddBeatModal from "./components/AddBeatModal";[39m
[31m+ import SettingsPanel from "./components/SettingsPanel";[39m
[31m+ import AccountGate, { logoutBeatGalerAccount } from "./components/AccountGate";[39m
[31m+ import UploadModal from "./components/UploadModal";[39m
[31m+ import JobStatusBar from "./components/JobStatusBar";[39m
[31m+ import { PlusIcon, Artwork } from "./components/ui";[39m
[31m+ import { useAudio } from "./hooks/useAudio";[39m
[31m+ import { loadLibrary, readBeatMeta, saveBeatMeta, discardImportReviewBatch, uploadBeatToTelegram, downloadBeatFromTelegram, prepareBeatForPlayback, warmBeatForPlayback, getDownloadCookingStatus, downloadCookingDiagnosticEvent, uploadProjectToTelegram, uploadDroppedFileToTelegram, downloadCloudFileToCache, downloadProjectToCache, revealInExplorer, syncBeatMetadataToTelegram, copyExportFile, copyAudioMetadata, prepareUniqueExportFolder, type CloudFileType, isTauriAvailable } from "./lib/tauri";[39m
[31m+ import { libraryStateManager } from "./lib/libraryStateManager";[39m
[31m+ import { platform } from "./platform";[39m
[31m+ import { DndContext, DragOverlay, closestCenter } from "@dnd-kit/core";[39m
[31m+ import { SortableContext, rectSortingStrategy } from "@dnd-kit/sortable";[39m
[31m+ import { appAlert, appConfirm } from "./lib/dialog";[39m
[31m+ import { sanitizeUserVisibleText } from "./lib/userVisibleError";[39m
[31m+ import { useTagColors, setTagColor } from "./lib/tagColors";[39m
[31m+ import { registerJob, updateJob } from "./lib/jobStore";[39m
[31m+ import { cleanTags } from "./lib/metadataValidation";[39m
[31m+ import { cleanupOrphanedDropStaging, cleanupStagedDropPaths } from "./features/dragdrop/dropStaging";[39m
[31m+ import CloudFilesModal from "./features/downloads/components/CloudFilesModal";[39m
[31m+ import { useBeatDownloads } from "./features/downloads/useBeatDownloads";[39m
[31m+ import BeatFileDropModal, { type DroppedBeatFileRole } from "./features/dragdrop/components/BeatFileDropModal";[39m
[31m+ import SearchBar from "./features/library/components/SearchBar";[39m
[31m+ import SortMenu from "./features/library/components/SortMenu";[39m
[31m+ import TagColorMenu from "./features/tags/components/TagColorMenu";[39m
[31m+ import { useArtworkHydration } from "./features/artwork/useArtworkHydration";[39m
[31m+ import { useCloudUploadQueue } from "./features/cloud/useCloudUploadQueue";[39m
[31m+ import ImportReviewHost, { ImportResolutionHost } from "./features/import/components/ImportReviewHost";[39m
[31m+ import { useImportSession } from "./features/import/useImportSession";[39m
[31m+ import { useImportReview } from "./features/import/useImportReview";[39m
[31m+ import { useImportDiscovery } from "./features/import/useImportDiscovery";[39m
[31m+ import { useImportSaveAll } from "./features/import/useImportSaveAll";[39m
[31m+ import { useBrowserImport } from "./features/import/useBrowserImport";[39m
[31m+ import { extensionFromPath, fileNameFromPath, isBackupFolderPath } from "./features/dragdrop/pathHelpers";[39m
[31m+ import { useHtmlLibraryDrop } from "./features/dragdrop/useHtmlLibraryDrop";[39m
[31m+ import { useNativeLibraryDrop } from "./features/dragdrop/useNativeLibraryDrop";[39m
[31m+ import { cloudBeatFingerprint, drawerMetadataCommitFingerprint, libraryViewFingerprint } from "./features/library/libraryFingerprints";[39m
[31m+ import { clearUploadPreviewCache, preserveLoadedArtwork } from "./features/library/libraryPresentationCache";[39m
[31m+ import { selectFilteredAndSortedBeats } from "./features/library/librarySelectors";[39m
[31m+ import { useLibraryViewState } from "./features/library/useLibraryViewState";[39m
[31m+ import { useLibraryReorder } from "./features/library/useLibraryReorder";[39m
[31m+ import { useBeatSelection } from "./features/selection/useBeatSelection";[39m
[31m+ import { selectAllTags, selectTagFrequency, selectTagSuggestions } from "./features/tags/tagSelectors";[39m
[31m+ import { useTagFilters } from "./features/tags/useTagFilters";[39m
[31m+ import { useTagRename } from "./features/tags/useTagRename";[39m
[31m+ import TagRenameDialog from "./features/tags/components/TagRenameDialog";[39m
[31m+ import { useLibraryPresentationCache, useLibraryState } from "./features/library/useLibraryState";[39m
[31m+ import { useLibraryReload } from "./features/library/useLibraryReload";[39m
[31m+ import { useStartupBootstrap } from "./features/startup/useStartupBootstrap";[39m
[31m+ import { useLibraryReveal } from "./features/startup/useLibraryReveal";[39m
[31m+ import { dismissBeatGalerStartupLoader } from "./features/startup/startupLoader";[39m
[31m+ import { useWebPlaybackSortRouting } from "./features/playback/useWebPlaybackSortRouting";[39m
[31m+ import { usePlaybackController } from "./features/playback/usePlaybackController";[39m
[31m+ import { usePlaybackQueue } from "./features/playback/usePlaybackQueue";[39m
[31m+ import { useDrawerCloudPersistence } from "./features/edit/useDrawerCloudPersistence";[39m
[31m+ import { useBeatAssetUpdates } from "./features/edit/useBeatAssetUpdates";[39m
[31m+ import { useBeatProjects } from "./features/projects/useBeatProjects";[39m
[31m+ import { useOfflineAvailability } from "./features/offline/useOfflineAvailability";[39m
[31m+ import { useTrashActions } from "./features/trash/useTrashActions";[39m
[31m+ import { useWebLibraryReconciled } from "./features/library/useWebLibraryReconciled";[39m
[31m+ import { createBeatRuntimeState } from "./features/state/beatRuntimeState";[39m
[31m+ import { useBeatRuntimeRegistry } from "./features/state/useBeatRuntimeRegistry";[39m
[31m+ import { useSessionState } from "./features/session/useSessionState";[39m
[31m+ import { useSessionActions } from "./features/session/useSessionActions";[39m
[31m+ import { useCustomCursor } from "./features/session/useCustomCursor";[39m
[31m+ import { useConnectivity } from "./features/session/useConnectivity";[39m
[31m+ import { useCloudLibraryEvents } from "./features/cloud/useCloudLibraryEvents";[39m
[31m+ import AppShell from "./app/AppShell";[39m
[31m+ import { useAppShortcuts } from "./app/useAppShortcuts";[39m
[31m+ import { usePublishingActions } from "./features/publishing/usePublishingActions";[39m
[31m+[39m
[31m+ // Intentionally isolated: if real-world timings prove the skeleton unnecessary,[39m
[31m+ // flipping/removing this one constant deletes the visual layer without touching[39m
[31m+ // the staged Review architecture underneath it.[39m
[31m+ const REVIEW_SKELETON_ENABLED = true;[39m
[31m+[39m
[31m+ const beatCloudUpdateBusyIds = new Set<string>();[39m
[31m+[39m
[31m+ function setBeatCloudUpdateBusy(beatId: string, active: boolean, success = false) {[39m
[31m+   if (active) beatCloudUpdateBusyIds.add(beatId);[39m
[31m+   else beatCloudUpdateBusyIds.delete(beatId);[39m
[31m+   window.dispatchEvent(new CustomEvent("beatgaler:beat-cloud-busy", {[39m
[31m+     detail: { beatId, active, success }[39m
[31m+   }));[39m
[31m+ }[39m
[31m+[39m
[31m+ function formatCloudBytes(bytes: number) {[39m
[31m+   if (!bytes) return "0 B";[39m
[31m+   const units = ["B", "KB", "MB", "GB"];[39m
[31m+   let n = bytes; let i = 0;[39m
[31m+   while (n >= 1024 && i < units.length - 1) { n /= 1024; i++; }[39m
[31m+   return `${n.toFixed(i === 0 ? 0 : 1)} ${units[i]}`;[39m
[31m+ }[39m
[31m+[39m
[31m+ function runtimeErrorMessage(error: unknown): string {[39m
[31m+   return error instanceof Error ? error.message : String(error);[39m
[31m+ }[39m
[31m+[39m
[31m+ function isRuntimeConflictError(error: unknown): boolean {[39m
[31m+   const message = runtimeErrorMessage(error).toLowerCase();[39m
[31m+   return message.includes("409") || message.includes("conflict") || message.includes("revision mismatch") || message.includes("version mismatch");[39m
[31m+ }[39m
[31m+[39m
[31m+ function BeatGalerApp() {[39m
[31m+   const {[39m
[31m+     beats,[39m
[31m+     setBeats,[39m
[31m+     beatsLatestRef,[39m
[31m+     startupCachedBeatsRef,[39m
[31m+     initialLoading,[39m
[31m+   } = useLibraryState();[39m
[31m+   const cloudMetaSnapshotRef = useRef<Map<string, string> | null>(null);[39m
[31m+   const cloudLibraryTimerRef = useRef<number | null>(null);[39m
[31m+   const cloudLibrarySnapshotRef = useRef<string | null>(null);[39m
[31m+   const visibleLibraryFingerprintRef = useRef<string>("");[39m
[31m+   const {[39m
[31m+     beatRuntimeStates,[39m
[31m+     beatRuntimeStatesRef,[39m
[31m+     transitionRuntime,[39m
[31m+     forgetRuntimeState,[39m
[31m+     clearReconciledTrashRuntimeStates,[39m
[31m+   } = useBeatRuntimeRegistry(beats, beatsLatestRef);[39m
[31m+   const stagedImportPathsRef = useRef<Map<string, string[]>>(new Map());[39m
[31m+   const [loading, setLoading] = useState(() => initialLoading);[39m
[31m+   const startupCookingResolvedRef = useRef(false);[39m
[31m+   const startupPipelineStartedRef = useRef(false);[39m
[31m+   const startupEnginePrimeReadyRef = useRef(false);[39m
[31m+   const handleArtworkHydratedFromNetwork = useCallback((next: Beat[], beatId: string) => {[39m
[31m+     const hydrated = next.find(item => item.id === beatId);[39m
[31m+     if (hydrated && cloudMetaSnapshotRef.current) {[39m
[31m+       cloudMetaSnapshotRef.current.set(beatId, cloudBeatFingerprint(hydrated));[39m
[31m+     }[39m
[31m+     if (cloudLibrarySnapshotRef.current !== null) {[39m
[31m+       cloudLibrarySnapshotRef.current = next[39m
[31m+         .filter(item => !!item.telegram_file_id)[39m
[31m+         .map(cloudBeatFingerprint)[39m
[31m+         .join("\u001c");[39m
[31m+     }[39m
[31m+   }, []);[39m
[31m+   const { ensureArtworkReady, clearArtworkHydration, invalidateArtworkHydration } = useArtworkHydration({[39m
[31m+     setBeats,[39m
[31m+     onNetworkHydrated: handleArtworkHydratedFromNetwork,[39m
[31m+   });[39m
[31m+   const { search, setSearch, sortBy, setSortBy } = useLibraryViewState();[39m
[31m+   const {[39m
[31m+     includedTags,[39m
[31m+     excludedTags,[39m
[31m+     clearTagFilters,[39m
[31m+     toggleTagFilter,[39m
[31m+     replaceTagFilter,[39m
[31m+   } = useTagFilters();[39m
[31m+   const filteredBeats = selectFilteredAndSortedBeats([39m
[31m+     beats,[39m
[31m+     search,[39m
[31m+     includedTags,[39m
[31m+     excludedTags,[39m
[31m+     sortBy,[39m
[31m+   );[39m
[31m+[39m
[31m+   const [tagColorMenu, setTagColorMenu] = useState<{ tag: string; x: number; y: number } | null>(null);[39m
[31m+   const {[39m
[31m+     tagRename, tagRenameBusy, tagRenameError, affectedCount: tagRenameAffectedCount,[39m
[31m+     affectedMp3Count: tagRenameMp3Count, affectedWavCount: tagRenameWavCount,[39m
[31m+     openTagRename, setNewTag: setTagRenameNewTag, continueTagRename, backTagRename,[39m
[31m+     cancelTagRename, confirmTagRename,[39m
[31m+   } = useTagRename({ beats, setBeats, replaceTagFilter });[39m
[31m+   useWebPlaybackSortRouting(sortBy, beats, platform.kind === "web");[39m
[31m+   const onWebLibraryReconciled = useCallback((incoming: Beat[]) => {[39m
[31m+     setBeats(current => {[39m
[31m+       const next = preserveLoadedArtwork(incoming, current);[39m
[31m+       beatsLatestRef.current = next;[39m
[31m+       return next;[39m
[31m+     });[39m
[31m+   }, []);[39m
[31m+   useWebLibraryReconciled(platform.kind === "web", onWebLibraryReconciled);[39m
[31m+   const [drawer, setDrawer] = useState<{ beat: Beat; mode: "detail" | "edit" } | null>(null);[39m
[31m+   const [showAdd, setShowAdd] = useState(false);[39m
[31m+   const [dropActive, setDropActive] = useState(false);[39m
[31m+   const [dropImporting, setDropImporting] = useState(false);[39m
[31m+   // Covers the WebView2 staging window that happens BEFORE importDroppedPaths[39m
[31m+   // receives native paths. Without this state, the app can look frozen while[39m
[31m+   // large dropped files are being copied into drop-staging.[39m
[31m+   const [libraryDropStaging, setLibraryDropStaging] = useState(false);[39m
[31m+   const [beatFileDrop, setBeatFileDrop] = useState<{ beat: Beat; filePath: string; kind: "file" | "directory" } | null>(null);[39m
[31m+   const {[39m
[31m+     reviewQueue,[39m
[31m+     setReviewQueue,[39m
[31m+     reviewQueueLatestRef,[39m
[31m+     skippedReviewSourceKeysRef,[39m
[31m+     startReview,[39m
[31m+   } = useImportSession();[39m
[31m+   const [showSettings, setShowSettings] = useState(false);[39m
[31m+   const {[39m
[31m+     settings,[39m
[31m+     setSettings,[39m
[31m+     setupDone,[39m
[31m+     setSetupDone,[39m
[31m+     connectionState,[39m
[31m+     setConnectionState,[39m
[31m+     cloudSessionVerified,[39m
[31m+     setCloudSessionVerified,[39m
[31m+   } = useSessionState();[39m
[31m+   const {[39m
[31m+     startupCookingGate,[39m
[31m+     setStartupCookingGate,[39m
[31m+     revealedBeatIds,[39m
[31m+     setRevealedBeatIds,[39m
[31m+     progressiveRevealRunRef,[39m
[31m+   } = useLibraryReveal({[39m
[31m+     initialCachedBeats: startupCachedBeatsRef.current ?? [],[39m
[31m+     filteredBeats,[39m
[31m+     loading,[39m
[31m+     settings,[39m
[31m+     cloudSessionVerified,[39m
[31m+     connectionState,[39m
[31m+     ensureArtworkReady,[39m
[31m+     startupCookingResolvedRef,[39m
[31m+     startupPipelineStartedRef,[39m
[31m+     nativeParallelism: isTauriAvailable ? 6 : 1,[39m
[31m+   });[39m
[31m+   const {[39m
[31m+     cloudFilesBeat,[39m
[31m+     cloudFiles,[39m
[31m+     cloudFilesBusyId,[39m
[31m+     cloudFilesDownloadedIds,[39m
[31m+     cloudFilesDownloadError,[39m
[31m+     cloudDownloadNotice,[39m
[31m+     handleCloudFiles,[39m
[31m+     handleGetCloudFile,[39m
[31m+     closeCloudFiles,[39m
[31m+     dismissDownloadError,[39m
[31m+   } = useBeatDownloads({ connectionState, beatRuntimeStatesRef, transitionRuntime });[39m
[31m+[39m
[31m+   const {[39m
[31m+     selectedIds,[39m
[31m+     selectMode,[39m
[31m+     toggleSelection,[39m
[31m+     toggleSelectAll,[39m
[31m+     finishSelection,[39m
[31m+     clearSelection,[39m
[31m+   } = useBeatSelection(beats);[39m
[31m+   const {[39m
[31m+     sensors,[39m
[31m+     activeDragId,[39m
[31m+     handleDragStart,[39m
[31m+     handleDragEnd,[39m
[31m+     handleDragCancel,[39m
[31m+   } = useLibraryReorder({ sortBy, setSortBy, setBeats });[39m
[31m+   const { state: audio, play, togglePause, seek, setVolume, releaseFile } = useAudio();[39m
[31m+   const { clearPlaybackPreparation, ensureWarmPlaybackUrl, handlePlay, handleWarm, invalidatePlaybackPreparation, waitForUploadedBeatPlaybackReady } = usePlaybackController({[39m
[31m+     audio,[39m
[31m+     play,[39m
[31m+     beatsLatestRef,[39m
[31m+     beatRuntimeStatesRef,[39m
[31m+     transitionRuntime,[39m
[31m+     setBeats,[39m
[31m+     cloudSessionVerified,[39m
[31m+     connectionState,[39m
[31m+     isBeatCloudUpdateBusy: beatId => beatCloudUpdateBusyIds.has(beatId),[39m
[31m+   });[39m
[31m+   const { offlineBusyIds, handleToggleOffline } = useOfflineAvailability({[39m
[31m+     connectionState,[39m
[31m+     audioPlayingId: audio.playingId,[39m
[31m+     releaseFile,[39m
[31m+     invalidatePlaybackPreparation,[39m
[31m+     ensureWarmPlaybackUrl,[39m
[31m+     beatRuntimeStatesRef,[39m
[31m+     transitionRuntime,[39m
[31m+     setBeats,[39m
[31m+     setDrawer,[39m
[31m+     setRevealedBeatIds,[39m
[31m+   });[39m
[31m+[39m
[31m+   // Keep a ref to togglePause so the keydown handler never goes stale[39m
[31m+   const togglePauseRef = useRef(togglePause);[39m
[31m+   useEffect(() => { togglePauseRef.current = togglePause; }, [togglePause]);[39m
[31m+[39m
[31m+   const rejectOfflineMutation = useCallback((action: string): boolean => {[39m
[31m+     if (connectionState === "online") return false;[39m
[31m+     void appAlert({[39m
[31m+       title: connectionState === "offline" ? "Offline" : "Connection unavailable",[39m
[31m+       message: `${action} requires an internet connection. Offline mode is read-only except for moving beats to Trash.`,[39m
[31m+     });[39m
[31m+     return true;[39m
[31m+   }, [connectionState]);[39m
[31m+[39m
[31m+   const { showUpload, setShowUpload, handleUpload, handleUploadBulk } = usePublishingActions({[39m
[31m+     selectedIds,[39m
[31m+     rejectOfflineMutation,[39m
[31m+   });[39m
[31m+[39m
[31m+   const {[39m
[31m+     reviewBootstrap,[39m
[31m+     reviewPreparationDone,[39m
[31m+     reviewPreparationPromiseRef,[39m
[31m+     deferredImportBatch,[39m
[31m+     setDeferredImportBatch,[39m
[31m+     importDroppedPaths,[39m
[31m+     cancelPendingReviewWork,[39m
[31m+     completeImmediateReviewPreparation,[39m
[31m+   } = useImportDiscovery({[39m
[31m+     dropImporting,[39m
[31m+     setDropImporting,[39m
[31m+     rejectOfflineMutation,[39m
[31m+     setDropActive,[39m
[31m+     setShowAdd,[39m
[31m+     setReviewQueue,[39m
[31m+     skippedReviewSourceKeysRef,[39m
[31m+     stagedImportPathsRef,[39m
[31m+     skeletonEnabled: REVIEW_SKELETON_ENABLED,[39m
[31m+   });[39m
[31m+[39m
[31m+   const {[39m
[31m+     backgroundUploadErrors,[39m
[31m+     cloudifyImportedBeats,[39m
[31m+     retryBackgroundUpload,[39m
[31m+     getQueuedBeatsSnapshot,[39m
[31m+     deferLibraryReloadIfUploading,[39m
[31m+     deferredLibraryReloadRef,[39m
[31m+   } = useCloudUploadQueue({[39m
[31m+     settings,[39m
[31m+     setSettings,[39m
[31m+     setConnectionState,[39m
[31m+     setBeats,[39m
[31m+     beatsLatestRef,[39m
[31m+     beatRuntimeStatesRef,[39m
[31m+     transitionRuntime,[39m
[31m+     cloudLibrarySnapshotRef,[39m
[31m+     waitForUploadedBeatPlaybackReady,[39m
[31m+     rejectOfflineMutation,[39m
[31m+     isReviewActive: () => reviewQueueLatestRef.current !== null,[39m
[31m+     hasProtectedStaging: () => stagedImportPathsRef.current.size > 0,[39m
[31m+   });[39m
[31m+[39m
[31m+[39m
[31m+   const { libraryRefreshing, reloadLibrary } = useLibraryReload({[39m
[31m+     telegramCloudConnected: Boolean(settings?.telegram_cloud_connected),[39m
[31m+     beatsLatestRef,[39m
[31m+     setBeats,[39m
[31m+     setConnectionState,[39m
[31m+     setCloudSessionVerified,[39m
[31m+     cloudMetaSnapshotRef,[39m
[31m+     cloudLibrarySnapshotRef,[39m
[31m+     startupCookingResolvedRef,[39m
[31m+     startupPipelineStartedRef,[39m
[31m+     progressiveRevealRunRef,[39m
[31m+     setRevealedBeatIds,[39m
[31m+     setStartupCookingGate,[39m
[31m+     setLoading,[39m
[31m+     deferLibraryReloadIfUploading,[39m
[31m+   });[39m
[31m+[39m
[31m+   const { interruptedUploadNotices, dismissInterruptedUploadNotices } = useStartupBootstrap({[39m
[31m+     startupCachedBeatsRef,[39m
[31m+     cloudMetaSnapshotRef,[39m
[31m+     cloudLibrarySnapshotRef,[39m
[31m+     startupCookingResolvedRef,[39m
[31m+     startupPipelineStartedRef,[39m
[31m+     startupEnginePrimeReadyRef,[39m
[31m+     progressiveRevealRunRef,[39m
[31m+     setBeats,[39m
[31m+     setSettings,[39m
[31m+     setSetupDone,[39m
[31m+     setLoading,[39m
[31m+     setConnectionState,[39m
[31m+     setCloudSessionVerified,[39m
[31m+     setStartupCookingGate,[39m
[31m+     setRevealedBeatIds,[39m
[31m+     clearReconciledTrashRuntimeStates,[39m
[31m+     dismissStartupLoader: dismissBeatGalerStartupLoader,[39m
[31m+   });[39m
[31m+[39m
[31m+[39m
[31m+ useConnectivity({[39m
[31m+   setupDone,[39m
[31m+   setConnectionState,[39m
[31m+   setCloudSessionVerified,[39m
[31m+   setSettings,[39m
[31m+   setBeats,[39m
[31m+   cloudMetaSnapshotRef,[39m
[31m+   cloudLibrarySnapshotRef,[39m
[31m+   startupCookingResolvedRef,[39m
[31m+   startupPipelineStartedRef,[39m
[31m+   startupEnginePrimeReadyRef,[39m
[31m+   progressiveRevealRunRef,[39m
[31m+   clearReconciledTrashRuntimeStates,[39m
[31m+   clearPlaybackPreparation,[39m
[31m+   clearArtworkHydration,[39m
[31m+   setStartupCookingGate,[39m
[31m+ });[39m
[31m+[39m
[31m+   useCustomCursor(settings?.custom_cursor_enabled ?? true);[39m
[31m+[39m
[31m+[39m
[31m+[39m
[31m+ // BeatGaler synchronization remains push-based. SSE only notifies the app;[39m
[31m+ // the extracted owner verifies authority before hydrating library state.[39m
[31m+ useCloudLibraryEvents({[39m
[31m+   setupDone,[39m
[31m+   beatgalerUserId: settings?.beatgaler_user_id ?? null,[39m
[31m+   setConnectionState,[39m
[31m+   setCloudSessionVerified,[39m
[31m+   setSettings,[39m
[31m+   setBeats,[39m
[31m+   cloudMetaSnapshotRef,[39m
[31m+   cloudLibrarySnapshotRef,[39m
[31m+   visibleLibraryFingerprintRef,[39m
[31m+   startupCookingResolvedRef,[39m
[31m+   startupPipelineStartedRef,[39m
[31m+   startupEnginePrimeReadyRef,[39m
[31m+   progressiveRevealRunRef,[39m
[31m+   clearReconciledTrashRuntimeStates,[39m
[31m+   clearArtworkHydration,[39m
[31m+   clearPlaybackPreparation,[39m
[31m+   setStartupCookingGate,[39m
[31m+ });[39m
[31m+[39m
[31m+   useLibraryPresentationCache([39m
[31m+     beats,[39m
[31m+     cloudSessionVerified,[39m
[31m+     settings,[39m
[31m+   );[39m
[31m+[39m
[31m+   useEffect(() => {[39m
[31m+     visibleLibraryFingerprintRef.current = libraryViewFingerprint(beats);[39m
[31m+     beatsLatestRef.current = beats;[39m
[31m+   }, [beats]);[39m
[31m+[39m
[31m+[39m
[31m+[39m
[31m+   // One-time recovery for a cloud-only library after Telegram login/startup.[39m
[31m+   // No timer, no permanent synchronization.[39m
[31m+   const beatGalerCloudRecoveryAttemptedRef = useRef(false);[39m
[31m+[39m
[31m+   const recoverTelegramLibraryOnceIfEmpty = useCallback(async () => {[39m
[31m+     if (beatGalerCloudRecoveryAttemptedRef.current) return;[39m
[31m+     if (beats.length !== 0) return;[39m
[31m+[39m
[31m+     beatGalerCloudRecoveryAttemptedRef.current = true;[39m
[31m+     try {[39m
[31m+       const restored = await libraryStateManager.reloadAuthoritative();[39m
[31m+       if (restored.length > 0) {[39m
[31m+         setBeats(current => current.length === 0 ? restored : current);[39m
[31m+       }[39m
[31m+     } catch (error) {[39m
[31m+       console.warn("Telegram library one-time recovery skipped:", error);[39m
[31m+     }[39m
[31m+   }, [beats.length]);[39m
[31m+[39m
[31m+   // IMPORTANT: an empty library is a valid, authoritative state (for example[39m
[31m+   // immediately after Remove All). Never infer "Telegram recovery" merely from[39m
[31m+   // beats.length === 0; doing so races the pending trash/index commit and can[39m
[31m+   // resurrect the just-removed cards with their artwork unloaded. Recovery is[39m
[31m+   // only allowed from explicit Telegram connection/startup flows below.[39m
[31m+[39m
[31m+   useEffect(() => {[39m
[31m+     const onTelegramConnected = (event: Event) => {[39m
[31m+       const detail = (event as CustomEvent<{ connected?: boolean; username?: string | null }>).detail;[39m
[31m+       if (!detail?.connected) return;[39m
[31m+[39m
[31m+       setSettings(current => current ? {[39m
[31m+         ...current,[39m
[31m+         telegram_cloud_connected: true,[39m
[31m+         telegram_cloud_username: detail.username ?? current.telegram_cloud_username ?? null,[39m
[31m+       } : current);[39m
[31m+[39m
[31m+       void recoverTelegramLibraryOnceIfEmpty();[39m
[31m+     };[39m
[31m+[39m
[31m+     window.addEventListener("beatgaler:telegram-connected", onTelegramConnected);[39m
[31m+     return () => window.removeEventListener("beatgaler:telegram-connected", onTelegramConnected);[39m
[31m+   }, [recoverTelegramLibraryOnceIfEmpty]);[39m
[31m+[39m
[31m+[39m
[31m+   const handleUploadTelegram = useCallback(async (beat: Beat) => {[39m
[31m+     if (rejectOfflineMutation("Uploading a beat")) return;[39m
[31m+     const existingCloudBeat = Boolean(beat.telegram_file_id);[39m
[31m+     transitionRuntime(beat.id, { type: existingCloudBeat ? "SYNC_QUEUE_UPDATE" : "SYNC_QUEUE_UPLOAD" }, beat);[39m
[31m+     transitionRuntime(beat.id, { type: existingCloudBeat ? "SYNC_UPDATE_STARTED" : "SYNC_UPLOAD_STARTED" }, beat);[39m
[31m+     try {[39m
[31m+       const updated = await uploadBeatToTelegram(beat);[39m
[31m+       await syncBeatMetadataToTelegram(updated);[39m
[31m+       transitionRuntime(updated.id, { type: existingCloudBeat ? "SYNC_UPDATE_SUCCEEDED" : "SYNC_UPLOAD_SUCCEEDED" }, updated);[39m
[31m+       setBeats(bs => bs.map(b => b.id === updated.id ? updated : b));[39m
[31m+     } catch (e: any) {[39m
[31m+       const message = sanitizeUserVisibleText(runtimeErrorMessage(e), "Cloud operation failed.");[39m
[31m+       if (existingCloudBeat && isRuntimeConflictError(e)) {[39m
[31m+         transitionRuntime(beat.id, { type: "SYNC_CONFLICT", message }, beat);[39m
[31m+       } else {[39m
[31m+         transitionRuntime(beat.id, { type: "SYNC_FAILED", code: "TELEGRAM_UPLOAD_FAILED", message, retryable: true }, beat);[39m
[31m+       }[39m
[31m+       await appAlert({[39m
[31m+         title: "Cloud upload failed",[39m
[31m+         message,[39m
[31m+         danger: true,[39m
[31m+       });[39m
[31m+     }[39m
[31m+   }, [rejectOfflineMutation, transitionRuntime]);[39m
[31m+[39m
[31m+   const handleDownloadTelegram = useCallback(async (_beat: Beat) => {[39m
[31m+     await appAlert({[39m
[31m+       title: "Cloud-only library",[39m
[31m+       message: "Files are fetched into temporary storage automatically when needed.",[39m
[31m+     });[39m
[31m+   }, []);[39m
[31m+[39m
[31m+[39m
[31m+   const handleEditBulk = useCallback(() => {[39m
[31m+     if (rejectOfflineMutation("Editing metadata")) return;[39m
[31m+     const firstSelected = beats.find(b => selectedIds.has(b.id));[39m
[31m+     if (firstSelected) setDrawer({ beat: firstSelected, mode: "edit" });[39m
[31m+   }, [beats, selectedIds, rejectOfflineMutation]);[39m
[31m+[39m
[31m+   const { deleteBeat, handleRemoveBulk, handleBeatRestored } = useTrashActions({[39m
[31m+     beats,[39m
[31m+     setBeats,[39m
[31m+     beatsLatestRef,[39m
[31m+     selectedIds,[39m
[31m+     clearSelection,[39m
[31m+     connectionState,[39m
[31m+     audioPlayingId: audio.playingId,[39m
[31m+     releaseFile,[39m
[31m+     beatRuntimeStatesRef,[39m
[31m+     transitionRuntime,[39m
[31m+     forgetRuntimeState,[39m
[31m+     cloudMetaSnapshotRef,[39m
[31m+     cloudLibrarySnapshotRef,[39m
[31m+     invalidateArtworkHydration,[39m
[31m+     ensureArtworkReady,[39m
[31m+   });[39m
[31m+[39m
[31m+   const addBeats = useCallback((newBeats: Beat[]) => {[39m
[31m+     setBeats(bs => {[39m
[31m+       const existing = new Set(bs.map(b => b.mp3_path));[39m
[31m+       const next = [...newBeats.filter(b => !existing.has(b.mp3_path)), ...bs];[39m
[31m+       beatsLatestRef.current = next;[39m
[31m+       return next;[39m
[31m+     });[39m
[31m+   }, []);[39m
[31m+[39m
[31m+   const addBeatsAndReview = useCallback((newBeats: Beat[]) => {[39m
[31m+     if (newBeats.length === 0) return;[39m
[31m+     if (connectionState !== "online") {[39m
[31m+       void appAlert({[39m
[31m+         title: "Internet connection required",[39m
[31m+         message: "BeatGaler does not import new beats while offline. Reconnect and import them again.",[39m
[31m+       });[39m
[31m+       void cleanupOrphanedDropStaging(beatsLatestRef.current);[39m
[31m+       return;[39m
[31m+     }[39m
[31m+     const sanitized = newBeats.map(beat => ({ ...beat, tags: cleanTags(beat.tags || []).tags }));[39m
[31m+[39m
[31m+     // Review candidates are NOT library beats yet.[39m
[31m+     // Keeping them out of `beats` means:[39m
[31m+     // 1) Cancel leaves absolutely nothing behind.[39m
[31m+     // 2) duplicate-name checks compare only against committed library items.[39m
[31m+     // 3) a re-dropped folder can never masquerade as an edit of the existing beat.[39m
[31m+     setShowAdd(false);[39m
[31m+     startReview(sanitized);[39m
[31m+     // Upload begins only after Review → Save.[39m
[31m+   }, [connectionState, startReview]);[39m
[31m+[39m
[31m+ const {[39m
[31m+   skipCurrentReviewBeat,[39m
[31m+   cancelReview,[39m
[31m+   handleReviewedBeatSaved,[39m
[31m+ } = useImportReview({[39m
[31m+   setBeats,[39m
[31m+   beatsLatestRef,[39m
[31m+   setReviewQueue,[39m
[31m+   skippedReviewSourceKeysRef,[39m
[31m+   cloudifyImportedBeats,[39m
[31m+   getQueuedBeatsSnapshot,[39m
[31m+   onCancelPendingWork: cancelPendingReviewWork,[39m
[31m+   releaseBeat: platform.capabilities.reviewBeatCloudCommit[39m
[31m+     ? beatId => platform.importer.releaseBeat(beatId)[39m
[31m+     : undefined,[39m
[31m+   discardBatch: batchId => discardImportReviewBatch(batchId),[39m
[31m+   cleanupStaging: protectedBeats => cleanupOrphanedDropStaging(protectedBeats),[39m
[31m+ });[39m
[31m+[39m
[31m+   const {[39m
[31m+     audioConflictBatch,[39m
[31m+     dropImportBatch,[39m
[31m+     resetImportResolutionState,[39m
[31m+     handleReviewedSaveAll,[39m
[31m+     cancelAudioConflicts,[39m
[31m+     resolveAudioConflicts,[39m
[31m+     closeImportDecisions,[39m
[31m+     importResolvedDecisions,[39m
[31m+   } = useImportSaveAll({[39m
[31m+     setBeats,[39m
[31m+     beatsLatestRef,[39m
[31m+     reviewQueue,[39m
[31m+     setReviewQueue,[39m
[31m+     reviewQueueLatestRef,[39m
[31m+     reviewBootstrap,[39m
[31m+     reviewPreparationDone,[39m
[31m+     reviewPreparationPromiseRef,[39m
[31m+     deferredImportBatch,[39m
[31m+     setDeferredImportBatch,[39m
[31m+     stagedImportPathsRef,[39m
[31m+     setDropImporting,[39m
[31m+     cloudifyImportedBeats,[39m
[31m+     addBeatsAndReview,[39m
[31m+   });[39m
[31m+[39m
[31m+   const { importDroppedBrowserFiles } = useBrowserImport({[39m
[31m+     dropImporting,[39m
[31m+     setDropImporting,[39m
[31m+     rejectOfflineMutation,[39m
[31m+     setDropActive,[39m
[31m+     setShowAdd,[39m
[31m+     setReviewQueue,[39m
[31m+     completeImmediateReviewPreparation,[39m
[31m+     resetImportResolutionState,[39m
[31m+   });[39m
[31m+[39m
[31m+   const updateExistingBeatFromFolder = useCallback(async (beat: Beat, folderPath: string): Promise<boolean> => {[39m
[31m+     if (rejectOfflineMutation("Updating beat files")) return true;[39m
[31m+     if (isBackupFolderPath(folderPath)) {[39m
[31m+       await appAlert({[39m
[31m+         title: "Backup folder skipped",[39m
[31m+         message: "BeatGaler keeps Backup/Backups folders out of PROJECT.zip so old project copies are not uploaded.",[39m
[31m+       });[39m
[31m+       return true;[39m
[31m+     }[39m
[31m+[39m
[31m+     const t = await import("./lib/tauri");[39m
[31m+[39m
[31m+     let preview;[39m
[31m+     try {[39m
[31m+       preview = await t.inspectBeatUpdateFolder(folderPath);[39m
[31m+     } catch {[39m
[31m+       return false;[39m
[31m+     }[39m
[31m+[39m
[31m+     let replaceMaster = false;[39m
[31m+     if (preview.has_mp3) {[39m
[31m+       const alreadyHasMaster = Boolean(beat.telegram_file_id) || Boolean(beat.mp3_path?.trim());[39m
[31m+       if (alreadyHasMaster) {[39m
[31m+         const incoming = preview.mp3_filename || "the incoming MP3";[39m
[31m+         const confirmed = window.confirm([39m
[31m+           `Replace current MASTER for "${beat.name}"?\n\n` +[39m
[31m+           `${incoming} will become the new MASTER.\n` +[39m
[31m+           `Its BPM, key, tags, rating and artwork will replace the current metadata.\n\n` +[39m
[31m+           `WAV and project files from this folder will also be added or updated.`[39m
[31m+         );[39m
[31m+         if (!confirmed) return true;[39m
[31m+       }[39m
[31m+       replaceMaster = true;[39m
[31m+     }[39m
[31m+[39m
[31m+     setBeatCloudUpdateBusy(beat.id, true);[39m
[31m+     const runtime = beatRuntimeStatesRef.current[beat.id] ?? createBeatRuntimeState(beat);[39m
[31m+     if (runtime.sync_state === "synced") transitionRuntime(beat.id, { type: "SYNC_QUEUE_UPDATE" }, beat);[39m
[31m+     transitionRuntime(beat.id, { type: "SYNC_UPDATE_STARTED" }, beat);[39m
[31m+     try {[39m
[31m+       let updated = await t.mergeFolderIntoExistingBeat(beat, folderPath, replaceMaster);[39m
[31m+       setBeats(bs => bs.map(b => b.id === beat.id ? updated : b));[39m
[31m+[39m
[31m+       if (replaceMaster) {[39m
[31m+         updated = await t.uploadBeatToTelegram(updated);[39m
[31m+         setBeats(bs => bs.map(b => b.id === beat.id ? updated : b));[39m
[31m+       }[39m
[31m+[39m
[31m+       if (preview.has_wav && updated.wav_path) {[39m
[31m+         await t.uploadDroppedFileToTelegram(updated, updated.wav_path, "WAV");[39m
[31m+       }[39m
[31m+[39m
[31m+       if (preview.has_project_assets) {[39m
[31m+         await t.uploadProjectToTelegram(updated);[39m
[31m+       }[39m
[31m+[39m
[31m+       if (replaceMaster && updated.telegram_file_id) {[39m
[31m+         await t.syncBeatMetadataToTelegram(updated);[39m
[31m+       }[39m
[31m+[39m
[31m+       window.dispatchEvent(new CustomEvent("beatgaler:project-cloud-updated", { detail: { beatId: beat.id } }));[39m
[31m+       await libraryStateManager.commitSnapshot(beatsLatestRef.current.map(item => item.id === beat.id ? updated : item), "metadata-update");[39m
[31m+       transitionRuntime(beat.id, { type: "SYNC_UPDATE_SUCCEEDED" }, updated);[39m
[31m+       setBeats(bs => bs.map(b => b.id === beat.id ? updated : b));[39m
[31m+       return true;[39m
[31m+     } catch (error) {[39m
[31m+       console.error(error);[39m
[31m+       const message = sanitizeUserVisibleText(runtimeErrorMessage(error), "Cloud operation failed.");[39m
[31m+       if (isRuntimeConflictError(error)) transitionRuntime(beat.id, { type: "SYNC_CONFLICT", message }, beat);[39m
[31m+       else transitionRuntime(beat.id, { type: "SYNC_FAILED", code: "FOLDER_UPDATE_FAILED", message, retryable: true }, beat);[39m
[31m+       alert(`Could not update "${beat.name}" from the dropped folder: ${message}`);[39m
[31m+       return true;[39m
[31m+     } finally {[39m
[31m+       setBeatCloudUpdateBusy(beat.id, false);[39m
[31m+     }[39m
[31m+   }, [rejectOfflineMutation, transitionRuntime]);[39m
[31m+[39m
[31m+   const { commitDrawerCloudMutation } = useDrawerCloudPersistence({[39m
[31m+   beats,[39m
[31m+   browserCloudEditing: platform.capabilities.browserCloudEditing,[39m
[31m+   connectionState,[39m
[31m+   cloudSessionVerified,[39m
[31m+   beatsLatestRef,[39m
[31m+   beatRuntimeStatesRef,[39m
[31m+   transitionRuntime,[39m
[31m+   cloudMetaSnapshotRef,[39m
[31m+   cloudLibraryTimerRef,[39m
[31m+   cloudLibrarySnapshotRef,[39m
[31m+ });[39m
[31m+[39m
[31m+   // V7: INDEX writes are explicit transactions only.[39m
[31m+   // There is deliberately no generic "beats changed => rewrite Telegram" observer.[39m
[31m+   // Upload, metadata, Trash/Restore and project/file operations commit through[39m
[31m+   // libraryStateManager at their actual logical commit boundary. This prevents[39m
[31m+   // render/cache hydration from becoming an accidental cloud mutation.[39m
[31m+[39m
[31m+   const {[39m
[31m+     handleIncompleteWarningsChanged,[39m
[31m+     handleCustomCursorChanged,[39m
[31m+     handleFolderChanged,[39m
[31m+     handleDisconnectTelegramAccount,[39m
[31m+   } = useSessionActions({[39m
[31m+     setSettings,[39m
[31m+     setCloudSessionVerified,[39m
[31m+     logoutAccount: logoutBeatGalerAccount,[39m
[31m+     releaseFile,[39m
[31m+     progressiveRevealRunRef,[39m
[31m+     clearPlaybackPreparation,[39m
[31m+     clearArtworkHydration,[39m
[31m+     setRevealedBeatIds,[39m
[31m+     setBeats,[39m
[31m+     clearSelection,[39m
[31m+   });[39m
[31m+[39m
[31m+   const updateBeat = useCallback((updated: Beat) => {[39m
[31m+     if (updated.telegram_file_id && connectionState === "online") {[39m
[31m+       const runtime = beatRuntimeStatesRef.current[updated.id] ?? createBeatRuntimeState(updated);[39m
[31m+       if (runtime.sync_state === "synced") transitionRuntime(updated.id, { type: "SYNC_QUEUE_UPDATE" }, updated);[39m
[31m+     }[39m
[31m+     setBeats(bs => bs.map(b => b.id === updated.id ? updated : b));[39m
[31m+     if (drawer?.beat.id === updated.id) setDrawer(d => d ? { ...d, beat: updated } : null);[39m
[31m+   }, [connectionState, drawer, transitionRuntime]);[39m
[31m+[39m
[31m+[39m
[31m+[39m
[31m+   const handleDropArtwork = useCallback(async (beat: Beat, imageBase64: string) => {[39m
[31m+     if (rejectOfflineMutation("Changing artwork")) return;[39m
[31m+[39m
[31m+     const updated = { ...beat, image_base64: imageBase64, image_preview_base64: null };[39m
[31m+[39m
[31m+     if (platform.capabilities.browserCloudEditing) {[39m
[31m+       // Publish the browser-decoded artwork immediately, then commit it through[39m
[31m+       // the Web editor/Direct transport. No Tauri metadata path participates.[39m
[31m+       updateBeat(updated);[39m
[31m+       transitionRuntime(updated.id, { type: "SYNC_UPDATE_STARTED" }, updated);[39m
[31m+       try {[39m
[31m+         const committed = await platform.editor.commit(beat, updated, {});[39m
[31m+         setBeats(current => {[39m
[31m+           const next = current.map(item => item.id === committed.id ? committed : item);[39m
[31m+           beatsLatestRef.current = next;[39m
[31m+           return next;[39m
[31m+         });[39m
[31m+         setDrawer(current => current?.beat.id === committed.id ? { ...current, beat: committed } : current);[39m
[31m+         transitionRuntime(updated.id, { type: "SYNC_UPDATE_SUCCEEDED" }, committed);[39m
[31m+       } catch (error) {[39m
[31m+         const message = sanitizeUserVisibleText(runtimeErrorMessage(error), "Cloud operation failed.");[39m
[31m+         transitionRuntime(updated.id, { type: "SYNC_FAILED", code: "ARTWORK_SYNC_FAILED", message, retryable: true }, updated);[39m
[31m+         throw error;[39m
[31m+       }[39m
[31m+       return;[39m
[31m+     }[39m
[31m+[39m
[31m+     // Desktop keeps its existing native metadata/artwork transaction.[39m
[31m+     await saveBeatMeta({[39m
[31m+       mp3_path: beat.mp3_path,[39m
[31m+       wav_path: beat.wav_path,[39m
[31m+       bpm: beat.bpm,[39m
[31m+       key: beat.key,[39m
[31m+       tags: beat.tags,[39m
[31m+       rating: beat.rating,[39m
[31m+       image_base64: imageBase64,[39m
[31m+       update_filename: false,[39m
[31m+     });[39m
[31m+[39m
[31m+     updateBeat(updated);[39m
[31m+[39m
[31m+     if (updated.telegram_file_id && connectionState === "online") {[39m
[31m+       const runtime = beatRuntimeStatesRef.current[updated.id] ?? createBeatRuntimeState(updated);[39m
[31m+       if (runtime.sync_state === "synced") transitionRuntime(updated.id, { type: "SYNC_QUEUE_UPDATE" }, updated);[39m
[31m+       transitionRuntime(updated.id, { type: "SYNC_UPDATE_STARTED" }, updated);[39m
[31m+       try {[39m
[31m+         await syncBeatMetadataToTelegram(updated);[39m
[31m+         const indexSnapshot = beatsLatestRef.current.map(item => item.id === updated.id ? updated : item);[39m
[31m+         await libraryStateManager.commitSnapshot(indexSnapshot, "upload-batch");[39m
[31m+         if (cloudLibraryTimerRef.current) {[39m
[31m+           window.clearTimeout(cloudLibraryTimerRef.current);[39m
[31m+           cloudLibraryTimerRef.current = null;[39m
[31m+         }[39m
[31m+         cloudLibrarySnapshotRef.current = indexSnapshot[39m
[31m+           .filter(item => !!item.telegram_file_id)[39m
[31m+           .map(cloudBeatFingerprint)[39m
[31m+           .join("\u001c");[39m
[31m+         cloudMetaSnapshotRef.current?.set(updated.id, cloudBeatFingerprint(updated));[39m
[31m+         transitionRuntime(updated.id, { type: "SYNC_UPDATE_SUCCEEDED" }, updated);[39m
[31m+       } catch (error) {[39m
[31m+         const message = sanitizeUserVisibleText(runtimeErrorMessage(error), "Cloud operation failed.");[39m
[31m+         transitionRuntime(updated.id, { type: "SYNC_FAILED", code: "ARTWORK_SYNC_FAILED", message, retryable: true }, updated);[39m
[31m+         throw error;[39m
[31m+       }[39m
[31m+     }[39m
[31m+   }, [updateBeat, rejectOfflineMutation, connectionState, transitionRuntime]);[39m
[31m+[39m
[31m+[39m
[31m+   const {[39m
[31m+     runBeatCloudUpdate,[39m
[31m+     startMasterAssetUpdate,[39m
[31m+     startWavAssetUpdate,[39m
[31m+     handleBrowserBeatAssetDrop,[39m
[31m+   } = useBeatAssetUpdates({[39m
[31m+     rejectOfflineMutation,[39m
[31m+     setBeatFileDrop,[39m
[31m+     setBeatCloudUpdateBusy,[39m
[31m+     beatRuntimeStatesRef,[39m
[31m+     transitionRuntime,[39m
[31m+     beatsLatestRef,[39m
[31m+     cloudLibrarySnapshotRef,[39m
[31m+     setBeats,[39m
[31m+     setDrawer,[39m
[31m+     waitForUploadedBeatPlaybackReady,[39m
[31m+   });[39m
[31m+[39m
[31m+   const {[39m
[31m+     openableCloudProjectIds,[39m
[31m+     projectUpdateNotice,[39m
[31m+     dismissProjectUpdateNotice,[39m
[31m+     hasStoredProject,[39m
[31m+     startProjectAssetUpdate,[39m
[31m+     handleAutoProjectDrop,[39m
[31m+     handleBrowserProjectDrop,[39m
[31m+     handleUploadProjectTelegram,[39m
[31m+     handleOpenProject,[39m
[31m+     handleUpdateProject,[39m
[31m+   } = useBeatProjects({[39m
[31m+     beats,[39m
[31m+     connectionState,[39m
[31m+     rejectOfflineMutation,[39m
[31m+     transitionRuntime,[39m
[31m+     beatsLatestRef,[39m
[31m+     setBeats,[39m
[31m+     setDrawer,[39m
[31m+     runBeatCloudUpdate,[39m
[31m+     setBeatCloudUpdateBusy,[39m
[31m+   });[39m
[31m+[39m
[31m+   const handleDroppedBeatFileRole = useCallback(async (role: DroppedBeatFileRole) => {[39m
[31m+     if (!beatFileDrop) return;[39m
[31m+     const { beat, filePath } = beatFileDrop;[39m
[31m+     const ext = extensionFromPath(filePath);[39m
[31m+[39m
[31m+     if (role === "loop" || role === "stems") return;[39m
[31m+[39m
[31m+     if (role === "main") {[39m
[31m+       if (ext !== "mp3") return;[39m
[31m+       startMasterAssetUpdate(beat, filePath);[39m
[31m+       return;[39m
[31m+     }[39m
[31m+[39m
[31m+     if (role === "wav") {[39m
[31m+       if (ext !== "wav") return;[39m
[31m+       startWavAssetUpdate(beat, filePath);[39m
[31m+       return;[39m
[31m+     }[39m
[31m+[39m
[31m+     if (role === "projectFolder") {[39m
[31m+       const existing = await hasStoredProject(beat).catch(() => false);[39m
[31m+       if (!existing) {[39m
[31m+         await cleanupStagedDropPaths([filePath]).catch(() => {});[39m
[31m+         setBeatFileDrop(null);[39m
[31m+         await appAlert({[39m
[31m+           title: "Project file required",[39m
[31m+           message: "Add a .flp, .als, .logicx, .ptx/.ptf file or a valid PROJECT ZIP first. Then folders can be added to that PROJECT.zip using their original folder name.",[39m
[31m+         });[39m
[31m+         return;[39m
[31m+       }[39m
[31m+       startProjectAssetUpdate(beat, filePath, "projectFolder");[39m
[31m+     }[39m
[31m+   }, [beatFileDrop, hasStoredProject, startMasterAssetUpdate, startProjectAssetUpdate, startWavAssetUpdate]);[39m
[31m+[39m
[31m+[39m
[31m+   useHtmlLibraryDrop({[39m
[31m+     nativeDropAvailable: isTauriAvailable,[39m
[31m+     browserFileImport: platform.capabilities.browserFileImport,[39m
[31m+     reviewSkeletonEnabled: REVIEW_SKELETON_ENABLED,[39m
[31m+     beatsLatestRef,[39m
[31m+     setDropActive,[39m
[31m+     setBeatCloudUpdateBusy,[39m
[31m+     setBeatFileDrop,[39m
[31m+     setLibraryDropStaging,[39m
[31m+     handleDropArtwork,[39m
[31m+     handleAutoProjectDrop,[39m
[31m+     handleBrowserBeatAssetDrop,[39m
[31m+     handleBrowserProjectDrop,[39m
[31m+     importDroppedBrowserFiles,[39m
[31m+     importDroppedPaths,[39m
[31m+   });[39m
[31m+[39m
[31m+   useNativeLibraryDrop({[39m
[31m+     nativeDropAvailable: isTauriAvailable,[39m
[31m+     reviewSkeletonEnabled: REVIEW_SKELETON_ENABLED,[39m
[31m+     beatsLatestRef,[39m
[31m+     setDropActive,[39m
[31m+     setBeatCloudUpdateBusy,[39m
[31m+     setBeatFileDrop,[39m
[31m+     setLibraryDropStaging,[39m
[31m+     handleDropArtwork,[39m
[31m+     handleAutoProjectDrop,[39m
[31m+     importDroppedPaths,[39m
[31m+   });[39m
[31m+[39m
[31m+   const applyBulkUpdate = useCallback((updates: Partial<Beat>, options?: { tagsMode?: "add" | "replace" | "remove" }) => {[39m
[31m+     setBeats(bs => bs.map(b => {[39m
[31m+       if (!selectedIds.has(b.id)) return b;[39m
[31m+       if (!updates.tags) return { ...b, ...updates };[39m
[31m+[39m
[31m+       const normalizedInput = Array.from(new Set([39m
[31m+         updates.tags.map(t => t.trim().toLowerCase()).filter(Boolean)[39m
[31m+       ));[39m
[31m+[39m
[31m+       if (options?.tagsMode === "replace") {[39m
[31m+         return { ...b, ...updates, tags: normalizedInput };[39m
[31m+       }[39m
[31m+[39m
[31m+       if (options?.tagsMode === "remove") {[39m
[31m+         const removeSet = new Set(normalizedInput);[39m
[31m+         const remainingTags = b.tags.filter(tag => !removeSet.has(tag.trim().toLowerCase()));[39m
[31m+         return { ...b, ...updates, tags: remainingTags };[39m
[31m+       }[39m
[31m+[39m
[31m+       const mergedTags = Array.from(new Set([39m
[31m+         [...b.tags, ...normalizedInput].map(t => t.trim().toLowerCase()).filter(Boolean)[39m
[31m+       ));[39m
[31m+       return { ...b, ...updates, tags: mergedTags };[39m
[31m+     }));[39m
[31m+     clearSelection();[39m
[31m+   }, [selectedIds]);[39m
[31m+[39m
[31m+[39m
[31m+   const tagColors = useTagColors();[39m
[31m+[39m
[31m+ const handleTagClick = useCallback((tag: string, e: React.MouseEvent) => {[39m
[31m+   toggleTagFilter(tag, e.altKey ? "exclude" : "include");[39m
[31m+ }, [toggleTagFilter]);[39m
[31m+[39m
[31m+   const tagFrequency = useMemo(() => selectTagFrequency(beats), [beats]);[39m
[31m+   const allTags = useMemo(() => selectAllTags(beats, tagFrequency), [beats, tagFrequency]);[39m
[31m+   const tagSuggestions = useMemo(() => selectTagSuggestions(beats), [beats]);[39m
[31m+   const displayedBeats = filteredBeats.filter(beat => revealedBeatIds.has(beat.id));[39m
[31m+[39m
[31m+   const {[39m
[31m+     shuffleEnabled,[39m
[31m+     repeatMode,[39m
[31m+     showQueue,[39m
[31m+     queuedBeats,[39m
[31m+     addToQueue,[39m
[31m+     handleNext,[39m
[31m+     handlePrev,[39m
[31m+     closeQueue,[39m
[31m+     toggleQueue,[39m
[31m+     toggleShuffle,[39m
[31m+     cycleRepeat,[39m
[31m+     playQueueIndex,[39m
[31m+   } = usePlaybackQueue({[39m
[31m+     beats,[39m
[31m+     displayedBeats,[39m
[31m+     playingId: audio.playingId,[39m
[31m+     progress: audio.progress,[39m
[31m+     endedSeq: audio.endedSeq,[39m
[31m+     handlePlay,[39m
[31m+     seek,[39m
[31m+     releaseFile,[39m
[31m+   });[39m
[31m+[39m
[31m+   useAppShortcuts({[39m
[31m+     togglePauseRef,[39m
[31m+     clearSelection,[39m
[31m+     setDrawer,[39m
[31m+     setShowAdd,[39m
[31m+     setShowSettings,[39m
[31m+     closeQueue,[39m
[31m+     setShowUpload,[39m
[31m+   });[39m
[31m+[39m
[31m+[39m
[31m+[39m
[31m+   const currentBeat = beats.find(b => b.id === audio.playingId);[39m
[31m+   const selectedBeats = beats.filter(b => selectedIds.has(b.id));[39m
[31m+   const activeDragBeat = activeDragId ? beats.find(b => b.id === activeDragId) ?? null : null;[39m
[31m+[39m
[31m+   return <AppShell scope={{ Event, HTMLElement, REVIEW_SKELETON_ENABLED, activeDragBeat, addBeatsAndReview, addToQueue, allTags, applyBulkUpdate, audio, audioConflictBatch, backTagRename, backgroundUploadErrors, beatFileDrop, beats, cancelAudioConflicts, cancelReview, cancelTagRename, clearSelection, clearTagFilters, closeCloudFiles, closeImportDecisions, cloudDownloadNotice, cloudFiles, cloudFilesBeat, cloudFilesBusyId, cloudFilesDownloadError, cloudFilesDownloadedIds, cloudSessionVerified, commitDrawerCloudMutation, confirmTagRename, connectionState, continueTagRename, currentBeat, cycleRepeat, deferredLibraryReloadRef, deleteBeat, dismissDownloadError, dismissInterruptedUploadNotices, dismissProjectUpdateNotice, displayedBeats, drawer, dropActive, dropImportBatch, dropImporting, excludedTags, filteredBeats, finishSelection, handleBeatRestored, handleCloudFiles, handleCustomCursorChanged, handleDisconnectTelegramAccount, handleDownloadTelegram, handleDragCancel, handleDragEnd, handleDragStart, handleDroppedBeatFileRole, handleEditBulk, handleFolderChanged, handleGetCloudFile, handleIncompleteWarningsChanged, handleNext, handleOpenProject, handlePlay, handlePrev, handleRemoveBulk, handleReviewedBeatSaved, handleReviewedSaveAll, handleTagClick, handleToggleOffline, handleUpdateProject, handleUpload, handleUploadBulk, handleUploadProjectTelegram, handleUploadTelegram, handleWarm, importResolvedDecisions, includedTags, interruptedUploadNotices, libraryDropStaging, libraryRefreshing, loading, offlineBusyIds, openTagRename, openableCloudProjectIds, playQueueIndex, projectUpdateNotice, queuedBeats, rejectOfflineMutation, releaseFile, reloadLibrary, repeatMode, resolveAudioConflicts, retryBackgroundUpload, revealedBeatIds, reviewBootstrap, reviewQueue, search, seek, selectMode, selectedBeats, selectedIds, sensors, setBeatFileDrop, setDrawer, setSearch, setShowAdd, setShowSettings, setShowUpload, setSortBy, setTagColorMenu, setTagRenameNewTag, setVolume, settings, showAdd, showQueue, showSettings, showUpload, shuffleEnabled, skipCurrentReviewBeat, sortBy, startupCookingGate, tagColorMenu, tagColors, tagFrequency, tagRename, tagRenameAffectedCount, tagRenameBusy, tagRenameError, tagRenameMp3Count, tagRenameWavCount, tagSuggestions, togglePause, toggleQueue, toggleSelectAll, toggleSelection, toggleShuffle, updateBeat }} />;[39m
[31m+ }[39m
[31m+[39m
[31m+[39m
[31m+ export default function App() {[39m
[31m+   return platform.kind === "web"[39m
[31m+     ? <BeatGalerApp />[39m
[31m+     : <AccountGate><BeatGalerApp /></AccountGate>;[39m
[31m+ }[39m
[31m+[39m

[36m [2m❯[22m tests/integration/issue97RuntimeWebFollowup.test.ts:[2m77:17[22m[39m
    [90m 75| [39m    [35mconst[39m app [33m=[39m [34msource[39m([32m"src/App.tsx"[39m)[33m;[39m
    [90m 76| [39m    [35mconst[39m card [33m=[39m [34msource[39m([32m"src/components/BeatCard.tsx"[39m)[33m;[39m
    [90m 77| [39m    expect(app).toContain('playbackInteractive={connectionState !== "o…
    [90m   | [39m                [31m^[39m
    [90m 78| [39m    expect(card).toContain("if (!playbackInteractive || playbackBlocke…
    [90m 79| [39m    [34mexpect[39m(card)[33m.[39m[34mtoContain[39m([32m"onPlay(beat);"[39m)[33m;[39m

[31m[2m⎯⎯⎯⎯⎯⎯⎯⎯⎯⎯⎯⎯⎯⎯⎯⎯⎯⎯⎯⎯⎯⎯⎯[9/10]⎯[22m[39m

[41m[1m FAIL [22m[49m tests/integration/selectionReorderExtraction.test.ts[2m > [22mtask 3.4 extraction wiring[2m > [22mmoves selection ownership out of App while preserving Shift and reconciliation contracts
[31m[1mAssertionError[22m: expected 'import React, { useState, useCallback…' to contain 'toggleSelection(b, e.shiftKey, filter…'[39m

[32m- Expected[39m
[31m+ Received[39m

[32m- toggleSelection(b, e.shiftKey, filteredBeats)[39m
[31m+ import React, { useState, useCallback, useEffect, useRef, useMemo } from "react";[39m
[31m+ import type { Beat } from "./types";[39m
[31m+ import BeatCard from "./components/BeatCard";[39m
[31m+ import Drawer from "./components/Drawer";[39m
[31m+ import Player from "./components/Player";[39m
[31m+ import AddBeatModal from "./components/AddBeatModal";[39m
[31m+ import SettingsPanel from "./components/SettingsPanel";[39m
[31m+ import AccountGate, { logoutBeatGalerAccount } from "./components/AccountGate";[39m
[31m+ import UploadModal from "./components/UploadModal";[39m
[31m+ import JobStatusBar from "./components/JobStatusBar";[39m
[31m+ import { PlusIcon, Artwork } from "./components/ui";[39m
[31m+ import { useAudio } from "./hooks/useAudio";[39m
[31m+ import { loadLibrary, readBeatMeta, saveBeatMeta, discardImportReviewBatch, uploadBeatToTelegram, downloadBeatFromTelegram, prepareBeatForPlayback, warmBeatForPlayback, getDownloadCookingStatus, downloadCookingDiagnosticEvent, uploadProjectToTelegram, uploadDroppedFileToTelegram, downloadCloudFileToCache, downloadProjectToCache, revealInExplorer, syncBeatMetadataToTelegram, copyExportFile, copyAudioMetadata, prepareUniqueExportFolder, type CloudFileType, isTauriAvailable } from "./lib/tauri";[39m
[31m+ import { libraryStateManager } from "./lib/libraryStateManager";[39m
[31m+ import { platform } from "./platform";[39m
[31m+ import { DndContext, DragOverlay, closestCenter } from "@dnd-kit/core";[39m
[31m+ import { SortableContext, rectSortingStrategy } from "@dnd-kit/sortable";[39m
[31m+ import { appAlert, appConfirm } from "./lib/dialog";[39m
[31m+ import { sanitizeUserVisibleText } from "./lib/userVisibleError";[39m
[31m+ import { useTagColors, setTagColor } from "./lib/tagColors";[39m
[31m+ import { registerJob, updateJob } from "./lib/jobStore";[39m
[31m+ import { cleanTags } from "./lib/metadataValidation";[39m
[31m+ import { cleanupOrphanedDropStaging, cleanupStagedDropPaths } from "./features/dragdrop/dropStaging";[39m
[31m+ import CloudFilesModal from "./features/downloads/components/CloudFilesModal";[39m
[31m+ import { useBeatDownloads } from "./features/downloads/useBeatDownloads";[39m
[31m+ import BeatFileDropModal, { type DroppedBeatFileRole } from "./features/dragdrop/components/BeatFileDropModal";[39m
[31m+ import SearchBar from "./features/library/components/SearchBar";[39m
[31m+ import SortMenu from "./features/library/components/SortMenu";[39m
[31m+ import TagColorMenu from "./features/tags/components/TagColorMenu";[39m
[31m+ import { useArtworkHydration } from "./features/artwork/useArtworkHydration";[39m
[31m+ import { useCloudUploadQueue } from "./features/cloud/useCloudUploadQueue";[39m
[31m+ import ImportReviewHost, { ImportResolutionHost } from "./features/import/components/ImportReviewHost";[39m
[31m+ import { useImportSession } from "./features/import/useImportSession";[39m
[31m+ import { useImportReview } from "./features/import/useImportReview";[39m
[31m+ import { useImportDiscovery } from "./features/import/useImportDiscovery";[39m
[31m+ import { useImportSaveAll } from "./features/import/useImportSaveAll";[39m
[31m+ import { useBrowserImport } from "./features/import/useBrowserImport";[39m
[31m+ import { extensionFromPath, fileNameFromPath, isBackupFolderPath } from "./features/dragdrop/pathHelpers";[39m
[31m+ import { useHtmlLibraryDrop } from "./features/dragdrop/useHtmlLibraryDrop";[39m
[31m+ import { useNativeLibraryDrop } from "./features/dragdrop/useNativeLibraryDrop";[39m
[31m+ import { cloudBeatFingerprint, drawerMetadataCommitFingerprint, libraryViewFingerprint } from "./features/library/libraryFingerprints";[39m
[31m+ import { clearUploadPreviewCache, preserveLoadedArtwork } from "./features/library/libraryPresentationCache";[39m
[31m+ import { selectFilteredAndSortedBeats } from "./features/library/librarySelectors";[39m
[31m+ import { useLibraryViewState } from "./features/library/useLibraryViewState";[39m
[31m+ import { useLibraryReorder } from "./features/library/useLibraryReorder";[39m
[31m+ import { useBeatSelection } from "./features/selection/useBeatSelection";[39m
[31m+ import { selectAllTags, selectTagFrequency, selectTagSuggestions } from "./features/tags/tagSelectors";[39m
[31m+ import { useTagFilters } from "./features/tags/useTagFilters";[39m
[31m+ import { useTagRename } from "./features/tags/useTagRename";[39m
[31m+ import TagRenameDialog from "./features/tags/components/TagRenameDialog";[39m
[31m+ import { useLibraryPresentationCache, useLibraryState } from "./features/library/useLibraryState";[39m
[31m+ import { useLibraryReload } from "./features/library/useLibraryReload";[39m
[31m+ import { useStartupBootstrap } from "./features/startup/useStartupBootstrap";[39m
[31m+ import { useLibraryReveal } from "./features/startup/useLibraryReveal";[39m
[31m+ import { dismissBeatGalerStartupLoader } from "./features/startup/startupLoader";[39m
[31m+ import { useWebPlaybackSortRouting } from "./features/playback/useWebPlaybackSortRouting";[39m
[31m+ import { usePlaybackController } from "./features/playback/usePlaybackController";[39m
[31m+ import { usePlaybackQueue } from "./features/playback/usePlaybackQueue";[39m
[31m+ import { useDrawerCloudPersistence } from "./features/edit/useDrawerCloudPersistence";[39m
[31m+ import { useBeatAssetUpdates } from "./features/edit/useBeatAssetUpdates";[39m
[31m+ import { useBeatProjects } from "./features/projects/useBeatProjects";[39m
[31m+ import { useOfflineAvailability } from "./features/offline/useOfflineAvailability";[39m
[31m+ import { useTrashActions } from "./features/trash/useTrashActions";[39m
[31m+ import { useWebLibraryReconciled } from "./features/library/useWebLibraryReconciled";[39m
[31m+ import { createBeatRuntimeState } from "./features/state/beatRuntimeState";[39m
[31m+ import { useBeatRuntimeRegistry } from "./features/state/useBeatRuntimeRegistry";[39m
[31m+ import { useSessionState } from "./features/session/useSessionState";[39m
[31m+ import { useSessionActions } from "./features/session/useSessionActions";[39m
[31m+ import { useCustomCursor } from "./features/session/useCustomCursor";[39m
[31m+ import { useConnectivity } from "./features/session/useConnectivity";[39m
[31m+ import { useCloudLibraryEvents } from "./features/cloud/useCloudLibraryEvents";[39m
[31m+ import AppShell from "./app/AppShell";[39m
[31m+ import { useAppShortcuts } from "./app/useAppShortcuts";[39m
[31m+ import { usePublishingActions } from "./features/publishing/usePublishingActions";[39m
[31m+[39m
[31m+ // Intentionally isolated: if real-world timings prove the skeleton unnecessary,[39m
[31m+ // flipping/removing this one constant deletes the visual layer without touching[39m
[31m+ // the staged Review architecture underneath it.[39m
[31m+ const REVIEW_SKELETON_ENABLED = true;[39m
[31m+[39m
[31m+ const beatCloudUpdateBusyIds = new Set<string>();[39m
[31m+[39m
[31m+ function setBeatCloudUpdateBusy(beatId: string, active: boolean, success = false) {[39m
[31m+   if (active) beatCloudUpdateBusyIds.add(beatId);[39m
[31m+   else beatCloudUpdateBusyIds.delete(beatId);[39m
[31m+   window.dispatchEvent(new CustomEvent("beatgaler:beat-cloud-busy", {[39m
[31m+     detail: { beatId, active, success }[39m
[31m+   }));[39m
[31m+ }[39m
[31m+[39m
[31m+ function formatCloudBytes(bytes: number) {[39m
[31m+   if (!bytes) return "0 B";[39m
[31m+   const units = ["B", "KB", "MB", "GB"];[39m
[31m+   let n = bytes; let i = 0;[39m
[31m+   while (n >= 1024 && i < units.length - 1) { n /= 1024; i++; }[39m
[31m+   return `${n.toFixed(i === 0 ? 0 : 1)} ${units[i]}`;[39m
[31m+ }[39m
[31m+[39m
[31m+ function runtimeErrorMessage(error: unknown): string {[39m
[31m+   return error instanceof Error ? error.message : String(error);[39m
[31m+ }[39m
[31m+[39m
[31m+ function isRuntimeConflictError(error: unknown): boolean {[39m
[31m+   const message = runtimeErrorMessage(error).toLowerCase();[39m
[31m+   return message.includes("409") || message.includes("conflict") || message.includes("revision mismatch") || message.includes("version mismatch");[39m
[31m+ }[39m
[31m+[39m
[31m+ function BeatGalerApp() {[39m
[31m+   const {[39m
[31m+     beats,[39m
[31m+     setBeats,[39m
[31m+     beatsLatestRef,[39m
[31m+     startupCachedBeatsRef,[39m
[31m+     initialLoading,[39m
[31m+   } = useLibraryState();[39m
[31m+   const cloudMetaSnapshotRef = useRef<Map<string, string> | null>(null);[39m
[31m+   const cloudLibraryTimerRef = useRef<number | null>(null);[39m
[31m+   const cloudLibrarySnapshotRef = useRef<string | null>(null);[39m
[31m+   const visibleLibraryFingerprintRef = useRef<string>("");[39m
[31m+   const {[39m
[31m+     beatRuntimeStates,[39m
[31m+     beatRuntimeStatesRef,[39m
[31m+     transitionRuntime,[39m
[31m+     forgetRuntimeState,[39m
[31m+     clearReconciledTrashRuntimeStates,[39m
[31m+   } = useBeatRuntimeRegistry(beats, beatsLatestRef);[39m
[31m+   const stagedImportPathsRef = useRef<Map<string, string[]>>(new Map());[39m
[31m+   const [loading, setLoading] = useState(() => initialLoading);[39m
[31m+   const startupCookingResolvedRef = useRef(false);[39m
[31m+   const startupPipelineStartedRef = useRef(false);[39m
[31m+   const startupEnginePrimeReadyRef = useRef(false);[39m
[31m+   const handleArtworkHydratedFromNetwork = useCallback((next: Beat[], beatId: string) => {[39m
[31m+     const hydrated = next.find(item => item.id === beatId);[39m
[31m+     if (hydrated && cloudMetaSnapshotRef.current) {[39m
[31m+       cloudMetaSnapshotRef.current.set(beatId, cloudBeatFingerprint(hydrated));[39m
[31m+     }[39m
[31m+     if (cloudLibrarySnapshotRef.current !== null) {[39m
[31m+       cloudLibrarySnapshotRef.current = next[39m
[31m+         .filter(item => !!item.telegram_file_id)[39m
[31m+         .map(cloudBeatFingerprint)[39m
[31m+         .join("\u001c");[39m
[31m+     }[39m
[31m+   }, []);[39m
[31m+   const { ensureArtworkReady, clearArtworkHydration, invalidateArtworkHydration } = useArtworkHydration({[39m
[31m+     setBeats,[39m
[31m+     onNetworkHydrated: handleArtworkHydratedFromNetwork,[39m
[31m+   });[39m
[31m+   const { search, setSearch, sortBy, setSortBy } = useLibraryViewState();[39m
[31m+   const {[39m
[31m+     includedTags,[39m
[31m+     excludedTags,[39m
[31m+     clearTagFilters,[39m
[31m+     toggleTagFilter,[39m
[31m+     replaceTagFilter,[39m
[31m+   } = useTagFilters();[39m
[31m+   const filteredBeats = selectFilteredAndSortedBeats([39m
[31m+     beats,[39m
[31m+     search,[39m
[31m+     includedTags,[39m
[31m+     excludedTags,[39m
[31m+     sortBy,[39m
[31m+   );[39m
[31m+[39m
[31m+   const [tagColorMenu, setTagColorMenu] = useState<{ tag: string; x: number; y: number } | null>(null);[39m
[31m+   const {[39m
[31m+     tagRename, tagRenameBusy, tagRenameError, affectedCount: tagRenameAffectedCount,[39m
[31m+     affectedMp3Count: tagRenameMp3Count, affectedWavCount: tagRenameWavCount,[39m
[31m+     openTagRename, setNewTag: setTagRenameNewTag, continueTagRename, backTagRename,[39m
[31m+     cancelTagRename, confirmTagRename,[39m
[31m+   } = useTagRename({ beats, setBeats, replaceTagFilter });[39m
[31m+   useWebPlaybackSortRouting(sortBy, beats, platform.kind === "web");[39m
[31m+   const onWebLibraryReconciled = useCallback((incoming: Beat[]) => {[39m
[31m+     setBeats(current => {[39m
[31m+       const next = preserveLoadedArtwork(incoming, current);[39m
[31m+       beatsLatestRef.current = next;[39m
[31m+       return next;[39m
[31m+     });[39m
[31m+   }, []);[39m
[31m+   useWebLibraryReconciled(platform.kind === "web", onWebLibraryReconciled);[39m
[31m+   const [drawer, setDrawer] = useState<{ beat: Beat; mode: "detail" | "edit" } | null>(null);[39m
[31m+   const [showAdd, setShowAdd] = useState(false);[39m
[31m+   const [dropActive, setDropActive] = useState(false);[39m
[31m+   const [dropImporting, setDropImporting] = useState(false);[39m
[31m+   // Covers the WebView2 staging window that happens BEFORE importDroppedPaths[39m
[31m+   // receives native paths. Without this state, the app can look frozen while[39m
[31m+   // large dropped files are being copied into drop-staging.[39m
[31m+   const [libraryDropStaging, setLibraryDropStaging] = useState(false);[39m
[31m+   const [beatFileDrop, setBeatFileDrop] = useState<{ beat: Beat; filePath: string; kind: "file" | "directory" } | null>(null);[39m
[31m+   const {[39m
[31m+     reviewQueue,[39m
[31m+     setReviewQueue,[39m
[31m+     reviewQueueLatestRef,[39m
[31m+     skippedReviewSourceKeysRef,[39m
[31m+     startReview,[39m
[31m+   } = useImportSession();[39m
[31m+   const [showSettings, setShowSettings] = useState(false);[39m
[31m+   const {[39m
[31m+     settings,[39m
[31m+     setSettings,[39m
[31m+     setupDone,[39m
[31m+     setSetupDone,[39m
[31m+     connectionState,[39m
[31m+     setConnectionState,[39m
[31m+     cloudSessionVerified,[39m
[31m+     setCloudSessionVerified,[39m
[31m+   } = useSessionState();[39m
[31m+   const {[39m
[31m+     startupCookingGate,[39m
[31m+     setStartupCookingGate,[39m
[31m+     revealedBeatIds,[39m
[31m+     setRevealedBeatIds,[39m
[31m+     progressiveRevealRunRef,[39m
[31m+   } = useLibraryReveal({[39m
[31m+     initialCachedBeats: startupCachedBeatsRef.current ?? [],[39m
[31m+     filteredBeats,[39m
[31m+     loading,[39m
[31m+     settings,[39m
[31m+     cloudSessionVerified,[39m
[31m+     connectionState,[39m
[31m+     ensureArtworkReady,[39m
[31m+     startupCookingResolvedRef,[39m
[31m+     startupPipelineStartedRef,[39m
[31m+     nativeParallelism: isTauriAvailable ? 6 : 1,[39m
[31m+   });[39m
[31m+   const {[39m
[31m+     cloudFilesBeat,[39m
[31m+     cloudFiles,[39m
[31m+     cloudFilesBusyId,[39m
[31m+     cloudFilesDownloadedIds,[39m
[31m+     cloudFilesDownloadError,[39m
[31m+     cloudDownloadNotice,[39m
[31m+     handleCloudFiles,[39m
[31m+     handleGetCloudFile,[39m
[31m+     closeCloudFiles,[39m
[31m+     dismissDownloadError,[39m
[31m+   } = useBeatDownloads({ connectionState, beatRuntimeStatesRef, transitionRuntime });[39m
[31m+[39m
[31m+   const {[39m
[31m+     selectedIds,[39m
[31m+     selectMode,[39m
[31m+     toggleSelection,[39m
[31m+     toggleSelectAll,[39m
[31m+     finishSelection,[39m
[31m+     clearSelection,[39m
[31m+   } = useBeatSelection(beats);[39m
[31m+   const {[39m
[31m+     sensors,[39m
[31m+     activeDragId,[39m
[31m+     handleDragStart,[39m
[31m+     handleDragEnd,[39m
[31m+     handleDragCancel,[39m
[31m+   } = useLibraryReorder({ sortBy, setSortBy, setBeats });[39m
[31m+   const { state: audio, play, togglePause, seek, setVolume, releaseFile } = useAudio();[39m
[31m+   const { clearPlaybackPreparation, ensureWarmPlaybackUrl, handlePlay, handleWarm, invalidatePlaybackPreparation, waitForUploadedBeatPlaybackReady } = usePlaybackController({[39m
[31m+     audio,[39m
[31m+     play,[39m
[31m+     beatsLatestRef,[39m
[31m+     beatRuntimeStatesRef,[39m
[31m+     transitionRuntime,[39m
[31m+     setBeats,[39m
[31m+     cloudSessionVerified,[39m
[31m+     connectionState,[39m
[31m+     isBeatCloudUpdateBusy: beatId => beatCloudUpdateBusyIds.has(beatId),[39m
[31m+   });[39m
[31m+   const { offlineBusyIds, handleToggleOffline } = useOfflineAvailability({[39m
[31m+     connectionState,[39m
[31m+     audioPlayingId: audio.playingId,[39m
[31m+     releaseFile,[39m
[31m+     invalidatePlaybackPreparation,[39m
[31m+     ensureWarmPlaybackUrl,[39m
[31m+     beatRuntimeStatesRef,[39m
[31m+     transitionRuntime,[39m
[31m+     setBeats,[39m
[31m+     setDrawer,[39m
[31m+     setRevealedBeatIds,[39m
[31m+   });[39m
[31m+[39m
[31m+   // Keep a ref to togglePause so the keydown handler never goes stale[39m
[31m+   const togglePauseRef = useRef(togglePause);[39m
[31m+   useEffect(() => { togglePauseRef.current = togglePause; }, [togglePause]);[39m
[31m+[39m
[31m+   const rejectOfflineMutation = useCallback((action: string): boolean => {[39m
[31m+     if (connectionState === "online") return false;[39m
[31m+     void appAlert({[39m
[31m+       title: connectionState === "offline" ? "Offline" : "Connection unavailable",[39m
[31m+       message: `${action} requires an internet connection. Offline mode is read-only except for moving beats to Trash.`,[39m
[31m+     });[39m
[31m+     return true;[39m
[31m+   }, [connectionState]);[39m
[31m+[39m
[31m+   const { showUpload, setShowUpload, handleUpload, handleUploadBulk } = usePublishingActions({[39m
[31m+     selectedIds,[39m
[31m+     rejectOfflineMutation,[39m
[31m+   });[39m
[31m+[39m
[31m+   const {[39m
[31m+     reviewBootstrap,[39m
[31m+     reviewPreparationDone,[39m
[31m+     reviewPreparationPromiseRef,[39m
[31m+     deferredImportBatch,[39m
[31m+     setDeferredImportBatch,[39m
[31m+     importDroppedPaths,[39m
[31m+     cancelPendingReviewWork,[39m
[31m+     completeImmediateReviewPreparation,[39m
[31m+   } = useImportDiscovery({[39m
[31m+     dropImporting,[39m
[31m+     setDropImporting,[39m
[31m+     rejectOfflineMutation,[39m
[31m+     setDropActive,[39m
[31m+     setShowAdd,[39m
[31m+     setReviewQueue,[39m
[31m+     skippedReviewSourceKeysRef,[39m
[31m+     stagedImportPathsRef,[39m
[31m+     skeletonEnabled: REVIEW_SKELETON_ENABLED,[39m
[31m+   });[39m
[31m+[39m
[31m+   const {[39m
[31m+     backgroundUploadErrors,[39m
[31m+     cloudifyImportedBeats,[39m
[31m+     retryBackgroundUpload,[39m
[31m+     getQueuedBeatsSnapshot,[39m
[31m+     deferLibraryReloadIfUploading,[39m
[31m+     deferredLibraryReloadRef,[39m
[31m+   } = useCloudUploadQueue({[39m
[31m+     settings,[39m
[31m+     setSettings,[39m
[31m+     setConnectionState,[39m
[31m+     setBeats,[39m
[31m+     beatsLatestRef,[39m
[31m+     beatRuntimeStatesRef,[39m
[31m+     transitionRuntime,[39m
[31m+     cloudLibrarySnapshotRef,[39m
[31m+     waitForUploadedBeatPlaybackReady,[39m
[31m+     rejectOfflineMutation,[39m
[31m+     isReviewActive: () => reviewQueueLatestRef.current !== null,[39m
[31m+     hasProtectedStaging: () => stagedImportPathsRef.current.size > 0,[39m
[31m+   });[39m
[31m+[39m
[31m+[39m
[31m+   const { libraryRefreshing, reloadLibrary } = useLibraryReload({[39m
[31m+     telegramCloudConnected: Boolean(settings?.telegram_cloud_connected),[39m
[31m+     beatsLatestRef,[39m
[31m+     setBeats,[39m
[31m+     setConnectionState,[39m
[31m+     setCloudSessionVerified,[39m
[31m+     cloudMetaSnapshotRef,[39m
[31m+     cloudLibrarySnapshotRef,[39m
[31m+     startupCookingResolvedRef,[39m
[31m+     startupPipelineStartedRef,[39m
[31m+     progressiveRevealRunRef,[39m
[31m+     setRevealedBeatIds,[39m
[31m+     setStartupCookingGate,[39m
[31m+     setLoading,[39m
[31m+     deferLibraryReloadIfUploading,[39m
[31m+   });[39m
[31m+[39m
[31m+   const { interruptedUploadNotices, dismissInterruptedUploadNotices } = useStartupBootstrap({[39m
[31m+     startupCachedBeatsRef,[39m
[31m+     cloudMetaSnapshotRef,[39m
[31m+     cloudLibrarySnapshotRef,[39m
[31m+     startupCookingResolvedRef,[39m
[31m+     startupPipelineStartedRef,[39m
[31m+     startupEnginePrimeReadyRef,[39m
[31m+     progressiveRevealRunRef,[39m
[31m+     setBeats,[39m
[31m+     setSettings,[39m
[31m+     setSetupDone,[39m
[31m+     setLoading,[39m
[31m+     setConnectionState,[39m
[31m+     setCloudSessionVerified,[39m
[31m+     setStartupCookingGate,[39m
[31m+     setRevealedBeatIds,[39m
[31m+     clearReconciledTrashRuntimeStates,[39m
[31m+     dismissStartupLoader: dismissBeatGalerStartupLoader,[39m
[31m+   });[39m
[31m+[39m
[31m+[39m
[31m+ useConnectivity({[39m
[31m+   setupDone,[39m
[31m+   setConnectionState,[39m
[31m+   setCloudSessionVerified,[39m
[31m+   setSettings,[39m
[31m+   setBeats,[39m
[31m+   cloudMetaSnapshotRef,[39m
[31m+   cloudLibrarySnapshotRef,[39m
[31m+   startupCookingResolvedRef,[39m
[31m+   startupPipelineStartedRef,[39m
[31m+   startupEnginePrimeReadyRef,[39m
[31m+   progressiveRevealRunRef,[39m
[31m+   clearReconciledTrashRuntimeStates,[39m
[31m+   clearPlaybackPreparation,[39m
[31m+   clearArtworkHydration,[39m
[31m+   setStartupCookingGate,[39m
[31m+ });[39m
[31m+[39m
[31m+   useCustomCursor(settings?.custom_cursor_enabled ?? true);[39m
[31m+[39m
[31m+[39m
[31m+[39m
[31m+ // BeatGaler synchronization remains push-based. SSE only notifies the app;[39m
[31m+ // the extracted owner verifies authority before hydrating library state.[39m
[31m+ useCloudLibraryEvents({[39m
[31m+   setupDone,[39m
[31m+   beatgalerUserId: settings?.beatgaler_user_id ?? null,[39m
[31m+   setConnectionState,[39m
[31m+   setCloudSessionVerified,[39m
[31m+   setSettings,[39m
[31m+   setBeats,[39m
[31m+   cloudMetaSnapshotRef,[39m
[31m+   cloudLibrarySnapshotRef,[39m
[31m+   visibleLibraryFingerprintRef,[39m
[31m+   startupCookingResolvedRef,[39m
[31m+   startupPipelineStartedRef,[39m
[31m+   startupEnginePrimeReadyRef,[39m
[31m+   progressiveRevealRunRef,[39m
[31m+   clearReconciledTrashRuntimeStates,[39m
[31m+   clearArtworkHydration,[39m
[31m+   clearPlaybackPreparation,[39m
[31m+   setStartupCookingGate,[39m
[31m+ });[39m
[31m+[39m
[31m+   useLibraryPresentationCache([39m
[31m+     beats,[39m
[31m+     cloudSessionVerified,[39m
[31m+     settings,[39m
[31m+   );[39m
[31m+[39m
[31m+   useEffect(() => {[39m
[31m+     visibleLibraryFingerprintRef.current = libraryViewFingerprint(beats);[39m
[31m+     beatsLatestRef.current = beats;[39m
[31m+   }, [beats]);[39m
[31m+[39m
[31m+[39m
[31m+[39m
[31m+   // One-time recovery for a cloud-only library after Telegram login/startup.[39m
[31m+   // No timer, no permanent synchronization.[39m
[31m+   const beatGalerCloudRecoveryAttemptedRef = useRef(false);[39m
[31m+[39m
[31m+   const recoverTelegramLibraryOnceIfEmpty = useCallback(async () => {[39m
[31m+     if (beatGalerCloudRecoveryAttemptedRef.current) return;[39m
[31m+     if (beats.length !== 0) return;[39m
[31m+[39m
[31m+     beatGalerCloudRecoveryAttemptedRef.current = true;[39m
[31m+     try {[39m
[31m+       const restored = await libraryStateManager.reloadAuthoritative();[39m
[31m+       if (restored.length > 0) {[39m
[31m+         setBeats(current => current.length === 0 ? restored : current);[39m
[31m+       }[39m
[31m+     } catch (error) {[39m
[31m+       console.warn("Telegram library one-time recovery skipped:", error);[39m
[31m+     }[39m
[31m+   }, [beats.length]);[39m
[31m+[39m
[31m+   // IMPORTANT: an empty library is a valid, authoritative state (for example[39m
[31m+   // immediately after Remove All). Never infer "Telegram recovery" merely from[39m
[31m+   // beats.length === 0; doing so races the pending trash/index commit and can[39m
[31m+   // resurrect the just-removed cards with their artwork unloaded. Recovery is[39m
[31m+   // only allowed from explicit Telegram connection/startup flows below.[39m
[31m+[39m
[31m+   useEffect(() => {[39m
[31m+     const onTelegramConnected = (event: Event) => {[39m
[31m+       const detail = (event as CustomEvent<{ connected?: boolean; username?: string | null }>).detail;[39m
[31m+       if (!detail?.connected) return;[39m
[31m+[39m
[31m+       setSettings(current => current ? {[39m
[31m+         ...current,[39m
[31m+         telegram_cloud_connected: true,[39m
[31m+         telegram_cloud_username: detail.username ?? current.telegram_cloud_username ?? null,[39m
[31m+       } : current);[39m
[31m+[39m
[31m+       void recoverTelegramLibraryOnceIfEmpty();[39m
[31m+     };[39m
[31m+[39m
[31m+     window.addEventListener("beatgaler:telegram-connected", onTelegramConnected);[39m
[31m+     return () => window.removeEventListener("beatgaler:telegram-connected", onTelegramConnected);[39m
[31m+   }, [recoverTelegramLibraryOnceIfEmpty]);[39m
[31m+[39m
[31m+[39m
[31m+   const handleUploadTelegram = useCallback(async (beat: Beat) => {[39m
[31m+     if (rejectOfflineMutation("Uploading a beat")) return;[39m
[31m+     const existingCloudBeat = Boolean(beat.telegram_file_id);[39m
[31m+     transitionRuntime(beat.id, { type: existingCloudBeat ? "SYNC_QUEUE_UPDATE" : "SYNC_QUEUE_UPLOAD" }, beat);[39m
[31m+     transitionRuntime(beat.id, { type: existingCloudBeat ? "SYNC_UPDATE_STARTED" : "SYNC_UPLOAD_STARTED" }, beat);[39m
[31m+     try {[39m
[31m+       const updated = await uploadBeatToTelegram(beat);[39m
[31m+       await syncBeatMetadataToTelegram(updated);[39m
[31m+       transitionRuntime(updated.id, { type: existingCloudBeat ? "SYNC_UPDATE_SUCCEEDED" : "SYNC_UPLOAD_SUCCEEDED" }, updated);[39m
[31m+       setBeats(bs => bs.map(b => b.id === updated.id ? updated : b));[39m
[31m+     } catch (e: any) {[39m
[31m+       const message = sanitizeUserVisibleText(runtimeErrorMessage(e), "Cloud operation failed.");[39m
[31m+       if (existingCloudBeat && isRuntimeConflictError(e)) {[39m
[31m+         transitionRuntime(beat.id, { type: "SYNC_CONFLICT", message }, beat);[39m
[31m+       } else {[39m
[31m+         transitionRuntime(beat.id, { type: "SYNC_FAILED", code: "TELEGRAM_UPLOAD_FAILED", message, retryable: true }, beat);[39m
[31m+       }[39m
[31m+       await appAlert({[39m
[31m+         title: "Cloud upload failed",[39m
[31m+         message,[39m
[31m+         danger: true,[39m
[31m+       });[39m
[31m+     }[39m
[31m+   }, [rejectOfflineMutation, transitionRuntime]);[39m
[31m+[39m
[31m+   const handleDownloadTelegram = useCallback(async (_beat: Beat) => {[39m
[31m+     await appAlert({[39m
[31m+       title: "Cloud-only library",[39m
[31m+       message: "Files are fetched into temporary storage automatically when needed.",[39m
[31m+     });[39m
[31m+   }, []);[39m
[31m+[39m
[31m+[39m
[31m+   const handleEditBulk = useCallback(() => {[39m
[31m+     if (rejectOfflineMutation("Editing metadata")) return;[39m
[31m+     const firstSelected = beats.find(b => selectedIds.has(b.id));[39m
[31m+     if (firstSelected) setDrawer({ beat: firstSelected, mode: "edit" });[39m
[31m+   }, [beats, selectedIds, rejectOfflineMutation]);[39m
[31m+[39m
[31m+   const { deleteBeat, handleRemoveBulk, handleBeatRestored } = useTrashActions({[39m
[31m+     beats,[39m
[31m+     setBeats,[39m
[31m+     beatsLatestRef,[39m
[31m+     selectedIds,[39m
[31m+     clearSelection,[39m
[31m+     connectionState,[39m
[31m+     audioPlayingId: audio.playingId,[39m
[31m+     releaseFile,[39m
[31m+     beatRuntimeStatesRef,[39m
[31m+     transitionRuntime,[39m
[31m+     forgetRuntimeState,[39m
[31m+     cloudMetaSnapshotRef,[39m
[31m+     cloudLibrarySnapshotRef,[39m
[31m+     invalidateArtworkHydration,[39m
[31m+     ensureArtworkReady,[39m
[31m+   });[39m
[31m+[39m
[31m+   const addBeats = useCallback((newBeats: Beat[]) => {[39m
[31m+     setBeats(bs => {[39m
[31m+       const existing = new Set(bs.map(b => b.mp3_path));[39m
[31m+       const next = [...newBeats.filter(b => !existing.has(b.mp3_path)), ...bs];[39m
[31m+       beatsLatestRef.current = next;[39m
[31m+       return next;[39m
[31m+     });[39m
[31m+   }, []);[39m
[31m+[39m
[31m+   const addBeatsAndReview = useCallback((newBeats: Beat[]) => {[39m
[31m+     if (newBeats.length === 0) return;[39m
[31m+     if (connectionState !== "online") {[39m
[31m+       void appAlert({[39m
[31m+         title: "Internet connection required",[39m
[31m+         message: "BeatGaler does not import new beats while offline. Reconnect and import them again.",[39m
[31m+       });[39m
[31m+       void cleanupOrphanedDropStaging(beatsLatestRef.current);[39m
[31m+       return;[39m
[31m+     }[39m
[31m+     const sanitized = newBeats.map(beat => ({ ...beat, tags: cleanTags(beat.tags || []).tags }));[39m
[31m+[39m
[31m+     // Review candidates are NOT library beats yet.[39m
[31m+     // Keeping them out of `beats` means:[39m
[31m+     // 1) Cancel leaves absolutely nothing behind.[39m
[31m+     // 2) duplicate-name checks compare only against committed library items.[39m
[31m+     // 3) a re-dropped folder can never masquerade as an edit of the existing beat.[39m
[31m+     setShowAdd(false);[39m
[31m+     startReview(sanitized);[39m
[31m+     // Upload begins only after Review → Save.[39m
[31m+   }, [connectionState, startReview]);[39m
[31m+[39m
[31m+ const {[39m
[31m+   skipCurrentReviewBeat,[39m
[31m+   cancelReview,[39m
[31m+   handleReviewedBeatSaved,[39m
[31m+ } = useImportReview({[39m
[31m+   setBeats,[39m
[31m+   beatsLatestRef,[39m
[31m+   setReviewQueue,[39m
[31m+   skippedReviewSourceKeysRef,[39m
[31m+   cloudifyImportedBeats,[39m
[31m+   getQueuedBeatsSnapshot,[39m
[31m+   onCancelPendingWork: cancelPendingReviewWork,[39m
[31m+   releaseBeat: platform.capabilities.reviewBeatCloudCommit[39m
[31m+     ? beatId => platform.importer.releaseBeat(beatId)[39m
[31m+     : undefined,[39m
[31m+   discardBatch: batchId => discardImportReviewBatch(batchId),[39m
[31m+   cleanupStaging: protectedBeats => cleanupOrphanedDropStaging(protectedBeats),[39m
[31m+ });[39m
[31m+[39m
[31m+   const {[39m
[31m+     audioConflictBatch,[39m
[31m+     dropImportBatch,[39m
[31m+     resetImportResolutionState,[39m
[31m+     handleReviewedSaveAll,[39m
[31m+     cancelAudioConflicts,[39m
[31m+     resolveAudioConflicts,[39m
[31m+     closeImportDecisions,[39m
[31m+     importResolvedDecisions,[39m
[31m+   } = useImportSaveAll({[39m
[31m+     setBeats,[39m
[31m+     beatsLatestRef,[39m
[31m+     reviewQueue,[39m
[31m+     setReviewQueue,[39m
[31m+     reviewQueueLatestRef,[39m
[31m+     reviewBootstrap,[39m
[31m+     reviewPreparationDone,[39m
[31m+     reviewPreparationPromiseRef,[39m
[31m+     deferredImportBatch,[39m
[31m+     setDeferredImportBatch,[39m
[31m+     stagedImportPathsRef,[39m
[31m+     setDropImporting,[39m
[31m+     cloudifyImportedBeats,[39m
[31m+     addBeatsAndReview,[39m
[31m+   });[39m
[31m+[39m
[31m+   const { importDroppedBrowserFiles } = useBrowserImport({[39m
[31m+     dropImporting,[39m
[31m+     setDropImporting,[39m
[31m+     rejectOfflineMutation,[39m
[31m+     setDropActive,[39m
[31m+     setShowAdd,[39m
[31m+     setReviewQueue,[39m
[31m+     completeImmediateReviewPreparation,[39m
[31m+     resetImportResolutionState,[39m
[31m+   });[39m
[31m+[39m
[31m+   const updateExistingBeatFromFolder = useCallback(async (beat: Beat, folderPath: string): Promise<boolean> => {[39m
[31m+     if (rejectOfflineMutation("Updating beat files")) return true;[39m
[31m+     if (isBackupFolderPath(folderPath)) {[39m
[31m+       await appAlert({[39m
[31m+         title: "Backup folder skipped",[39m
[31m+         message: "BeatGaler keeps Backup/Backups folders out of PROJECT.zip so old project copies are not uploaded.",[39m
[31m+       });[39m
[31m+       return true;[39m
[31m+     }[39m
[31m+[39m
[31m+     const t = await import("./lib/tauri");[39m
[31m+[39m
[31m+     let preview;[39m
[31m+     try {[39m
[31m+       preview = await t.inspectBeatUpdateFolder(folderPath);[39m
[31m+     } catch {[39m
[31m+       return false;[39m
[31m+     }[39m
[31m+[39m
[31m+     let replaceMaster = false;[39m
[31m+     if (preview.has_mp3) {[39m
[31m+       const alreadyHasMaster = Boolean(beat.telegram_file_id) || Boolean(beat.mp3_path?.trim());[39m
[31m+       if (alreadyHasMaster) {[39m
[31m+         const incoming = preview.mp3_filename || "the incoming MP3";[39m
[31m+         const confirmed = window.confirm([39m
[31m+           `Replace current MASTER for "${beat.name}"?\n\n` +[39m
[31m+           `${incoming} will become the new MASTER.\n` +[39m
[31m+           `Its BPM, key, tags, rating and artwork will replace the current metadata.\n\n` +[39m
[31m+           `WAV and project files from this folder will also be added or updated.`[39m
[31m+         );[39m
[31m+         if (!confirmed) return true;[39m
[31m+       }[39m
[31m+       replaceMaster = true;[39m
[31m+     }[39m
[31m+[39m
[31m+     setBeatCloudUpdateBusy(beat.id, true);[39m
[31m+     const runtime = beatRuntimeStatesRef.current[beat.id] ?? createBeatRuntimeState(beat);[39m
[31m+     if (runtime.sync_state === "synced") transitionRuntime(beat.id, { type: "SYNC_QUEUE_UPDATE" }, beat);[39m
[31m+     transitionRuntime(beat.id, { type: "SYNC_UPDATE_STARTED" }, beat);[39m
[31m+     try {[39m
[31m+       let updated = await t.mergeFolderIntoExistingBeat(beat, folderPath, replaceMaster);[39m
[31m+       setBeats(bs => bs.map(b => b.id === beat.id ? updated : b));[39m
[31m+[39m
[31m+       if (replaceMaster) {[39m
[31m+         updated = await t.uploadBeatToTelegram(updated);[39m
[31m+         setBeats(bs => bs.map(b => b.id === beat.id ? updated : b));[39m
[31m+       }[39m
[31m+[39m
[31m+       if (preview.has_wav && updated.wav_path) {[39m
[31m+         await t.uploadDroppedFileToTelegram(updated, updated.wav_path, "WAV");[39m
[31m+       }[39m
[31m+[39m
[31m+       if (preview.has_project_assets) {[39m
[31m+         await t.uploadProjectToTelegram(updated);[39m
[31m+       }[39m
[31m+[39m
[31m+       if (replaceMaster && updated.telegram_file_id) {[39m
[31m+         await t.syncBeatMetadataToTelegram(updated);[39m
[31m+       }[39m
[31m+[39m
[31m+       window.dispatchEvent(new CustomEvent("beatgaler:project-cloud-updated", { detail: { beatId: beat.id } }));[39m
[31m+       await libraryStateManager.commitSnapshot(beatsLatestRef.current.map(item => item.id === beat.id ? updated : item), "metadata-update");[39m
[31m+       transitionRuntime(beat.id, { type: "SYNC_UPDATE_SUCCEEDED" }, updated);[39m
[31m+       setBeats(bs => bs.map(b => b.id === beat.id ? updated : b));[39m
[31m+       return true;[39m
[31m+     } catch (error) {[39m
[31m+       console.error(error);[39m
[31m+       const message = sanitizeUserVisibleText(runtimeErrorMessage(error), "Cloud operation failed.");[39m
[31m+       if (isRuntimeConflictError(error)) transitionRuntime(beat.id, { type: "SYNC_CONFLICT", message }, beat);[39m
[31m+       else transitionRuntime(beat.id, { type: "SYNC_FAILED", code: "FOLDER_UPDATE_FAILED", message, retryable: true }, beat);[39m
[31m+       alert(`Could not update "${beat.name}" from the dropped folder: ${message}`);[39m
[31m+       return true;[39m
[31m+     } finally {[39m
[31m+       setBeatCloudUpdateBusy(beat.id, false);[39m
[31m+     }[39m
[31m+   }, [rejectOfflineMutation, transitionRuntime]);[39m
[31m+[39m
[31m+   const { commitDrawerCloudMutation } = useDrawerCloudPersistence({[39m
[31m+   beats,[39m
[31m+   browserCloudEditing: platform.capabilities.browserCloudEditing,[39m
[31m+   connectionState,[39m
[31m+   cloudSessionVerified,[39m
[31m+   beatsLatestRef,[39m
[31m+   beatRuntimeStatesRef,[39m
[31m+   transitionRuntime,[39m
[31m+   cloudMetaSnapshotRef,[39m
[31m+   cloudLibraryTimerRef,[39m
[31m+   cloudLibrarySnapshotRef,[39m
[31m+ });[39m
[31m+[39m
[31m+   // V7: INDEX writes are explicit transactions only.[39m
[31m+   // There is deliberately no generic "beats changed => rewrite Telegram" observer.[39m
[31m+   // Upload, metadata, Trash/Restore and project/file operations commit through[39m
[31m+   // libraryStateManager at their actual logical commit boundary. This prevents[39m
[31m+   // render/cache hydration from becoming an accidental cloud mutation.[39m
[31m+[39m
[31m+   const {[39m
[31m+     handleIncompleteWarningsChanged,[39m
[31m+     handleCustomCursorChanged,[39m
[31m+     handleFolderChanged,[39m
[31m+     handleDisconnectTelegramAccount,[39m
[31m+   } = useSessionActions({[39m
[31m+     setSettings,[39m
[31m+     setCloudSessionVerified,[39m
[31m+     logoutAccount: logoutBeatGalerAccount,[39m
[31m+     releaseFile,[39m
[31m+     progressiveRevealRunRef,[39m
[31m+     clearPlaybackPreparation,[39m
[31m+     clearArtworkHydration,[39m
[31m+     setRevealedBeatIds,[39m
[31m+     setBeats,[39m
[31m+     clearSelection,[39m
[31m+   });[39m
[31m+[39m
[31m+   const updateBeat = useCallback((updated: Beat) => {[39m
[31m+     if (updated.telegram_file_id && connectionState === "online") {[39m
[31m+       const runtime = beatRuntimeStatesRef.current[updated.id] ?? createBeatRuntimeState(updated);[39m
[31m+       if (runtime.sync_state === "synced") transitionRuntime(updated.id, { type: "SYNC_QUEUE_UPDATE" }, updated);[39m
[31m+     }[39m
[31m+     setBeats(bs => bs.map(b => b.id === updated.id ? updated : b));[39m
[31m+     if (drawer?.beat.id === updated.id) setDrawer(d => d ? { ...d, beat: updated } : null);[39m
[31m+   }, [connectionState, drawer, transitionRuntime]);[39m
[31m+[39m
[31m+[39m
[31m+[39m
[31m+   const handleDropArtwork = useCallback(async (beat: Beat, imageBase64: string) => {[39m
[31m+     if (rejectOfflineMutation("Changing artwork")) return;[39m
[31m+[39m
[31m+     const updated = { ...beat, image_base64: imageBase64, image_preview_base64: null };[39m
[31m+[39m
[31m+     if (platform.capabilities.browserCloudEditing) {[39m
[31m+       // Publish the browser-decoded artwork immediately, then commit it through[39m
[31m+       // the Web editor/Direct transport. No Tauri metadata path participates.[39m
[31m+       updateBeat(updated);[39m
[31m+       transitionRuntime(updated.id, { type: "SYNC_UPDATE_STARTED" }, updated);[39m
[31m+       try {[39m
[31m+         const committed = await platform.editor.commit(beat, updated, {});[39m
[31m+         setBeats(current => {[39m
[31m+           const next = current.map(item => item.id === committed.id ? committed : item);[39m
[31m+           beatsLatestRef.current = next;[39m
[31m+           return next;[39m
[31m+         });[39m
[31m+         setDrawer(current => current?.beat.id === committed.id ? { ...current, beat: committed } : current);[39m
[31m+         transitionRuntime(updated.id, { type: "SYNC_UPDATE_SUCCEEDED" }, committed);[39m
[31m+       } catch (error) {[39m
[31m+         const message = sanitizeUserVisibleText(runtimeErrorMessage(error), "Cloud operation failed.");[39m
[31m+         transitionRuntime(updated.id, { type: "SYNC_FAILED", code: "ARTWORK_SYNC_FAILED", message, retryable: true }, updated);[39m
[31m+         throw error;[39m
[31m+       }[39m
[31m+       return;[39m
[31m+     }[39m
[31m+[39m
[31m+     // Desktop keeps its existing native metadata/artwork transaction.[39m
[31m+     await saveBeatMeta({[39m
[31m+       mp3_path: beat.mp3_path,[39m
[31m+       wav_path: beat.wav_path,[39m
[31m+       bpm: beat.bpm,[39m
[31m+       key: beat.key,[39m
[31m+       tags: beat.tags,[39m
[31m+       rating: beat.rating,[39m
[31m+       image_base64: imageBase64,[39m
[31m+       update_filename: false,[39m
[31m+     });[39m
[31m+[39m
[31m+     updateBeat(updated);[39m
[31m+[39m
[31m+     if (updated.telegram_file_id && connectionState === "online") {[39m
[31m+       const runtime = beatRuntimeStatesRef.current[updated.id] ?? createBeatRuntimeState(updated);[39m
[31m+       if (runtime.sync_state === "synced") transitionRuntime(updated.id, { type: "SYNC_QUEUE_UPDATE" }, updated);[39m
[31m+       transitionRuntime(updated.id, { type: "SYNC_UPDATE_STARTED" }, updated);[39m
[31m+       try {[39m
[31m+         await syncBeatMetadataToTelegram(updated);[39m
[31m+         const indexSnapshot = beatsLatestRef.current.map(item => item.id === updated.id ? updated : item);[39m
[31m+         await libraryStateManager.commitSnapshot(indexSnapshot, "upload-batch");[39m
[31m+         if (cloudLibraryTimerRef.current) {[39m
[31m+           window.clearTimeout(cloudLibraryTimerRef.current);[39m
[31m+           cloudLibraryTimerRef.current = null;[39m
[31m+         }[39m
[31m+         cloudLibrarySnapshotRef.current = indexSnapshot[39m
[31m+           .filter(item => !!item.telegram_file_id)[39m
[31m+           .map(cloudBeatFingerprint)[39m
[31m+           .join("\u001c");[39m
[31m+         cloudMetaSnapshotRef.current?.set(updated.id, cloudBeatFingerprint(updated));[39m
[31m+         transitionRuntime(updated.id, { type: "SYNC_UPDATE_SUCCEEDED" }, updated);[39m
[31m+       } catch (error) {[39m
[31m+         const message = sanitizeUserVisibleText(runtimeErrorMessage(error), "Cloud operation failed.");[39m
[31m+         transitionRuntime(updated.id, { type: "SYNC_FAILED", code: "ARTWORK_SYNC_FAILED", message, retryable: true }, updated);[39m
[31m+         throw error;[39m
[31m+       }[39m
[31m+     }[39m
[31m+   }, [updateBeat, rejectOfflineMutation, connectionState, transitionRuntime]);[39m
[31m+[39m
[31m+[39m
[31m+   const {[39m
[31m+     runBeatCloudUpdate,[39m
[31m+     startMasterAssetUpdate,[39m
[31m+     startWavAssetUpdate,[39m
[31m+     handleBrowserBeatAssetDrop,[39m
[31m+   } = useBeatAssetUpdates({[39m
[31m+     rejectOfflineMutation,[39m
[31m+     setBeatFileDrop,[39m
[31m+     setBeatCloudUpdateBusy,[39m
[31m+     beatRuntimeStatesRef,[39m
[31m+     transitionRuntime,[39m
[31m+     beatsLatestRef,[39m
[31m+     cloudLibrarySnapshotRef,[39m
[31m+     setBeats,[39m
[31m+     setDrawer,[39m
[31m+     waitForUploadedBeatPlaybackReady,[39m
[31m+   });[39m
[31m+[39m
[31m+   const {[39m
[31m+     openableCloudProjectIds,[39m
[31m+     projectUpdateNotice,[39m
[31m+     dismissProjectUpdateNotice,[39m
[31m+     hasStoredProject,[39m
[31m+     startProjectAssetUpdate,[39m
[31m+     handleAutoProjectDrop,[39m
[31m+     handleBrowserProjectDrop,[39m
[31m+     handleUploadProjectTelegram,[39m
[31m+     handleOpenProject,[39m
[31m+     handleUpdateProject,[39m
[31m+   } = useBeatProjects({[39m
[31m+     beats,[39m
[31m+     connectionState,[39m
[31m+     rejectOfflineMutation,[39m
[31m+     transitionRuntime,[39m
[31m+     beatsLatestRef,[39m
[31m+     setBeats,[39m
[31m+     setDrawer,[39m
[31m+     runBeatCloudUpdate,[39m
[31m+     setBeatCloudUpdateBusy,[39m
[31m+   });[39m
[31m+[39m
[31m+   const handleDroppedBeatFileRole = useCallback(async (role: DroppedBeatFileRole) => {[39m
[31m+     if (!beatFileDrop) return;[39m
[31m+     const { beat, filePath } = beatFileDrop;[39m
[31m+     const ext = extensionFromPath(filePath);[39m
[31m+[39m
[31m+     if (role === "loop" || role === "stems") return;[39m
[31m+[39m
[31m+     if (role === "main") {[39m
[31m+       if (ext !== "mp3") return;[39m
[31m+       startMasterAssetUpdate(beat, filePath);[39m
[31m+       return;[39m
[31m+     }[39m
[31m+[39m
[31m+     if (role === "wav") {[39m
[31m+       if (ext !== "wav") return;[39m
[31m+       startWavAssetUpdate(beat, filePath);[39m
[31m+       return;[39m
[31m+     }[39m
[31m+[39m
[31m+     if (role === "projectFolder") {[39m
[31m+       const existing = await hasStoredProject(beat).catch(() => false);[39m
[31m+       if (!existing) {[39m
[31m+         await cleanupStagedDropPaths([filePath]).catch(() => {});[39m
[31m+         setBeatFileDrop(null);[39m
[31m+         await appAlert({[39m
[31m+           title: "Project file required",[39m
[31m+           message: "Add a .flp, .als, .logicx, .ptx/.ptf file or a valid PROJECT ZIP first. Then folders can be added to that PROJECT.zip using their original folder name.",[39m
[31m+         });[39m
[31m+         return;[39m
[31m+       }[39m
[31m+       startProjectAssetUpdate(beat, filePath, "projectFolder");[39m
[31m+     }[39m
[31m+   }, [beatFileDrop, hasStoredProject, startMasterAssetUpdate, startProjectAssetUpdate, startWavAssetUpdate]);[39m
[31m+[39m
[31m+[39m
[31m+   useHtmlLibraryDrop({[39m
[31m+     nativeDropAvailable: isTauriAvailable,[39m
[31m+     browserFileImport: platform.capabilities.browserFileImport,[39m
[31m+     reviewSkeletonEnabled: REVIEW_SKELETON_ENABLED,[39m
[31m+     beatsLatestRef,[39m
[31m+     setDropActive,[39m
[31m+     setBeatCloudUpdateBusy,[39m
[31m+     setBeatFileDrop,[39m
[31m+     setLibraryDropStaging,[39m
[31m+     handleDropArtwork,[39m
[31m+     handleAutoProjectDrop,[39m
[31m+     handleBrowserBeatAssetDrop,[39m
[31m+     handleBrowserProjectDrop,[39m
[31m+     importDroppedBrowserFiles,[39m
[31m+     importDroppedPaths,[39m
[31m+   });[39m
[31m+[39m
[31m+   useNativeLibraryDrop({[39m
[31m+     nativeDropAvailable: isTauriAvailable,[39m
[31m+     reviewSkeletonEnabled: REVIEW_SKELETON_ENABLED,[39m
[31m+     beatsLatestRef,[39m
[31m+     setDropActive,[39m
[31m+     setBeatCloudUpdateBusy,[39m
[31m+     setBeatFileDrop,[39m
[31m+     setLibraryDropStaging,[39m
[31m+     handleDropArtwork,[39m
[31m+     handleAutoProjectDrop,[39m
[31m+     importDroppedPaths,[39m
[31m+   });[39m
[31m+[39m
[31m+   const applyBulkUpdate = useCallback((updates: Partial<Beat>, options?: { tagsMode?: "add" | "replace" | "remove" }) => {[39m
[31m+     setBeats(bs => bs.map(b => {[39m
[31m+       if (!selectedIds.has(b.id)) return b;[39m
[31m+       if (!updates.tags) return { ...b, ...updates };[39m
[31m+[39m
[31m+       const normalizedInput = Array.from(new Set([39m
[31m+         updates.tags.map(t => t.trim().toLowerCase()).filter(Boolean)[39m
[31m+       ));[39m
[31m+[39m
[31m+       if (options?.tagsMode === "replace") {[39m
[31m+         return { ...b, ...updates, tags: normalizedInput };[39m
[31m+       }[39m
[31m+[39m
[31m+       if (options?.tagsMode === "remove") {[39m
[31m+         const removeSet = new Set(normalizedInput);[39m
[31m+         const remainingTags = b.tags.filter(tag => !removeSet.has(tag.trim().toLowerCase()));[39m
[31m+         return { ...b, ...updates, tags: remainingTags };[39m
[31m+       }[39m
[31m+[39m
[31m+       const mergedTags = Array.from(new Set([39m
[31m+         [...b.tags, ...normalizedInput].map(t => t.trim().toLowerCase()).filter(Boolean)[39m
[31m+       ));[39m
[31m+       return { ...b, ...updates, tags: mergedTags };[39m
[31m+     }));[39m
[31m+     clearSelection();[39m
[31m+   }, [selectedIds]);[39m
[31m+[39m
[31m+[39m
[31m+   const tagColors = useTagColors();[39m
[31m+[39m
[31m+ const handleTagClick = useCallback((tag: string, e: React.MouseEvent) => {[39m
[31m+   toggleTagFilter(tag, e.altKey ? "exclude" : "include");[39m
[31m+ }, [toggleTagFilter]);[39m
[31m+[39m
[31m+   const tagFrequency = useMemo(() => selectTagFrequency(beats), [beats]);[39m
[31m+   const allTags = useMemo(() => selectAllTags(beats, tagFrequency), [beats, tagFrequency]);[39m
[31m+   const tagSuggestions = useMemo(() => selectTagSuggestions(beats), [beats]);[39m
[31m+   const displayedBeats = filteredBeats.filter(beat => revealedBeatIds.has(beat.id));[39m
[31m+[39m
[31m+   const {[39m
[31m+     shuffleEnabled,[39m
[31m+     repeatMode,[39m
[31m+     showQueue,[39m
[31m+     queuedBeats,[39m
[31m+     addToQueue,[39m
[31m+     handleNext,[39m
[31m+     handlePrev,[39m
[31m+     closeQueue,[39m
[31m+     toggleQueue,[39m
[31m+     toggleShuffle,[39m
[31m+     cycleRepeat,[39m
[31m+     playQueueIndex,[39m
[31m+   } = usePlaybackQueue({[39m
[31m+     beats,[39m
[31m+     displayedBeats,[39m
[31m+     playingId: audio.playingId,[39m
[31m+     progress: audio.progress,[39m
[31m+     endedSeq: audio.endedSeq,[39m
[31m+     handlePlay,[39m
[31m+     seek,[39m
[31m+     releaseFile,[39m
[31m+   });[39m
[31m+[39m
[31m+   useAppShortcuts({[39m
[31m+     togglePauseRef,[39m
[31m+     clearSelection,[39m
[31m+     setDrawer,[39m
[31m+     setShowAdd,[39m
[31m+     setShowSettings,[39m
[31m+     closeQueue,[39m
[31m+     setShowUpload,[39m
[31m+   });[39m
[31m+[39m
[31m+[39m
[31m+[39m
[31m+   const currentBeat = beats.find(b => b.id === audio.playingId);[39m
[31m+   const selectedBeats = beats.filter(b => selectedIds.has(b.id));[39m
[31m+   const activeDragBeat = activeDragId ? beats.find(b => b.id === activeDragId) ?? null : null;[39m
[31m+[39m
[31m+   return <AppShell scope={{ Event, HTMLElement, REVIEW_SKELETON_ENABLED, activeDragBeat, addBeatsAndReview, addToQueue, allTags, applyBulkUpdate, audio, audioConflictBatch, backTagRename, backgroundUploadErrors, beatFileDrop, beats, cancelAudioConflicts, cancelReview, cancelTagRename, clearSelection, clearTagFilters, closeCloudFiles, closeImportDecisions, cloudDownloadNotice, cloudFiles, cloudFilesBeat, cloudFilesBusyId, cloudFilesDownloadError, cloudFilesDownloadedIds, cloudSessionVerified, commitDrawerCloudMutation, confirmTagRename, connectionState, continueTagRename, currentBeat, cycleRepeat, deferredLibraryReloadRef, deleteBeat, dismissDownloadError, dismissInterruptedUploadNotices, dismissProjectUpdateNotice, displayedBeats, drawer, dropActive, dropImportBatch, dropImporting, excludedTags, filteredBeats, finishSelection, handleBeatRestored, handleCloudFiles, handleCustomCursorChanged, handleDisconnectTelegramAccount, handleDownloadTelegram, handleDragCancel, handleDragEnd, handleDragStart, handleDroppedBeatFileRole, handleEditBulk, handleFolderChanged, handleGetCloudFile, handleIncompleteWarningsChanged, handleNext, handleOpenProject, handlePlay, handlePrev, handleRemoveBulk, handleReviewedBeatSaved, handleReviewedSaveAll, handleTagClick, handleToggleOffline, handleUpdateProject, handleUpload, handleUploadBulk, handleUploadProjectTelegram, handleUploadTelegram, handleWarm, importResolvedDecisions, includedTags, interruptedUploadNotices, libraryDropStaging, libraryRefreshing, loading, offlineBusyIds, openTagRename, openableCloudProjectIds, playQueueIndex, projectUpdateNotice, queuedBeats, rejectOfflineMutation, releaseFile, reloadLibrary, repeatMode, resolveAudioConflicts, retryBackgroundUpload, revealedBeatIds, reviewBootstrap, reviewQueue, search, seek, selectMode, selectedBeats, selectedIds, sensors, setBeatFileDrop, setDrawer, setSearch, setShowAdd, setShowSettings, setShowUpload, setSortBy, setTagColorMenu, setTagRenameNewTag, setVolume, settings, showAdd, showQueue, showSettings, showUpload, shuffleEnabled, skipCurrentReviewBeat, sortBy, startupCookingGate, tagColorMenu, tagColors, tagFrequency, tagRename, tagRenameAffectedCount, tagRenameBusy, tagRenameError, tagRenameMp3Count, tagRenameWavCount, tagSuggestions, togglePause, toggleQueue, toggleSelectAll, toggleSelection, toggleShuffle, updateBeat }} />;[39m
[31m+ }[39m
[31m+[39m
[31m+[39m
[31m+ export default function App() {[39m
[31m+   return platform.kind === "web"[39m
[31m+     ? <BeatGalerApp />[39m
[31m+     : <AccountGate><BeatGalerApp /></AccountGate>;[39m
[31m+ }[39m
[31m+[39m

[36m [2m❯[22m tests/integration/selectionReorderExtraction.test.ts:[2m12:17[22m[39m
    [90m 10| [39m  it("moves selection ownership out of App while preserving Shift and …
    [90m 11| [39m    [34mexpect[39m(app)[33m.[39m[34mtoContain[39m([32m"useBeatSelection(beats)"[39m)[33m;[39m
    [90m 12| [39m    expect(app).toContain("toggleSelection(b, e.shiftKey, filteredBeat…
    [90m   | [39m                [31m^[39m
    [90m 13| [39m    [34mexpect[39m(app)[33m.[39mnot[33m.[39m[34mtoContain[39m([32m"const [selectedIds, setSelectedIds]"[39m)[33m;[39m
    [90m 14| [39m    expect(app).not.toContain("const handleToggleSelect = useCallback"…

[31m[2m⎯⎯⎯⎯⎯⎯⎯⎯⎯⎯⎯⎯⎯⎯⎯⎯⎯⎯⎯⎯⎯⎯[10/10]⎯[22m[39m


[2m Test Files [22m [1m[31m10 failed[39m[22m[2m | [22m[1m[32m32 passed[39m[22m[90m (42)[39m
[2m      Tests [22m [1m[31m10 failed[39m[22m[2m | [22m[1m[32m147 passed[39m[22m[90m (157)[39m
[2m   Start at [22m 14:25:32
[2m   Duration [22m 15.21s[2m (transform 922ms, setup 0ms, collect 1.80s, tests 1.01s, environment 26.48s, prepare 5.75s)[22m


::error file=/home/runner/work/BeatGaler/BeatGaler/tests/integration/appBeatDownloadsExtraction.test.ts,title=tests/integration/appBeatDownloadsExtraction.test.ts > App beat download extraction > keeps background task ownership alive outside the modal and settles only tracked task IDs,line=46,column=17::AssertionError: expected 'import React, { useState, useCallback…' to contain 'onClose={closeCloudFiles}'%0A%0A- Expected%0A+ Received%0A%0A- onClose={closeCloudFiles}%0A+ import React, { useState, useCallback, useEffect, useRef, useMemo } from "react";%0A+ import type { Beat } from "./types";%0A+ import BeatCard from "./components/BeatCard";%0A+ import Drawer from "./components/Drawer";%0A+ import Player from "./components/Player";%0A+ import AddBeatModal from "./components/AddBeatModal";%0A+ import SettingsPanel from "./components/SettingsPanel";%0A+ import AccountGate, { logoutBeatGalerAccount } from "./components/AccountGate";%0A+ import UploadModal from "./components/UploadModal";%0A+ import JobStatusBar from "./components/JobStatusBar";%0A+ import { PlusIcon, Artwork } from "./components/ui";%0A+ import { useAudio } from "./hooks/useAudio";%0A+ import { loadLibrary, readBeatMeta, saveBeatMeta, discardImportReviewBatch, uploadBeatToTelegram, downloadBeatFromTelegram, prepareBeatForPlayback, warmBeatForPlayback, getDownloadCookingStatus, downloadCookingDiagnosticEvent, uploadProjectToTelegram, uploadDroppedFileToTelegram, downloadCloudFileToCache, downloadProjectToCache, revealInExplorer, syncBeatMetadataToTelegram, copyExportFile, copyAudioMetadata, prepareUniqueExportFolder, type CloudFileType, isTauriAvailable } from "./lib/tauri";%0A+ import { libraryStateManager } from "./lib/libraryStateManager";%0A+ import { platform } from "./platform";%0A+ import { DndContext, DragOverlay, closestCenter } from "@dnd-kit/core";%0A+ import { SortableContext, rectSortingStrategy } from "@dnd-kit/sortable";%0A+ import { appAlert, appConfirm } from "./lib/dialog";%0A+ import { sanitizeUserVisibleText } from "./lib/userVisibleError";%0A+ import { useTagColors, setTagColor } from "./lib/tagColors";%0A+ import { registerJob, updateJob } from "./lib/jobStore";%0A+ import { cleanTags } from "./lib/metadataValidation";%0A+ import { cleanupOrphanedDropStaging, cleanupStagedDropPaths } from "./features/dragdrop/dropStaging";%0A+ import CloudFilesModal from "./features/downloads/components/CloudFilesModal";%0A+ import { useBeatDownloads } from "./features/downloads/useBeatDownloads";%0A+ import BeatFileDropModal, { type DroppedBeatFileRole } from "./features/dragdrop/components/BeatFileDropModal";%0A+ import SearchBar from "./features/library/components/SearchBar";%0A+ import SortMenu from "./features/library/components/SortMenu";%0A+ import TagColorMenu from "./features/tags/components/TagColorMenu";%0A+ import { useArtworkHydration } from "./features/artwork/useArtworkHydration";%0A+ import { useCloudUploadQueue } from "./features/cloud/useCloudUploadQueue";%0A+ import ImportReviewHost, { ImportResolutionHost } from "./features/import/components/ImportReviewHost";%0A+ import { useImportSession } from "./features/import/useImportSession";%0A+ import { useImportReview } from "./features/import/useImportReview";%0A+ import { useImportDiscovery } from "./features/import/useImportDiscovery";%0A+ import { useImportSaveAll } from "./features/import/useImportSaveAll";%0A+ import { useBrowserImport } from "./features/import/useBrowserImport";%0A+ import { extensionFromPath, fileNameFromPath, isBackupFolderPath } from "./features/dragdrop/pathHelpers";%0A+ import { useHtmlLibraryDrop } from "./features/dragdrop/useHtmlLibraryDrop";%0A+ import { useNativeLibraryDrop } from "./features/dragdrop/useNativeLibraryDrop";%0A+ import { cloudBeatFingerprint, drawerMetadataCommitFingerprint, libraryViewFingerprint } from "./features/library/libraryFingerprints";%0A+ import { clearUploadPreviewCache, preserveLoadedArtwork } from "./features/library/libraryPresentationCache";%0A+ import { selectFilteredAndSortedBeats } from "./features/library/librarySelectors";%0A+ import { useLibraryViewState } from "./features/library/useLibraryViewState";%0A+ import { useLibraryReorder } from "./features/library/useLibraryReorder";%0A+ import { useBeatSelection } from "./features/selection/useBeatSelection";%0A+ import { selectAllTags, selectTagFrequency, selectTagSuggestions } from "./features/tags/tagSelectors";%0A+ import { useTagFilters } from "./features/tags/useTagFilters";%0A+ import { useTagRename } from "./features/tags/useTagRename";%0A+ import TagRenameDialog from "./features/tags/components/TagRenameDialog";%0A+ import { useLibraryPresentationCache, useLibraryState } from "./features/library/useLibraryState";%0A+ import { useLibraryReload } from "./features/library/useLibraryReload";%0A+ import { useStartupBootstrap } from "./features/startup/useStartupBootstrap";%0A+ import { useLibraryReveal } from "./features/startup/useLibraryReveal";%0A+ import { dismissBeatGalerStartupLoader } from "./features/startup/startupLoader";%0A+ import { useWebPlaybackSortRouting } from "./features/playback/useWebPlaybackSortRouting";%0A+ import { usePlaybackController } from "./features/playback/usePlaybackController";%0A+ import { usePlaybackQueue } from "./features/playback/usePlaybackQueue";%0A+ import { useDrawerCloudPersistence } from "./features/edit/useDrawerCloudPersistence";%0A+ import { useBeatAssetUpdates } from "./features/edit/useBeatAssetUpdates";%0A+ import { useBeatProjects } from "./features/projects/useBeatProjects";%0A+ import { useOfflineAvailability } from "./features/offline/useOfflineAvailability";%0A+ import { useTrashActions } from "./features/trash/useTrashActions";%0A+ import { useWebLibraryReconciled } from "./features/library/useWebLibraryReconciled";%0A+ import { createBeatRuntimeState } from "./features/state/beatRuntimeState";%0A+ import { useBeatRuntimeRegistry } from "./features/state/useBeatRuntimeRegistry";%0A+ import { useSessionState } from "./features/session/useSessionState";%0A+ import { useSessionActions } from "./features/session/useSessionActions";%0A+ import { useCustomCursor } from "./features/session/useCustomCursor";%0A+ import { useConnectivity } from "./features/session/useConnectivity";%0A+ import { useCloudLibraryEvents } from "./features/cloud/useCloudLibraryEvents";%0A+ import AppShell from "./app/AppShell";%0A+ import { useAppShortcuts } from "./app/useAppShortcuts";%0A+ import { usePublishingActions } from "./features/publishing/usePublishingActions";%0A+%0A+ // Intentionally isolated: if real-world timings prove the skeleton unnecessary,%0A+ // flipping/removing this one constant deletes the visual layer without touching%0A+ // the staged Review architecture underneath it.%0A+ const REVIEW_SKELETON_ENABLED = true;%0A+%0A+ const beatCloudUpdateBusyIds = new Set<string>();%0A+%0A+ function setBeatCloudUpdateBusy(beatId: string, active: boolean, success = false) {%0A+   if (active) beatCloudUpdateBusyIds.add(beatId);%0A+   else beatCloudUpdateBusyIds.delete(beatId);%0A+   window.dispatchEvent(new CustomEvent("beatgaler:beat-cloud-busy", {%0A+     detail: { beatId, active, success }%0A+   }));%0A+ }%0A+%0A+ function formatCloudBytes(bytes: number) {%0A+   if (!bytes) return "0 B";%0A+   const units = ["B", "KB", "MB", "GB"];%0A+   let n = bytes; let i = 0;%0A+   while (n >= 1024 && i < units.length - 1) { n /= 1024; i++; }%0A+   return `${n.toFixed(i === 0 ? 0 : 1)} ${units[i]}`;%0A+ }%0A+%0A+ function runtimeErrorMessage(error: unknown): string {%0A+   return error instanceof Error ? error.message : String(error);%0A+ }%0A+%0A+ function isRuntimeConflictError(error: unknown): boolean {%0A+   const message = runtimeErrorMessage(error).toLowerCase();%0A+   return message.includes("409") || message.includes("conflict") || message.includes("revision mismatch") || message.includes("version mismatch");%0A+ }%0A+%0A+ function BeatGalerApp() {%0A+   const {%0A+     beats,%0A+     setBeats,%0A+     beatsLatestRef,%0A+     startupCachedBeatsRef,%0A+     initialLoading,%0A+   } = useLibraryState();%0A+   const cloudMetaSnapshotRef = useRef<Map<string, string> | null>(null);%0A+   const cloudLibraryTimerRef = useRef<number | null>(null);%0A+   const cloudLibrarySnapshotRef = useRef<string | null>(null);%0A+   const visibleLibraryFingerprintRef = useRef<string>("");%0A+   const {%0A+     beatRuntimeStates,%0A+     beatRuntimeStatesRef,%0A+     transitionRuntime,%0A+     forgetRuntimeState,%0A+     clearReconciledTrashRuntimeStates,%0A+   } = useBeatRuntimeRegistry(beats, beatsLatestRef);%0A+   const stagedImportPathsRef = useRef<Map<string, string[]>>(new Map());%0A+   const [loading, setLoading] = useState(() => initialLoading);%0A+   const startupCookingResolvedRef = useRef(false);%0A+   const startupPipelineStartedRef = useRef(false);%0A+   const startupEnginePrimeReadyRef = useRef(false);%0A+   const handleArtworkHydratedFromNetwork = useCallback((next: Beat[], beatId: string) => {%0A+     const hydrated = next.find(item => item.id === beatId);%0A+     if (hydrated && cloudMetaSnapshotRef.current) {%0A+       cloudMetaSnapshotRef.current.set(beatId, cloudBeatFingerprint(hydrated));%0A+     }%0A+     if (cloudLibrarySnapshotRef.current !== null) {%0A+       cloudLibrarySnapshotRef.current = next%0A+         .filter(item => !!item.telegram_file_id)%0A+         .map(cloudBeatFingerprint)%0A+         .join("\u001c");%0A+     }%0A+   }, []);%0A+   const { ensureArtworkReady, clearArtworkHydration, invalidateArtworkHydration } = useArtworkHydration({%0A+     setBeats,%0A+     onNetworkHydrated: handleArtworkHydratedFromNetwork,%0A+   });%0A+   const { search, setSearch, sortBy, setSortBy } = useLibraryViewState();%0A+   const {%0A+     includedTags,%0A+     excludedTags,%0A+     clearTagFilters,%0A+     toggleTagFilter,%0A+     replaceTagFilter,%0A+   } = useTagFilters();%0A+   const filteredBeats = selectFilteredAndSortedBeats(%0A+     beats,%0A+     search,%0A+     includedTags,%0A+     excludedTags,%0A+     sortBy,%0A+   );%0A+%0A+   const [tagColorMenu, setTagColorMenu] = useState<{ tag: string; x: number; y: number } | null>(null);%0A+   const {%0A+     tagRename, tagRenameBusy, tagRenameError, affectedCount: tagRenameAffectedCount,%0A+     affectedMp3Count: tagRenameMp3Count, affectedWavCount: tagRenameWavCount,%0A+     openTagRename, setNewTag: setTagRenameNewTag, continueTagRename, backTagRename,%0A+     cancelTagRename, confirmTagRename,%0A+   } = useTagRename({ beats, setBeats, replaceTagFilter });%0A+   useWebPlaybackSortRouting(sortBy, beats, platform.kind === "web");%0A+   const onWebLibraryReconciled = useCallback((incoming: Beat[]) => {%0A+     setBeats(current => {%0A+       const next = preserveLoadedArtwork(incoming, current);%0A+       beatsLatestRef.current = next;%0A+       return next;%0A+     });%0A+   }, []);%0A+   useWebLibraryReconciled(platform.kind === "web", onWebLibraryReconciled);%0A+   const [drawer, setDrawer] = useState<{ beat: Beat; mode: "detail" | "edit" } | null>(null);%0A+   const [showAdd, setShowAdd] = useState(false);%0A+   const [dropActive, setDropActive] = useState(false);%0A+   const [dropImporting, setDropImporting] = useState(false);%0A+   // Covers the WebView2 staging window that happens BEFORE importDroppedPaths%0A+   // receives native paths. Without this state, the app can look frozen while%0A+   // large dropped files are being copied into drop-staging.%0A+   const [libraryDropStaging, setLibraryDropStaging] = useState(false);%0A+   const [beatFileDrop, setBeatFileDrop] = useState<{ beat: Beat; filePath: string; kind: "file" | "directory" } | null>(null);%0A+   const {%0A+     reviewQueue,%0A+     setReviewQueue,%0A+     reviewQueueLatestRef,%0A+     skippedReviewSourceKeysRef,%0A+     startReview,%0A+   } = useImportSession();%0A+   const [showSettings, setShowSettings] = useState(false);%0A+   const {%0A+     settings,%0A+     setSettings,%0A+     setupDone,%0A+     setSetupDone,%0A+     connectionState,%0A+     setConnectionState,%0A+     cloudSessionVerified,%0A+     setCloudSessionVerified,%0A+   } = useSessionState();%0A+   const {%0A+     startupCookingGate,%0A+     setStartupCookingGate,%0A+     revealedBeatIds,%0A+     setRevealedBeatIds,%0A+     progressiveRevealRunRef,%0A+   } = useLibraryReveal({%0A+     initialCachedBeats: startupCachedBeatsRef.current ?? [],%0A+     filteredBeats,%0A+     loading,%0A+     settings,%0A+     cloudSessionVerified,%0A+     connectionState,%0A+     ensureArtworkReady,%0A+     startupCookingResolvedRef,%0A+     startupPipelineStartedRef,%0A+     nativeParallelism: isTauriAvailable ? 6 : 1,%0A+   });%0A+   const {%0A+     cloudFilesBeat,%0A+     cloudFiles,%0A+     cloudFilesBusyId,%0A+     cloudFilesDownloadedIds,%0A+     cloudFilesDownloadError,%0A+     cloudDownloadNotice,%0A+     handleCloudFiles,%0A+     handleGetCloudFile,%0A+     closeCloudFiles,%0A+     dismissDownloadError,%0A+   } = useBeatDownloads({ connectionState, beatRuntimeStatesRef, transitionRuntime });%0A+%0A+   const {%0A+     selectedIds,%0A+     selectMode,%0A+     toggleSelection,%0A+     toggleSelectAll,%0A+     finishSelection,%0A+     clearSelection,%0A+   } = useBeatSelection(beats);%0A+   const {%0A+     sensors,%0A+     activeDragId,%0A+     handleDragStart,%0A+     handleDragEnd,%0A+     handleDragCancel,%0A+   } = useLibraryReorder({ sortBy, setSortBy, setBeats });%0A+   const { state: audio, play, togglePause, seek, setVolume, releaseFile } = useAudio();%0A+   const { clearPlaybackPreparation, ensureWarmPlaybackUrl, handlePlay, handleWarm, invalidatePlaybackPreparation, waitForUploadedBeatPlaybackReady } = usePlaybackController({%0A+     audio,%0A+     play,%0A+     beatsLatestRef,%0A+     beatRuntimeStatesRef,%0A+     transitionRuntime,%0A+     setBeats,%0A+     cloudSessionVerified,%0A+     connectionState,%0A+     isBeatCloudUpdateBusy: beatId => beatCloudUpdateBusyIds.has(beatId),%0A+   });%0A+   const { offlineBusyIds, handleToggleOffline } = useOfflineAvailability({%0A+     connectionState,%0A+     audioPlayingId: audio.playingId,%0A+     releaseFile,%0A+     invalidatePlaybackPreparation,%0A+     ensureWarmPlaybackUrl,%0A+     beatRuntimeStatesRef,%0A+     transitionRuntime,%0A+     setBeats,%0A+     setDrawer,%0A+     setRevealedBeatIds,%0A+   });%0A+%0A+   // Keep a ref to togglePause so the keydown handler never goes stale%0A+   const togglePauseRef = useRef(togglePause);%0A+   useEffect(() => { togglePauseRef.current = togglePause; }, [togglePause]);%0A+%0A+   const rejectOfflineMutation = useCallback((action: string): boolean => {%0A+     if (connectionState === "online") return false;%0A+     void appAlert({%0A+       title: connectionState === "offline" ? "Offline" : "Connection unavailable",%0A+       message: `${action} requires an internet connection. Offline mode is read-only except for moving beats to Trash.`,%0A+     });%0A+     return true;%0A+   }, [connectionState]);%0A+%0A+   const { showUpload, setShowUpload, handleUpload, handleUploadBulk } = usePublishingActions({%0A+     selectedIds,%0A+     rejectOfflineMutation,%0A+   });%0A+%0A+   const {%0A+     reviewBootstrap,%0A+     reviewPreparationDone,%0A+     reviewPreparationPromiseRef,%0A+     deferredImportBatch,%0A+     setDeferredImportBatch,%0A+     importDroppedPaths,%0A+     cancelPendingReviewWork,%0A+     completeImmediateReviewPreparation,%0A+   } = useImportDiscovery({%0A+     dropImporting,%0A+     setDropImporting,%0A+     rejectOfflineMutation,%0A+     setDropActive,%0A+     setShowAdd,%0A+     setReviewQueue,%0A+     skippedReviewSourceKeysRef,%0A+     stagedImportPathsRef,%0A+     skeletonEnabled: REVIEW_SKELETON_ENABLED,%0A+   });%0A+%0A+   const {%0A+     backgroundUploadErrors,%0A+     cloudifyImportedBeats,%0A+     retryBackgroundUpload,%0A+     getQueuedBeatsSnapshot,%0A+     deferLibraryReloadIfUploading,%0A+     deferredLibraryReloadRef,%0A+   } = useCloudUploadQueue({%0A+     settings,%0A+     setSettings,%0A+     setConnectionState,%0A+     setBeats,%0A+     beatsLatestRef,%0A+     beatRuntimeStatesRef,%0A+     transitionRuntime,%0A+     cloudLibrarySnapshotRef,%0A+     waitForUploadedBeatPlaybackReady,%0A+     rejectOfflineMutation,%0A+     isReviewActive: () => reviewQueueLatestRef.current !== null,%0A+     hasProtectedStaging: () => stagedImportPathsRef.current.size > 0,%0A+   });%0A+%0A+%0A+   const { libraryRefreshing, reloadLibrary } = useLibraryReload({%0A+     telegramCloudConnected: Boolean(settings?.telegram_cloud_connected),%0A+     beatsLatestRef,%0A+     setBeats,%0A+     setConnectionState,%0A+     setCloudSessionVerified,%0A+     cloudMetaSnapshotRef,%0A+     cloudLibrarySnapshotRef,%0A+     startupCookingResolvedRef,%0A+     startupPipelineStartedRef,%0A+     progressiveRevealRunRef,%0A+     setRevealedBeatIds,%0A+     setStartupCookingGate,%0A+     setLoading,%0A+     deferLibraryReloadIfUploading,%0A+   });%0A+%0A+   const { interruptedUploadNotices, dismissInterruptedUploadNotices } = useStartupBootstrap({%0A+     startupCachedBeatsRef,%0A+     cloudMetaSnapshotRef,%0A+     cloudLibrarySnapshotRef,%0A+     startupCookingResolvedRef,%0A+     startupPipelineStartedRef,%0A+     startupEnginePrimeReadyRef,%0A+     progressiveRevealRunRef,%0A+     setBeats,%0A+     setSettings,%0A+     setSetupDone,%0A+     setLoading,%0A+     setConnectionState,%0A+     setCloudSessionVerified,%0A+     setStartupCookingGate,%0A+     setRevealedBeatIds,%0A+     clearReconciledTrashRuntimeStates,%0A+     dismissStartupLoader: dismissBeatGalerStartupLoader,%0A+   });%0A+%0A+%0A+ useConnectivity({%0A+   setupDone,%0A+   setConnectionState,%0A+   setCloudSessionVerified,%0A+   setSettings,%0A+   setBeats,%0A+   cloudMetaSnapshotRef,%0A+   cloudLibrarySnapshotRef,%0A+   startupCookingResolvedRef,%0A+   startupPipelineStartedRef,%0A+   startupEnginePrimeReadyRef,%0A+   progressiveRevealRunRef,%0A+   clearReconciledTrashRuntimeStates,%0A+   clearPlaybackPreparation,%0A+   clearArtworkHydration,%0A+   setStartupCookingGate,%0A+ });%0A+%0A+   useCustomCursor(settings?.custom_cursor_enabled ?? true);%0A+%0A+%0A+%0A+ // BeatGaler synchronization remains push-based. SSE only notifies the app;%0A+ // the extracted owner verifies authority before hydrating library state.%0A+ useCloudLibraryEvents({%0A+   setupDone,%0A+   beatgalerUserId: settings?.beatgaler_user_id ?? null,%0A+   setConnectionState,%0A+   setCloudSessionVerified,%0A+   setSettings,%0A+   setBeats,%0A+   cloudMetaSnapshotRef,%0A+   cloudLibrarySnapshotRef,%0A+   visibleLibraryFingerprintRef,%0A+   startupCookingResolvedRef,%0A+   startupPipelineStartedRef,%0A+   startupEnginePrimeReadyRef,%0A+   progressiveRevealRunRef,%0A+   clearReconciledTrashRuntimeStates,%0A+   clearArtworkHydration,%0A+   clearPlaybackPreparation,%0A+   setStartupCookingGate,%0A+ });%0A+%0A+   useLibraryPresentationCache(%0A+     beats,%0A+     cloudSessionVerified,%0A+     settings,%0A+   );%0A+%0A+   useEffect(() => {%0A+     visibleLibraryFingerprintRef.current = libraryViewFingerprint(beats);%0A+     beatsLatestRef.current = beats;%0A+   }, [beats]);%0A+%0A+%0A+%0A+   // One-time recovery for a cloud-only library after Telegram login/startup.%0A+   // No timer, no permanent synchronization.%0A+   const beatGalerCloudRecoveryAttemptedRef = useRef(false);%0A+%0A+   const recoverTelegramLibraryOnceIfEmpty = useCallback(async () => {%0A+     if (beatGalerCloudRecoveryAttemptedRef.current) return;%0A+     if (beats.length !== 0) return;%0A+%0A+     beatGalerCloudRecoveryAttemptedRef.current = true;%0A+     try {%0A+       const restored = await libraryStateManager.reloadAuthoritative();%0A+       if (restored.length > 0) {%0A+         setBeats(current => current.length === 0 ? restored : current);%0A+       }%0A+     } catch (error) {%0A+       console.warn("Telegram library one-time recovery skipped:", error);%0A+     }%0A+   }, [beats.length]);%0A+%0A+   // IMPORTANT: an empty library is a valid, authoritative state (for example%0A+   // immediately after Remove All). Never infer "Telegram recovery" merely from%0A+   // beats.length === 0; doing so races the pending trash/index commit and can%0A+   // resurrect the just-removed cards with their artwork unloaded. Recovery is%0A+   // only allowed from explicit Telegram connection/startup flows below.%0A+%0A+   useEffect(() => {%0A+     const onTelegramConnected = (event: Event) => {%0A+       const detail = (event as CustomEvent<{ connected?: boolean; username?: string | null }>).detail;%0A+       if (!detail?.connected) return;%0A+%0A+       setSettings(current => current ? {%0A+         ...current,%0A+         telegram_cloud_connected: true,%0A+         telegram_cloud_username: detail.username ?? current.telegram_cloud_username ?? null,%0A+       } : current);%0A+%0A+       void recoverTelegramLibraryOnceIfEmpty();%0A+     };%0A+%0A+     window.addEventListener("beatgaler:telegram-connected", onTelegramConnected);%0A+     return () => window.removeEventListener("beatgaler:telegram-connected", onTelegramConnected);%0A+   }, [recoverTelegramLibraryOnceIfEmpty]);%0A+%0A+%0A+   const handleUploadTelegram = useCallback(async (beat: Beat) => {%0A+     if (rejectOfflineMutation("Uploading a beat")) return;%0A+     const existingCloudBeat = Boolean(beat.telegram_file_id);%0A+     transitionRuntime(beat.id, { type: existingCloudBeat ? "SYNC_QUEUE_UPDATE" : "SYNC_QUEUE_UPLOAD" }, beat);%0A+     transitionRuntime(beat.id, { type: existingCloudBeat ? "SYNC_UPDATE_STARTED" : "SYNC_UPLOAD_STARTED" }, beat);%0A+     try {%0A+       const updated = await uploadBeatToTelegram(beat);%0A+       await syncBeatMetadataToTelegram(updated);%0A+       transitionRuntime(updated.id, { type: existingCloudBeat ? "SYNC_UPDATE_SUCCEEDED" : "SYNC_UPLOAD_SUCCEEDED" }, updated);%0A+       setBeats(bs => bs.map(b => b.id === updated.id ? updated : b));%0A+     } catch (e: any) {%0A+       const message = sanitizeUserVisibleText(runtimeErrorMessage(e), "Cloud operation failed.");%0A+       if (existingCloudBeat && isRuntimeConflictError(e)) {%0A+         transitionRuntime(beat.id, { type: "SYNC_CONFLICT", message }, beat);%0A+       } else {%0A+         transitionRuntime(beat.id, { type: "SYNC_FAILED", code: "TELEGRAM_UPLOAD_FAILED", message, retryable: true }, beat);%0A+       }%0A+       await appAlert({%0A+         title: "Cloud upload failed",%0A+         message,%0A+         danger: true,%0A+       });%0A+     }%0A+   }, [rejectOfflineMutation, transitionRuntime]);%0A+%0A+   const handleDownloadTelegram = useCallback(async (_beat: Beat) => {%0A+     await appAlert({%0A+       title: "Cloud-only library",%0A+       message: "Files are fetched into temporary storage automatically when needed.",%0A+     });%0A+   }, []);%0A+%0A+%0A+   const handleEditBulk = useCallback(() => {%0A+     if (rejectOfflineMutation("Editing metadata")) return;%0A+     const firstSelected = beats.find(b => selectedIds.has(b.id));%0A+     if (firstSelected) setDrawer({ beat: firstSelected, mode: "edit" });%0A+   }, [beats, selectedIds, rejectOfflineMutation]);%0A+%0A+   const { deleteBeat, handleRemoveBulk, handleBeatRestored } = useTrashActions({%0A+     beats,%0A+     setBeats,%0A+     beatsLatestRef,%0A+     selectedIds,%0A+     clearSelection,%0A+     connectionState,%0A+     audioPlayingId: audio.playingId,%0A+     releaseFile,%0A+     beatRuntimeStatesRef,%0A+     transitionRuntime,%0A+     forgetRuntimeState,%0A+     cloudMetaSnapshotRef,%0A+     cloudLibrarySnapshotRef,%0A+     invalidateArtworkHydration,%0A+     ensureArtworkReady,%0A+   });%0A+%0A+   const addBeats = useCallback((newBeats: Beat[]) => {%0A+     setBeats(bs => {%0A+       const existing = new Set(bs.map(b => b.mp3_path));%0A+       const next = [...newBeats.filter(b => !existing.has(b.mp3_path)), ...bs];%0A+       beatsLatestRef.current = next;%0A+       return next;%0A+     });%0A+   }, []);%0A+%0A+   const addBeatsAndReview = useCallback((newBeats: Beat[]) => {%0A+     if (newBeats.length === 0) return;%0A+     if (connectionState !== "online") {%0A+       void appAlert({%0A+         title: "Internet connection required",%0A+         message: "BeatGaler does not import new beats while offline. Reconnect and import them again.",%0A+       });%0A+       void cleanupOrphanedDropStaging(beatsLatestRef.current);%0A+       return;%0A+     }%0A+     const sanitized = newBeats.map(beat => ({ ...beat, tags: cleanTags(beat.tags || []).tags }));%0A+%0A+     // Review candidates are NOT library beats yet.%0A+     // Keeping them out of `beats` means:%0A+     // 1) Cancel leaves absolutely nothing behind.%0A+     // 2) duplicate-name checks compare only against committed library items.%0A+     // 3) a re-dropped folder can never masquerade as an edit of the existing beat.%0A+     setShowAdd(false);%0A+     startReview(sanitized);%0A+     // Upload begins only after Review → Save.%0A+   }, [connectionState, startReview]);%0A+%0A+ const {%0A+   skipCurrentReviewBeat,%0A+   cancelReview,%0A+   handleReviewedBeatSaved,%0A+ } = useImportReview({%0A+   setBeats,%0A+   beatsLatestRef,%0A+   setReviewQueue,%0A+   skippedReviewSourceKeysRef,%0A+   cloudifyImportedBeats,%0A+   getQueuedBeatsSnapshot,%0A+   onCancelPendingWork: cancelPendingReviewWork,%0A+   releaseBeat: platform.capabilities.reviewBeatCloudCommit%0A+     ? beatId => platform.importer.releaseBeat(beatId)%0A+     : undefined,%0A+   discardBatch: batchId => discardImportReviewBatch(batchId),%0A+   cleanupStaging: protectedBeats => cleanupOrphanedDropStaging(protectedBeats),%0A+ });%0A+%0A+   const {%0A+     audioConflictBatch,%0A+     dropImportBatch,%0A+     resetImportResolutionState,%0A+     handleReviewedSaveAll,%0A+     cancelAudioConflicts,%0A+     resolveAudioConflicts,%0A+     closeImportDecisions,%0A+     importResolvedDecisions,%0A+   } = useImportSaveAll({%0A+     setBeats,%0A+     beatsLatestRef,%0A+     reviewQueue,%0A+     setReviewQueue,%0A+     reviewQueueLatestRef,%0A+     reviewBootstrap,%0A+     reviewPreparationDone,%0A+     reviewPreparationPromiseRef,%0A+     deferredImportBatch,%0A+     setDeferredImportBatch,%0A+     stagedImportPathsRef,%0A+     setDropImporting,%0A+     cloudifyImportedBeats,%0A+     addBeatsAndReview,%0A+   });%0A+%0A+   const { importDroppedBrowserFiles } = useBrowserImport({%0A+     dropImporting,%0A+     setDropImporting,%0A+     rejectOfflineMutation,%0A+     setDropActive,%0A+     setShowAdd,%0A+     setReviewQueue,%0A+     completeImmediateReviewPreparation,%0A+     resetImportResolutionState,%0A+   });%0A+%0A+   const updateExistingBeatFromFolder = useCallback(async (beat: Beat, folderPath: string): Promise<boolean> => {%0A+     if (rejectOfflineMutation("Updating beat files")) return true;%0A+     if (isBackupFolderPath(folderPath)) {%0A+       await appAlert({%0A+         title: "Backup folder skipped",%0A+         message: "BeatGaler keeps Backup/Backups folders out of PROJECT.zip so old project copies are not uploaded.",%0A+       });%0A+       return true;%0A+     }%0A+%0A+     const t = await import("./lib/tauri");%0A+%0A+     let preview;%0A+     try {%0A+       preview = await t.inspectBeatUpdateFolder(folderPath);%0A+     } catch {%0A+       return false;%0A+     }%0A+%0A+     let replaceMaster = false;%0A+     if (preview.has_mp3) {%0A+       const alreadyHasMaster = Boolean(beat.telegram_file_id) || Boolean(beat.mp3_path?.trim());%0A+       if (alreadyHasMaster) {%0A+         const incoming = preview.mp3_filename || "the incoming MP3";%0A+         const confirmed = window.confirm(%0A+           `Replace current MASTER for "${beat.name}"?\n\n` +%0A+           `${incoming} will become the new MASTER.\n` +%0A+           `Its BPM, key, tags, rating and artwork will replace the current metadata.\n\n` +%0A+           `WAV and project files from this folder will also be added or updated.`%0A+         );%0A+         if (!confirmed) return true;%0A+       }%0A+       replaceMaster = true;%0A+     }%0A+%0A+     setBeatCloudUpdateBusy(beat.id, true);%0A+     const runtime = beatRuntimeStatesRef.current[beat.id] ?? createBeatRuntimeState(beat);%0A+     if (runtime.sync_state === "synced") transitionRuntime(beat.id, { type: "SYNC_QUEUE_UPDATE" }, beat);%0A+     transitionRuntime(beat.id, { type: "SYNC_UPDATE_STARTED" }, beat);%0A+     try {%0A+       let updated = await t.mergeFolderIntoExistingBeat(beat, folderPath, replaceMaster);%0A+       setBeats(bs => bs.map(b => b.id === beat.id ? updated : b));%0A+%0A+       if (replaceMaster) {%0A+         updated = await t.uploadBeatToTelegram(updated);%0A+         setBeats(bs => bs.map(b => b.id === beat.id ? updated : b));%0A+       }%0A+%0A+       if (preview.has_wav && updated.wav_path) {%0A+         await t.uploadDroppedFileToTelegram(updated, updated.wav_path, "WAV");%0A+       }%0A+%0A+       if (preview.has_project_assets) {%0A+         await t.uploadProjectToTelegram(updated);%0A+       }%0A+%0A+       if (replaceMaster && updated.telegram_file_id) {%0A+         await t.syncBeatMetadataToTelegram(updated);%0A+       }%0A+%0A+       window.dispatchEvent(new CustomEvent("beatgaler:project-cloud-updated", { detail: { beatId: beat.id } }));%0A+       await libraryStateManager.commitSnapshot(beatsLatestRef.current.map(item => item.id === beat.id ? updated : item), "metadata-update");%0A+       transitionRuntime(beat.id, { type: "SYNC_UPDATE_SUCCEEDED" }, updated);%0A+       setBeats(bs => bs.map(b => b.id === beat.id ? updated : b));%0A+       return true;%0A+     } catch (error) {%0A+       console.error(error);%0A+       const message = sanitizeUserVisibleText(runtimeErrorMessage(error), "Cloud operation failed.");%0A+       if (isRuntimeConflictError(error)) transitionRuntime(beat.id, { type: "SYNC_CONFLICT", message }, beat);%0A+       else transitionRuntime(beat.id, { type: "SYNC_FAILED", code: "FOLDER_UPDATE_FAILED", message, retryable: true }, beat);%0A+       alert(`Could not update "${beat.name}" from the dropped folder: ${message}`);%0A+       return true;%0A+     } finally {%0A+       setBeatCloudUpdateBusy(beat.id, false);%0A+     }%0A+   }, [rejectOfflineMutation, transitionRuntime]);%0A+%0A+   const { commitDrawerCloudMutation } = useDrawerCloudPersistence({%0A+   beats,%0A+   browserCloudEditing: platform.capabilities.browserCloudEditing,%0A+   connectionState,%0A+   cloudSessionVerified,%0A+   beatsLatestRef,%0A+   beatRuntimeStatesRef,%0A+   transitionRuntime,%0A+   cloudMetaSnapshotRef,%0A+   cloudLibraryTimerRef,%0A+   cloudLibrarySnapshotRef,%0A+ });%0A+%0A+   // V7: INDEX writes are explicit transactions only.%0A+   // There is deliberately no generic "beats changed => rewrite Telegram" observer.%0A+   // Upload, metadata, Trash/Restore and project/file operations commit through%0A+   // libraryStateManager at their actual logical commit boundary. This prevents%0A+   // render/cache hydration from becoming an accidental cloud mutation.%0A+%0A+   const {%0A+     handleIncompleteWarningsChanged,%0A+     handleCustomCursorChanged,%0A+     handleFolderChanged,%0A+     handleDisconnectTelegramAccount,%0A+   } = useSessionActions({%0A+     setSettings,%0A+     setCloudSessionVerified,%0A+     logoutAccount: logoutBeatGalerAccount,%0A+     releaseFile,%0A+     progressiveRevealRunRef,%0A+     clearPlaybackPreparation,%0A+     clearArtworkHydration,%0A+     setRevealedBeatIds,%0A+     setBeats,%0A+     clearSelection,%0A+   });%0A+%0A+   const updateBeat = useCallback((updated: Beat) => {%0A+     if (updated.telegram_file_id && connectionState === "online") {%0A+       const runtime = beatRuntimeStatesRef.current[updated.id] ?? createBeatRuntimeState(updated);%0A+       if (runtime.sync_state === "synced") transitionRuntime(updated.id, { type: "SYNC_QUEUE_UPDATE" }, updated);%0A+     }%0A+     setBeats(bs => bs.map(b => b.id === updated.id ? updated : b));%0A+     if (drawer?.beat.id === updated.id) setDrawer(d => d ? { ...d, beat: updated } : null);%0A+   }, [connectionState, drawer, transitionRuntime]);%0A+%0A+%0A+%0A+   const handleDropArtwork = useCallback(async (beat: Beat, imageBase64: string) => {%0A+     if (rejectOfflineMutation("Changing artwork")) return;%0A+%0A+     const updated = { ...beat, image_base64: imageBase64, image_preview_base64: null };%0A+%0A+     if (platform.capabilities.browserCloudEditing) {%0A+       // Publish the browser-decoded artwork immediately, then commit it through%0A+       // the Web editor/Direct transport. No Tauri metadata path participates.%0A+       updateBeat(updated);%0A+       transitionRuntime(updated.id, { type: "SYNC_UPDATE_STARTED" }, updated);%0A+       try {%0A+         const committed = await platform.editor.commit(beat, updated, {});%0A+         setBeats(current => {%0A+           const next = current.map(item => item.id === committed.id ? committed : item);%0A+           beatsLatestRef.current = next;%0A+           return next;%0A+         });%0A+         setDrawer(current => current?.beat.id === committed.id ? { ...current, beat: committed } : current);%0A+         transitionRuntime(updated.id, { type: "SYNC_UPDATE_SUCCEEDED" }, committed);%0A+       } catch (error) {%0A+         const message = sanitizeUserVisibleText(runtimeErrorMessage(error), "Cloud operation failed.");%0A+         transitionRuntime(updated.id, { type: "SYNC_FAILED", code: "ARTWORK_SYNC_FAILED", message, retryable: true }, updated);%0A+         throw error;%0A+       }%0A+       return;%0A+     }%0A+%0A+     // Desktop keeps its existing native metadata/artwork transaction.%0A+     await saveBeatMeta({%0A+       mp3_path: beat.mp3_path,%0A+       wav_path: beat.wav_path,%0A+       bpm: beat.bpm,%0A+       key: beat.key,%0A+       tags: beat.tags,%0A+       rating: beat.rating,%0A+       image_base64: imageBase64,%0A+       update_filename: false,%0A+     });%0A+%0A+     updateBeat(updated);%0A+%0A+     if (updated.telegram_file_id && connectionState === "online") {%0A+       const runtime = beatRuntimeStatesRef.current[updated.id] ?? createBeatRuntimeState(updated);%0A+       if (runtime.sync_state === "synced") transitionRuntime(updated.id, { type: "SYNC_QUEUE_UPDATE" }, updated);%0A+       transitionRuntime(updated.id, { type: "SYNC_UPDATE_STARTED" }, updated);%0A+       try {%0A+         await syncBeatMetadataToTelegram(updated);%0A+         const indexSnapshot = beatsLatestRef.current.map(item => item.id === updated.id ? updated : item);%0A+         await libraryStateManager.commitSnapshot(indexSnapshot, "upload-batch");%0A+         if (cloudLibraryTimerRef.current) {%0A+           window.clearTimeout(cloudLibraryTimerRef.current);%0A+           cloudLibraryTimerRef.current = null;%0A+         }%0A+         cloudLibrarySnapshotRef.current = indexSnapshot%0A+           .filter(item => !!item.telegram_file_id)%0A+           .map(cloudBeatFingerprint)%0A+           .join("\u001c");%0A+         cloudMetaSnapshotRef.current?.set(updated.id, cloudBeatFingerprint(updated));%0A+         transitionRuntime(updated.id, { type: "SYNC_UPDATE_SUCCEEDED" }, updated);%0A+       } catch (error) {%0A+         const message = sanitizeUserVisibleText(runtimeErrorMessage(error), "Cloud operation failed.");%0A+         transitionRuntime(updated.id, { type: "SYNC_FAILED", code: "ARTWORK_SYNC_FAILED", message, retryable: true }, updated);%0A+         throw error;%0A+       }%0A+     }%0A+   }, [updateBeat, rejectOfflineMutation, connectionState, transitionRuntime]);%0A+%0A+%0A+   const {%0A+     runBeatCloudUpdate,%0A+     startMasterAssetUpdate,%0A+     startWavAssetUpdate,%0A+     handleBrowserBeatAssetDrop,%0A+   } = useBeatAssetUpdates({%0A+     rejectOfflineMutation,%0A+     setBeatFileDrop,%0A+     setBeatCloudUpdateBusy,%0A+     beatRuntimeStatesRef,%0A+     transitionRuntime,%0A+     beatsLatestRef,%0A+     cloudLibrarySnapshotRef,%0A+     setBeats,%0A+     setDrawer,%0A+     waitForUploadedBeatPlaybackReady,%0A+   });%0A+%0A+   const {%0A+     openableCloudProjectIds,%0A+     projectUpdateNotice,%0A+     dismissProjectUpdateNotice,%0A+     hasStoredProject,%0A+     startProjectAssetUpdate,%0A+     handleAutoProjectDrop,%0A+     handleBrowserProjectDrop,%0A+     handleUploadProjectTelegram,%0A+     handleOpenProject,%0A+     handleUpdateProject,%0A+   } = useBeatProjects({%0A+     beats,%0A+     connectionState,%0A+     rejectOfflineMutation,%0A+     transitionRuntime,%0A+     beatsLatestRef,%0A+     setBeats,%0A+     setDrawer,%0A+     runBeatCloudUpdate,%0A+     setBeatCloudUpdateBusy,%0A+   });%0A+%0A+   const handleDroppedBeatFileRole = useCallback(async (role: DroppedBeatFileRole) => {%0A+     if (!beatFileDrop) return;%0A+     const { beat, filePath } = beatFileDrop;%0A+     const ext = extensionFromPath(filePath);%0A+%0A+     if (role === "loop" || role === "stems") return;%0A+%0A+     if (role === "main") {%0A+       if (ext !== "mp3") return;%0A+       startMasterAssetUpdate(beat, filePath);%0A+       return;%0A+     }%0A+%0A+     if (role === "wav") {%0A+       if (ext !== "wav") return;%0A+       startWavAssetUpdate(beat, filePath);%0A+       return;%0A+     }%0A+%0A+     if (role === "projectFolder") {%0A+       const existing = await hasStoredProject(beat).catch(() => false);%0A+       if (!existing) {%0A+         await cleanupStagedDropPaths([filePath]).catch(() => {});%0A+         setBeatFileDrop(null);%0A+         await appAlert({%0A+           title: "Project file required",%0A+           message: "Add a .flp, .als, .logicx, .ptx/.ptf file or a valid PROJECT ZIP first. Then folders can be added to that PROJECT.zip using their original folder name.",%0A+         });%0A+         return;%0A+       }%0A+       startProjectAssetUpdate(beat, filePath, "projectFolder");%0A+     }%0A+   }, [beatFileDrop, hasStoredProject, startMasterAssetUpdate, startProjectAssetUpdate, startWavAssetUpdate]);%0A+%0A+%0A+   useHtmlLibraryDrop({%0A+     nativeDropAvailable: isTauriAvailable,%0A+     browserFileImport: platform.capabilities.browserFileImport,%0A+     reviewSkeletonEnabled: REVIEW_SKELETON_ENABLED,%0A+     beatsLatestRef,%0A+     setDropActive,%0A+     setBeatCloudUpdateBusy,%0A+     setBeatFileDrop,%0A+     setLibraryDropStaging,%0A+     handleDropArtwork,%0A+     handleAutoProjectDrop,%0A+     handleBrowserBeatAssetDrop,%0A+     handleBrowserProjectDrop,%0A+     importDroppedBrowserFiles,%0A+     importDroppedPaths,%0A+   });%0A+%0A+   useNativeLibraryDrop({%0A+     nativeDropAvailable: isTauriAvailable,%0A+     reviewSkeletonEnabled: REVIEW_SKELETON_ENABLED,%0A+     beatsLatestRef,%0A+     setDropActive,%0A+     setBeatCloudUpdateBusy,%0A+     setBeatFileDrop,%0A+     setLibraryDropStaging,%0A+     handleDropArtwork,%0A+     handleAutoProjectDrop,%0A+     importDroppedPaths,%0A+   });%0A+%0A+   const applyBulkUpdate = useCallback((updates: Partial<Beat>, options?: { tagsMode?: "add" | "replace" | "remove" }) => {%0A+     setBeats(bs => bs.map(b => {%0A+       if (!selectedIds.has(b.id)) return b;%0A+       if (!updates.tags) return { ...b, ...updates };%0A+%0A+       const normalizedInput = Array.from(new Set(%0A+         updates.tags.map(t => t.trim().toLowerCase()).filter(Boolean)%0A+       ));%0A+%0A+       if (options?.tagsMode === "replace") {%0A+         return { ...b, ...updates, tags: normalizedInput };%0A+       }%0A+%0A+       if (options?.tagsMode === "remove") {%0A+         const removeSet = new Set(normalizedInput);%0A+         const remainingTags = b.tags.filter(tag => !removeSet.has(tag.trim().toLowerCase()));%0A+         return { ...b, ...updates, tags: remainingTags };%0A+       }%0A+%0A+       const mergedTags = Array.from(new Set(%0A+         [...b.tags, ...normalizedInput].map(t => t.trim().toLowerCase()).filter(Boolean)%0A+       ));%0A+       return { ...b, ...updates, tags: mergedTags };%0A+     }));%0A+     clearSelection();%0A+   }, [selectedIds]);%0A+%0A+%0A+   const tagColors = useTagColors();%0A+%0A+ const handleTagClick = useCallback((tag: string, e: React.MouseEvent) => {%0A+   toggleTagFilter(tag, e.altKey ? "exclude" : "include");%0A+ }, [toggleTagFilter]);%0A+%0A+   const tagFrequency = useMemo(() => selectTagFrequency(beats), [beats]);%0A+   const allTags = useMemo(() => selectAllTags(beats, tagFrequency), [beats, tagFrequency]);%0A+   const tagSuggestions = useMemo(() => selectTagSuggestions(beats), [beats]);%0A+   const displayedBeats = filteredBeats.filter(beat => revealedBeatIds.has(beat.id));%0A+%0A+   const {%0A+     shuffleEnabled,%0A+     repeatMode,%0A+     showQueue,%0A+     queuedBeats,%0A+     addToQueue,%0A+     handleNext,%0A+     handlePrev,%0A+     closeQueue,%0A+     toggleQueue,%0A+     toggleShuffle,%0A+     cycleRepeat,%0A+     playQueueIndex,%0A+   } = usePlaybackQueue({%0A+     beats,%0A+     displayedBeats,%0A+     playingId: audio.playingId,%0A+     progress: audio.progress,%0A+     endedSeq: audio.endedSeq,%0A+     handlePlay,%0A+     seek,%0A+     releaseFile,%0A+   });%0A+%0A+   useAppShortcuts({%0A+     togglePauseRef,%0A+     clearSelection,%0A+     setDrawer,%0A+     setShowAdd,%0A+     setShowSettings,%0A+     closeQueue,%0A+     setShowUpload,%0A+   });%0A+%0A+%0A+%0A+   const currentBeat = beats.find(b => b.id === audio.playingId);%0A+   const selectedBeats = beats.filter(b => selectedIds.has(b.id));%0A+   const activeDragBeat = activeDragId ? beats.find(b => b.id === activeDragId) ?? null : null;%0A+%0A+   return <AppShell scope={{ Event, HTMLElement, REVIEW_SKELETON_ENABLED, activeDragBeat, addBeatsAndReview, addToQueue, allTags, applyBulkUpdate, audio, audioConflictBatch, backTagRename, backgroundUploadErrors, beatFileDrop, beats, cancelAudioConflicts, cancelReview, cancelTagRename, clearSelection, clearTagFilters, closeCloudFiles, closeImportDecisions, cloudDownloadNotice, cloudFiles, cloudFilesBeat, cloudFilesBusyId, cloudFilesDownloadError, cloudFilesDownloadedIds, cloudSessionVerified, commitDrawerCloudMutation, confirmTagRename, connectionState, continueTagRename, currentBeat, cycleRepeat, deferredLibraryReloadRef, deleteBeat, dismissDownloadError, dismissInterruptedUploadNotices, dismissProjectUpdateNotice, displayedBeats, drawer, dropActive, dropImportBatch, dropImporting, excludedTags, filteredBeats, finishSelection, handleBeatRestored, handleCloudFiles, handleCustomCursorChanged, handleDisconnectTelegramAccount, handleDownloadTelegram, handleDragCancel, handleDragEnd, handleDragStart, handleDroppedBeatFileRole, handleEditBulk, handleFolderChanged, handleGetCloudFile, handleIncompleteWarningsChanged, handleNext, handleOpenProject, handlePlay, handlePrev, handleRemoveBulk, handleReviewedBeatSaved, handleReviewedSaveAll, handleTagClick, handleToggleOffline, handleUpdateProject, handleUpload, handleUploadBulk, handleUploadProjectTelegram, handleUploadTelegram, handleWarm, importResolvedDecisions, includedTags, interruptedUploadNotices, libraryDropStaging, libraryRefreshing, loading, offlineBusyIds, openTagRename, openableCloudProjectIds, playQueueIndex, projectUpdateNotice, queuedBeats, rejectOfflineMutation, releaseFile, reloadLibrary, repeatMode, resolveAudioConflicts, retryBackgroundUpload, revealedBeatIds, reviewBootstrap, reviewQueue, search, seek, selectMode, selectedBeats, selectedIds, sensors, setBeatFileDrop, setDrawer, setSearch, setShowAdd, setShowSettings, setShowUpload, setSortBy, setTagColorMenu, setTagRenameNewTag, setVolume, settings, showAdd, showQueue, showSettings, showUpload, shuffleEnabled, skipCurrentReviewBeat, sortBy, startupCookingGate, tagColorMenu, tagColors, tagFrequency, tagRename, tagRenameAffectedCount, tagRenameBusy, tagRenameError, tagRenameMp3Count, tagRenameWavCount, tagSuggestions, togglePause, toggleQueue, toggleSelectAll, toggleSelection, toggleShuffle, updateBeat }} />;%0A+ }%0A+%0A+%0A+ export default function App() {%0A+   return platform.kind === "web"%0A+     ? <BeatGalerApp />%0A+     : <AccountGate><BeatGalerApp /></AccountGate>;%0A+ }%0A+%0A%0A ❯ tests/integration/appBeatDownloadsExtraction.test.ts:46:17%0A%0A

::error file=/home/runner/work/BeatGaler/BeatGaler/tests/integration/appCloudUploadQueueExtraction.test.ts,title=tests/integration/appCloudUploadQueueExtraction.test.ts > task 6.4 cloud upload queue extraction > keeps failed-upload retry connected to the checkpoint-aware queue,line=68,column=17::AssertionError: expected 'import React, { useState, useCallback…' to contain 'onRetryUpload={retryBackgroundUpload}'%0A%0A- Expected%0A+ Received%0A%0A- onRetryUpload={retryBackgroundUpload}%0A+ import React, { useState, useCallback, useEffect, useRef, useMemo } from "react";%0A+ import type { Beat } from "./types";%0A+ import BeatCard from "./components/BeatCard";%0A+ import Drawer from "./components/Drawer";%0A+ import Player from "./components/Player";%0A+ import AddBeatModal from "./components/AddBeatModal";%0A+ import SettingsPanel from "./components/SettingsPanel";%0A+ import AccountGate, { logoutBeatGalerAccount } from "./components/AccountGate";%0A+ import UploadModal from "./components/UploadModal";%0A+ import JobStatusBar from "./components/JobStatusBar";%0A+ import { PlusIcon, Artwork } from "./components/ui";%0A+ import { useAudio } from "./hooks/useAudio";%0A+ import { loadLibrary, readBeatMeta, saveBeatMeta, discardImportReviewBatch, uploadBeatToTelegram, downloadBeatFromTelegram, prepareBeatForPlayback, warmBeatForPlayback, getDownloadCookingStatus, downloadCookingDiagnosticEvent, uploadProjectToTelegram, uploadDroppedFileToTelegram, downloadCloudFileToCache, downloadProjectToCache, revealInExplorer, syncBeatMetadataToTelegram, copyExportFile, copyAudioMetadata, prepareUniqueExportFolder, type CloudFileType, isTauriAvailable } from "./lib/tauri";%0A+ import { libraryStateManager } from "./lib/libraryStateManager";%0A+ import { platform } from "./platform";%0A+ import { DndContext, DragOverlay, closestCenter } from "@dnd-kit/core";%0A+ import { SortableContext, rectSortingStrategy } from "@dnd-kit/sortable";%0A+ import { appAlert, appConfirm } from "./lib/dialog";%0A+ import { sanitizeUserVisibleText } from "./lib/userVisibleError";%0A+ import { useTagColors, setTagColor } from "./lib/tagColors";%0A+ import { registerJob, updateJob } from "./lib/jobStore";%0A+ import { cleanTags } from "./lib/metadataValidation";%0A+ import { cleanupOrphanedDropStaging, cleanupStagedDropPaths } from "./features/dragdrop/dropStaging";%0A+ import CloudFilesModal from "./features/downloads/components/CloudFilesModal";%0A+ import { useBeatDownloads } from "./features/downloads/useBeatDownloads";%0A+ import BeatFileDropModal, { type DroppedBeatFileRole } from "./features/dragdrop/components/BeatFileDropModal";%0A+ import SearchBar from "./features/library/components/SearchBar";%0A+ import SortMenu from "./features/library/components/SortMenu";%0A+ import TagColorMenu from "./features/tags/components/TagColorMenu";%0A+ import { useArtworkHydration } from "./features/artwork/useArtworkHydration";%0A+ import { useCloudUploadQueue } from "./features/cloud/useCloudUploadQueue";%0A+ import ImportReviewHost, { ImportResolutionHost } from "./features/import/components/ImportReviewHost";%0A+ import { useImportSession } from "./features/import/useImportSession";%0A+ import { useImportReview } from "./features/import/useImportReview";%0A+ import { useImportDiscovery } from "./features/import/useImportDiscovery";%0A+ import { useImportSaveAll } from "./features/import/useImportSaveAll";%0A+ import { useBrowserImport } from "./features/import/useBrowserImport";%0A+ import { extensionFromPath, fileNameFromPath, isBackupFolderPath } from "./features/dragdrop/pathHelpers";%0A+ import { useHtmlLibraryDrop } from "./features/dragdrop/useHtmlLibraryDrop";%0A+ import { useNativeLibraryDrop } from "./features/dragdrop/useNativeLibraryDrop";%0A+ import { cloudBeatFingerprint, drawerMetadataCommitFingerprint, libraryViewFingerprint } from "./features/library/libraryFingerprints";%0A+ import { clearUploadPreviewCache, preserveLoadedArtwork } from "./features/library/libraryPresentationCache";%0A+ import { selectFilteredAndSortedBeats } from "./features/library/librarySelectors";%0A+ import { useLibraryViewState } from "./features/library/useLibraryViewState";%0A+ import { useLibraryReorder } from "./features/library/useLibraryReorder";%0A+ import { useBeatSelection } from "./features/selection/useBeatSelection";%0A+ import { selectAllTags, selectTagFrequency, selectTagSuggestions } from "./features/tags/tagSelectors";%0A+ import { useTagFilters } from "./features/tags/useTagFilters";%0A+ import { useTagRename } from "./features/tags/useTagRename";%0A+ import TagRenameDialog from "./features/tags/components/TagRenameDialog";%0A+ import { useLibraryPresentationCache, useLibraryState } from "./features/library/useLibraryState";%0A+ import { useLibraryReload } from "./features/library/useLibraryReload";%0A+ import { useStartupBootstrap } from "./features/startup/useStartupBootstrap";%0A+ import { useLibraryReveal } from "./features/startup/useLibraryReveal";%0A+ import { dismissBeatGalerStartupLoader } from "./features/startup/startupLoader";%0A+ import { useWebPlaybackSortRouting } from "./features/playback/useWebPlaybackSortRouting";%0A+ import { usePlaybackController } from "./features/playback/usePlaybackController";%0A+ import { usePlaybackQueue } from "./features/playback/usePlaybackQueue";%0A+ import { useDrawerCloudPersistence } from "./features/edit/useDrawerCloudPersistence";%0A+ import { useBeatAssetUpdates } from "./features/edit/useBeatAssetUpdates";%0A+ import { useBeatProjects } from "./features/projects/useBeatProjects";%0A+ import { useOfflineAvailability } from "./features/offline/useOfflineAvailability";%0A+ import { useTrashActions } from "./features/trash/useTrashActions";%0A+ import { useWebLibraryReconciled } from "./features/library/useWebLibraryReconciled";%0A+ import { createBeatRuntimeState } from "./features/state/beatRuntimeState";%0A+ import { useBeatRuntimeRegistry } from "./features/state/useBeatRuntimeRegistry";%0A+ import { useSessionState } from "./features/session/useSessionState";%0A+ import { useSessionActions } from "./features/session/useSessionActions";%0A+ import { useCustomCursor } from "./features/session/useCustomCursor";%0A+ import { useConnectivity } from "./features/session/useConnectivity";%0A+ import { useCloudLibraryEvents } from "./features/cloud/useCloudLibraryEvents";%0A+ import AppShell from "./app/AppShell";%0A+ import { useAppShortcuts } from "./app/useAppShortcuts";%0A+ import { usePublishingActions } from "./features/publishing/usePublishingActions";%0A+%0A+ // Intentionally isolated: if real-world timings prove the skeleton unnecessary,%0A+ // flipping/removing this one constant deletes the visual layer without touching%0A+ // the staged Review architecture underneath it.%0A+ const REVIEW_SKELETON_ENABLED = true;%0A+%0A+ const beatCloudUpdateBusyIds = new Set<string>();%0A+%0A+ function setBeatCloudUpdateBusy(beatId: string, active: boolean, success = false) {%0A+   if (active) beatCloudUpdateBusyIds.add(beatId);%0A+   else beatCloudUpdateBusyIds.delete(beatId);%0A+   window.dispatchEvent(new CustomEvent("beatgaler:beat-cloud-busy", {%0A+     detail: { beatId, active, success }%0A+   }));%0A+ }%0A+%0A+ function formatCloudBytes(bytes: number) {%0A+   if (!bytes) return "0 B";%0A+   const units = ["B", "KB", "MB", "GB"];%0A+   let n = bytes; let i = 0;%0A+   while (n >= 1024 && i < units.length - 1) { n /= 1024; i++; }%0A+   return `${n.toFixed(i === 0 ? 0 : 1)} ${units[i]}`;%0A+ }%0A+%0A+ function runtimeErrorMessage(error: unknown): string {%0A+   return error instanceof Error ? error.message : String(error);%0A+ }%0A+%0A+ function isRuntimeConflictError(error: unknown): boolean {%0A+   const message = runtimeErrorMessage(error).toLowerCase();%0A+   return message.includes("409") || message.includes("conflict") || message.includes("revision mismatch") || message.includes("version mismatch");%0A+ }%0A+%0A+ function BeatGalerApp() {%0A+   const {%0A+     beats,%0A+     setBeats,%0A+     beatsLatestRef,%0A+     startupCachedBeatsRef,%0A+     initialLoading,%0A+   } = useLibraryState();%0A+   const cloudMetaSnapshotRef = useRef<Map<string, string> | null>(null);%0A+   const cloudLibraryTimerRef = useRef<number | null>(null);%0A+   const cloudLibrarySnapshotRef = useRef<string | null>(null);%0A+   const visibleLibraryFingerprintRef = useRef<string>("");%0A+   const {%0A+     beatRuntimeStates,%0A+     beatRuntimeStatesRef,%0A+     transitionRuntime,%0A+     forgetRuntimeState,%0A+     clearReconciledTrashRuntimeStates,%0A+   } = useBeatRuntimeRegistry(beats, beatsLatestRef);%0A+   const stagedImportPathsRef = useRef<Map<string, string[]>>(new Map());%0A+   const [loading, setLoading] = useState(() => initialLoading);%0A+   const startupCookingResolvedRef = useRef(false);%0A+   const startupPipelineStartedRef = useRef(false);%0A+   const startupEnginePrimeReadyRef = useRef(false);%0A+   const handleArtworkHydratedFromNetwork = useCallback((next: Beat[], beatId: string) => {%0A+     const hydrated = next.find(item => item.id === beatId);%0A+     if (hydrated && cloudMetaSnapshotRef.current) {%0A+       cloudMetaSnapshotRef.current.set(beatId, cloudBeatFingerprint(hydrated));%0A+     }%0A+     if (cloudLibrarySnapshotRef.current !== null) {%0A+       cloudLibrarySnapshotRef.current = next%0A+         .filter(item => !!item.telegram_file_id)%0A+         .map(cloudBeatFingerprint)%0A+         .join("\u001c");%0A+     }%0A+   }, []);%0A+   const { ensureArtworkReady, clearArtworkHydration, invalidateArtworkHydration } = useArtworkHydration({%0A+     setBeats,%0A+     onNetworkHydrated: handleArtworkHydratedFromNetwork,%0A+   });%0A+   const { search, setSearch, sortBy, setSortBy } = useLibraryViewState();%0A+   const {%0A+     includedTags,%0A+     excludedTags,%0A+     clearTagFilters,%0A+     toggleTagFilter,%0A+     replaceTagFilter,%0A+   } = useTagFilters();%0A+   const filteredBeats = selectFilteredAndSortedBeats(%0A+     beats,%0A+     search,%0A+     includedTags,%0A+     excludedTags,%0A+     sortBy,%0A+   );%0A+%0A+   const [tagColorMenu, setTagColorMenu] = useState<{ tag: string; x: number; y: number } | null>(null);%0A+   const {%0A+     tagRename, tagRenameBusy, tagRenameError, affectedCount: tagRenameAffectedCount,%0A+     affectedMp3Count: tagRenameMp3Count, affectedWavCount: tagRenameWavCount,%0A+     openTagRename, setNewTag: setTagRenameNewTag, continueTagRename, backTagRename,%0A+     cancelTagRename, confirmTagRename,%0A+   } = useTagRename({ beats, setBeats, replaceTagFilter });%0A+   useWebPlaybackSortRouting(sortBy, beats, platform.kind === "web");%0A+   const onWebLibraryReconciled = useCallback((incoming: Beat[]) => {%0A+     setBeats(current => {%0A+       const next = preserveLoadedArtwork(incoming, current);%0A+       beatsLatestRef.current = next;%0A+       return next;%0A+     });%0A+   }, []);%0A+   useWebLibraryReconciled(platform.kind === "web", onWebLibraryReconciled);%0A+   const [drawer, setDrawer] = useState<{ beat: Beat; mode: "detail" | "edit" } | null>(null);%0A+   const [showAdd, setShowAdd] = useState(false);%0A+   const [dropActive, setDropActive] = useState(false);%0A+   const [dropImporting, setDropImporting] = useState(false);%0A+   // Covers the WebView2 staging window that happens BEFORE importDroppedPaths%0A+   // receives native paths. Without this state, the app can look frozen while%0A+   // large dropped files are being copied into drop-staging.%0A+   const [libraryDropStaging, setLibraryDropStaging] = useState(false);%0A+   const [beatFileDrop, setBeatFileDrop] = useState<{ beat: Beat; filePath: string; kind: "file" | "directory" } | null>(null);%0A+   const {%0A+     reviewQueue,%0A+     setReviewQueue,%0A+     reviewQueueLatestRef,%0A+     skippedReviewSourceKeysRef,%0A+     startReview,%0A+   } = useImportSession();%0A+   const [showSettings, setShowSettings] = useState(false);%0A+   const {%0A+     settings,%0A+     setSettings,%0A+     setupDone,%0A+     setSetupDone,%0A+     connectionState,%0A+     setConnectionState,%0A+     cloudSessionVerified,%0A+     setCloudSessionVerified,%0A+   } = useSessionState();%0A+   const {%0A+     startupCookingGate,%0A+     setStartupCookingGate,%0A+     revealedBeatIds,%0A+     setRevealedBeatIds,%0A+     progressiveRevealRunRef,%0A+   } = useLibraryReveal({%0A+     initialCachedBeats: startupCachedBeatsRef.current ?? [],%0A+     filteredBeats,%0A+     loading,%0A+     settings,%0A+     cloudSessionVerified,%0A+     connectionState,%0A+     ensureArtworkReady,%0A+     startupCookingResolvedRef,%0A+     startupPipelineStartedRef,%0A+     nativeParallelism: isTauriAvailable ? 6 : 1,%0A+   });%0A+   const {%0A+     cloudFilesBeat,%0A+     cloudFiles,%0A+     cloudFilesBusyId,%0A+     cloudFilesDownloadedIds,%0A+     cloudFilesDownloadError,%0A+     cloudDownloadNotice,%0A+     handleCloudFiles,%0A+     handleGetCloudFile,%0A+     closeCloudFiles,%0A+     dismissDownloadError,%0A+   } = useBeatDownloads({ connectionState, beatRuntimeStatesRef, transitionRuntime });%0A+%0A+   const {%0A+     selectedIds,%0A+     selectMode,%0A+     toggleSelection,%0A+     toggleSelectAll,%0A+     finishSelection,%0A+     clearSelection,%0A+   } = useBeatSelection(beats);%0A+   const {%0A+     sensors,%0A+     activeDragId,%0A+     handleDragStart,%0A+     handleDragEnd,%0A+     handleDragCancel,%0A+   } = useLibraryReorder({ sortBy, setSortBy, setBeats });%0A+   const { state: audio, play, togglePause, seek, setVolume, releaseFile } = useAudio();%0A+   const { clearPlaybackPreparation, ensureWarmPlaybackUrl, handlePlay, handleWarm, invalidatePlaybackPreparation, waitForUploadedBeatPlaybackReady } = usePlaybackController({%0A+     audio,%0A+     play,%0A+     beatsLatestRef,%0A+     beatRuntimeStatesRef,%0A+     transitionRuntime,%0A+     setBeats,%0A+     cloudSessionVerified,%0A+     connectionState,%0A+     isBeatCloudUpdateBusy: beatId => beatCloudUpdateBusyIds.has(beatId),%0A+   });%0A+   const { offlineBusyIds, handleToggleOffline } = useOfflineAvailability({%0A+     connectionState,%0A+     audioPlayingId: audio.playingId,%0A+     releaseFile,%0A+     invalidatePlaybackPreparation,%0A+     ensureWarmPlaybackUrl,%0A+     beatRuntimeStatesRef,%0A+     transitionRuntime,%0A+     setBeats,%0A+     setDrawer,%0A+     setRevealedBeatIds,%0A+   });%0A+%0A+   // Keep a ref to togglePause so the keydown handler never goes stale%0A+   const togglePauseRef = useRef(togglePause);%0A+   useEffect(() => { togglePauseRef.current = togglePause; }, [togglePause]);%0A+%0A+   const rejectOfflineMutation = useCallback((action: string): boolean => {%0A+     if (connectionState === "online") return false;%0A+     void appAlert({%0A+       title: connectionState === "offline" ? "Offline" : "Connection unavailable",%0A+       message: `${action} requires an internet connection. Offline mode is read-only except for moving beats to Trash.`,%0A+     });%0A+     return true;%0A+   }, [connectionState]);%0A+%0A+   const { showUpload, setShowUpload, handleUpload, handleUploadBulk } = usePublishingActions({%0A+     selectedIds,%0A+     rejectOfflineMutation,%0A+   });%0A+%0A+   const {%0A+     reviewBootstrap,%0A+     reviewPreparationDone,%0A+     reviewPreparationPromiseRef,%0A+     deferredImportBatch,%0A+     setDeferredImportBatch,%0A+     importDroppedPaths,%0A+     cancelPendingReviewWork,%0A+     completeImmediateReviewPreparation,%0A+   } = useImportDiscovery({%0A+     dropImporting,%0A+     setDropImporting,%0A+     rejectOfflineMutation,%0A+     setDropActive,%0A+     setShowAdd,%0A+     setReviewQueue,%0A+     skippedReviewSourceKeysRef,%0A+     stagedImportPathsRef,%0A+     skeletonEnabled: REVIEW_SKELETON_ENABLED,%0A+   });%0A+%0A+   const {%0A+     backgroundUploadErrors,%0A+     cloudifyImportedBeats,%0A+     retryBackgroundUpload,%0A+     getQueuedBeatsSnapshot,%0A+     deferLibraryReloadIfUploading,%0A+     deferredLibraryReloadRef,%0A+   } = useCloudUploadQueue({%0A+     settings,%0A+     setSettings,%0A+     setConnectionState,%0A+     setBeats,%0A+     beatsLatestRef,%0A+     beatRuntimeStatesRef,%0A+     transitionRuntime,%0A+     cloudLibrarySnapshotRef,%0A+     waitForUploadedBeatPlaybackReady,%0A+     rejectOfflineMutation,%0A+     isReviewActive: () => reviewQueueLatestRef.current !== null,%0A+     hasProtectedStaging: () => stagedImportPathsRef.current.size > 0,%0A+   });%0A+%0A+%0A+   const { libraryRefreshing, reloadLibrary } = useLibraryReload({%0A+     telegramCloudConnected: Boolean(settings?.telegram_cloud_connected),%0A+     beatsLatestRef,%0A+     setBeats,%0A+     setConnectionState,%0A+     setCloudSessionVerified,%0A+     cloudMetaSnapshotRef,%0A+     cloudLibrarySnapshotRef,%0A+     startupCookingResolvedRef,%0A+     startupPipelineStartedRef,%0A+     progressiveRevealRunRef,%0A+     setRevealedBeatIds,%0A+     setStartupCookingGate,%0A+     setLoading,%0A+     deferLibraryReloadIfUploading,%0A+   });%0A+%0A+   const { interruptedUploadNotices, dismissInterruptedUploadNotices } = useStartupBootstrap({%0A+     startupCachedBeatsRef,%0A+     cloudMetaSnapshotRef,%0A+     cloudLibrarySnapshotRef,%0A+     startupCookingResolvedRef,%0A+     startupPipelineStartedRef,%0A+     startupEnginePrimeReadyRef,%0A+     progressiveRevealRunRef,%0A+     setBeats,%0A+     setSettings,%0A+     setSetupDone,%0A+     setLoading,%0A+     setConnectionState,%0A+     setCloudSessionVerified,%0A+     setStartupCookingGate,%0A+     setRevealedBeatIds,%0A+     clearReconciledTrashRuntimeStates,%0A+     dismissStartupLoader: dismissBeatGalerStartupLoader,%0A+   });%0A+%0A+%0A+ useConnectivity({%0A+   setupDone,%0A+   setConnectionState,%0A+   setCloudSessionVerified,%0A+   setSettings,%0A+   setBeats,%0A+   cloudMetaSnapshotRef,%0A+   cloudLibrarySnapshotRef,%0A+   startupCookingResolvedRef,%0A+   startupPipelineStartedRef,%0A+   startupEnginePrimeReadyRef,%0A+   progressiveRevealRunRef,%0A+   clearReconciledTrashRuntimeStates,%0A+   clearPlaybackPreparation,%0A+   clearArtworkHydration,%0A+   setStartupCookingGate,%0A+ });%0A+%0A+   useCustomCursor(settings?.custom_cursor_enabled ?? true);%0A+%0A+%0A+%0A+ // BeatGaler synchronization remains push-based. SSE only notifies the app;%0A+ // the extracted owner verifies authority before hydrating library state.%0A+ useCloudLibraryEvents({%0A+   setupDone,%0A+   beatgalerUserId: settings?.beatgaler_user_id ?? null,%0A+   setConnectionState,%0A+   setCloudSessionVerified,%0A+   setSettings,%0A+   setBeats,%0A+   cloudMetaSnapshotRef,%0A+   cloudLibrarySnapshotRef,%0A+   visibleLibraryFingerprintRef,%0A+   startupCookingResolvedRef,%0A+   startupPipelineStartedRef,%0A+   startupEnginePrimeReadyRef,%0A+   progressiveRevealRunRef,%0A+   clearReconciledTrashRuntimeStates,%0A+   clearArtworkHydration,%0A+   clearPlaybackPreparation,%0A+   setStartupCookingGate,%0A+ });%0A+%0A+   useLibraryPresentationCache(%0A+     beats,%0A+     cloudSessionVerified,%0A+     settings,%0A+   );%0A+%0A+   useEffect(() => {%0A+     visibleLibraryFingerprintRef.current = libraryViewFingerprint(beats);%0A+     beatsLatestRef.current = beats;%0A+   }, [beats]);%0A+%0A+%0A+%0A+   // One-time recovery for a cloud-only library after Telegram login/startup.%0A+   // No timer, no permanent synchronization.%0A+   const beatGalerCloudRecoveryAttemptedRef = useRef(false);%0A+%0A+   const recoverTelegramLibraryOnceIfEmpty = useCallback(async () => {%0A+     if (beatGalerCloudRecoveryAttemptedRef.current) return;%0A+     if (beats.length !== 0) return;%0A+%0A+     beatGalerCloudRecoveryAttemptedRef.current = true;%0A+     try {%0A+       const restored = await libraryStateManager.reloadAuthoritative();%0A+       if (restored.length > 0) {%0A+         setBeats(current => current.length === 0 ? restored : current);%0A+       }%0A+     } catch (error) {%0A+       console.warn("Telegram library one-time recovery skipped:", error);%0A+     }%0A+   }, [beats.length]);%0A+%0A+   // IMPORTANT: an empty library is a valid, authoritative state (for example%0A+   // immediately after Remove All). Never infer "Telegram recovery" merely from%0A+   // beats.length === 0; doing so races the pending trash/index commit and can%0A+   // resurrect the just-removed cards with their artwork unloaded. Recovery is%0A+   // only allowed from explicit Telegram connection/startup flows below.%0A+%0A+   useEffect(() => {%0A+     const onTelegramConnected = (event: Event) => {%0A+       const detail = (event as CustomEvent<{ connected?: boolean; username?: string | null }>).detail;%0A+       if (!detail?.connected) return;%0A+%0A+       setSettings(current => current ? {%0A+         ...current,%0A+         telegram_cloud_connected: true,%0A+         telegram_cloud_username: detail.username ?? current.telegram_cloud_username ?? null,%0A+       } : current);%0A+%0A+       void recoverTelegramLibraryOnceIfEmpty();%0A+     };%0A+%0A+     window.addEventListener("beatgaler:telegram-connected", onTelegramConnected);%0A+     return () => window.removeEventListener("beatgaler:telegram-connected", onTelegramConnected);%0A+   }, [recoverTelegramLibraryOnceIfEmpty]);%0A+%0A+%0A+   const handleUploadTelegram = useCallback(async (beat: Beat) => {%0A+     if (rejectOfflineMutation("Uploading a beat")) return;%0A+     const existingCloudBeat = Boolean(beat.telegram_file_id);%0A+     transitionRuntime(beat.id, { type: existingCloudBeat ? "SYNC_QUEUE_UPDATE" : "SYNC_QUEUE_UPLOAD" }, beat);%0A+     transitionRuntime(beat.id, { type: existingCloudBeat ? "SYNC_UPDATE_STARTED" : "SYNC_UPLOAD_STARTED" }, beat);%0A+     try {%0A+       const updated = await uploadBeatToTelegram(beat);%0A+       await syncBeatMetadataToTelegram(updated);%0A+       transitionRuntime(updated.id, { type: existingCloudBeat ? "SYNC_UPDATE_SUCCEEDED" : "SYNC_UPLOAD_SUCCEEDED" }, updated);%0A+       setBeats(bs => bs.map(b => b.id === updated.id ? updated : b));%0A+     } catch (e: any) {%0A+       const message = sanitizeUserVisibleText(runtimeErrorMessage(e), "Cloud operation failed.");%0A+       if (existingCloudBeat && isRuntimeConflictError(e)) {%0A+         transitionRuntime(beat.id, { type: "SYNC_CONFLICT", message }, beat);%0A+       } else {%0A+         transitionRuntime(beat.id, { type: "SYNC_FAILED", code: "TELEGRAM_UPLOAD_FAILED", message, retryable: true }, beat);%0A+       }%0A+       await appAlert({%0A+         title: "Cloud upload failed",%0A+         message,%0A+         danger: true,%0A+       });%0A+     }%0A+   }, [rejectOfflineMutation, transitionRuntime]);%0A+%0A+   const handleDownloadTelegram = useCallback(async (_beat: Beat) => {%0A+     await appAlert({%0A+       title: "Cloud-only library",%0A+       message: "Files are fetched into temporary storage automatically when needed.",%0A+     });%0A+   }, []);%0A+%0A+%0A+   const handleEditBulk = useCallback(() => {%0A+     if (rejectOfflineMutation("Editing metadata")) return;%0A+     const firstSelected = beats.find(b => selectedIds.has(b.id));%0A+     if (firstSelected) setDrawer({ beat: firstSelected, mode: "edit" });%0A+   }, [beats, selectedIds, rejectOfflineMutation]);%0A+%0A+   const { deleteBeat, handleRemoveBulk, handleBeatRestored } = useTrashActions({%0A+     beats,%0A+     setBeats,%0A+     beatsLatestRef,%0A+     selectedIds,%0A+     clearSelection,%0A+     connectionState,%0A+     audioPlayingId: audio.playingId,%0A+     releaseFile,%0A+     beatRuntimeStatesRef,%0A+     transitionRuntime,%0A+     forgetRuntimeState,%0A+     cloudMetaSnapshotRef,%0A+     cloudLibrarySnapshotRef,%0A+     invalidateArtworkHydration,%0A+     ensureArtworkReady,%0A+   });%0A+%0A+   const addBeats = useCallback((newBeats: Beat[]) => {%0A+     setBeats(bs => {%0A+       const existing = new Set(bs.map(b => b.mp3_path));%0A+       const next = [...newBeats.filter(b => !existing.has(b.mp3_path)), ...bs];%0A+       beatsLatestRef.current = next;%0A+       return next;%0A+     });%0A+   }, []);%0A+%0A+   const addBeatsAndReview = useCallback((newBeats: Beat[]) => {%0A+     if (newBeats.length === 0) return;%0A+     if (connectionState !== "online") {%0A+       void appAlert({%0A+         title: "Internet connection required",%0A+         message: "BeatGaler does not import new beats while offline. Reconnect and import them again.",%0A+       });%0A+       void cleanupOrphanedDropStaging(beatsLatestRef.current);%0A+       return;%0A+     }%0A+     const sanitized = newBeats.map(beat => ({ ...beat, tags: cleanTags(beat.tags || []).tags }));%0A+%0A+     // Review candidates are NOT library beats yet.%0A+     // Keeping them out of `beats` means:%0A+     // 1) Cancel leaves absolutely nothing behind.%0A+     // 2) duplicate-name checks compare only against committed library items.%0A+     // 3) a re-dropped folder can never masquerade as an edit of the existing beat.%0A+     setShowAdd(false);%0A+     startReview(sanitized);%0A+     // Upload begins only after Review → Save.%0A+   }, [connectionState, startReview]);%0A+%0A+ const {%0A+   skipCurrentReviewBeat,%0A+   cancelReview,%0A+   handleReviewedBeatSaved,%0A+ } = useImportReview({%0A+   setBeats,%0A+   beatsLatestRef,%0A+   setReviewQueue,%0A+   skippedReviewSourceKeysRef,%0A+   cloudifyImportedBeats,%0A+   getQueuedBeatsSnapshot,%0A+   onCancelPendingWork: cancelPendingReviewWork,%0A+   releaseBeat: platform.capabilities.reviewBeatCloudCommit%0A+     ? beatId => platform.importer.releaseBeat(beatId)%0A+     : undefined,%0A+   discardBatch: batchId => discardImportReviewBatch(batchId),%0A+   cleanupStaging: protectedBeats => cleanupOrphanedDropStaging(protectedBeats),%0A+ });%0A+%0A+   const {%0A+     audioConflictBatch,%0A+     dropImportBatch,%0A+     resetImportResolutionState,%0A+     handleReviewedSaveAll,%0A+     cancelAudioConflicts,%0A+     resolveAudioConflicts,%0A+     closeImportDecisions,%0A+     importResolvedDecisions,%0A+   } = useImportSaveAll({%0A+     setBeats,%0A+     beatsLatestRef,%0A+     reviewQueue,%0A+     setReviewQueue,%0A+     reviewQueueLatestRef,%0A+     reviewBootstrap,%0A+     reviewPreparationDone,%0A+     reviewPreparationPromiseRef,%0A+     deferredImportBatch,%0A+     setDeferredImportBatch,%0A+     stagedImportPathsRef,%0A+     setDropImporting,%0A+     cloudifyImportedBeats,%0A+     addBeatsAndReview,%0A+   });%0A+%0A+   const { importDroppedBrowserFiles } = useBrowserImport({%0A+     dropImporting,%0A+     setDropImporting,%0A+     rejectOfflineMutation,%0A+     setDropActive,%0A+     setShowAdd,%0A+     setReviewQueue,%0A+     completeImmediateReviewPreparation,%0A+     resetImportResolutionState,%0A+   });%0A+%0A+   const updateExistingBeatFromFolder = useCallback(async (beat: Beat, folderPath: string): Promise<boolean> => {%0A+     if (rejectOfflineMutation("Updating beat files")) return true;%0A+     if (isBackupFolderPath(folderPath)) {%0A+       await appAlert({%0A+         title: "Backup folder skipped",%0A+         message: "BeatGaler keeps Backup/Backups folders out of PROJECT.zip so old project copies are not uploaded.",%0A+       });%0A+       return true;%0A+     }%0A+%0A+     const t = await import("./lib/tauri");%0A+%0A+     let preview;%0A+     try {%0A+       preview = await t.inspectBeatUpdateFolder(folderPath);%0A+     } catch {%0A+       return false;%0A+     }%0A+%0A+     let replaceMaster = false;%0A+     if (preview.has_mp3) {%0A+       const alreadyHasMaster = Boolean(beat.telegram_file_id) || Boolean(beat.mp3_path?.trim());%0A+       if (alreadyHasMaster) {%0A+         const incoming = preview.mp3_filename || "the incoming MP3";%0A+         const confirmed = window.confirm(%0A+           `Replace current MASTER for "${beat.name}"?\n\n` +%0A+           `${incoming} will become the new MASTER.\n` +%0A+           `Its BPM, key, tags, rating and artwork will replace the current metadata.\n\n` +%0A+           `WAV and project files from this folder will also be added or updated.`%0A+         );%0A+         if (!confirmed) return true;%0A+       }%0A+       replaceMaster = true;%0A+     }%0A+%0A+     setBeatCloudUpdateBusy(beat.id, true);%0A+     const runtime = beatRuntimeStatesRef.current[beat.id] ?? createBeatRuntimeState(beat);%0A+     if (runtime.sync_state === "synced") transitionRuntime(beat.id, { type: "SYNC_QUEUE_UPDATE" }, beat);%0A+     transitionRuntime(beat.id, { type: "SYNC_UPDATE_STARTED" }, beat);%0A+     try {%0A+       let updated = await t.mergeFolderIntoExistingBeat(beat, folderPath, replaceMaster);%0A+       setBeats(bs => bs.map(b => b.id === beat.id ? updated : b));%0A+%0A+       if (replaceMaster) {%0A+         updated = await t.uploadBeatToTelegram(updated);%0A+         setBeats(bs => bs.map(b => b.id === beat.id ? updated : b));%0A+       }%0A+%0A+       if (preview.has_wav && updated.wav_path) {%0A+         await t.uploadDroppedFileToTelegram(updated, updated.wav_path, "WAV");%0A+       }%0A+%0A+       if (preview.has_project_assets) {%0A+         await t.uploadProjectToTelegram(updated);%0A+       }%0A+%0A+       if (replaceMaster && updated.telegram_file_id) {%0A+         await t.syncBeatMetadataToTelegram(updated);%0A+       }%0A+%0A+       window.dispatchEvent(new CustomEvent("beatgaler:project-cloud-updated", { detail: { beatId: beat.id } }));%0A+       await libraryStateManager.commitSnapshot(beatsLatestRef.current.map(item => item.id === beat.id ? updated : item), "metadata-update");%0A+       transitionRuntime(beat.id, { type: "SYNC_UPDATE_SUCCEEDED" }, updated);%0A+       setBeats(bs => bs.map(b => b.id === beat.id ? updated : b));%0A+       return true;%0A+     } catch (error) {%0A+       console.error(error);%0A+       const message = sanitizeUserVisibleText(runtimeErrorMessage(error), "Cloud operation failed.");%0A+       if (isRuntimeConflictError(error)) transitionRuntime(beat.id, { type: "SYNC_CONFLICT", message }, beat);%0A+       else transitionRuntime(beat.id, { type: "SYNC_FAILED", code: "FOLDER_UPDATE_FAILED", message, retryable: true }, beat);%0A+       alert(`Could not update "${beat.name}" from the dropped folder: ${message}`);%0A+       return true;%0A+     } finally {%0A+       setBeatCloudUpdateBusy(beat.id, false);%0A+     }%0A+   }, [rejectOfflineMutation, transitionRuntime]);%0A+%0A+   const { commitDrawerCloudMutation } = useDrawerCloudPersistence({%0A+   beats,%0A+   browserCloudEditing: platform.capabilities.browserCloudEditing,%0A+   connectionState,%0A+   cloudSessionVerified,%0A+   beatsLatestRef,%0A+   beatRuntimeStatesRef,%0A+   transitionRuntime,%0A+   cloudMetaSnapshotRef,%0A+   cloudLibraryTimerRef,%0A+   cloudLibrarySnapshotRef,%0A+ });%0A+%0A+   // V7: INDEX writes are explicit transactions only.%0A+   // There is deliberately no generic "beats changed => rewrite Telegram" observer.%0A+   // Upload, metadata, Trash/Restore and project/file operations commit through%0A+   // libraryStateManager at their actual logical commit boundary. This prevents%0A+   // render/cache hydration from becoming an accidental cloud mutation.%0A+%0A+   const {%0A+     handleIncompleteWarningsChanged,%0A+     handleCustomCursorChanged,%0A+     handleFolderChanged,%0A+     handleDisconnectTelegramAccount,%0A+   } = useSessionActions({%0A+     setSettings,%0A+     setCloudSessionVerified,%0A+     logoutAccount: logoutBeatGalerAccount,%0A+     releaseFile,%0A+     progressiveRevealRunRef,%0A+     clearPlaybackPreparation,%0A+     clearArtworkHydration,%0A+     setRevealedBeatIds,%0A+     setBeats,%0A+     clearSelection,%0A+   });%0A+%0A+   const updateBeat = useCallback((updated: Beat) => {%0A+     if (updated.telegram_file_id && connectionState === "online") {%0A+       const runtime = beatRuntimeStatesRef.current[updated.id] ?? createBeatRuntimeState(updated);%0A+       if (runtime.sync_state === "synced") transitionRuntime(updated.id, { type: "SYNC_QUEUE_UPDATE" }, updated);%0A+     }%0A+     setBeats(bs => bs.map(b => b.id === updated.id ? updated : b));%0A+     if (drawer?.beat.id === updated.id) setDrawer(d => d ? { ...d, beat: updated } : null);%0A+   }, [connectionState, drawer, transitionRuntime]);%0A+%0A+%0A+%0A+   const handleDropArtwork = useCallback(async (beat: Beat, imageBase64: string) => {%0A+     if (rejectOfflineMutation("Changing artwork")) return;%0A+%0A+     const updated = { ...beat, image_base64: imageBase64, image_preview_base64: null };%0A+%0A+     if (platform.capabilities.browserCloudEditing) {%0A+       // Publish the browser-decoded artwork immediately, then commit it through%0A+       // the Web editor/Direct transport. No Tauri metadata path participates.%0A+       updateBeat(updated);%0A+       transitionRuntime(updated.id, { type: "SYNC_UPDATE_STARTED" }, updated);%0A+       try {%0A+         const committed = await platform.editor.commit(beat, updated, {});%0A+         setBeats(current => {%0A+           const next = current.map(item => item.id === committed.id ? committed : item);%0A+           beatsLatestRef.current = next;%0A+           return next;%0A+         });%0A+         setDrawer(current => current?.beat.id === committed.id ? { ...current, beat: committed } : current);%0A+         transitionRuntime(updated.id, { type: "SYNC_UPDATE_SUCCEEDED" }, committed);%0A+       } catch (error) {%0A+         const message = sanitizeUserVisibleText(runtimeErrorMessage(error), "Cloud operation failed.");%0A+         transitionRuntime(updated.id, { type: "SYNC_FAILED", code: "ARTWORK_SYNC_FAILED", message, retryable: true }, updated);%0A+         throw error;%0A+       }%0A+       return;%0A+     }%0A+%0A+     // Desktop keeps its existing native metadata/artwork transaction.%0A+     await saveBeatMeta({%0A+       mp3_path: beat.mp3_path,%0A+       wav_path: beat.wav_path,%0A+       bpm: beat.bpm,%0A+       key: beat.key,%0A+       tags: beat.tags,%0A+       rating: beat.rating,%0A+       image_base64: imageBase64,%0A+       update_filename: false,%0A+     });%0A+%0A+     updateBeat(updated);%0A+%0A+     if (updated.telegram_file_id && connectionState === "online") {%0A+       const runtime = beatRuntimeStatesRef.current[updated.id] ?? createBeatRuntimeState(updated);%0A+       if (runtime.sync_state === "synced") transitionRuntime(updated.id, { type: "SYNC_QUEUE_UPDATE" }, updated);%0A+       transitionRuntime(updated.id, { type: "SYNC_UPDATE_STARTED" }, updated);%0A+       try {%0A+         await syncBeatMetadataToTelegram(updated);%0A+         const indexSnapshot = beatsLatestRef.current.map(item => item.id === updated.id ? updated : item);%0A+         await libraryStateManager.commitSnapshot(indexSnapshot, "upload-batch");%0A+         if (cloudLibraryTimerRef.current) {%0A+           window.clearTimeout(cloudLibraryTimerRef.current);%0A+           cloudLibraryTimerRef.current = null;%0A+         }%0A+         cloudLibrarySnapshotRef.current = indexSnapshot%0A+           .filter(item => !!item.telegram_file_id)%0A+           .map(cloudBeatFingerprint)%0A+           .join("\u001c");%0A+         cloudMetaSnapshotRef.current?.set(updated.id, cloudBeatFingerprint(updated));%0A+         transitionRuntime(updated.id, { type: "SYNC_UPDATE_SUCCEEDED" }, updated);%0A+       } catch (error) {%0A+         const message = sanitizeUserVisibleText(runtimeErrorMessage(error), "Cloud operation failed.");%0A+         transitionRuntime(updated.id, { type: "SYNC_FAILED", code: "ARTWORK_SYNC_FAILED", message, retryable: true }, updated);%0A+         throw error;%0A+       }%0A+     }%0A+   }, [updateBeat, rejectOfflineMutation, connectionState, transitionRuntime]);%0A+%0A+%0A+   const {%0A+     runBeatCloudUpdate,%0A+     startMasterAssetUpdate,%0A+     startWavAssetUpdate,%0A+     handleBrowserBeatAssetDrop,%0A+   } = useBeatAssetUpdates({%0A+     rejectOfflineMutation,%0A+     setBeatFileDrop,%0A+     setBeatCloudUpdateBusy,%0A+     beatRuntimeStatesRef,%0A+     transitionRuntime,%0A+     beatsLatestRef,%0A+     cloudLibrarySnapshotRef,%0A+     setBeats,%0A+     setDrawer,%0A+     waitForUploadedBeatPlaybackReady,%0A+   });%0A+%0A+   const {%0A+     openableCloudProjectIds,%0A+     projectUpdateNotice,%0A+     dismissProjectUpdateNotice,%0A+     hasStoredProject,%0A+     startProjectAssetUpdate,%0A+     handleAutoProjectDrop,%0A+     handleBrowserProjectDrop,%0A+     handleUploadProjectTelegram,%0A+     handleOpenProject,%0A+     handleUpdateProject,%0A+   } = useBeatProjects({%0A+     beats,%0A+     connectionState,%0A+     rejectOfflineMutation,%0A+     transitionRuntime,%0A+     beatsLatestRef,%0A+     setBeats,%0A+     setDrawer,%0A+     runBeatCloudUpdate,%0A+     setBeatCloudUpdateBusy,%0A+   });%0A+%0A+   const handleDroppedBeatFileRole = useCallback(async (role: DroppedBeatFileRole) => {%0A+     if (!beatFileDrop) return;%0A+     const { beat, filePath } = beatFileDrop;%0A+     const ext = extensionFromPath(filePath);%0A+%0A+     if (role === "loop" || role === "stems") return;%0A+%0A+     if (role === "main") {%0A+       if (ext !== "mp3") return;%0A+       startMasterAssetUpdate(beat, filePath);%0A+       return;%0A+     }%0A+%0A+     if (role === "wav") {%0A+       if (ext !== "wav") return;%0A+       startWavAssetUpdate(beat, filePath);%0A+       return;%0A+     }%0A+%0A+     if (role === "projectFolder") {%0A+       const existing = await hasStoredProject(beat).catch(() => false);%0A+       if (!existing) {%0A+         await cleanupStagedDropPaths([filePath]).catch(() => {});%0A+         setBeatFileDrop(null);%0A+         await appAlert({%0A+           title: "Project file required",%0A+           message: "Add a .flp, .als, .logicx, .ptx/.ptf file or a valid PROJECT ZIP first. Then folders can be added to that PROJECT.zip using their original folder name.",%0A+         });%0A+         return;%0A+       }%0A+       startProjectAssetUpdate(beat, filePath, "projectFolder");%0A+     }%0A+   }, [beatFileDrop, hasStoredProject, startMasterAssetUpdate, startProjectAssetUpdate, startWavAssetUpdate]);%0A+%0A+%0A+   useHtmlLibraryDrop({%0A+     nativeDropAvailable: isTauriAvailable,%0A+     browserFileImport: platform.capabilities.browserFileImport,%0A+     reviewSkeletonEnabled: REVIEW_SKELETON_ENABLED,%0A+     beatsLatestRef,%0A+     setDropActive,%0A+     setBeatCloudUpdateBusy,%0A+     setBeatFileDrop,%0A+     setLibraryDropStaging,%0A+     handleDropArtwork,%0A+     handleAutoProjectDrop,%0A+     handleBrowserBeatAssetDrop,%0A+     handleBrowserProjectDrop,%0A+     importDroppedBrowserFiles,%0A+     importDroppedPaths,%0A+   });%0A+%0A+   useNativeLibraryDrop({%0A+     nativeDropAvailable: isTauriAvailable,%0A+     reviewSkeletonEnabled: REVIEW_SKELETON_ENABLED,%0A+     beatsLatestRef,%0A+     setDropActive,%0A+     setBeatCloudUpdateBusy,%0A+     setBeatFileDrop,%0A+     setLibraryDropStaging,%0A+     handleDropArtwork,%0A+     handleAutoProjectDrop,%0A+     importDroppedPaths,%0A+   });%0A+%0A+   const applyBulkUpdate = useCallback((updates: Partial<Beat>, options?: { tagsMode?: "add" | "replace" | "remove" }) => {%0A+     setBeats(bs => bs.map(b => {%0A+       if (!selectedIds.has(b.id)) return b;%0A+       if (!updates.tags) return { ...b, ...updates };%0A+%0A+       const normalizedInput = Array.from(new Set(%0A+         updates.tags.map(t => t.trim().toLowerCase()).filter(Boolean)%0A+       ));%0A+%0A+       if (options?.tagsMode === "replace") {%0A+         return { ...b, ...updates, tags: normalizedInput };%0A+       }%0A+%0A+       if (options?.tagsMode === "remove") {%0A+         const removeSet = new Set(normalizedInput);%0A+         const remainingTags = b.tags.filter(tag => !removeSet.has(tag.trim().toLowerCase()));%0A+         return { ...b, ...updates, tags: remainingTags };%0A+       }%0A+%0A+       const mergedTags = Array.from(new Set(%0A+         [...b.tags, ...normalizedInput].map(t => t.trim().toLowerCase()).filter(Boolean)%0A+       ));%0A+       return { ...b, ...updates, tags: mergedTags };%0A+     }));%0A+     clearSelection();%0A+   }, [selectedIds]);%0A+%0A+%0A+   const tagColors = useTagColors();%0A+%0A+ const handleTagClick = useCallback((tag: string, e: React.MouseEvent) => {%0A+   toggleTagFilter(tag, e.altKey ? "exclude" : "include");%0A+ }, [toggleTagFilter]);%0A+%0A+   const tagFrequency = useMemo(() => selectTagFrequency(beats), [beats]);%0A+   const allTags = useMemo(() => selectAllTags(beats, tagFrequency), [beats, tagFrequency]);%0A+   const tagSuggestions = useMemo(() => selectTagSuggestions(beats), [beats]);%0A+   const displayedBeats = filteredBeats.filter(beat => revealedBeatIds.has(beat.id));%0A+%0A+   const {%0A+     shuffleEnabled,%0A+     repeatMode,%0A+     showQueue,%0A+     queuedBeats,%0A+     addToQueue,%0A+     handleNext,%0A+     handlePrev,%0A+     closeQueue,%0A+     toggleQueue,%0A+     toggleShuffle,%0A+     cycleRepeat,%0A+     playQueueIndex,%0A+   } = usePlaybackQueue({%0A+     beats,%0A+     displayedBeats,%0A+     playingId: audio.playingId,%0A+     progress: audio.progress,%0A+     endedSeq: audio.endedSeq,%0A+     handlePlay,%0A+     seek,%0A+     releaseFile,%0A+   });%0A+%0A+   useAppShortcuts({%0A+     togglePauseRef,%0A+     clearSelection,%0A+     setDrawer,%0A+     setShowAdd,%0A+     setShowSettings,%0A+     closeQueue,%0A+     setShowUpload,%0A+   });%0A+%0A+%0A+%0A+   const currentBeat = beats.find(b => b.id === audio.playingId);%0A+   const selectedBeats = beats.filter(b => selectedIds.has(b.id));%0A+   const activeDragBeat = activeDragId ? beats.find(b => b.id === activeDragId) ?? null : null;%0A+%0A+   return <AppShell scope={{ Event, HTMLElement, REVIEW_SKELETON_ENABLED, activeDragBeat, addBeatsAndReview, addToQueue, allTags, applyBulkUpdate, audio, audioConflictBatch, backTagRename, backgroundUploadErrors, beatFileDrop, beats, cancelAudioConflicts, cancelReview, cancelTagRename, clearSelection, clearTagFilters, closeCloudFiles, closeImportDecisions, cloudDownloadNotice, cloudFiles, cloudFilesBeat, cloudFilesBusyId, cloudFilesDownloadError, cloudFilesDownloadedIds, cloudSessionVerified, commitDrawerCloudMutation, confirmTagRename, connectionState, continueTagRename, currentBeat, cycleRepeat, deferredLibraryReloadRef, deleteBeat, dismissDownloadError, dismissInterruptedUploadNotices, dismissProjectUpdateNotice, displayedBeats, drawer, dropActive, dropImportBatch, dropImporting, excludedTags, filteredBeats, finishSelection, handleBeatRestored, handleCloudFiles, handleCustomCursorChanged, handleDisconnectTelegramAccount, handleDownloadTelegram, handleDragCancel, handleDragEnd, handleDragStart, handleDroppedBeatFileRole, handleEditBulk, handleFolderChanged, handleGetCloudFile, handleIncompleteWarningsChanged, handleNext, handleOpenProject, handlePlay, handlePrev, handleRemoveBulk, handleReviewedBeatSaved, handleReviewedSaveAll, handleTagClick, handleToggleOffline, handleUpdateProject, handleUpload, handleUploadBulk, handleUploadProjectTelegram, handleUploadTelegram, handleWarm, importResolvedDecisions, includedTags, interruptedUploadNotices, libraryDropStaging, libraryRefreshing, loading, offlineBusyIds, openTagRename, openableCloudProjectIds, playQueueIndex, projectUpdateNotice, queuedBeats, rejectOfflineMutation, releaseFile, reloadLibrary, repeatMode, resolveAudioConflicts, retryBackgroundUpload, revealedBeatIds, reviewBootstrap, reviewQueue, search, seek, selectMode, selectedBeats, selectedIds, sensors, setBeatFileDrop, setDrawer, setSearch, setShowAdd, setShowSettings, setShowUpload, setSortBy, setTagColorMenu, setTagRenameNewTag, setVolume, settings, showAdd, showQueue, showSettings, showUpload, shuffleEnabled, skipCurrentReviewBeat, sortBy, startupCookingGate, tagColorMenu, tagColors, tagFrequency, tagRename, tagRenameAffectedCount, tagRenameBusy, tagRenameError, tagRenameMp3Count, tagRenameWavCount, tagSuggestions, togglePause, toggleQueue, toggleSelectAll, toggleSelection, toggleShuffle, updateBeat }} />;%0A+ }%0A+%0A+%0A+ export default function App() {%0A+   return platform.kind === "web"%0A+     ? <BeatGalerApp />%0A+     : <AccountGate><BeatGalerApp /></AccountGate>;%0A+ }%0A+%0A%0A ❯ tests/integration/appCloudUploadQueueExtraction.test.ts:68:17%0A%0A

::error file=/home/runner/work/BeatGaler/BeatGaler/tests/integration/appImportSaveAllExtraction.test.ts,title=tests/integration/appImportSaveAllExtraction.test.ts > task 7.3 Save All/conflict extraction > surfaces native conflicts only after normal Review and keeps staging protected across resolution,line=64,column=17::AssertionError: expected 'import React, { useState, useCallback…' to contain '<ImportResolutionHost'%0A%0A- Expected%0A+ Received%0A%0A- <ImportResolutionHost%0A+ import React, { useState, useCallback, useEffect, useRef, useMemo } from "react";%0A+ import type { Beat } from "./types";%0A+ import BeatCard from "./components/BeatCard";%0A+ import Drawer from "./components/Drawer";%0A+ import Player from "./components/Player";%0A+ import AddBeatModal from "./components/AddBeatModal";%0A+ import SettingsPanel from "./components/SettingsPanel";%0A+ import AccountGate, { logoutBeatGalerAccount } from "./components/AccountGate";%0A+ import UploadModal from "./components/UploadModal";%0A+ import JobStatusBar from "./components/JobStatusBar";%0A+ import { PlusIcon, Artwork } from "./components/ui";%0A+ import { useAudio } from "./hooks/useAudio";%0A+ import { loadLibrary, readBeatMeta, saveBeatMeta, discardImportReviewBatch, uploadBeatToTelegram, downloadBeatFromTelegram, prepareBeatForPlayback, warmBeatForPlayback, getDownloadCookingStatus, downloadCookingDiagnosticEvent, uploadProjectToTelegram, uploadDroppedFileToTelegram, downloadCloudFileToCache, downloadProjectToCache, revealInExplorer, syncBeatMetadataToTelegram, copyExportFile, copyAudioMetadata, prepareUniqueExportFolder, type CloudFileType, isTauriAvailable } from "./lib/tauri";%0A+ import { libraryStateManager } from "./lib/libraryStateManager";%0A+ import { platform } from "./platform";%0A+ import { DndContext, DragOverlay, closestCenter } from "@dnd-kit/core";%0A+ import { SortableContext, rectSortingStrategy } from "@dnd-kit/sortable";%0A+ import { appAlert, appConfirm } from "./lib/dialog";%0A+ import { sanitizeUserVisibleText } from "./lib/userVisibleError";%0A+ import { useTagColors, setTagColor } from "./lib/tagColors";%0A+ import { registerJob, updateJob } from "./lib/jobStore";%0A+ import { cleanTags } from "./lib/metadataValidation";%0A+ import { cleanupOrphanedDropStaging, cleanupStagedDropPaths } from "./features/dragdrop/dropStaging";%0A+ import CloudFilesModal from "./features/downloads/components/CloudFilesModal";%0A+ import { useBeatDownloads } from "./features/downloads/useBeatDownloads";%0A+ import BeatFileDropModal, { type DroppedBeatFileRole } from "./features/dragdrop/components/BeatFileDropModal";%0A+ import SearchBar from "./features/library/components/SearchBar";%0A+ import SortMenu from "./features/library/components/SortMenu";%0A+ import TagColorMenu from "./features/tags/components/TagColorMenu";%0A+ import { useArtworkHydration } from "./features/artwork/useArtworkHydration";%0A+ import { useCloudUploadQueue } from "./features/cloud/useCloudUploadQueue";%0A+ import ImportReviewHost, { ImportResolutionHost } from "./features/import/components/ImportReviewHost";%0A+ import { useImportSession } from "./features/import/useImportSession";%0A+ import { useImportReview } from "./features/import/useImportReview";%0A+ import { useImportDiscovery } from "./features/import/useImportDiscovery";%0A+ import { useImportSaveAll } from "./features/import/useImportSaveAll";%0A+ import { useBrowserImport } from "./features/import/useBrowserImport";%0A+ import { extensionFromPath, fileNameFromPath, isBackupFolderPath } from "./features/dragdrop/pathHelpers";%0A+ import { useHtmlLibraryDrop } from "./features/dragdrop/useHtmlLibraryDrop";%0A+ import { useNativeLibraryDrop } from "./features/dragdrop/useNativeLibraryDrop";%0A+ import { cloudBeatFingerprint, drawerMetadataCommitFingerprint, libraryViewFingerprint } from "./features/library/libraryFingerprints";%0A+ import { clearUploadPreviewCache, preserveLoadedArtwork } from "./features/library/libraryPresentationCache";%0A+ import { selectFilteredAndSortedBeats } from "./features/library/librarySelectors";%0A+ import { useLibraryViewState } from "./features/library/useLibraryViewState";%0A+ import { useLibraryReorder } from "./features/library/useLibraryReorder";%0A+ import { useBeatSelection } from "./features/selection/useBeatSelection";%0A+ import { selectAllTags, selectTagFrequency, selectTagSuggestions } from "./features/tags/tagSelectors";%0A+ import { useTagFilters } from "./features/tags/useTagFilters";%0A+ import { useTagRename } from "./features/tags/useTagRename";%0A+ import TagRenameDialog from "./features/tags/components/TagRenameDialog";%0A+ import { useLibraryPresentationCache, useLibraryState } from "./features/library/useLibraryState";%0A+ import { useLibraryReload } from "./features/library/useLibraryReload";%0A+ import { useStartupBootstrap } from "./features/startup/useStartupBootstrap";%0A+ import { useLibraryReveal } from "./features/startup/useLibraryReveal";%0A+ import { dismissBeatGalerStartupLoader } from "./features/startup/startupLoader";%0A+ import { useWebPlaybackSortRouting } from "./features/playback/useWebPlaybackSortRouting";%0A+ import { usePlaybackController } from "./features/playback/usePlaybackController";%0A+ import { usePlaybackQueue } from "./features/playback/usePlaybackQueue";%0A+ import { useDrawerCloudPersistence } from "./features/edit/useDrawerCloudPersistence";%0A+ import { useBeatAssetUpdates } from "./features/edit/useBeatAssetUpdates";%0A+ import { useBeatProjects } from "./features/projects/useBeatProjects";%0A+ import { useOfflineAvailability } from "./features/offline/useOfflineAvailability";%0A+ import { useTrashActions } from "./features/trash/useTrashActions";%0A+ import { useWebLibraryReconciled } from "./features/library/useWebLibraryReconciled";%0A+ import { createBeatRuntimeState } from "./features/state/beatRuntimeState";%0A+ import { useBeatRuntimeRegistry } from "./features/state/useBeatRuntimeRegistry";%0A+ import { useSessionState } from "./features/session/useSessionState";%0A+ import { useSessionActions } from "./features/session/useSessionActions";%0A+ import { useCustomCursor } from "./features/session/useCustomCursor";%0A+ import { useConnectivity } from "./features/session/useConnectivity";%0A+ import { useCloudLibraryEvents } from "./features/cloud/useCloudLibraryEvents";%0A+ import AppShell from "./app/AppShell";%0A+ import { useAppShortcuts } from "./app/useAppShortcuts";%0A+ import { usePublishingActions } from "./features/publishing/usePublishingActions";%0A+%0A+ // Intentionally isolated: if real-world timings prove the skeleton unnecessary,%0A+ // flipping/removing this one constant deletes the visual layer without touching%0A+ // the staged Review architecture underneath it.%0A+ const REVIEW_SKELETON_ENABLED = true;%0A+%0A+ const beatCloudUpdateBusyIds = new Set<string>();%0A+%0A+ function setBeatCloudUpdateBusy(beatId: string, active: boolean, success = false) {%0A+   if (active) beatCloudUpdateBusyIds.add(beatId);%0A+   else beatCloudUpdateBusyIds.delete(beatId);%0A+   window.dispatchEvent(new CustomEvent("beatgaler:beat-cloud-busy", {%0A+     detail: { beatId, active, success }%0A+   }));%0A+ }%0A+%0A+ function formatCloudBytes(bytes: number) {%0A+   if (!bytes) return "0 B";%0A+   const units = ["B", "KB", "MB", "GB"];%0A+   let n = bytes; let i = 0;%0A+   while (n >= 1024 && i < units.length - 1) { n /= 1024; i++; }%0A+   return `${n.toFixed(i === 0 ? 0 : 1)} ${units[i]}`;%0A+ }%0A+%0A+ function runtimeErrorMessage(error: unknown): string {%0A+   return error instanceof Error ? error.message : String(error);%0A+ }%0A+%0A+ function isRuntimeConflictError(error: unknown): boolean {%0A+   const message = runtimeErrorMessage(error).toLowerCase();%0A+   return message.includes("409") || message.includes("conflict") || message.includes("revision mismatch") || message.includes("version mismatch");%0A+ }%0A+%0A+ function BeatGalerApp() {%0A+   const {%0A+     beats,%0A+     setBeats,%0A+     beatsLatestRef,%0A+     startupCachedBeatsRef,%0A+     initialLoading,%0A+   } = useLibraryState();%0A+   const cloudMetaSnapshotRef = useRef<Map<string, string> | null>(null);%0A+   const cloudLibraryTimerRef = useRef<number | null>(null);%0A+   const cloudLibrarySnapshotRef = useRef<string | null>(null);%0A+   const visibleLibraryFingerprintRef = useRef<string>("");%0A+   const {%0A+     beatRuntimeStates,%0A+     beatRuntimeStatesRef,%0A+     transitionRuntime,%0A+     forgetRuntimeState,%0A+     clearReconciledTrashRuntimeStates,%0A+   } = useBeatRuntimeRegistry(beats, beatsLatestRef);%0A+   const stagedImportPathsRef = useRef<Map<string, string[]>>(new Map());%0A+   const [loading, setLoading] = useState(() => initialLoading);%0A+   const startupCookingResolvedRef = useRef(false);%0A+   const startupPipelineStartedRef = useRef(false);%0A+   const startupEnginePrimeReadyRef = useRef(false);%0A+   const handleArtworkHydratedFromNetwork = useCallback((next: Beat[], beatId: string) => {%0A+     const hydrated = next.find(item => item.id === beatId);%0A+     if (hydrated && cloudMetaSnapshotRef.current) {%0A+       cloudMetaSnapshotRef.current.set(beatId, cloudBeatFingerprint(hydrated));%0A+     }%0A+     if (cloudLibrarySnapshotRef.current !== null) {%0A+       cloudLibrarySnapshotRef.current = next%0A+         .filter(item => !!item.telegram_file_id)%0A+         .map(cloudBeatFingerprint)%0A+         .join("\u001c");%0A+     }%0A+   }, []);%0A+   const { ensureArtworkReady, clearArtworkHydration, invalidateArtworkHydration } = useArtworkHydration({%0A+     setBeats,%0A+     onNetworkHydrated: handleArtworkHydratedFromNetwork,%0A+   });%0A+   const { search, setSearch, sortBy, setSortBy } = useLibraryViewState();%0A+   const {%0A+     includedTags,%0A+     excludedTags,%0A+     clearTagFilters,%0A+     toggleTagFilter,%0A+     replaceTagFilter,%0A+   } = useTagFilters();%0A+   const filteredBeats = selectFilteredAndSortedBeats(%0A+     beats,%0A+     search,%0A+     includedTags,%0A+     excludedTags,%0A+     sortBy,%0A+   );%0A+%0A+   const [tagColorMenu, setTagColorMenu] = useState<{ tag: string; x: number; y: number } | null>(null);%0A+   const {%0A+     tagRename, tagRenameBusy, tagRenameError, affectedCount: tagRenameAffectedCount,%0A+     affectedMp3Count: tagRenameMp3Count, affectedWavCount: tagRenameWavCount,%0A+     openTagRename, setNewTag: setTagRenameNewTag, continueTagRename, backTagRename,%0A+     cancelTagRename, confirmTagRename,%0A+   } = useTagRename({ beats, setBeats, replaceTagFilter });%0A+   useWebPlaybackSortRouting(sortBy, beats, platform.kind === "web");%0A+   const onWebLibraryReconciled = useCallback((incoming: Beat[]) => {%0A+     setBeats(current => {%0A+       const next = preserveLoadedArtwork(incoming, current);%0A+       beatsLatestRef.current = next;%0A+       return next;%0A+     });%0A+   }, []);%0A+   useWebLibraryReconciled(platform.kind === "web", onWebLibraryReconciled);%0A+   const [drawer, setDrawer] = useState<{ beat: Beat; mode: "detail" | "edit" } | null>(null);%0A+   const [showAdd, setShowAdd] = useState(false);%0A+   const [dropActive, setDropActive] = useState(false);%0A+   const [dropImporting, setDropImporting] = useState(false);%0A+   // Covers the WebView2 staging window that happens BEFORE importDroppedPaths%0A+   // receives native paths. Without this state, the app can look frozen while%0A+   // large dropped files are being copied into drop-staging.%0A+   const [libraryDropStaging, setLibraryDropStaging] = useState(false);%0A+   const [beatFileDrop, setBeatFileDrop] = useState<{ beat: Beat; filePath: string; kind: "file" | "directory" } | null>(null);%0A+   const {%0A+     reviewQueue,%0A+     setReviewQueue,%0A+     reviewQueueLatestRef,%0A+     skippedReviewSourceKeysRef,%0A+     startReview,%0A+   } = useImportSession();%0A+   const [showSettings, setShowSettings] = useState(false);%0A+   const {%0A+     settings,%0A+     setSettings,%0A+     setupDone,%0A+     setSetupDone,%0A+     connectionState,%0A+     setConnectionState,%0A+     cloudSessionVerified,%0A+     setCloudSessionVerified,%0A+   } = useSessionState();%0A+   const {%0A+     startupCookingGate,%0A+     setStartupCookingGate,%0A+     revealedBeatIds,%0A+     setRevealedBeatIds,%0A+     progressiveRevealRunRef,%0A+   } = useLibraryReveal({%0A+     initialCachedBeats: startupCachedBeatsRef.current ?? [],%0A+     filteredBeats,%0A+     loading,%0A+     settings,%0A+     cloudSessionVerified,%0A+     connectionState,%0A+     ensureArtworkReady,%0A+     startupCookingResolvedRef,%0A+     startupPipelineStartedRef,%0A+     nativeParallelism: isTauriAvailable ? 6 : 1,%0A+   });%0A+   const {%0A+     cloudFilesBeat,%0A+     cloudFiles,%0A+     cloudFilesBusyId,%0A+     cloudFilesDownloadedIds,%0A+     cloudFilesDownloadError,%0A+     cloudDownloadNotice,%0A+     handleCloudFiles,%0A+     handleGetCloudFile,%0A+     closeCloudFiles,%0A+     dismissDownloadError,%0A+   } = useBeatDownloads({ connectionState, beatRuntimeStatesRef, transitionRuntime });%0A+%0A+   const {%0A+     selectedIds,%0A+     selectMode,%0A+     toggleSelection,%0A+     toggleSelectAll,%0A+     finishSelection,%0A+     clearSelection,%0A+   } = useBeatSelection(beats);%0A+   const {%0A+     sensors,%0A+     activeDragId,%0A+     handleDragStart,%0A+     handleDragEnd,%0A+     handleDragCancel,%0A+   } = useLibraryReorder({ sortBy, setSortBy, setBeats });%0A+   const { state: audio, play, togglePause, seek, setVolume, releaseFile } = useAudio();%0A+   const { clearPlaybackPreparation, ensureWarmPlaybackUrl, handlePlay, handleWarm, invalidatePlaybackPreparation, waitForUploadedBeatPlaybackReady } = usePlaybackController({%0A+     audio,%0A+     play,%0A+     beatsLatestRef,%0A+     beatRuntimeStatesRef,%0A+     transitionRuntime,%0A+     setBeats,%0A+     cloudSessionVerified,%0A+     connectionState,%0A+     isBeatCloudUpdateBusy: beatId => beatCloudUpdateBusyIds.has(beatId),%0A+   });%0A+   const { offlineBusyIds, handleToggleOffline } = useOfflineAvailability({%0A+     connectionState,%0A+     audioPlayingId: audio.playingId,%0A+     releaseFile,%0A+     invalidatePlaybackPreparation,%0A+     ensureWarmPlaybackUrl,%0A+     beatRuntimeStatesRef,%0A+     transitionRuntime,%0A+     setBeats,%0A+     setDrawer,%0A+     setRevealedBeatIds,%0A+   });%0A+%0A+   // Keep a ref to togglePause so the keydown handler never goes stale%0A+   const togglePauseRef = useRef(togglePause);%0A+   useEffect(() => { togglePauseRef.current = togglePause; }, [togglePause]);%0A+%0A+   const rejectOfflineMutation = useCallback((action: string): boolean => {%0A+     if (connectionState === "online") return false;%0A+     void appAlert({%0A+       title: connectionState === "offline" ? "Offline" : "Connection unavailable",%0A+       message: `${action} requires an internet connection. Offline mode is read-only except for moving beats to Trash.`,%0A+     });%0A+     return true;%0A+   }, [connectionState]);%0A+%0A+   const { showUpload, setShowUpload, handleUpload, handleUploadBulk } = usePublishingActions({%0A+     selectedIds,%0A+     rejectOfflineMutation,%0A+   });%0A+%0A+   const {%0A+     reviewBootstrap,%0A+     reviewPreparationDone,%0A+     reviewPreparationPromiseRef,%0A+     deferredImportBatch,%0A+     setDeferredImportBatch,%0A+     importDroppedPaths,%0A+     cancelPendingReviewWork,%0A+     completeImmediateReviewPreparation,%0A+   } = useImportDiscovery({%0A+     dropImporting,%0A+     setDropImporting,%0A+     rejectOfflineMutation,%0A+     setDropActive,%0A+     setShowAdd,%0A+     setReviewQueue,%0A+     skippedReviewSourceKeysRef,%0A+     stagedImportPathsRef,%0A+     skeletonEnabled: REVIEW_SKELETON_ENABLED,%0A+   });%0A+%0A+   const {%0A+     backgroundUploadErrors,%0A+     cloudifyImportedBeats,%0A+     retryBackgroundUpload,%0A+     getQueuedBeatsSnapshot,%0A+     deferLibraryReloadIfUploading,%0A+     deferredLibraryReloadRef,%0A+   } = useCloudUploadQueue({%0A+     settings,%0A+     setSettings,%0A+     setConnectionState,%0A+     setBeats,%0A+     beatsLatestRef,%0A+     beatRuntimeStatesRef,%0A+     transitionRuntime,%0A+     cloudLibrarySnapshotRef,%0A+     waitForUploadedBeatPlaybackReady,%0A+     rejectOfflineMutation,%0A+     isReviewActive: () => reviewQueueLatestRef.current !== null,%0A+     hasProtectedStaging: () => stagedImportPathsRef.current.size > 0,%0A+   });%0A+%0A+%0A+   const { libraryRefreshing, reloadLibrary } = useLibraryReload({%0A+     telegramCloudConnected: Boolean(settings?.telegram_cloud_connected),%0A+     beatsLatestRef,%0A+     setBeats,%0A+     setConnectionState,%0A+     setCloudSessionVerified,%0A+     cloudMetaSnapshotRef,%0A+     cloudLibrarySnapshotRef,%0A+     startupCookingResolvedRef,%0A+     startupPipelineStartedRef,%0A+     progressiveRevealRunRef,%0A+     setRevealedBeatIds,%0A+     setStartupCookingGate,%0A+     setLoading,%0A+     deferLibraryReloadIfUploading,%0A+   });%0A+%0A+   const { interruptedUploadNotices, dismissInterruptedUploadNotices } = useStartupBootstrap({%0A+     startupCachedBeatsRef,%0A+     cloudMetaSnapshotRef,%0A+     cloudLibrarySnapshotRef,%0A+     startupCookingResolvedRef,%0A+     startupPipelineStartedRef,%0A+     startupEnginePrimeReadyRef,%0A+     progressiveRevealRunRef,%0A+     setBeats,%0A+     setSettings,%0A+     setSetupDone,%0A+     setLoading,%0A+     setConnectionState,%0A+     setCloudSessionVerified,%0A+     setStartupCookingGate,%0A+     setRevealedBeatIds,%0A+     clearReconciledTrashRuntimeStates,%0A+     dismissStartupLoader: dismissBeatGalerStartupLoader,%0A+   });%0A+%0A+%0A+ useConnectivity({%0A+   setupDone,%0A+   setConnectionState,%0A+   setCloudSessionVerified,%0A+   setSettings,%0A+   setBeats,%0A+   cloudMetaSnapshotRef,%0A+   cloudLibrarySnapshotRef,%0A+   startupCookingResolvedRef,%0A+   startupPipelineStartedRef,%0A+   startupEnginePrimeReadyRef,%0A+   progressiveRevealRunRef,%0A+   clearReconciledTrashRuntimeStates,%0A+   clearPlaybackPreparation,%0A+   clearArtworkHydration,%0A+   setStartupCookingGate,%0A+ });%0A+%0A+   useCustomCursor(settings?.custom_cursor_enabled ?? true);%0A+%0A+%0A+%0A+ // BeatGaler synchronization remains push-based. SSE only notifies the app;%0A+ // the extracted owner verifies authority before hydrating library state.%0A+ useCloudLibraryEvents({%0A+   setupDone,%0A+   beatgalerUserId: settings?.beatgaler_user_id ?? null,%0A+   setConnectionState,%0A+   setCloudSessionVerified,%0A+   setSettings,%0A+   setBeats,%0A+   cloudMetaSnapshotRef,%0A+   cloudLibrarySnapshotRef,%0A+   visibleLibraryFingerprintRef,%0A+   startupCookingResolvedRef,%0A+   startupPipelineStartedRef,%0A+   startupEnginePrimeReadyRef,%0A+   progressiveRevealRunRef,%0A+   clearReconciledTrashRuntimeStates,%0A+   clearArtworkHydration,%0A+   clearPlaybackPreparation,%0A+   setStartupCookingGate,%0A+ });%0A+%0A+   useLibraryPresentationCache(%0A+     beats,%0A+     cloudSessionVerified,%0A+     settings,%0A+   );%0A+%0A+   useEffect(() => {%0A+     visibleLibraryFingerprintRef.current = libraryViewFingerprint(beats);%0A+     beatsLatestRef.current = beats;%0A+   }, [beats]);%0A+%0A+%0A+%0A+   // One-time recovery for a cloud-only library after Telegram login/startup.%0A+   // No timer, no permanent synchronization.%0A+   const beatGalerCloudRecoveryAttemptedRef = useRef(false);%0A+%0A+   const recoverTelegramLibraryOnceIfEmpty = useCallback(async () => {%0A+     if (beatGalerCloudRecoveryAttemptedRef.current) return;%0A+     if (beats.length !== 0) return;%0A+%0A+     beatGalerCloudRecoveryAttemptedRef.current = true;%0A+     try {%0A+       const restored = await libraryStateManager.reloadAuthoritative();%0A+       if (restored.length > 0) {%0A+         setBeats(current => current.length === 0 ? restored : current);%0A+       }%0A+     } catch (error) {%0A+       console.warn("Telegram library one-time recovery skipped:", error);%0A+     }%0A+   }, [beats.length]);%0A+%0A+   // IMPORTANT: an empty library is a valid, authoritative state (for example%0A+   // immediately after Remove All). Never infer "Telegram recovery" merely from%0A+   // beats.length === 0; doing so races the pending trash/index commit and can%0A+   // resurrect the just-removed cards with their artwork unloaded. Recovery is%0A+   // only allowed from explicit Telegram connection/startup flows below.%0A+%0A+   useEffect(() => {%0A+     const onTelegramConnected = (event: Event) => {%0A+       const detail = (event as CustomEvent<{ connected?: boolean; username?: string | null }>).detail;%0A+       if (!detail?.connected) return;%0A+%0A+       setSettings(current => current ? {%0A+         ...current,%0A+         telegram_cloud_connected: true,%0A+         telegram_cloud_username: detail.username ?? current.telegram_cloud_username ?? null,%0A+       } : current);%0A+%0A+       void recoverTelegramLibraryOnceIfEmpty();%0A+     };%0A+%0A+     window.addEventListener("beatgaler:telegram-connected", onTelegramConnected);%0A+     return () => window.removeEventListener("beatgaler:telegram-connected", onTelegramConnected);%0A+   }, [recoverTelegramLibraryOnceIfEmpty]);%0A+%0A+%0A+   const handleUploadTelegram = useCallback(async (beat: Beat) => {%0A+     if (rejectOfflineMutation("Uploading a beat")) return;%0A+     const existingCloudBeat = Boolean(beat.telegram_file_id);%0A+     transitionRuntime(beat.id, { type: existingCloudBeat ? "SYNC_QUEUE_UPDATE" : "SYNC_QUEUE_UPLOAD" }, beat);%0A+     transitionRuntime(beat.id, { type: existingCloudBeat ? "SYNC_UPDATE_STARTED" : "SYNC_UPLOAD_STARTED" }, beat);%0A+     try {%0A+       const updated = await uploadBeatToTelegram(beat);%0A+       await syncBeatMetadataToTelegram(updated);%0A+       transitionRuntime(updated.id, { type: existingCloudBeat ? "SYNC_UPDATE_SUCCEEDED" : "SYNC_UPLOAD_SUCCEEDED" }, updated);%0A+       setBeats(bs => bs.map(b => b.id === updated.id ? updated : b));%0A+     } catch (e: any) {%0A+       const message = sanitizeUserVisibleText(runtimeErrorMessage(e), "Cloud operation failed.");%0A+       if (existingCloudBeat && isRuntimeConflictError(e)) {%0A+         transitionRuntime(beat.id, { type: "SYNC_CONFLICT", message }, beat);%0A+       } else {%0A+         transitionRuntime(beat.id, { type: "SYNC_FAILED", code: "TELEGRAM_UPLOAD_FAILED", message, retryable: true }, beat);%0A+       }%0A+       await appAlert({%0A+         title: "Cloud upload failed",%0A+         message,%0A+         danger: true,%0A+       });%0A+     }%0A+   }, [rejectOfflineMutation, transitionRuntime]);%0A+%0A+   const handleDownloadTelegram = useCallback(async (_beat: Beat) => {%0A+     await appAlert({%0A+       title: "Cloud-only library",%0A+       message: "Files are fetched into temporary storage automatically when needed.",%0A+     });%0A+   }, []);%0A+%0A+%0A+   const handleEditBulk = useCallback(() => {%0A+     if (rejectOfflineMutation("Editing metadata")) return;%0A+     const firstSelected = beats.find(b => selectedIds.has(b.id));%0A+     if (firstSelected) setDrawer({ beat: firstSelected, mode: "edit" });%0A+   }, [beats, selectedIds, rejectOfflineMutation]);%0A+%0A+   const { deleteBeat, handleRemoveBulk, handleBeatRestored } = useTrashActions({%0A+     beats,%0A+     setBeats,%0A+     beatsLatestRef,%0A+     selectedIds,%0A+     clearSelection,%0A+     connectionState,%0A+     audioPlayingId: audio.playingId,%0A+     releaseFile,%0A+     beatRuntimeStatesRef,%0A+     transitionRuntime,%0A+     forgetRuntimeState,%0A+     cloudMetaSnapshotRef,%0A+     cloudLibrarySnapshotRef,%0A+     invalidateArtworkHydration,%0A+     ensureArtworkReady,%0A+   });%0A+%0A+   const addBeats = useCallback((newBeats: Beat[]) => {%0A+     setBeats(bs => {%0A+       const existing = new Set(bs.map(b => b.mp3_path));%0A+       const next = [...newBeats.filter(b => !existing.has(b.mp3_path)), ...bs];%0A+       beatsLatestRef.current = next;%0A+       return next;%0A+     });%0A+   }, []);%0A+%0A+   const addBeatsAndReview = useCallback((newBeats: Beat[]) => {%0A+     if (newBeats.length === 0) return;%0A+     if (connectionState !== "online") {%0A+       void appAlert({%0A+         title: "Internet connection required",%0A+         message: "BeatGaler does not import new beats while offline. Reconnect and import them again.",%0A+       });%0A+       void cleanupOrphanedDropStaging(beatsLatestRef.current);%0A+       return;%0A+     }%0A+     const sanitized = newBeats.map(beat => ({ ...beat, tags: cleanTags(beat.tags || []).tags }));%0A+%0A+     // Review candidates are NOT library beats yet.%0A+     // Keeping them out of `beats` means:%0A+     // 1) Cancel leaves absolutely nothing behind.%0A+     // 2) duplicate-name checks compare only against committed library items.%0A+     // 3) a re-dropped folder can never masquerade as an edit of the existing beat.%0A+     setShowAdd(false);%0A+     startReview(sanitized);%0A+     // Upload begins only after Review → Save.%0A+   }, [connectionState, startReview]);%0A+%0A+ const {%0A+   skipCurrentReviewBeat,%0A+   cancelReview,%0A+   handleReviewedBeatSaved,%0A+ } = useImportReview({%0A+   setBeats,%0A+   beatsLatestRef,%0A+   setReviewQueue,%0A+   skippedReviewSourceKeysRef,%0A+   cloudifyImportedBeats,%0A+   getQueuedBeatsSnapshot,%0A+   onCancelPendingWork: cancelPendingReviewWork,%0A+   releaseBeat: platform.capabilities.reviewBeatCloudCommit%0A+     ? beatId => platform.importer.releaseBeat(beatId)%0A+     : undefined,%0A+   discardBatch: batchId => discardImportReviewBatch(batchId),%0A+   cleanupStaging: protectedBeats => cleanupOrphanedDropStaging(protectedBeats),%0A+ });%0A+%0A+   const {%0A+     audioConflictBatch,%0A+     dropImportBatch,%0A+     resetImportResolutionState,%0A+     handleReviewedSaveAll,%0A+     cancelAudioConflicts,%0A+     resolveAudioConflicts,%0A+     closeImportDecisions,%0A+     importResolvedDecisions,%0A+   } = useImportSaveAll({%0A+     setBeats,%0A+     beatsLatestRef,%0A+     reviewQueue,%0A+     setReviewQueue,%0A+     reviewQueueLatestRef,%0A+     reviewBootstrap,%0A+     reviewPreparationDone,%0A+     reviewPreparationPromiseRef,%0A+     deferredImportBatch,%0A+     setDeferredImportBatch,%0A+     stagedImportPathsRef,%0A+     setDropImporting,%0A+     cloudifyImportedBeats,%0A+     addBeatsAndReview,%0A+   });%0A+%0A+   const { importDroppedBrowserFiles } = useBrowserImport({%0A+     dropImporting,%0A+     setDropImporting,%0A+     rejectOfflineMutation,%0A+     setDropActive,%0A+     setShowAdd,%0A+     setReviewQueue,%0A+     completeImmediateReviewPreparation,%0A+     resetImportResolutionState,%0A+   });%0A+%0A+   const updateExistingBeatFromFolder = useCallback(async (beat: Beat, folderPath: string): Promise<boolean> => {%0A+     if (rejectOfflineMutation("Updating beat files")) return true;%0A+     if (isBackupFolderPath(folderPath)) {%0A+       await appAlert({%0A+         title: "Backup folder skipped",%0A+         message: "BeatGaler keeps Backup/Backups folders out of PROJECT.zip so old project copies are not uploaded.",%0A+       });%0A+       return true;%0A+     }%0A+%0A+     const t = await import("./lib/tauri");%0A+%0A+     let preview;%0A+     try {%0A+       preview = await t.inspectBeatUpdateFolder(folderPath);%0A+     } catch {%0A+       return false;%0A+     }%0A+%0A+     let replaceMaster = false;%0A+     if (preview.has_mp3) {%0A+       const alreadyHasMaster = Boolean(beat.telegram_file_id) || Boolean(beat.mp3_path?.trim());%0A+       if (alreadyHasMaster) {%0A+         const incoming = preview.mp3_filename || "the incoming MP3";%0A+         const confirmed = window.confirm(%0A+           `Replace current MASTER for "${beat.name}"?\n\n` +%0A+           `${incoming} will become the new MASTER.\n` +%0A+           `Its BPM, key, tags, rating and artwork will replace the current metadata.\n\n` +%0A+           `WAV and project files from this folder will also be added or updated.`%0A+         );%0A+         if (!confirmed) return true;%0A+       }%0A+       replaceMaster = true;%0A+     }%0A+%0A+     setBeatCloudUpdateBusy(beat.id, true);%0A+     const runtime = beatRuntimeStatesRef.current[beat.id] ?? createBeatRuntimeState(beat);%0A+     if (runtime.sync_state === "synced") transitionRuntime(beat.id, { type: "SYNC_QUEUE_UPDATE" }, beat);%0A+     transitionRuntime(beat.id, { type: "SYNC_UPDATE_STARTED" }, beat);%0A+     try {%0A+       let updated = await t.mergeFolderIntoExistingBeat(beat, folderPath, replaceMaster);%0A+       setBeats(bs => bs.map(b => b.id === beat.id ? updated : b));%0A+%0A+       if (replaceMaster) {%0A+         updated = await t.uploadBeatToTelegram(updated);%0A+         setBeats(bs => bs.map(b => b.id === beat.id ? updated : b));%0A+       }%0A+%0A+       if (preview.has_wav && updated.wav_path) {%0A+         await t.uploadDroppedFileToTelegram(updated, updated.wav_path, "WAV");%0A+       }%0A+%0A+       if (preview.has_project_assets) {%0A+         await t.uploadProjectToTelegram(updated);%0A+       }%0A+%0A+       if (replaceMaster && updated.telegram_file_id) {%0A+         await t.syncBeatMetadataToTelegram(updated);%0A+       }%0A+%0A+       window.dispatchEvent(new CustomEvent("beatgaler:project-cloud-updated", { detail: { beatId: beat.id } }));%0A+       await libraryStateManager.commitSnapshot(beatsLatestRef.current.map(item => item.id === beat.id ? updated : item), "metadata-update");%0A+       transitionRuntime(beat.id, { type: "SYNC_UPDATE_SUCCEEDED" }, updated);%0A+       setBeats(bs => bs.map(b => b.id === beat.id ? updated : b));%0A+       return true;%0A+     } catch (error) {%0A+       console.error(error);%0A+       const message = sanitizeUserVisibleText(runtimeErrorMessage(error), "Cloud operation failed.");%0A+       if (isRuntimeConflictError(error)) transitionRuntime(beat.id, { type: "SYNC_CONFLICT", message }, beat);%0A+       else transitionRuntime(beat.id, { type: "SYNC_FAILED", code: "FOLDER_UPDATE_FAILED", message, retryable: true }, beat);%0A+       alert(`Could not update "${beat.name}" from the dropped folder: ${message}`);%0A+       return true;%0A+     } finally {%0A+       setBeatCloudUpdateBusy(beat.id, false);%0A+     }%0A+   }, [rejectOfflineMutation, transitionRuntime]);%0A+%0A+   const { commitDrawerCloudMutation } = useDrawerCloudPersistence({%0A+   beats,%0A+   browserCloudEditing: platform.capabilities.browserCloudEditing,%0A+   connectionState,%0A+   cloudSessionVerified,%0A+   beatsLatestRef,%0A+   beatRuntimeStatesRef,%0A+   transitionRuntime,%0A+   cloudMetaSnapshotRef,%0A+   cloudLibraryTimerRef,%0A+   cloudLibrarySnapshotRef,%0A+ });%0A+%0A+   // V7: INDEX writes are explicit transactions only.%0A+   // There is deliberately no generic "beats changed => rewrite Telegram" observer.%0A+   // Upload, metadata, Trash/Restore and project/file operations commit through%0A+   // libraryStateManager at their actual logical commit boundary. This prevents%0A+   // render/cache hydration from becoming an accidental cloud mutation.%0A+%0A+   const {%0A+     handleIncompleteWarningsChanged,%0A+     handleCustomCursorChanged,%0A+     handleFolderChanged,%0A+     handleDisconnectTelegramAccount,%0A+   } = useSessionActions({%0A+     setSettings,%0A+     setCloudSessionVerified,%0A+     logoutAccount: logoutBeatGalerAccount,%0A+     releaseFile,%0A+     progressiveRevealRunRef,%0A+     clearPlaybackPreparation,%0A+     clearArtworkHydration,%0A+     setRevealedBeatIds,%0A+     setBeats,%0A+     clearSelection,%0A+   });%0A+%0A+   const updateBeat = useCallback((updated: Beat) => {%0A+     if (updated.telegram_file_id && connectionState === "online") {%0A+       const runtime = beatRuntimeStatesRef.current[updated.id] ?? createBeatRuntimeState(updated);%0A+       if (runtime.sync_state === "synced") transitionRuntime(updated.id, { type: "SYNC_QUEUE_UPDATE" }, updated);%0A+     }%0A+     setBeats(bs => bs.map(b => b.id === updated.id ? updated : b));%0A+     if (drawer?.beat.id === updated.id) setDrawer(d => d ? { ...d, beat: updated } : null);%0A+   }, [connectionState, drawer, transitionRuntime]);%0A+%0A+%0A+%0A+   const handleDropArtwork = useCallback(async (beat: Beat, imageBase64: string) => {%0A+     if (rejectOfflineMutation("Changing artwork")) return;%0A+%0A+     const updated = { ...beat, image_base64: imageBase64, image_preview_base64: null };%0A+%0A+     if (platform.capabilities.browserCloudEditing) {%0A+       // Publish the browser-decoded artwork immediately, then commit it through%0A+       // the Web editor/Direct transport. No Tauri metadata path participates.%0A+       updateBeat(updated);%0A+       transitionRuntime(updated.id, { type: "SYNC_UPDATE_STARTED" }, updated);%0A+       try {%0A+         const committed = await platform.editor.commit(beat, updated, {});%0A+         setBeats(current => {%0A+           const next = current.map(item => item.id === committed.id ? committed : item);%0A+           beatsLatestRef.current = next;%0A+           return next;%0A+         });%0A+         setDrawer(current => current?.beat.id === committed.id ? { ...current, beat: committed } : current);%0A+         transitionRuntime(updated.id, { type: "SYNC_UPDATE_SUCCEEDED" }, committed);%0A+       } catch (error) {%0A+         const message = sanitizeUserVisibleText(runtimeErrorMessage(error), "Cloud operation failed.");%0A+         transitionRuntime(updated.id, { type: "SYNC_FAILED", code: "ARTWORK_SYNC_FAILED", message, retryable: true }, updated);%0A+         throw error;%0A+       }%0A+       return;%0A+     }%0A+%0A+     // Desktop keeps its existing native metadata/artwork transaction.%0A+     await saveBeatMeta({%0A+       mp3_path: beat.mp3_path,%0A+       wav_path: beat.wav_path,%0A+       bpm: beat.bpm,%0A+       key: beat.key,%0A+       tags: beat.tags,%0A+       rating: beat.rating,%0A+       image_base64: imageBase64,%0A+       update_filename: false,%0A+     });%0A+%0A+     updateBeat(updated);%0A+%0A+     if (updated.telegram_file_id && connectionState === "online") {%0A+       const runtime = beatRuntimeStatesRef.current[updated.id] ?? createBeatRuntimeState(updated);%0A+       if (runtime.sync_state === "synced") transitionRuntime(updated.id, { type: "SYNC_QUEUE_UPDATE" }, updated);%0A+       transitionRuntime(updated.id, { type: "SYNC_UPDATE_STARTED" }, updated);%0A+       try {%0A+         await syncBeatMetadataToTelegram(updated);%0A+         const indexSnapshot = beatsLatestRef.current.map(item => item.id === updated.id ? updated : item);%0A+         await libraryStateManager.commitSnapshot(indexSnapshot, "upload-batch");%0A+         if (cloudLibraryTimerRef.current) {%0A+           window.clearTimeout(cloudLibraryTimerRef.current);%0A+           cloudLibraryTimerRef.current = null;%0A+         }%0A+         cloudLibrarySnapshotRef.current = indexSnapshot%0A+           .filter(item => !!item.telegram_file_id)%0A+           .map(cloudBeatFingerprint)%0A+           .join("\u001c");%0A+         cloudMetaSnapshotRef.current?.set(updated.id, cloudBeatFingerprint(updated));%0A+         transitionRuntime(updated.id, { type: "SYNC_UPDATE_SUCCEEDED" }, updated);%0A+       } catch (error) {%0A+         const message = sanitizeUserVisibleText(runtimeErrorMessage(error), "Cloud operation failed.");%0A+         transitionRuntime(updated.id, { type: "SYNC_FAILED", code: "ARTWORK_SYNC_FAILED", message, retryable: true }, updated);%0A+         throw error;%0A+       }%0A+     }%0A+   }, [updateBeat, rejectOfflineMutation, connectionState, transitionRuntime]);%0A+%0A+%0A+   const {%0A+     runBeatCloudUpdate,%0A+     startMasterAssetUpdate,%0A+     startWavAssetUpdate,%0A+     handleBrowserBeatAssetDrop,%0A+   } = useBeatAssetUpdates({%0A+     rejectOfflineMutation,%0A+     setBeatFileDrop,%0A+     setBeatCloudUpdateBusy,%0A+     beatRuntimeStatesRef,%0A+     transitionRuntime,%0A+     beatsLatestRef,%0A+     cloudLibrarySnapshotRef,%0A+     setBeats,%0A+     setDrawer,%0A+     waitForUploadedBeatPlaybackReady,%0A+   });%0A+%0A+   const {%0A+     openableCloudProjectIds,%0A+     projectUpdateNotice,%0A+     dismissProjectUpdateNotice,%0A+     hasStoredProject,%0A+     startProjectAssetUpdate,%0A+     handleAutoProjectDrop,%0A+     handleBrowserProjectDrop,%0A+     handleUploadProjectTelegram,%0A+     handleOpenProject,%0A+     handleUpdateProject,%0A+   } = useBeatProjects({%0A+     beats,%0A+     connectionState,%0A+     rejectOfflineMutation,%0A+     transitionRuntime,%0A+     beatsLatestRef,%0A+     setBeats,%0A+     setDrawer,%0A+     runBeatCloudUpdate,%0A+     setBeatCloudUpdateBusy,%0A+   });%0A+%0A+   const handleDroppedBeatFileRole = useCallback(async (role: DroppedBeatFileRole) => {%0A+     if (!beatFileDrop) return;%0A+     const { beat, filePath } = beatFileDrop;%0A+     const ext = extensionFromPath(filePath);%0A+%0A+     if (role === "loop" || role === "stems") return;%0A+%0A+     if (role === "main") {%0A+       if (ext !== "mp3") return;%0A+       startMasterAssetUpdate(beat, filePath);%0A+       return;%0A+     }%0A+%0A+     if (role === "wav") {%0A+       if (ext !== "wav") return;%0A+       startWavAssetUpdate(beat, filePath);%0A+       return;%0A+     }%0A+%0A+     if (role === "projectFolder") {%0A+       const existing = await hasStoredProject(beat).catch(() => false);%0A+       if (!existing) {%0A+         await cleanupStagedDropPaths([filePath]).catch(() => {});%0A+         setBeatFileDrop(null);%0A+         await appAlert({%0A+           title: "Project file required",%0A+           message: "Add a .flp, .als, .logicx, .ptx/.ptf file or a valid PROJECT ZIP first. Then folders can be added to that PROJECT.zip using their original folder name.",%0A+         });%0A+         return;%0A+       }%0A+       startProjectAssetUpdate(beat, filePath, "projectFolder");%0A+     }%0A+   }, [beatFileDrop, hasStoredProject, startMasterAssetUpdate, startProjectAssetUpdate, startWavAssetUpdate]);%0A+%0A+%0A+   useHtmlLibraryDrop({%0A+     nativeDropAvailable: isTauriAvailable,%0A+     browserFileImport: platform.capabilities.browserFileImport,%0A+     reviewSkeletonEnabled: REVIEW_SKELETON_ENABLED,%0A+     beatsLatestRef,%0A+     setDropActive,%0A+     setBeatCloudUpdateBusy,%0A+     setBeatFileDrop,%0A+     setLibraryDropStaging,%0A+     handleDropArtwork,%0A+     handleAutoProjectDrop,%0A+     handleBrowserBeatAssetDrop,%0A+     handleBrowserProjectDrop,%0A+     importDroppedBrowserFiles,%0A+     importDroppedPaths,%0A+   });%0A+%0A+   useNativeLibraryDrop({%0A+     nativeDropAvailable: isTauriAvailable,%0A+     reviewSkeletonEnabled: REVIEW_SKELETON_ENABLED,%0A+     beatsLatestRef,%0A+     setDropActive,%0A+     setBeatCloudUpdateBusy,%0A+     setBeatFileDrop,%0A+     setLibraryDropStaging,%0A+     handleDropArtwork,%0A+     handleAutoProjectDrop,%0A+     importDroppedPaths,%0A+   });%0A+%0A+   const applyBulkUpdate = useCallback((updates: Partial<Beat>, options?: { tagsMode?: "add" | "replace" | "remove" }) => {%0A+     setBeats(bs => bs.map(b => {%0A+       if (!selectedIds.has(b.id)) return b;%0A+       if (!updates.tags) return { ...b, ...updates };%0A+%0A+       const normalizedInput = Array.from(new Set(%0A+         updates.tags.map(t => t.trim().toLowerCase()).filter(Boolean)%0A+       ));%0A+%0A+       if (options?.tagsMode === "replace") {%0A+         return { ...b, ...updates, tags: normalizedInput };%0A+       }%0A+%0A+       if (options?.tagsMode === "remove") {%0A+         const removeSet = new Set(normalizedInput);%0A+         const remainingTags = b.tags.filter(tag => !removeSet.has(tag.trim().toLowerCase()));%0A+         return { ...b, ...updates, tags: remainingTags };%0A+       }%0A+%0A+       const mergedTags = Array.from(new Set(%0A+         [...b.tags, ...normalizedInput].map(t => t.trim().toLowerCase()).filter(Boolean)%0A+       ));%0A+       return { ...b, ...updates, tags: mergedTags };%0A+     }));%0A+     clearSelection();%0A+   }, [selectedIds]);%0A+%0A+%0A+   const tagColors = useTagColors();%0A+%0A+ const handleTagClick = useCallback((tag: string, e: React.MouseEvent) => {%0A+   toggleTagFilter(tag, e.altKey ? "exclude" : "include");%0A+ }, [toggleTagFilter]);%0A+%0A+   const tagFrequency = useMemo(() => selectTagFrequency(beats), [beats]);%0A+   const allTags = useMemo(() => selectAllTags(beats, tagFrequency), [beats, tagFrequency]);%0A+   const tagSuggestions = useMemo(() => selectTagSuggestions(beats), [beats]);%0A+   const displayedBeats = filteredBeats.filter(beat => revealedBeatIds.has(beat.id));%0A+%0A+   const {%0A+     shuffleEnabled,%0A+     repeatMode,%0A+     showQueue,%0A+     queuedBeats,%0A+     addToQueue,%0A+     handleNext,%0A+     handlePrev,%0A+     closeQueue,%0A+     toggleQueue,%0A+     toggleShuffle,%0A+     cycleRepeat,%0A+     playQueueIndex,%0A+   } = usePlaybackQueue({%0A+     beats,%0A+     displayedBeats,%0A+     playingId: audio.playingId,%0A+     progress: audio.progress,%0A+     endedSeq: audio.endedSeq,%0A+     handlePlay,%0A+     seek,%0A+     releaseFile,%0A+   });%0A+%0A+   useAppShortcuts({%0A+     togglePauseRef,%0A+     clearSelection,%0A+     setDrawer,%0A+     setShowAdd,%0A+     setShowSettings,%0A+     closeQueue,%0A+     setShowUpload,%0A+   });%0A+%0A+%0A+%0A+   const currentBeat = beats.find(b => b.id === audio.playingId);%0A+   const selectedBeats = beats.filter(b => selectedIds.has(b.id));%0A+   const activeDragBeat = activeDragId ? beats.find(b => b.id === activeDragId) ?? null : null;%0A+%0A+   return <AppShell scope={{ Event, HTMLElement, REVIEW_SKELETON_ENABLED, activeDragBeat, addBeatsAndReview, addToQueue, allTags, applyBulkUpdate, audio, audioConflictBatch, backTagRename, backgroundUploadErrors, beatFileDrop, beats, cancelAudioConflicts, cancelReview, cancelTagRename, clearSelection, clearTagFilters, closeCloudFiles, closeImportDecisions, cloudDownloadNotice, cloudFiles, cloudFilesBeat, cloudFilesBusyId, cloudFilesDownloadError, cloudFilesDownloadedIds, cloudSessionVerified, commitDrawerCloudMutation, confirmTagRename, connectionState, continueTagRename, currentBeat, cycleRepeat, deferredLibraryReloadRef, deleteBeat, dismissDownloadError, dismissInterruptedUploadNotices, dismissProjectUpdateNotice, displayedBeats, drawer, dropActive, dropImportBatch, dropImporting, excludedTags, filteredBeats, finishSelection, handleBeatRestored, handleCloudFiles, handleCustomCursorChanged, handleDisconnectTelegramAccount, handleDownloadTelegram, handleDragCancel, handleDragEnd, handleDragStart, handleDroppedBeatFileRole, handleEditBulk, handleFolderChanged, handleGetCloudFile, handleIncompleteWarningsChanged, handleNext, handleOpenProject, handlePlay, handlePrev, handleRemoveBulk, handleReviewedBeatSaved, handleReviewedSaveAll, handleTagClick, handleToggleOffline, handleUpdateProject, handleUpload, handleUploadBulk, handleUploadProjectTelegram, handleUploadTelegram, handleWarm, importResolvedDecisions, includedTags, interruptedUploadNotices, libraryDropStaging, libraryRefreshing, loading, offlineBusyIds, openTagRename, openableCloudProjectIds, playQueueIndex, projectUpdateNotice, queuedBeats, rejectOfflineMutation, releaseFile, reloadLibrary, repeatMode, resolveAudioConflicts, retryBackgroundUpload, revealedBeatIds, reviewBootstrap, reviewQueue, search, seek, selectMode, selectedBeats, selectedIds, sensors, setBeatFileDrop, setDrawer, setSearch, setShowAdd, setShowSettings, setShowUpload, setSortBy, setTagColorMenu, setTagRenameNewTag, setVolume, settings, showAdd, showQueue, showSettings, showUpload, shuffleEnabled, skipCurrentReviewBeat, sortBy, startupCookingGate, tagColorMenu, tagColors, tagFrequency, tagRename, tagRenameAffectedCount, tagRenameBusy, tagRenameError, tagRenameMp3Count, tagRenameWavCount, tagSuggestions, togglePause, toggleQueue, toggleSelectAll, toggleSelection, toggleShuffle, updateBeat }} />;%0A+ }%0A+%0A+%0A+ export default function App() {%0A+   return platform.kind === "web"%0A+     ? <BeatGalerApp />%0A+     : <AccountGate><BeatGalerApp /></AccountGate>;%0A+ }%0A+%0A%0A ❯ tests/integration/appImportSaveAllExtraction.test.ts:64:17%0A%0A

::error file=/home/runner/work/BeatGaler/BeatGaler/tests/integration/appLibraryReloadExtraction.test.ts,title=tests/integration/appLibraryReloadExtraction.test.ts > task 9.2 library Reload extraction > keeps the existing refresh feedback and manual button behavior,line=74,column=17::AssertionError: expected 'import React, { useState, useCallback…' to contain 'disabled={loading || libraryRefreshin…'%0A%0A- Expected%0A+ Received%0A%0A- disabled={loading || libraryRefreshing}%0A+ import React, { useState, useCallback, useEffect, useRef, useMemo } from "react";%0A+ import type { Beat } from "./types";%0A+ import BeatCard from "./components/BeatCard";%0A+ import Drawer from "./components/Drawer";%0A+ import Player from "./components/Player";%0A+ import AddBeatModal from "./components/AddBeatModal";%0A+ import SettingsPanel from "./components/SettingsPanel";%0A+ import AccountGate, { logoutBeatGalerAccount } from "./components/AccountGate";%0A+ import UploadModal from "./components/UploadModal";%0A+ import JobStatusBar from "./components/JobStatusBar";%0A+ import { PlusIcon, Artwork } from "./components/ui";%0A+ import { useAudio } from "./hooks/useAudio";%0A+ import { loadLibrary, readBeatMeta, saveBeatMeta, discardImportReviewBatch, uploadBeatToTelegram, downloadBeatFromTelegram, prepareBeatForPlayback, warmBeatForPlayback, getDownloadCookingStatus, downloadCookingDiagnosticEvent, uploadProjectToTelegram, uploadDroppedFileToTelegram, downloadCloudFileToCache, downloadProjectToCache, revealInExplorer, syncBeatMetadataToTelegram, copyExportFile, copyAudioMetadata, prepareUniqueExportFolder, type CloudFileType, isTauriAvailable } from "./lib/tauri";%0A+ import { libraryStateManager } from "./lib/libraryStateManager";%0A+ import { platform } from "./platform";%0A+ import { DndContext, DragOverlay, closestCenter } from "@dnd-kit/core";%0A+ import { SortableContext, rectSortingStrategy } from "@dnd-kit/sortable";%0A+ import { appAlert, appConfirm } from "./lib/dialog";%0A+ import { sanitizeUserVisibleText } from "./lib/userVisibleError";%0A+ import { useTagColors, setTagColor } from "./lib/tagColors";%0A+ import { registerJob, updateJob } from "./lib/jobStore";%0A+ import { cleanTags } from "./lib/metadataValidation";%0A+ import { cleanupOrphanedDropStaging, cleanupStagedDropPaths } from "./features/dragdrop/dropStaging";%0A+ import CloudFilesModal from "./features/downloads/components/CloudFilesModal";%0A+ import { useBeatDownloads } from "./features/downloads/useBeatDownloads";%0A+ import BeatFileDropModal, { type DroppedBeatFileRole } from "./features/dragdrop/components/BeatFileDropModal";%0A+ import SearchBar from "./features/library/components/SearchBar";%0A+ import SortMenu from "./features/library/components/SortMenu";%0A+ import TagColorMenu from "./features/tags/components/TagColorMenu";%0A+ import { useArtworkHydration } from "./features/artwork/useArtworkHydration";%0A+ import { useCloudUploadQueue } from "./features/cloud/useCloudUploadQueue";%0A+ import ImportReviewHost, { ImportResolutionHost } from "./features/import/components/ImportReviewHost";%0A+ import { useImportSession } from "./features/import/useImportSession";%0A+ import { useImportReview } from "./features/import/useImportReview";%0A+ import { useImportDiscovery } from "./features/import/useImportDiscovery";%0A+ import { useImportSaveAll } from "./features/import/useImportSaveAll";%0A+ import { useBrowserImport } from "./features/import/useBrowserImport";%0A+ import { extensionFromPath, fileNameFromPath, isBackupFolderPath } from "./features/dragdrop/pathHelpers";%0A+ import { useHtmlLibraryDrop } from "./features/dragdrop/useHtmlLibraryDrop";%0A+ import { useNativeLibraryDrop } from "./features/dragdrop/useNativeLibraryDrop";%0A+ import { cloudBeatFingerprint, drawerMetadataCommitFingerprint, libraryViewFingerprint } from "./features/library/libraryFingerprints";%0A+ import { clearUploadPreviewCache, preserveLoadedArtwork } from "./features/library/libraryPresentationCache";%0A+ import { selectFilteredAndSortedBeats } from "./features/library/librarySelectors";%0A+ import { useLibraryViewState } from "./features/library/useLibraryViewState";%0A+ import { useLibraryReorder } from "./features/library/useLibraryReorder";%0A+ import { useBeatSelection } from "./features/selection/useBeatSelection";%0A+ import { selectAllTags, selectTagFrequency, selectTagSuggestions } from "./features/tags/tagSelectors";%0A+ import { useTagFilters } from "./features/tags/useTagFilters";%0A+ import { useTagRename } from "./features/tags/useTagRename";%0A+ import TagRenameDialog from "./features/tags/components/TagRenameDialog";%0A+ import { useLibraryPresentationCache, useLibraryState } from "./features/library/useLibraryState";%0A+ import { useLibraryReload } from "./features/library/useLibraryReload";%0A+ import { useStartupBootstrap } from "./features/startup/useStartupBootstrap";%0A+ import { useLibraryReveal } from "./features/startup/useLibraryReveal";%0A+ import { dismissBeatGalerStartupLoader } from "./features/startup/startupLoader";%0A+ import { useWebPlaybackSortRouting } from "./features/playback/useWebPlaybackSortRouting";%0A+ import { usePlaybackController } from "./features/playback/usePlaybackController";%0A+ import { usePlaybackQueue } from "./features/playback/usePlaybackQueue";%0A+ import { useDrawerCloudPersistence } from "./features/edit/useDrawerCloudPersistence";%0A+ import { useBeatAssetUpdates } from "./features/edit/useBeatAssetUpdates";%0A+ import { useBeatProjects } from "./features/projects/useBeatProjects";%0A+ import { useOfflineAvailability } from "./features/offline/useOfflineAvailability";%0A+ import { useTrashActions } from "./features/trash/useTrashActions";%0A+ import { useWebLibraryReconciled } from "./features/library/useWebLibraryReconciled";%0A+ import { createBeatRuntimeState } from "./features/state/beatRuntimeState";%0A+ import { useBeatRuntimeRegistry } from "./features/state/useBeatRuntimeRegistry";%0A+ import { useSessionState } from "./features/session/useSessionState";%0A+ import { useSessionActions } from "./features/session/useSessionActions";%0A+ import { useCustomCursor } from "./features/session/useCustomCursor";%0A+ import { useConnectivity } from "./features/session/useConnectivity";%0A+ import { useCloudLibraryEvents } from "./features/cloud/useCloudLibraryEvents";%0A+ import AppShell from "./app/AppShell";%0A+ import { useAppShortcuts } from "./app/useAppShortcuts";%0A+ import { usePublishingActions } from "./features/publishing/usePublishingActions";%0A+%0A+ // Intentionally isolated: if real-world timings prove the skeleton unnecessary,%0A+ // flipping/removing this one constant deletes the visual layer without touching%0A+ // the staged Review architecture underneath it.%0A+ const REVIEW_SKELETON_ENABLED = true;%0A+%0A+ const beatCloudUpdateBusyIds = new Set<string>();%0A+%0A+ function setBeatCloudUpdateBusy(beatId: string, active: boolean, success = false) {%0A+   if (active) beatCloudUpdateBusyIds.add(beatId);%0A+   else beatCloudUpdateBusyIds.delete(beatId);%0A+   window.dispatchEvent(new CustomEvent("beatgaler:beat-cloud-busy", {%0A+     detail: { beatId, active, success }%0A+   }));%0A+ }%0A+%0A+ function formatCloudBytes(bytes: number) {%0A+   if (!bytes) return "0 B";%0A+   const units = ["B", "KB", "MB", "GB"];%0A+   let n = bytes; let i = 0;%0A+   while (n >= 1024 && i < units.length - 1) { n /= 1024; i++; }%0A+   return `${n.toFixed(i === 0 ? 0 : 1)} ${units[i]}`;%0A+ }%0A+%0A+ function runtimeErrorMessage(error: unknown): string {%0A+   return error instanceof Error ? error.message : String(error);%0A+ }%0A+%0A+ function isRuntimeConflictError(error: unknown): boolean {%0A+   const message = runtimeErrorMessage(error).toLowerCase();%0A+   return message.includes("409") || message.includes("conflict") || message.includes("revision mismatch") || message.includes("version mismatch");%0A+ }%0A+%0A+ function BeatGalerApp() {%0A+   const {%0A+     beats,%0A+     setBeats,%0A+     beatsLatestRef,%0A+     startupCachedBeatsRef,%0A+     initialLoading,%0A+   } = useLibraryState();%0A+   const cloudMetaSnapshotRef = useRef<Map<string, string> | null>(null);%0A+   const cloudLibraryTimerRef = useRef<number | null>(null);%0A+   const cloudLibrarySnapshotRef = useRef<string | null>(null);%0A+   const visibleLibraryFingerprintRef = useRef<string>("");%0A+   const {%0A+     beatRuntimeStates,%0A+     beatRuntimeStatesRef,%0A+     transitionRuntime,%0A+     forgetRuntimeState,%0A+     clearReconciledTrashRuntimeStates,%0A+   } = useBeatRuntimeRegistry(beats, beatsLatestRef);%0A+   const stagedImportPathsRef = useRef<Map<string, string[]>>(new Map());%0A+   const [loading, setLoading] = useState(() => initialLoading);%0A+   const startupCookingResolvedRef = useRef(false);%0A+   const startupPipelineStartedRef = useRef(false);%0A+   const startupEnginePrimeReadyRef = useRef(false);%0A+   const handleArtworkHydratedFromNetwork = useCallback((next: Beat[], beatId: string) => {%0A+     const hydrated = next.find(item => item.id === beatId);%0A+     if (hydrated && cloudMetaSnapshotRef.current) {%0A+       cloudMetaSnapshotRef.current.set(beatId, cloudBeatFingerprint(hydrated));%0A+     }%0A+     if (cloudLibrarySnapshotRef.current !== null) {%0A+       cloudLibrarySnapshotRef.current = next%0A+         .filter(item => !!item.telegram_file_id)%0A+         .map(cloudBeatFingerprint)%0A+         .join("\u001c");%0A+     }%0A+   }, []);%0A+   const { ensureArtworkReady, clearArtworkHydration, invalidateArtworkHydration } = useArtworkHydration({%0A+     setBeats,%0A+     onNetworkHydrated: handleArtworkHydratedFromNetwork,%0A+   });%0A+   const { search, setSearch, sortBy, setSortBy } = useLibraryViewState();%0A+   const {%0A+     includedTags,%0A+     excludedTags,%0A+     clearTagFilters,%0A+     toggleTagFilter,%0A+     replaceTagFilter,%0A+   } = useTagFilters();%0A+   const filteredBeats = selectFilteredAndSortedBeats(%0A+     beats,%0A+     search,%0A+     includedTags,%0A+     excludedTags,%0A+     sortBy,%0A+   );%0A+%0A+   const [tagColorMenu, setTagColorMenu] = useState<{ tag: string; x: number; y: number } | null>(null);%0A+   const {%0A+     tagRename, tagRenameBusy, tagRenameError, affectedCount: tagRenameAffectedCount,%0A+     affectedMp3Count: tagRenameMp3Count, affectedWavCount: tagRenameWavCount,%0A+     openTagRename, setNewTag: setTagRenameNewTag, continueTagRename, backTagRename,%0A+     cancelTagRename, confirmTagRename,%0A+   } = useTagRename({ beats, setBeats, replaceTagFilter });%0A+   useWebPlaybackSortRouting(sortBy, beats, platform.kind === "web");%0A+   const onWebLibraryReconciled = useCallback((incoming: Beat[]) => {%0A+     setBeats(current => {%0A+       const next = preserveLoadedArtwork(incoming, current);%0A+       beatsLatestRef.current = next;%0A+       return next;%0A+     });%0A+   }, []);%0A+   useWebLibraryReconciled(platform.kind === "web", onWebLibraryReconciled);%0A+   const [drawer, setDrawer] = useState<{ beat: Beat; mode: "detail" | "edit" } | null>(null);%0A+   const [showAdd, setShowAdd] = useState(false);%0A+   const [dropActive, setDropActive] = useState(false);%0A+   const [dropImporting, setDropImporting] = useState(false);%0A+   // Covers the WebView2 staging window that happens BEFORE importDroppedPaths%0A+   // receives native paths. Without this state, the app can look frozen while%0A+   // large dropped files are being copied into drop-staging.%0A+   const [libraryDropStaging, setLibraryDropStaging] = useState(false);%0A+   const [beatFileDrop, setBeatFileDrop] = useState<{ beat: Beat; filePath: string; kind: "file" | "directory" } | null>(null);%0A+   const {%0A+     reviewQueue,%0A+     setReviewQueue,%0A+     reviewQueueLatestRef,%0A+     skippedReviewSourceKeysRef,%0A+     startReview,%0A+   } = useImportSession();%0A+   const [showSettings, setShowSettings] = useState(false);%0A+   const {%0A+     settings,%0A+     setSettings,%0A+     setupDone,%0A+     setSetupDone,%0A+     connectionState,%0A+     setConnectionState,%0A+     cloudSessionVerified,%0A+     setCloudSessionVerified,%0A+   } = useSessionState();%0A+   const {%0A+     startupCookingGate,%0A+     setStartupCookingGate,%0A+     revealedBeatIds,%0A+     setRevealedBeatIds,%0A+     progressiveRevealRunRef,%0A+   } = useLibraryReveal({%0A+     initialCachedBeats: startupCachedBeatsRef.current ?? [],%0A+     filteredBeats,%0A+     loading,%0A+     settings,%0A+     cloudSessionVerified,%0A+     connectionState,%0A+     ensureArtworkReady,%0A+     startupCookingResolvedRef,%0A+     startupPipelineStartedRef,%0A+     nativeParallelism: isTauriAvailable ? 6 : 1,%0A+   });%0A+   const {%0A+     cloudFilesBeat,%0A+     cloudFiles,%0A+     cloudFilesBusyId,%0A+     cloudFilesDownloadedIds,%0A+     cloudFilesDownloadError,%0A+     cloudDownloadNotice,%0A+     handleCloudFiles,%0A+     handleGetCloudFile,%0A+     closeCloudFiles,%0A+     dismissDownloadError,%0A+   } = useBeatDownloads({ connectionState, beatRuntimeStatesRef, transitionRuntime });%0A+%0A+   const {%0A+     selectedIds,%0A+     selectMode,%0A+     toggleSelection,%0A+     toggleSelectAll,%0A+     finishSelection,%0A+     clearSelection,%0A+   } = useBeatSelection(beats);%0A+   const {%0A+     sensors,%0A+     activeDragId,%0A+     handleDragStart,%0A+     handleDragEnd,%0A+     handleDragCancel,%0A+   } = useLibraryReorder({ sortBy, setSortBy, setBeats });%0A+   const { state: audio, play, togglePause, seek, setVolume, releaseFile } = useAudio();%0A+   const { clearPlaybackPreparation, ensureWarmPlaybackUrl, handlePlay, handleWarm, invalidatePlaybackPreparation, waitForUploadedBeatPlaybackReady } = usePlaybackController({%0A+     audio,%0A+     play,%0A+     beatsLatestRef,%0A+     beatRuntimeStatesRef,%0A+     transitionRuntime,%0A+     setBeats,%0A+     cloudSessionVerified,%0A+     connectionState,%0A+     isBeatCloudUpdateBusy: beatId => beatCloudUpdateBusyIds.has(beatId),%0A+   });%0A+   const { offlineBusyIds, handleToggleOffline } = useOfflineAvailability({%0A+     connectionState,%0A+     audioPlayingId: audio.playingId,%0A+     releaseFile,%0A+     invalidatePlaybackPreparation,%0A+     ensureWarmPlaybackUrl,%0A+     beatRuntimeStatesRef,%0A+     transitionRuntime,%0A+     setBeats,%0A+     setDrawer,%0A+     setRevealedBeatIds,%0A+   });%0A+%0A+   // Keep a ref to togglePause so the keydown handler never goes stale%0A+   const togglePauseRef = useRef(togglePause);%0A+   useEffect(() => { togglePauseRef.current = togglePause; }, [togglePause]);%0A+%0A+   const rejectOfflineMutation = useCallback((action: string): boolean => {%0A+     if (connectionState === "online") return false;%0A+     void appAlert({%0A+       title: connectionState === "offline" ? "Offline" : "Connection unavailable",%0A+       message: `${action} requires an internet connection. Offline mode is read-only except for moving beats to Trash.`,%0A+     });%0A+     return true;%0A+   }, [connectionState]);%0A+%0A+   const { showUpload, setShowUpload, handleUpload, handleUploadBulk } = usePublishingActions({%0A+     selectedIds,%0A+     rejectOfflineMutation,%0A+   });%0A+%0A+   const {%0A+     reviewBootstrap,%0A+     reviewPreparationDone,%0A+     reviewPreparationPromiseRef,%0A+     deferredImportBatch,%0A+     setDeferredImportBatch,%0A+     importDroppedPaths,%0A+     cancelPendingReviewWork,%0A+     completeImmediateReviewPreparation,%0A+   } = useImportDiscovery({%0A+     dropImporting,%0A+     setDropImporting,%0A+     rejectOfflineMutation,%0A+     setDropActive,%0A+     setShowAdd,%0A+     setReviewQueue,%0A+     skippedReviewSourceKeysRef,%0A+     stagedImportPathsRef,%0A+     skeletonEnabled: REVIEW_SKELETON_ENABLED,%0A+   });%0A+%0A+   const {%0A+     backgroundUploadErrors,%0A+     cloudifyImportedBeats,%0A+     retryBackgroundUpload,%0A+     getQueuedBeatsSnapshot,%0A+     deferLibraryReloadIfUploading,%0A+     deferredLibraryReloadRef,%0A+   } = useCloudUploadQueue({%0A+     settings,%0A+     setSettings,%0A+     setConnectionState,%0A+     setBeats,%0A+     beatsLatestRef,%0A+     beatRuntimeStatesRef,%0A+     transitionRuntime,%0A+     cloudLibrarySnapshotRef,%0A+     waitForUploadedBeatPlaybackReady,%0A+     rejectOfflineMutation,%0A+     isReviewActive: () => reviewQueueLatestRef.current !== null,%0A+     hasProtectedStaging: () => stagedImportPathsRef.current.size > 0,%0A+   });%0A+%0A+%0A+   const { libraryRefreshing, reloadLibrary } = useLibraryReload({%0A+     telegramCloudConnected: Boolean(settings?.telegram_cloud_connected),%0A+     beatsLatestRef,%0A+     setBeats,%0A+     setConnectionState,%0A+     setCloudSessionVerified,%0A+     cloudMetaSnapshotRef,%0A+     cloudLibrarySnapshotRef,%0A+     startupCookingResolvedRef,%0A+     startupPipelineStartedRef,%0A+     progressiveRevealRunRef,%0A+     setRevealedBeatIds,%0A+     setStartupCookingGate,%0A+     setLoading,%0A+     deferLibraryReloadIfUploading,%0A+   });%0A+%0A+   const { interruptedUploadNotices, dismissInterruptedUploadNotices } = useStartupBootstrap({%0A+     startupCachedBeatsRef,%0A+     cloudMetaSnapshotRef,%0A+     cloudLibrarySnapshotRef,%0A+     startupCookingResolvedRef,%0A+     startupPipelineStartedRef,%0A+     startupEnginePrimeReadyRef,%0A+     progressiveRevealRunRef,%0A+     setBeats,%0A+     setSettings,%0A+     setSetupDone,%0A+     setLoading,%0A+     setConnectionState,%0A+     setCloudSessionVerified,%0A+     setStartupCookingGate,%0A+     setRevealedBeatIds,%0A+     clearReconciledTrashRuntimeStates,%0A+     dismissStartupLoader: dismissBeatGalerStartupLoader,%0A+   });%0A+%0A+%0A+ useConnectivity({%0A+   setupDone,%0A+   setConnectionState,%0A+   setCloudSessionVerified,%0A+   setSettings,%0A+   setBeats,%0A+   cloudMetaSnapshotRef,%0A+   cloudLibrarySnapshotRef,%0A+   startupCookingResolvedRef,%0A+   startupPipelineStartedRef,%0A+   startupEnginePrimeReadyRef,%0A+   progressiveRevealRunRef,%0A+   clearReconciledTrashRuntimeStates,%0A+   clearPlaybackPreparation,%0A+   clearArtworkHydration,%0A+   setStartupCookingGate,%0A+ });%0A+%0A+   useCustomCursor(settings?.custom_cursor_enabled ?? true);%0A+%0A+%0A+%0A+ // BeatGaler synchronization remains push-based. SSE only notifies the app;%0A+ // the extracted owner verifies authority before hydrating library state.%0A+ useCloudLibraryEvents({%0A+   setupDone,%0A+   beatgalerUserId: settings?.beatgaler_user_id ?? null,%0A+   setConnectionState,%0A+   setCloudSessionVerified,%0A+   setSettings,%0A+   setBeats,%0A+   cloudMetaSnapshotRef,%0A+   cloudLibrarySnapshotRef,%0A+   visibleLibraryFingerprintRef,%0A+   startupCookingResolvedRef,%0A+   startupPipelineStartedRef,%0A+   startupEnginePrimeReadyRef,%0A+   progressiveRevealRunRef,%0A+   clearReconciledTrashRuntimeStates,%0A+   clearArtworkHydration,%0A+   clearPlaybackPreparation,%0A+   setStartupCookingGate,%0A+ });%0A+%0A+   useLibraryPresentationCache(%0A+     beats,%0A+     cloudSessionVerified,%0A+     settings,%0A+   );%0A+%0A+   useEffect(() => {%0A+     visibleLibraryFingerprintRef.current = libraryViewFingerprint(beats);%0A+     beatsLatestRef.current = beats;%0A+   }, [beats]);%0A+%0A+%0A+%0A+   // One-time recovery for a cloud-only library after Telegram login/startup.%0A+   // No timer, no permanent synchronization.%0A+   const beatGalerCloudRecoveryAttemptedRef = useRef(false);%0A+%0A+   const recoverTelegramLibraryOnceIfEmpty = useCallback(async () => {%0A+     if (beatGalerCloudRecoveryAttemptedRef.current) return;%0A+     if (beats.length !== 0) return;%0A+%0A+     beatGalerCloudRecoveryAttemptedRef.current = true;%0A+     try {%0A+       const restored = await libraryStateManager.reloadAuthoritative();%0A+       if (restored.length > 0) {%0A+         setBeats(current => current.length === 0 ? restored : current);%0A+       }%0A+     } catch (error) {%0A+       console.warn("Telegram library one-time recovery skipped:", error);%0A+     }%0A+   }, [beats.length]);%0A+%0A+   // IMPORTANT: an empty library is a valid, authoritative state (for example%0A+   // immediately after Remove All). Never infer "Telegram recovery" merely from%0A+   // beats.length === 0; doing so races the pending trash/index commit and can%0A+   // resurrect the just-removed cards with their artwork unloaded. Recovery is%0A+   // only allowed from explicit Telegram connection/startup flows below.%0A+%0A+   useEffect(() => {%0A+     const onTelegramConnected = (event: Event) => {%0A+       const detail = (event as CustomEvent<{ connected?: boolean; username?: string | null }>).detail;%0A+       if (!detail?.connected) return;%0A+%0A+       setSettings(current => current ? {%0A+         ...current,%0A+         telegram_cloud_connected: true,%0A+         telegram_cloud_username: detail.username ?? current.telegram_cloud_username ?? null,%0A+       } : current);%0A+%0A+       void recoverTelegramLibraryOnceIfEmpty();%0A+     };%0A+%0A+     window.addEventListener("beatgaler:telegram-connected", onTelegramConnected);%0A+     return () => window.removeEventListener("beatgaler:telegram-connected", onTelegramConnected);%0A+   }, [recoverTelegramLibraryOnceIfEmpty]);%0A+%0A+%0A+   const handleUploadTelegram = useCallback(async (beat: Beat) => {%0A+     if (rejectOfflineMutation("Uploading a beat")) return;%0A+     const existingCloudBeat = Boolean(beat.telegram_file_id);%0A+     transitionRuntime(beat.id, { type: existingCloudBeat ? "SYNC_QUEUE_UPDATE" : "SYNC_QUEUE_UPLOAD" }, beat);%0A+     transitionRuntime(beat.id, { type: existingCloudBeat ? "SYNC_UPDATE_STARTED" : "SYNC_UPLOAD_STARTED" }, beat);%0A+     try {%0A+       const updated = await uploadBeatToTelegram(beat);%0A+       await syncBeatMetadataToTelegram(updated);%0A+       transitionRuntime(updated.id, { type: existingCloudBeat ? "SYNC_UPDATE_SUCCEEDED" : "SYNC_UPLOAD_SUCCEEDED" }, updated);%0A+       setBeats(bs => bs.map(b => b.id === updated.id ? updated : b));%0A+     } catch (e: any) {%0A+       const message = sanitizeUserVisibleText(runtimeErrorMessage(e), "Cloud operation failed.");%0A+       if (existingCloudBeat && isRuntimeConflictError(e)) {%0A+         transitionRuntime(beat.id, { type: "SYNC_CONFLICT", message }, beat);%0A+       } else {%0A+         transitionRuntime(beat.id, { type: "SYNC_FAILED", code: "TELEGRAM_UPLOAD_FAILED", message, retryable: true }, beat);%0A+       }%0A+       await appAlert({%0A+         title: "Cloud upload failed",%0A+         message,%0A+         danger: true,%0A+       });%0A+     }%0A+   }, [rejectOfflineMutation, transitionRuntime]);%0A+%0A+   const handleDownloadTelegram = useCallback(async (_beat: Beat) => {%0A+     await appAlert({%0A+       title: "Cloud-only library",%0A+       message: "Files are fetched into temporary storage automatically when needed.",%0A+     });%0A+   }, []);%0A+%0A+%0A+   const handleEditBulk = useCallback(() => {%0A+     if (rejectOfflineMutation("Editing metadata")) return;%0A+     const firstSelected = beats.find(b => selectedIds.has(b.id));%0A+     if (firstSelected) setDrawer({ beat: firstSelected, mode: "edit" });%0A+   }, [beats, selectedIds, rejectOfflineMutation]);%0A+%0A+   const { deleteBeat, handleRemoveBulk, handleBeatRestored } = useTrashActions({%0A+     beats,%0A+     setBeats,%0A+     beatsLatestRef,%0A+     selectedIds,%0A+     clearSelection,%0A+     connectionState,%0A+     audioPlayingId: audio.playingId,%0A+     releaseFile,%0A+     beatRuntimeStatesRef,%0A+     transitionRuntime,%0A+     forgetRuntimeState,%0A+     cloudMetaSnapshotRef,%0A+     cloudLibrarySnapshotRef,%0A+     invalidateArtworkHydration,%0A+     ensureArtworkReady,%0A+   });%0A+%0A+   const addBeats = useCallback((newBeats: Beat[]) => {%0A+     setBeats(bs => {%0A+       const existing = new Set(bs.map(b => b.mp3_path));%0A+       const next = [...newBeats.filter(b => !existing.has(b.mp3_path)), ...bs];%0A+       beatsLatestRef.current = next;%0A+       return next;%0A+     });%0A+   }, []);%0A+%0A+   const addBeatsAndReview = useCallback((newBeats: Beat[]) => {%0A+     if (newBeats.length === 0) return;%0A+     if (connectionState !== "online") {%0A+       void appAlert({%0A+         title: "Internet connection required",%0A+         message: "BeatGaler does not import new beats while offline. Reconnect and import them again.",%0A+       });%0A+       void cleanupOrphanedDropStaging(beatsLatestRef.current);%0A+       return;%0A+     }%0A+     const sanitized = newBeats.map(beat => ({ ...beat, tags: cleanTags(beat.tags || []).tags }));%0A+%0A+     // Review candidates are NOT library beats yet.%0A+     // Keeping them out of `beats` means:%0A+     // 1) Cancel leaves absolutely nothing behind.%0A+     // 2) duplicate-name checks compare only against committed library items.%0A+     // 3) a re-dropped folder can never masquerade as an edit of the existing beat.%0A+     setShowAdd(false);%0A+     startReview(sanitized);%0A+     // Upload begins only after Review → Save.%0A+   }, [connectionState, startReview]);%0A+%0A+ const {%0A+   skipCurrentReviewBeat,%0A+   cancelReview,%0A+   handleReviewedBeatSaved,%0A+ } = useImportReview({%0A+   setBeats,%0A+   beatsLatestRef,%0A+   setReviewQueue,%0A+   skippedReviewSourceKeysRef,%0A+   cloudifyImportedBeats,%0A+   getQueuedBeatsSnapshot,%0A+   onCancelPendingWork: cancelPendingReviewWork,%0A+   releaseBeat: platform.capabilities.reviewBeatCloudCommit%0A+     ? beatId => platform.importer.releaseBeat(beatId)%0A+     : undefined,%0A+   discardBatch: batchId => discardImportReviewBatch(batchId),%0A+   cleanupStaging: protectedBeats => cleanupOrphanedDropStaging(protectedBeats),%0A+ });%0A+%0A+   const {%0A+     audioConflictBatch,%0A+     dropImportBatch,%0A+     resetImportResolutionState,%0A+     handleReviewedSaveAll,%0A+     cancelAudioConflicts,%0A+     resolveAudioConflicts,%0A+     closeImportDecisions,%0A+     importResolvedDecisions,%0A+   } = useImportSaveAll({%0A+     setBeats,%0A+     beatsLatestRef,%0A+     reviewQueue,%0A+     setReviewQueue,%0A+     reviewQueueLatestRef,%0A+     reviewBootstrap,%0A+     reviewPreparationDone,%0A+     reviewPreparationPromiseRef,%0A+     deferredImportBatch,%0A+     setDeferredImportBatch,%0A+     stagedImportPathsRef,%0A+     setDropImporting,%0A+     cloudifyImportedBeats,%0A+     addBeatsAndReview,%0A+   });%0A+%0A+   const { importDroppedBrowserFiles } = useBrowserImport({%0A+     dropImporting,%0A+     setDropImporting,%0A+     rejectOfflineMutation,%0A+     setDropActive,%0A+     setShowAdd,%0A+     setReviewQueue,%0A+     completeImmediateReviewPreparation,%0A+     resetImportResolutionState,%0A+   });%0A+%0A+   const updateExistingBeatFromFolder = useCallback(async (beat: Beat, folderPath: string): Promise<boolean> => {%0A+     if (rejectOfflineMutation("Updating beat files")) return true;%0A+     if (isBackupFolderPath(folderPath)) {%0A+       await appAlert({%0A+         title: "Backup folder skipped",%0A+         message: "BeatGaler keeps Backup/Backups folders out of PROJECT.zip so old project copies are not uploaded.",%0A+       });%0A+       return true;%0A+     }%0A+%0A+     const t = await import("./lib/tauri");%0A+%0A+     let preview;%0A+     try {%0A+       preview = await t.inspectBeatUpdateFolder(folderPath);%0A+     } catch {%0A+       return false;%0A+     }%0A+%0A+     let replaceMaster = false;%0A+     if (preview.has_mp3) {%0A+       const alreadyHasMaster = Boolean(beat.telegram_file_id) || Boolean(beat.mp3_path?.trim());%0A+       if (alreadyHasMaster) {%0A+         const incoming = preview.mp3_filename || "the incoming MP3";%0A+         const confirmed = window.confirm(%0A+           `Replace current MASTER for "${beat.name}"?\n\n` +%0A+           `${incoming} will become the new MASTER.\n` +%0A+           `Its BPM, key, tags, rating and artwork will replace the current metadata.\n\n` +%0A+           `WAV and project files from this folder will also be added or updated.`%0A+         );%0A+         if (!confirmed) return true;%0A+       }%0A+       replaceMaster = true;%0A+     }%0A+%0A+     setBeatCloudUpdateBusy(beat.id, true);%0A+     const runtime = beatRuntimeStatesRef.current[beat.id] ?? createBeatRuntimeState(beat);%0A+     if (runtime.sync_state === "synced") transitionRuntime(beat.id, { type: "SYNC_QUEUE_UPDATE" }, beat);%0A+     transitionRuntime(beat.id, { type: "SYNC_UPDATE_STARTED" }, beat);%0A+     try {%0A+       let updated = await t.mergeFolderIntoExistingBeat(beat, folderPath, replaceMaster);%0A+       setBeats(bs => bs.map(b => b.id === beat.id ? updated : b));%0A+%0A+       if (replaceMaster) {%0A+         updated = await t.uploadBeatToTelegram(updated);%0A+         setBeats(bs => bs.map(b => b.id === beat.id ? updated : b));%0A+       }%0A+%0A+       if (preview.has_wav && updated.wav_path) {%0A+         await t.uploadDroppedFileToTelegram(updated, updated.wav_path, "WAV");%0A+       }%0A+%0A+       if (preview.has_project_assets) {%0A+         await t.uploadProjectToTelegram(updated);%0A+       }%0A+%0A+       if (replaceMaster && updated.telegram_file_id) {%0A+         await t.syncBeatMetadataToTelegram(updated);%0A+       }%0A+%0A+       window.dispatchEvent(new CustomEvent("beatgaler:project-cloud-updated", { detail: { beatId: beat.id } }));%0A+       await libraryStateManager.commitSnapshot(beatsLatestRef.current.map(item => item.id === beat.id ? updated : item), "metadata-update");%0A+       transitionRuntime(beat.id, { type: "SYNC_UPDATE_SUCCEEDED" }, updated);%0A+       setBeats(bs => bs.map(b => b.id === beat.id ? updated : b));%0A+       return true;%0A+     } catch (error) {%0A+       console.error(error);%0A+       const message = sanitizeUserVisibleText(runtimeErrorMessage(error), "Cloud operation failed.");%0A+       if (isRuntimeConflictError(error)) transitionRuntime(beat.id, { type: "SYNC_CONFLICT", message }, beat);%0A+       else transitionRuntime(beat.id, { type: "SYNC_FAILED", code: "FOLDER_UPDATE_FAILED", message, retryable: true }, beat);%0A+       alert(`Could not update "${beat.name}" from the dropped folder: ${message}`);%0A+       return true;%0A+     } finally {%0A+       setBeatCloudUpdateBusy(beat.id, false);%0A+     }%0A+   }, [rejectOfflineMutation, transitionRuntime]);%0A+%0A+   const { commitDrawerCloudMutation } = useDrawerCloudPersistence({%0A+   beats,%0A+   browserCloudEditing: platform.capabilities.browserCloudEditing,%0A+   connectionState,%0A+   cloudSessionVerified,%0A+   beatsLatestRef,%0A+   beatRuntimeStatesRef,%0A+   transitionRuntime,%0A+   cloudMetaSnapshotRef,%0A+   cloudLibraryTimerRef,%0A+   cloudLibrarySnapshotRef,%0A+ });%0A+%0A+   // V7: INDEX writes are explicit transactions only.%0A+   // There is deliberately no generic "beats changed => rewrite Telegram" observer.%0A+   // Upload, metadata, Trash/Restore and project/file operations commit through%0A+   // libraryStateManager at their actual logical commit boundary. This prevents%0A+   // render/cache hydration from becoming an accidental cloud mutation.%0A+%0A+   const {%0A+     handleIncompleteWarningsChanged,%0A+     handleCustomCursorChanged,%0A+     handleFolderChanged,%0A+     handleDisconnectTelegramAccount,%0A+   } = useSessionActions({%0A+     setSettings,%0A+     setCloudSessionVerified,%0A+     logoutAccount: logoutBeatGalerAccount,%0A+     releaseFile,%0A+     progressiveRevealRunRef,%0A+     clearPlaybackPreparation,%0A+     clearArtworkHydration,%0A+     setRevealedBeatIds,%0A+     setBeats,%0A+     clearSelection,%0A+   });%0A+%0A+   const updateBeat = useCallback((updated: Beat) => {%0A+     if (updated.telegram_file_id && connectionState === "online") {%0A+       const runtime = beatRuntimeStatesRef.current[updated.id] ?? createBeatRuntimeState(updated);%0A+       if (runtime.sync_state === "synced") transitionRuntime(updated.id, { type: "SYNC_QUEUE_UPDATE" }, updated);%0A+     }%0A+     setBeats(bs => bs.map(b => b.id === updated.id ? updated : b));%0A+     if (drawer?.beat.id === updated.id) setDrawer(d => d ? { ...d, beat: updated } : null);%0A+   }, [connectionState, drawer, transitionRuntime]);%0A+%0A+%0A+%0A+   const handleDropArtwork = useCallback(async (beat: Beat, imageBase64: string) => {%0A+     if (rejectOfflineMutation("Changing artwork")) return;%0A+%0A+     const updated = { ...beat, image_base64: imageBase64, image_preview_base64: null };%0A+%0A+     if (platform.capabilities.browserCloudEditing) {%0A+       // Publish the browser-decoded artwork immediately, then commit it through%0A+       // the Web editor/Direct transport. No Tauri metadata path participates.%0A+       updateBeat(updated);%0A+       transitionRuntime(updated.id, { type: "SYNC_UPDATE_STARTED" }, updated);%0A+       try {%0A+         const committed = await platform.editor.commit(beat, updated, {});%0A+         setBeats(current => {%0A+           const next = current.map(item => item.id === committed.id ? committed : item);%0A+           beatsLatestRef.current = next;%0A+           return next;%0A+         });%0A+         setDrawer(current => current?.beat.id === committed.id ? { ...current, beat: committed } : current);%0A+         transitionRuntime(updated.id, { type: "SYNC_UPDATE_SUCCEEDED" }, committed);%0A+       } catch (error) {%0A+         const message = sanitizeUserVisibleText(runtimeErrorMessage(error), "Cloud operation failed.");%0A+         transitionRuntime(updated.id, { type: "SYNC_FAILED", code: "ARTWORK_SYNC_FAILED", message, retryable: true }, updated);%0A+         throw error;%0A+       }%0A+       return;%0A+     }%0A+%0A+     // Desktop keeps its existing native metadata/artwork transaction.%0A+     await saveBeatMeta({%0A+       mp3_path: beat.mp3_path,%0A+       wav_path: beat.wav_path,%0A+       bpm: beat.bpm,%0A+       key: beat.key,%0A+       tags: beat.tags,%0A+       rating: beat.rating,%0A+       image_base64: imageBase64,%0A+       update_filename: false,%0A+     });%0A+%0A+     updateBeat(updated);%0A+%0A+     if (updated.telegram_file_id && connectionState === "online") {%0A+       const runtime = beatRuntimeStatesRef.current[updated.id] ?? createBeatRuntimeState(updated);%0A+       if (runtime.sync_state === "synced") transitionRuntime(updated.id, { type: "SYNC_QUEUE_UPDATE" }, updated);%0A+       transitionRuntime(updated.id, { type: "SYNC_UPDATE_STARTED" }, updated);%0A+       try {%0A+         await syncBeatMetadataToTelegram(updated);%0A+         const indexSnapshot = beatsLatestRef.current.map(item => item.id === updated.id ? updated : item);%0A+         await libraryStateManager.commitSnapshot(indexSnapshot, "upload-batch");%0A+         if (cloudLibraryTimerRef.current) {%0A+           window.clearTimeout(cloudLibraryTimerRef.current);%0A+           cloudLibraryTimerRef.current = null;%0A+         }%0A+         cloudLibrarySnapshotRef.current = indexSnapshot%0A+           .filter(item => !!item.telegram_file_id)%0A+           .map(cloudBeatFingerprint)%0A+           .join("\u001c");%0A+         cloudMetaSnapshotRef.current?.set(updated.id, cloudBeatFingerprint(updated));%0A+         transitionRuntime(updated.id, { type: "SYNC_UPDATE_SUCCEEDED" }, updated);%0A+       } catch (error) {%0A+         const message = sanitizeUserVisibleText(runtimeErrorMessage(error), "Cloud operation failed.");%0A+         transitionRuntime(updated.id, { type: "SYNC_FAILED", code: "ARTWORK_SYNC_FAILED", message, retryable: true }, updated);%0A+         throw error;%0A+       }%0A+     }%0A+   }, [updateBeat, rejectOfflineMutation, connectionState, transitionRuntime]);%0A+%0A+%0A+   const {%0A+     runBeatCloudUpdate,%0A+     startMasterAssetUpdate,%0A+     startWavAssetUpdate,%0A+     handleBrowserBeatAssetDrop,%0A+   } = useBeatAssetUpdates({%0A+     rejectOfflineMutation,%0A+     setBeatFileDrop,%0A+     setBeatCloudUpdateBusy,%0A+     beatRuntimeStatesRef,%0A+     transitionRuntime,%0A+     beatsLatestRef,%0A+     cloudLibrarySnapshotRef,%0A+     setBeats,%0A+     setDrawer,%0A+     waitForUploadedBeatPlaybackReady,%0A+   });%0A+%0A+   const {%0A+     openableCloudProjectIds,%0A+     projectUpdateNotice,%0A+     dismissProjectUpdateNotice,%0A+     hasStoredProject,%0A+     startProjectAssetUpdate,%0A+     handleAutoProjectDrop,%0A+     handleBrowserProjectDrop,%0A+     handleUploadProjectTelegram,%0A+     handleOpenProject,%0A+     handleUpdateProject,%0A+   } = useBeatProjects({%0A+     beats,%0A+     connectionState,%0A+     rejectOfflineMutation,%0A+     transitionRuntime,%0A+     beatsLatestRef,%0A+     setBeats,%0A+     setDrawer,%0A+     runBeatCloudUpdate,%0A+     setBeatCloudUpdateBusy,%0A+   });%0A+%0A+   const handleDroppedBeatFileRole = useCallback(async (role: DroppedBeatFileRole) => {%0A+     if (!beatFileDrop) return;%0A+     const { beat, filePath } = beatFileDrop;%0A+     const ext = extensionFromPath(filePath);%0A+%0A+     if (role === "loop" || role === "stems") return;%0A+%0A+     if (role === "main") {%0A+       if (ext !== "mp3") return;%0A+       startMasterAssetUpdate(beat, filePath);%0A+       return;%0A+     }%0A+%0A+     if (role === "wav") {%0A+       if (ext !== "wav") return;%0A+       startWavAssetUpdate(beat, filePath);%0A+       return;%0A+     }%0A+%0A+     if (role === "projectFolder") {%0A+       const existing = await hasStoredProject(beat).catch(() => false);%0A+       if (!existing) {%0A+         await cleanupStagedDropPaths([filePath]).catch(() => {});%0A+         setBeatFileDrop(null);%0A+         await appAlert({%0A+           title: "Project file required",%0A+           message: "Add a .flp, .als, .logicx, .ptx/.ptf file or a valid PROJECT ZIP first. Then folders can be added to that PROJECT.zip using their original folder name.",%0A+         });%0A+         return;%0A+       }%0A+       startProjectAssetUpdate(beat, filePath, "projectFolder");%0A+     }%0A+   }, [beatFileDrop, hasStoredProject, startMasterAssetUpdate, startProjectAssetUpdate, startWavAssetUpdate]);%0A+%0A+%0A+   useHtmlLibraryDrop({%0A+     nativeDropAvailable: isTauriAvailable,%0A+     browserFileImport: platform.capabilities.browserFileImport,%0A+     reviewSkeletonEnabled: REVIEW_SKELETON_ENABLED,%0A+     beatsLatestRef,%0A+     setDropActive,%0A+     setBeatCloudUpdateBusy,%0A+     setBeatFileDrop,%0A+     setLibraryDropStaging,%0A+     handleDropArtwork,%0A+     handleAutoProjectDrop,%0A+     handleBrowserBeatAssetDrop,%0A+     handleBrowserProjectDrop,%0A+     importDroppedBrowserFiles,%0A+     importDroppedPaths,%0A+   });%0A+%0A+   useNativeLibraryDrop({%0A+     nativeDropAvailable: isTauriAvailable,%0A+     reviewSkeletonEnabled: REVIEW_SKELETON_ENABLED,%0A+     beatsLatestRef,%0A+     setDropActive,%0A+     setBeatCloudUpdateBusy,%0A+     setBeatFileDrop,%0A+     setLibraryDropStaging,%0A+     handleDropArtwork,%0A+     handleAutoProjectDrop,%0A+     importDroppedPaths,%0A+   });%0A+%0A+   const applyBulkUpdate = useCallback((updates: Partial<Beat>, options?: { tagsMode?: "add" | "replace" | "remove" }) => {%0A+     setBeats(bs => bs.map(b => {%0A+       if (!selectedIds.has(b.id)) return b;%0A+       if (!updates.tags) return { ...b, ...updates };%0A+%0A+       const normalizedInput = Array.from(new Set(%0A+         updates.tags.map(t => t.trim().toLowerCase()).filter(Boolean)%0A+       ));%0A+%0A+       if (options?.tagsMode === "replace") {%0A+         return { ...b, ...updates, tags: normalizedInput };%0A+       }%0A+%0A+       if (options?.tagsMode === "remove") {%0A+         const removeSet = new Set(normalizedInput);%0A+         const remainingTags = b.tags.filter(tag => !removeSet.has(tag.trim().toLowerCase()));%0A+         return { ...b, ...updates, tags: remainingTags };%0A+       }%0A+%0A+       const mergedTags = Array.from(new Set(%0A+         [...b.tags, ...normalizedInput].map(t => t.trim().toLowerCase()).filter(Boolean)%0A+       ));%0A+       return { ...b, ...updates, tags: mergedTags };%0A+     }));%0A+     clearSelection();%0A+   }, [selectedIds]);%0A+%0A+%0A+   const tagColors = useTagColors();%0A+%0A+ const handleTagClick = useCallback((tag: string, e: React.MouseEvent) => {%0A+   toggleTagFilter(tag, e.altKey ? "exclude" : "include");%0A+ }, [toggleTagFilter]);%0A+%0A+   const tagFrequency = useMemo(() => selectTagFrequency(beats), [beats]);%0A+   const allTags = useMemo(() => selectAllTags(beats, tagFrequency), [beats, tagFrequency]);%0A+   const tagSuggestions = useMemo(() => selectTagSuggestions(beats), [beats]);%0A+   const displayedBeats = filteredBeats.filter(beat => revealedBeatIds.has(beat.id));%0A+%0A+   const {%0A+     shuffleEnabled,%0A+     repeatMode,%0A+     showQueue,%0A+     queuedBeats,%0A+     addToQueue,%0A+     handleNext,%0A+     handlePrev,%0A+     closeQueue,%0A+     toggleQueue,%0A+     toggleShuffle,%0A+     cycleRepeat,%0A+     playQueueIndex,%0A+   } = usePlaybackQueue({%0A+     beats,%0A+     displayedBeats,%0A+     playingId: audio.playingId,%0A+     progress: audio.progress,%0A+     endedSeq: audio.endedSeq,%0A+     handlePlay,%0A+     seek,%0A+     releaseFile,%0A+   });%0A+%0A+   useAppShortcuts({%0A+     togglePauseRef,%0A+     clearSelection,%0A+     setDrawer,%0A+     setShowAdd,%0A+     setShowSettings,%0A+     closeQueue,%0A+     setShowUpload,%0A+   });%0A+%0A+%0A+%0A+   const currentBeat = beats.find(b => b.id === audio.playingId);%0A+   const selectedBeats = beats.filter(b => selectedIds.has(b.id));%0A+   const activeDragBeat = activeDragId ? beats.find(b => b.id === activeDragId) ?? null : null;%0A+%0A+   return <AppShell scope={{ Event, HTMLElement, REVIEW_SKELETON_ENABLED, activeDragBeat, addBeatsAndReview, addToQueue, allTags, applyBulkUpdate, audio, audioConflictBatch, backTagRename, backgroundUploadErrors, beatFileDrop, beats, cancelAudioConflicts, cancelReview, cancelTagRename, clearSelection, clearTagFilters, closeCloudFiles, closeImportDecisions, cloudDownloadNotice, cloudFiles, cloudFilesBeat, cloudFilesBusyId, cloudFilesDownloadError, cloudFilesDownloadedIds, cloudSessionVerified, commitDrawerCloudMutation, confirmTagRename, connectionState, continueTagRename, currentBeat, cycleRepeat, deferredLibraryReloadRef, deleteBeat, dismissDownloadError, dismissInterruptedUploadNotices, dismissProjectUpdateNotice, displayedBeats, drawer, dropActive, dropImportBatch, dropImporting, excludedTags, filteredBeats, finishSelection, handleBeatRestored, handleCloudFiles, handleCustomCursorChanged, handleDisconnectTelegramAccount, handleDownloadTelegram, handleDragCancel, handleDragEnd, handleDragStart, handleDroppedBeatFileRole, handleEditBulk, handleFolderChanged, handleGetCloudFile, handleIncompleteWarningsChanged, handleNext, handleOpenProject, handlePlay, handlePrev, handleRemoveBulk, handleReviewedBeatSaved, handleReviewedSaveAll, handleTagClick, handleToggleOffline, handleUpdateProject, handleUpload, handleUploadBulk, handleUploadProjectTelegram, handleUploadTelegram, handleWarm, importResolvedDecisions, includedTags, interruptedUploadNotices, libraryDropStaging, libraryRefreshing, loading, offlineBusyIds, openTagRename, openableCloudProjectIds, playQueueIndex, projectUpdateNotice, queuedBeats, rejectOfflineMutation, releaseFile, reloadLibrary, repeatMode, resolveAudioConflicts, retryBackgroundUpload, revealedBeatIds, reviewBootstrap, reviewQueue, search, seek, selectMode, selectedBeats, selectedIds, sensors, setBeatFileDrop, setDrawer, setSearch, setShowAdd, setShowSettings, setShowUpload, setSortBy, setTagColorMenu, setTagRenameNewTag, setVolume, settings, showAdd, showQueue, showSettings, showUpload, shuffleEnabled, skipCurrentReviewBeat, sortBy, startupCookingGate, tagColorMenu, tagColors, tagFrequency, tagRename, tagRenameAffectedCount, tagRenameBusy, tagRenameError, tagRenameMp3Count, tagRenameWavCount, tagSuggestions, togglePause, toggleQueue, toggleSelectAll, toggleSelection, toggleShuffle, updateBeat }} />;%0A+ }%0A+%0A+%0A+ export default function App() {%0A+   return platform.kind === "web"%0A+     ? <BeatGalerApp />%0A+     : <AccountGate><BeatGalerApp /></AccountGate>;%0A+ }%0A+%0A%0A ❯ tests/integration/appLibraryReloadExtraction.test.ts:74:17%0A%0A

::error file=/home/runner/work/BeatGaler/BeatGaler/tests/integration/appMigrationCharacterization.test.ts,title=tests/integration/appMigrationCharacterization.test.ts > App migration characterization contracts > keeps Review candidates outside the library until Save and preserves Skip versus Cancel,line=127,column=17::AssertionError: expected 'import React, { useState, useCallback…' to contain '<ImportReviewHost'%0A%0A- Expected%0A+ Received%0A%0A- <ImportReviewHost%0A+ import React, { useState, useCallback, useEffect, useRef, useMemo } from "react";%0A+ import type { Beat } from "./types";%0A+ import BeatCard from "./components/BeatCard";%0A+ import Drawer from "./components/Drawer";%0A+ import Player from "./components/Player";%0A+ import AddBeatModal from "./components/AddBeatModal";%0A+ import SettingsPanel from "./components/SettingsPanel";%0A+ import AccountGate, { logoutBeatGalerAccount } from "./components/AccountGate";%0A+ import UploadModal from "./components/UploadModal";%0A+ import JobStatusBar from "./components/JobStatusBar";%0A+ import { PlusIcon, Artwork } from "./components/ui";%0A+ import { useAudio } from "./hooks/useAudio";%0A+ import { loadLibrary, readBeatMeta, saveBeatMeta, discardImportReviewBatch, uploadBeatToTelegram, downloadBeatFromTelegram, prepareBeatForPlayback, warmBeatForPlayback, getDownloadCookingStatus, downloadCookingDiagnosticEvent, uploadProjectToTelegram, uploadDroppedFileToTelegram, downloadCloudFileToCache, downloadProjectToCache, revealInExplorer, syncBeatMetadataToTelegram, copyExportFile, copyAudioMetadata, prepareUniqueExportFolder, type CloudFileType, isTauriAvailable } from "./lib/tauri";%0A+ import { libraryStateManager } from "./lib/libraryStateManager";%0A+ import { platform } from "./platform";%0A+ import { DndContext, DragOverlay, closestCenter } from "@dnd-kit/core";%0A+ import { SortableContext, rectSortingStrategy } from "@dnd-kit/sortable";%0A+ import { appAlert, appConfirm } from "./lib/dialog";%0A+ import { sanitizeUserVisibleText } from "./lib/userVisibleError";%0A+ import { useTagColors, setTagColor } from "./lib/tagColors";%0A+ import { registerJob, updateJob } from "./lib/jobStore";%0A+ import { cleanTags } from "./lib/metadataValidation";%0A+ import { cleanupOrphanedDropStaging, cleanupStagedDropPaths } from "./features/dragdrop/dropStaging";%0A+ import CloudFilesModal from "./features/downloads/components/CloudFilesModal";%0A+ import { useBeatDownloads } from "./features/downloads/useBeatDownloads";%0A+ import BeatFileDropModal, { type DroppedBeatFileRole } from "./features/dragdrop/components/BeatFileDropModal";%0A+ import SearchBar from "./features/library/components/SearchBar";%0A+ import SortMenu from "./features/library/components/SortMenu";%0A+ import TagColorMenu from "./features/tags/components/TagColorMenu";%0A+ import { useArtworkHydration } from "./features/artwork/useArtworkHydration";%0A+ import { useCloudUploadQueue } from "./features/cloud/useCloudUploadQueue";%0A+ import ImportReviewHost, { ImportResolutionHost } from "./features/import/components/ImportReviewHost";%0A+ import { useImportSession } from "./features/import/useImportSession";%0A+ import { useImportReview } from "./features/import/useImportReview";%0A+ import { useImportDiscovery } from "./features/import/useImportDiscovery";%0A+ import { useImportSaveAll } from "./features/import/useImportSaveAll";%0A+ import { useBrowserImport } from "./features/import/useBrowserImport";%0A+ import { extensionFromPath, fileNameFromPath, isBackupFolderPath } from "./features/dragdrop/pathHelpers";%0A+ import { useHtmlLibraryDrop } from "./features/dragdrop/useHtmlLibraryDrop";%0A+ import { useNativeLibraryDrop } from "./features/dragdrop/useNativeLibraryDrop";%0A+ import { cloudBeatFingerprint, drawerMetadataCommitFingerprint, libraryViewFingerprint } from "./features/library/libraryFingerprints";%0A+ import { clearUploadPreviewCache, preserveLoadedArtwork } from "./features/library/libraryPresentationCache";%0A+ import { selectFilteredAndSortedBeats } from "./features/library/librarySelectors";%0A+ import { useLibraryViewState } from "./features/library/useLibraryViewState";%0A+ import { useLibraryReorder } from "./features/library/useLibraryReorder";%0A+ import { useBeatSelection } from "./features/selection/useBeatSelection";%0A+ import { selectAllTags, selectTagFrequency, selectTagSuggestions } from "./features/tags/tagSelectors";%0A+ import { useTagFilters } from "./features/tags/useTagFilters";%0A+ import { useTagRename } from "./features/tags/useTagRename";%0A+ import TagRenameDialog from "./features/tags/components/TagRenameDialog";%0A+ import { useLibraryPresentationCache, useLibraryState } from "./features/library/useLibraryState";%0A+ import { useLibraryReload } from "./features/library/useLibraryReload";%0A+ import { useStartupBootstrap } from "./features/startup/useStartupBootstrap";%0A+ import { useLibraryReveal } from "./features/startup/useLibraryReveal";%0A+ import { dismissBeatGalerStartupLoader } from "./features/startup/startupLoader";%0A+ import { useWebPlaybackSortRouting } from "./features/playback/useWebPlaybackSortRouting";%0A+ import { usePlaybackController } from "./features/playback/usePlaybackController";%0A+ import { usePlaybackQueue } from "./features/playback/usePlaybackQueue";%0A+ import { useDrawerCloudPersistence } from "./features/edit/useDrawerCloudPersistence";%0A+ import { useBeatAssetUpdates } from "./features/edit/useBeatAssetUpdates";%0A+ import { useBeatProjects } from "./features/projects/useBeatProjects";%0A+ import { useOfflineAvailability } from "./features/offline/useOfflineAvailability";%0A+ import { useTrashActions } from "./features/trash/useTrashActions";%0A+ import { useWebLibraryReconciled } from "./features/library/useWebLibraryReconciled";%0A+ import { createBeatRuntimeState } from "./features/state/beatRuntimeState";%0A+ import { useBeatRuntimeRegistry } from "./features/state/useBeatRuntimeRegistry";%0A+ import { useSessionState } from "./features/session/useSessionState";%0A+ import { useSessionActions } from "./features/session/useSessionActions";%0A+ import { useCustomCursor } from "./features/session/useCustomCursor";%0A+ import { useConnectivity } from "./features/session/useConnectivity";%0A+ import { useCloudLibraryEvents } from "./features/cloud/useCloudLibraryEvents";%0A+ import AppShell from "./app/AppShell";%0A+ import { useAppShortcuts } from "./app/useAppShortcuts";%0A+ import { usePublishingActions } from "./features/publishing/usePublishingActions";%0A+%0A+ // Intentionally isolated: if real-world timings prove the skeleton unnecessary,%0A+ // flipping/removing this one constant deletes the visual layer without touching%0A+ // the staged Review architecture underneath it.%0A+ const REVIEW_SKELETON_ENABLED = true;%0A+%0A+ const beatCloudUpdateBusyIds = new Set<string>();%0A+%0A+ function setBeatCloudUpdateBusy(beatId: string, active: boolean, success = false) {%0A+   if (active) beatCloudUpdateBusyIds.add(beatId);%0A+   else beatCloudUpdateBusyIds.delete(beatId);%0A+   window.dispatchEvent(new CustomEvent("beatgaler:beat-cloud-busy", {%0A+     detail: { beatId, active, success }%0A+   }));%0A+ }%0A+%0A+ function formatCloudBytes(bytes: number) {%0A+   if (!bytes) return "0 B";%0A+   const units = ["B", "KB", "MB", "GB"];%0A+   let n = bytes; let i = 0;%0A+   while (n >= 1024 && i < units.length - 1) { n /= 1024; i++; }%0A+   return `${n.toFixed(i === 0 ? 0 : 1)} ${units[i]}`;%0A+ }%0A+%0A+ function runtimeErrorMessage(error: unknown): string {%0A+   return error instanceof Error ? error.message : String(error);%0A+ }%0A+%0A+ function isRuntimeConflictError(error: unknown): boolean {%0A+   const message = runtimeErrorMessage(error).toLowerCase();%0A+   return message.includes("409") || message.includes("conflict") || message.includes("revision mismatch") || message.includes("version mismatch");%0A+ }%0A+%0A+ function BeatGalerApp() {%0A+   const {%0A+     beats,%0A+     setBeats,%0A+     beatsLatestRef,%0A+     startupCachedBeatsRef,%0A+     initialLoading,%0A+   } = useLibraryState();%0A+   const cloudMetaSnapshotRef = useRef<Map<string, string> | null>(null);%0A+   const cloudLibraryTimerRef = useRef<number | null>(null);%0A+   const cloudLibrarySnapshotRef = useRef<string | null>(null);%0A+   const visibleLibraryFingerprintRef = useRef<string>("");%0A+   const {%0A+     beatRuntimeStates,%0A+     beatRuntimeStatesRef,%0A+     transitionRuntime,%0A+     forgetRuntimeState,%0A+     clearReconciledTrashRuntimeStates,%0A+   } = useBeatRuntimeRegistry(beats, beatsLatestRef);%0A+   const stagedImportPathsRef = useRef<Map<string, string[]>>(new Map());%0A+   const [loading, setLoading] = useState(() => initialLoading);%0A+   const startupCookingResolvedRef = useRef(false);%0A+   const startupPipelineStartedRef = useRef(false);%0A+   const startupEnginePrimeReadyRef = useRef(false);%0A+   const handleArtworkHydratedFromNetwork = useCallback((next: Beat[], beatId: string) => {%0A+     const hydrated = next.find(item => item.id === beatId);%0A+     if (hydrated && cloudMetaSnapshotRef.current) {%0A+       cloudMetaSnapshotRef.current.set(beatId, cloudBeatFingerprint(hydrated));%0A+     }%0A+     if (cloudLibrarySnapshotRef.current !== null) {%0A+       cloudLibrarySnapshotRef.current = next%0A+         .filter(item => !!item.telegram_file_id)%0A+         .map(cloudBeatFingerprint)%0A+         .join("\u001c");%0A+     }%0A+   }, []);%0A+   const { ensureArtworkReady, clearArtworkHydration, invalidateArtworkHydration } = useArtworkHydration({%0A+     setBeats,%0A+     onNetworkHydrated: handleArtworkHydratedFromNetwork,%0A+   });%0A+   const { search, setSearch, sortBy, setSortBy } = useLibraryViewState();%0A+   const {%0A+     includedTags,%0A+     excludedTags,%0A+     clearTagFilters,%0A+     toggleTagFilter,%0A+     replaceTagFilter,%0A+   } = useTagFilters();%0A+   const filteredBeats = selectFilteredAndSortedBeats(%0A+     beats,%0A+     search,%0A+     includedTags,%0A+     excludedTags,%0A+     sortBy,%0A+   );%0A+%0A+   const [tagColorMenu, setTagColorMenu] = useState<{ tag: string; x: number; y: number } | null>(null);%0A+   const {%0A+     tagRename, tagRenameBusy, tagRenameError, affectedCount: tagRenameAffectedCount,%0A+     affectedMp3Count: tagRenameMp3Count, affectedWavCount: tagRenameWavCount,%0A+     openTagRename, setNewTag: setTagRenameNewTag, continueTagRename, backTagRename,%0A+     cancelTagRename, confirmTagRename,%0A+   } = useTagRename({ beats, setBeats, replaceTagFilter });%0A+   useWebPlaybackSortRouting(sortBy, beats, platform.kind === "web");%0A+   const onWebLibraryReconciled = useCallback((incoming: Beat[]) => {%0A+     setBeats(current => {%0A+       const next = preserveLoadedArtwork(incoming, current);%0A+       beatsLatestRef.current = next;%0A+       return next;%0A+     });%0A+   }, []);%0A+   useWebLibraryReconciled(platform.kind === "web", onWebLibraryReconciled);%0A+   const [drawer, setDrawer] = useState<{ beat: Beat; mode: "detail" | "edit" } | null>(null);%0A+   const [showAdd, setShowAdd] = useState(false);%0A+   const [dropActive, setDropActive] = useState(false);%0A+   const [dropImporting, setDropImporting] = useState(false);%0A+   // Covers the WebView2 staging window that happens BEFORE importDroppedPaths%0A+   // receives native paths. Without this state, the app can look frozen while%0A+   // large dropped files are being copied into drop-staging.%0A+   const [libraryDropStaging, setLibraryDropStaging] = useState(false);%0A+   const [beatFileDrop, setBeatFileDrop] = useState<{ beat: Beat; filePath: string; kind: "file" | "directory" } | null>(null);%0A+   const {%0A+     reviewQueue,%0A+     setReviewQueue,%0A+     reviewQueueLatestRef,%0A+     skippedReviewSourceKeysRef,%0A+     startReview,%0A+   } = useImportSession();%0A+   const [showSettings, setShowSettings] = useState(false);%0A+   const {%0A+     settings,%0A+     setSettings,%0A+     setupDone,%0A+     setSetupDone,%0A+     connectionState,%0A+     setConnectionState,%0A+     cloudSessionVerified,%0A+     setCloudSessionVerified,%0A+   } = useSessionState();%0A+   const {%0A+     startupCookingGate,%0A+     setStartupCookingGate,%0A+     revealedBeatIds,%0A+     setRevealedBeatIds,%0A+     progressiveRevealRunRef,%0A+   } = useLibraryReveal({%0A+     initialCachedBeats: startupCachedBeatsRef.current ?? [],%0A+     filteredBeats,%0A+     loading,%0A+     settings,%0A+     cloudSessionVerified,%0A+     connectionState,%0A+     ensureArtworkReady,%0A+     startupCookingResolvedRef,%0A+     startupPipelineStartedRef,%0A+     nativeParallelism: isTauriAvailable ? 6 : 1,%0A+   });%0A+   const {%0A+     cloudFilesBeat,%0A+     cloudFiles,%0A+     cloudFilesBusyId,%0A+     cloudFilesDownloadedIds,%0A+     cloudFilesDownloadError,%0A+     cloudDownloadNotice,%0A+     handleCloudFiles,%0A+     handleGetCloudFile,%0A+     closeCloudFiles,%0A+     dismissDownloadError,%0A+   } = useBeatDownloads({ connectionState, beatRuntimeStatesRef, transitionRuntime });%0A+%0A+   const {%0A+     selectedIds,%0A+     selectMode,%0A+     toggleSelection,%0A+     toggleSelectAll,%0A+     finishSelection,%0A+     clearSelection,%0A+   } = useBeatSelection(beats);%0A+   const {%0A+     sensors,%0A+     activeDragId,%0A+     handleDragStart,%0A+     handleDragEnd,%0A+     handleDragCancel,%0A+   } = useLibraryReorder({ sortBy, setSortBy, setBeats });%0A+   const { state: audio, play, togglePause, seek, setVolume, releaseFile } = useAudio();%0A+   const { clearPlaybackPreparation, ensureWarmPlaybackUrl, handlePlay, handleWarm, invalidatePlaybackPreparation, waitForUploadedBeatPlaybackReady } = usePlaybackController({%0A+     audio,%0A+     play,%0A+     beatsLatestRef,%0A+     beatRuntimeStatesRef,%0A+     transitionRuntime,%0A+     setBeats,%0A+     cloudSessionVerified,%0A+     connectionState,%0A+     isBeatCloudUpdateBusy: beatId => beatCloudUpdateBusyIds.has(beatId),%0A+   });%0A+   const { offlineBusyIds, handleToggleOffline } = useOfflineAvailability({%0A+     connectionState,%0A+     audioPlayingId: audio.playingId,%0A+     releaseFile,%0A+     invalidatePlaybackPreparation,%0A+     ensureWarmPlaybackUrl,%0A+     beatRuntimeStatesRef,%0A+     transitionRuntime,%0A+     setBeats,%0A+     setDrawer,%0A+     setRevealedBeatIds,%0A+   });%0A+%0A+   // Keep a ref to togglePause so the keydown handler never goes stale%0A+   const togglePauseRef = useRef(togglePause);%0A+   useEffect(() => { togglePauseRef.current = togglePause; }, [togglePause]);%0A+%0A+   const rejectOfflineMutation = useCallback((action: string): boolean => {%0A+     if (connectionState === "online") return false;%0A+     void appAlert({%0A+       title: connectionState === "offline" ? "Offline" : "Connection unavailable",%0A+       message: `${action} requires an internet connection. Offline mode is read-only except for moving beats to Trash.`,%0A+     });%0A+     return true;%0A+   }, [connectionState]);%0A+%0A+   const { showUpload, setShowUpload, handleUpload, handleUploadBulk } = usePublishingActions({%0A+     selectedIds,%0A+     rejectOfflineMutation,%0A+   });%0A+%0A+   const {%0A+     reviewBootstrap,%0A+     reviewPreparationDone,%0A+     reviewPreparationPromiseRef,%0A+     deferredImportBatch,%0A+     setDeferredImportBatch,%0A+     importDroppedPaths,%0A+     cancelPendingReviewWork,%0A+     completeImmediateReviewPreparation,%0A+   } = useImportDiscovery({%0A+     dropImporting,%0A+     setDropImporting,%0A+     rejectOfflineMutation,%0A+     setDropActive,%0A+     setShowAdd,%0A+     setReviewQueue,%0A+     skippedReviewSourceKeysRef,%0A+     stagedImportPathsRef,%0A+     skeletonEnabled: REVIEW_SKELETON_ENABLED,%0A+   });%0A+%0A+   const {%0A+     backgroundUploadErrors,%0A+     cloudifyImportedBeats,%0A+     retryBackgroundUpload,%0A+     getQueuedBeatsSnapshot,%0A+     deferLibraryReloadIfUploading,%0A+     deferredLibraryReloadRef,%0A+   } = useCloudUploadQueue({%0A+     settings,%0A+     setSettings,%0A+     setConnectionState,%0A+     setBeats,%0A+     beatsLatestRef,%0A+     beatRuntimeStatesRef,%0A+     transitionRuntime,%0A+     cloudLibrarySnapshotRef,%0A+     waitForUploadedBeatPlaybackReady,%0A+     rejectOfflineMutation,%0A+     isReviewActive: () => reviewQueueLatestRef.current !== null,%0A+     hasProtectedStaging: () => stagedImportPathsRef.current.size > 0,%0A+   });%0A+%0A+%0A+   const { libraryRefreshing, reloadLibrary } = useLibraryReload({%0A+     telegramCloudConnected: Boolean(settings?.telegram_cloud_connected),%0A+     beatsLatestRef,%0A+     setBeats,%0A+     setConnectionState,%0A+     setCloudSessionVerified,%0A+     cloudMetaSnapshotRef,%0A+     cloudLibrarySnapshotRef,%0A+     startupCookingResolvedRef,%0A+     startupPipelineStartedRef,%0A+     progressiveRevealRunRef,%0A+     setRevealedBeatIds,%0A+     setStartupCookingGate,%0A+     setLoading,%0A+     deferLibraryReloadIfUploading,%0A+   });%0A+%0A+   const { interruptedUploadNotices, dismissInterruptedUploadNotices } = useStartupBootstrap({%0A+     startupCachedBeatsRef,%0A+     cloudMetaSnapshotRef,%0A+     cloudLibrarySnapshotRef,%0A+     startupCookingResolvedRef,%0A+     startupPipelineStartedRef,%0A+     startupEnginePrimeReadyRef,%0A+     progressiveRevealRunRef,%0A+     setBeats,%0A+     setSettings,%0A+     setSetupDone,%0A+     setLoading,%0A+     setConnectionState,%0A+     setCloudSessionVerified,%0A+     setStartupCookingGate,%0A+     setRevealedBeatIds,%0A+     clearReconciledTrashRuntimeStates,%0A+     dismissStartupLoader: dismissBeatGalerStartupLoader,%0A+   });%0A+%0A+%0A+ useConnectivity({%0A+   setupDone,%0A+   setConnectionState,%0A+   setCloudSessionVerified,%0A+   setSettings,%0A+   setBeats,%0A+   cloudMetaSnapshotRef,%0A+   cloudLibrarySnapshotRef,%0A+   startupCookingResolvedRef,%0A+   startupPipelineStartedRef,%0A+   startupEnginePrimeReadyRef,%0A+   progressiveRevealRunRef,%0A+   clearReconciledTrashRuntimeStates,%0A+   clearPlaybackPreparation,%0A+   clearArtworkHydration,%0A+   setStartupCookingGate,%0A+ });%0A+%0A+   useCustomCursor(settings?.custom_cursor_enabled ?? true);%0A+%0A+%0A+%0A+ // BeatGaler synchronization remains push-based. SSE only notifies the app;%0A+ // the extracted owner verifies authority before hydrating library state.%0A+ useCloudLibraryEvents({%0A+   setupDone,%0A+   beatgalerUserId: settings?.beatgaler_user_id ?? null,%0A+   setConnectionState,%0A+   setCloudSessionVerified,%0A+   setSettings,%0A+   setBeats,%0A+   cloudMetaSnapshotRef,%0A+   cloudLibrarySnapshotRef,%0A+   visibleLibraryFingerprintRef,%0A+   startupCookingResolvedRef,%0A+   startupPipelineStartedRef,%0A+   startupEnginePrimeReadyRef,%0A+   progressiveRevealRunRef,%0A+   clearReconciledTrashRuntimeStates,%0A+   clearArtworkHydration,%0A+   clearPlaybackPreparation,%0A+   setStartupCookingGate,%0A+ });%0A+%0A+   useLibraryPresentationCache(%0A+     beats,%0A+     cloudSessionVerified,%0A+     settings,%0A+   );%0A+%0A+   useEffect(() => {%0A+     visibleLibraryFingerprintRef.current = libraryViewFingerprint(beats);%0A+     beatsLatestRef.current = beats;%0A+   }, [beats]);%0A+%0A+%0A+%0A+   // One-time recovery for a cloud-only library after Telegram login/startup.%0A+   // No timer, no permanent synchronization.%0A+   const beatGalerCloudRecoveryAttemptedRef = useRef(false);%0A+%0A+   const recoverTelegramLibraryOnceIfEmpty = useCallback(async () => {%0A+     if (beatGalerCloudRecoveryAttemptedRef.current) return;%0A+     if (beats.length !== 0) return;%0A+%0A+     beatGalerCloudRecoveryAttemptedRef.current = true;%0A+     try {%0A+       const restored = await libraryStateManager.reloadAuthoritative();%0A+       if (restored.length > 0) {%0A+         setBeats(current => current.length === 0 ? restored : current);%0A+       }%0A+     } catch (error) {%0A+       console.warn("Telegram library one-time recovery skipped:", error);%0A+     }%0A+   }, [beats.length]);%0A+%0A+   // IMPORTANT: an empty library is a valid, authoritative state (for example%0A+   // immediately after Remove All). Never infer "Telegram recovery" merely from%0A+   // beats.length === 0; doing so races the pending trash/index commit and can%0A+   // resurrect the just-removed cards with their artwork unloaded. Recovery is%0A+   // only allowed from explicit Telegram connection/startup flows below.%0A+%0A+   useEffect(() => {%0A+     const onTelegramConnected = (event: Event) => {%0A+       const detail = (event as CustomEvent<{ connected?: boolean; username?: string | null }>).detail;%0A+       if (!detail?.connected) return;%0A+%0A+       setSettings(current => current ? {%0A+         ...current,%0A+         telegram_cloud_connected: true,%0A+         telegram_cloud_username: detail.username ?? current.telegram_cloud_username ?? null,%0A+       } : current);%0A+%0A+       void recoverTelegramLibraryOnceIfEmpty();%0A+     };%0A+%0A+     window.addEventListener("beatgaler:telegram-connected", onTelegramConnected);%0A+     return () => window.removeEventListener("beatgaler:telegram-connected", onTelegramConnected);%0A+   }, [recoverTelegramLibraryOnceIfEmpty]);%0A+%0A+%0A+   const handleUploadTelegram = useCallback(async (beat: Beat) => {%0A+     if (rejectOfflineMutation("Uploading a beat")) return;%0A+     const existingCloudBeat = Boolean(beat.telegram_file_id);%0A+     transitionRuntime(beat.id, { type: existingCloudBeat ? "SYNC_QUEUE_UPDATE" : "SYNC_QUEUE_UPLOAD" }, beat);%0A+     transitionRuntime(beat.id, { type: existingCloudBeat ? "SYNC_UPDATE_STARTED" : "SYNC_UPLOAD_STARTED" }, beat);%0A+     try {%0A+       const updated = await uploadBeatToTelegram(beat);%0A+       await syncBeatMetadataToTelegram(updated);%0A+       transitionRuntime(updated.id, { type: existingCloudBeat ? "SYNC_UPDATE_SUCCEEDED" : "SYNC_UPLOAD_SUCCEEDED" }, updated);%0A+       setBeats(bs => bs.map(b => b.id === updated.id ? updated : b));%0A+     } catch (e: any) {%0A+       const message = sanitizeUserVisibleText(runtimeErrorMessage(e), "Cloud operation failed.");%0A+       if (existingCloudBeat && isRuntimeConflictError(e)) {%0A+         transitionRuntime(beat.id, { type: "SYNC_CONFLICT", message }, beat);%0A+       } else {%0A+         transitionRuntime(beat.id, { type: "SYNC_FAILED", code: "TELEGRAM_UPLOAD_FAILED", message, retryable: true }, beat);%0A+       }%0A+       await appAlert({%0A+         title: "Cloud upload failed",%0A+         message,%0A+         danger: true,%0A+       });%0A+     }%0A+   }, [rejectOfflineMutation, transitionRuntime]);%0A+%0A+   const handleDownloadTelegram = useCallback(async (_beat: Beat) => {%0A+     await appAlert({%0A+       title: "Cloud-only library",%0A+       message: "Files are fetched into temporary storage automatically when needed.",%0A+     });%0A+   }, []);%0A+%0A+%0A+   const handleEditBulk = useCallback(() => {%0A+     if (rejectOfflineMutation("Editing metadata")) return;%0A+     const firstSelected = beats.find(b => selectedIds.has(b.id));%0A+     if (firstSelected) setDrawer({ beat: firstSelected, mode: "edit" });%0A+   }, [beats, selectedIds, rejectOfflineMutation]);%0A+%0A+   const { deleteBeat, handleRemoveBulk, handleBeatRestored } = useTrashActions({%0A+     beats,%0A+     setBeats,%0A+     beatsLatestRef,%0A+     selectedIds,%0A+     clearSelection,%0A+     connectionState,%0A+     audioPlayingId: audio.playingId,%0A+     releaseFile,%0A+     beatRuntimeStatesRef,%0A+     transitionRuntime,%0A+     forgetRuntimeState,%0A+     cloudMetaSnapshotRef,%0A+     cloudLibrarySnapshotRef,%0A+     invalidateArtworkHydration,%0A+     ensureArtworkReady,%0A+   });%0A+%0A+   const addBeats = useCallback((newBeats: Beat[]) => {%0A+     setBeats(bs => {%0A+       const existing = new Set(bs.map(b => b.mp3_path));%0A+       const next = [...newBeats.filter(b => !existing.has(b.mp3_path)), ...bs];%0A+       beatsLatestRef.current = next;%0A+       return next;%0A+     });%0A+   }, []);%0A+%0A+   const addBeatsAndReview = useCallback((newBeats: Beat[]) => {%0A+     if (newBeats.length === 0) return;%0A+     if (connectionState !== "online") {%0A+       void appAlert({%0A+         title: "Internet connection required",%0A+         message: "BeatGaler does not import new beats while offline. Reconnect and import them again.",%0A+       });%0A+       void cleanupOrphanedDropStaging(beatsLatestRef.current);%0A+       return;%0A+     }%0A+     const sanitized = newBeats.map(beat => ({ ...beat, tags: cleanTags(beat.tags || []).tags }));%0A+%0A+     // Review candidates are NOT library beats yet.%0A+     // Keeping them out of `beats` means:%0A+     // 1) Cancel leaves absolutely nothing behind.%0A+     // 2) duplicate-name checks compare only against committed library items.%0A+     // 3) a re-dropped folder can never masquerade as an edit of the existing beat.%0A+     setShowAdd(false);%0A+     startReview(sanitized);%0A+     // Upload begins only after Review → Save.%0A+   }, [connectionState, startReview]);%0A+%0A+ const {%0A+   skipCurrentReviewBeat,%0A+   cancelReview,%0A+   handleReviewedBeatSaved,%0A+ } = useImportReview({%0A+   setBeats,%0A+   beatsLatestRef,%0A+   setReviewQueue,%0A+   skippedReviewSourceKeysRef,%0A+   cloudifyImportedBeats,%0A+   getQueuedBeatsSnapshot,%0A+   onCancelPendingWork: cancelPendingReviewWork,%0A+   releaseBeat: platform.capabilities.reviewBeatCloudCommit%0A+     ? beatId => platform.importer.releaseBeat(beatId)%0A+     : undefined,%0A+   discardBatch: batchId => discardImportReviewBatch(batchId),%0A+   cleanupStaging: protectedBeats => cleanupOrphanedDropStaging(protectedBeats),%0A+ });%0A+%0A+   const {%0A+     audioConflictBatch,%0A+     dropImportBatch,%0A+     resetImportResolutionState,%0A+     handleReviewedSaveAll,%0A+     cancelAudioConflicts,%0A+     resolveAudioConflicts,%0A+     closeImportDecisions,%0A+     importResolvedDecisions,%0A+   } = useImportSaveAll({%0A+     setBeats,%0A+     beatsLatestRef,%0A+     reviewQueue,%0A+     setReviewQueue,%0A+     reviewQueueLatestRef,%0A+     reviewBootstrap,%0A+     reviewPreparationDone,%0A+     reviewPreparationPromiseRef,%0A+     deferredImportBatch,%0A+     setDeferredImportBatch,%0A+     stagedImportPathsRef,%0A+     setDropImporting,%0A+     cloudifyImportedBeats,%0A+     addBeatsAndReview,%0A+   });%0A+%0A+   const { importDroppedBrowserFiles } = useBrowserImport({%0A+     dropImporting,%0A+     setDropImporting,%0A+     rejectOfflineMutation,%0A+     setDropActive,%0A+     setShowAdd,%0A+     setReviewQueue,%0A+     completeImmediateReviewPreparation,%0A+     resetImportResolutionState,%0A+   });%0A+%0A+   const updateExistingBeatFromFolder = useCallback(async (beat: Beat, folderPath: string): Promise<boolean> => {%0A+     if (rejectOfflineMutation("Updating beat files")) return true;%0A+     if (isBackupFolderPath(folderPath)) {%0A+       await appAlert({%0A+         title: "Backup folder skipped",%0A+         message: "BeatGaler keeps Backup/Backups folders out of PROJECT.zip so old project copies are not uploaded.",%0A+       });%0A+       return true;%0A+     }%0A+%0A+     const t = await import("./lib/tauri");%0A+%0A+     let preview;%0A+     try {%0A+       preview = await t.inspectBeatUpdateFolder(folderPath);%0A+     } catch {%0A+       return false;%0A+     }%0A+%0A+     let replaceMaster = false;%0A+     if (preview.has_mp3) {%0A+       const alreadyHasMaster = Boolean(beat.telegram_file_id) || Boolean(beat.mp3_path?.trim());%0A+       if (alreadyHasMaster) {%0A+         const incoming = preview.mp3_filename || "the incoming MP3";%0A+         const confirmed = window.confirm(%0A+           `Replace current MASTER for "${beat.name}"?\n\n` +%0A+           `${incoming} will become the new MASTER.\n` +%0A+           `Its BPM, key, tags, rating and artwork will replace the current metadata.\n\n` +%0A+           `WAV and project files from this folder will also be added or updated.`%0A+         );%0A+         if (!confirmed) return true;%0A+       }%0A+       replaceMaster = true;%0A+     }%0A+%0A+     setBeatCloudUpdateBusy(beat.id, true);%0A+     const runtime = beatRuntimeStatesRef.current[beat.id] ?? createBeatRuntimeState(beat);%0A+     if (runtime.sync_state === "synced") transitionRuntime(beat.id, { type: "SYNC_QUEUE_UPDATE" }, beat);%0A+     transitionRuntime(beat.id, { type: "SYNC_UPDATE_STARTED" }, beat);%0A+     try {%0A+       let updated = await t.mergeFolderIntoExistingBeat(beat, folderPath, replaceMaster);%0A+       setBeats(bs => bs.map(b => b.id === beat.id ? updated : b));%0A+%0A+       if (replaceMaster) {%0A+         updated = await t.uploadBeatToTelegram(updated);%0A+         setBeats(bs => bs.map(b => b.id === beat.id ? updated : b));%0A+       }%0A+%0A+       if (preview.has_wav && updated.wav_path) {%0A+         await t.uploadDroppedFileToTelegram(updated, updated.wav_path, "WAV");%0A+       }%0A+%0A+       if (preview.has_project_assets) {%0A+         await t.uploadProjectToTelegram(updated);%0A+       }%0A+%0A+       if (replaceMaster && updated.telegram_file_id) {%0A+         await t.syncBeatMetadataToTelegram(updated);%0A+       }%0A+%0A+       window.dispatchEvent(new CustomEvent("beatgaler:project-cloud-updated", { detail: { beatId: beat.id } }));%0A+       await libraryStateManager.commitSnapshot(beatsLatestRef.current.map(item => item.id === beat.id ? updated : item), "metadata-update");%0A+       transitionRuntime(beat.id, { type: "SYNC_UPDATE_SUCCEEDED" }, updated);%0A+       setBeats(bs => bs.map(b => b.id === beat.id ? updated : b));%0A+       return true;%0A+     } catch (error) {%0A+       console.error(error);%0A+       const message = sanitizeUserVisibleText(runtimeErrorMessage(error), "Cloud operation failed.");%0A+       if (isRuntimeConflictError(error)) transitionRuntime(beat.id, { type: "SYNC_CONFLICT", message }, beat);%0A+       else transitionRuntime(beat.id, { type: "SYNC_FAILED", code: "FOLDER_UPDATE_FAILED", message, retryable: true }, beat);%0A+       alert(`Could not update "${beat.name}" from the dropped folder: ${message}`);%0A+       return true;%0A+     } finally {%0A+       setBeatCloudUpdateBusy(beat.id, false);%0A+     }%0A+   }, [rejectOfflineMutation, transitionRuntime]);%0A+%0A+   const { commitDrawerCloudMutation } = useDrawerCloudPersistence({%0A+   beats,%0A+   browserCloudEditing: platform.capabilities.browserCloudEditing,%0A+   connectionState,%0A+   cloudSessionVerified,%0A+   beatsLatestRef,%0A+   beatRuntimeStatesRef,%0A+   transitionRuntime,%0A+   cloudMetaSnapshotRef,%0A+   cloudLibraryTimerRef,%0A+   cloudLibrarySnapshotRef,%0A+ });%0A+%0A+   // V7: INDEX writes are explicit transactions only.%0A+   // There is deliberately no generic "beats changed => rewrite Telegram" observer.%0A+   // Upload, metadata, Trash/Restore and project/file operations commit through%0A+   // libraryStateManager at their actual logical commit boundary. This prevents%0A+   // render/cache hydration from becoming an accidental cloud mutation.%0A+%0A+   const {%0A+     handleIncompleteWarningsChanged,%0A+     handleCustomCursorChanged,%0A+     handleFolderChanged,%0A+     handleDisconnectTelegramAccount,%0A+   } = useSessionActions({%0A+     setSettings,%0A+     setCloudSessionVerified,%0A+     logoutAccount: logoutBeatGalerAccount,%0A+     releaseFile,%0A+     progressiveRevealRunRef,%0A+     clearPlaybackPreparation,%0A+     clearArtworkHydration,%0A+     setRevealedBeatIds,%0A+     setBeats,%0A+     clearSelection,%0A+   });%0A+%0A+   const updateBeat = useCallback((updated: Beat) => {%0A+     if (updated.telegram_file_id && connectionState === "online") {%0A+       const runtime = beatRuntimeStatesRef.current[updated.id] ?? createBeatRuntimeState(updated);%0A+       if (runtime.sync_state === "synced") transitionRuntime(updated.id, { type: "SYNC_QUEUE_UPDATE" }, updated);%0A+     }%0A+     setBeats(bs => bs.map(b => b.id === updated.id ? updated : b));%0A+     if (drawer?.beat.id === updated.id) setDrawer(d => d ? { ...d, beat: updated } : null);%0A+   }, [connectionState, drawer, transitionRuntime]);%0A+%0A+%0A+%0A+   const handleDropArtwork = useCallback(async (beat: Beat, imageBase64: string) => {%0A+     if (rejectOfflineMutation("Changing artwork")) return;%0A+%0A+     const updated = { ...beat, image_base64: imageBase64, image_preview_base64: null };%0A+%0A+     if (platform.capabilities.browserCloudEditing) {%0A+       // Publish the browser-decoded artwork immediately, then commit it through%0A+       // the Web editor/Direct transport. No Tauri metadata path participates.%0A+       updateBeat(updated);%0A+       transitionRuntime(updated.id, { type: "SYNC_UPDATE_STARTED" }, updated);%0A+       try {%0A+         const committed = await platform.editor.commit(beat, updated, {});%0A+         setBeats(current => {%0A+           const next = current.map(item => item.id === committed.id ? committed : item);%0A+           beatsLatestRef.current = next;%0A+           return next;%0A+         });%0A+         setDrawer(current => current?.beat.id === committed.id ? { ...current, beat: committed } : current);%0A+         transitionRuntime(updated.id, { type: "SYNC_UPDATE_SUCCEEDED" }, committed);%0A+       } catch (error) {%0A+         const message = sanitizeUserVisibleText(runtimeErrorMessage(error), "Cloud operation failed.");%0A+         transitionRuntime(updated.id, { type: "SYNC_FAILED", code: "ARTWORK_SYNC_FAILED", message, retryable: true }, updated);%0A+         throw error;%0A+       }%0A+       return;%0A+     }%0A+%0A+     // Desktop keeps its existing native metadata/artwork transaction.%0A+     await saveBeatMeta({%0A+       mp3_path: beat.mp3_path,%0A+       wav_path: beat.wav_path,%0A+       bpm: beat.bpm,%0A+       key: beat.key,%0A+       tags: beat.tags,%0A+       rating: beat.rating,%0A+       image_base64: imageBase64,%0A+       update_filename: false,%0A+     });%0A+%0A+     updateBeat(updated);%0A+%0A+     if (updated.telegram_file_id && connectionState === "online") {%0A+       const runtime = beatRuntimeStatesRef.current[updated.id] ?? createBeatRuntimeState(updated);%0A+       if (runtime.sync_state === "synced") transitionRuntime(updated.id, { type: "SYNC_QUEUE_UPDATE" }, updated);%0A+       transitionRuntime(updated.id, { type: "SYNC_UPDATE_STARTED" }, updated);%0A+       try {%0A+         await syncBeatMetadataToTelegram(updated);%0A+         const indexSnapshot = beatsLatestRef.current.map(item => item.id === updated.id ? updated : item);%0A+         await libraryStateManager.commitSnapshot(indexSnapshot, "upload-batch");%0A+         if (cloudLibraryTimerRef.current) {%0A+           window.clearTimeout(cloudLibraryTimerRef.current);%0A+           cloudLibraryTimerRef.current = null;%0A+         }%0A+         cloudLibrarySnapshotRef.current = indexSnapshot%0A+           .filter(item => !!item.telegram_file_id)%0A+           .map(cloudBeatFingerprint)%0A+           .join("\u001c");%0A+         cloudMetaSnapshotRef.current?.set(updated.id, cloudBeatFingerprint(updated));%0A+         transitionRuntime(updated.id, { type: "SYNC_UPDATE_SUCCEEDED" }, updated);%0A+       } catch (error) {%0A+         const message = sanitizeUserVisibleText(runtimeErrorMessage(error), "Cloud operation failed.");%0A+         transitionRuntime(updated.id, { type: "SYNC_FAILED", code: "ARTWORK_SYNC_FAILED", message, retryable: true }, updated);%0A+         throw error;%0A+       }%0A+     }%0A+   }, [updateBeat, rejectOfflineMutation, connectionState, transitionRuntime]);%0A+%0A+%0A+   const {%0A+     runBeatCloudUpdate,%0A+     startMasterAssetUpdate,%0A+     startWavAssetUpdate,%0A+     handleBrowserBeatAssetDrop,%0A+   } = useBeatAssetUpdates({%0A+     rejectOfflineMutation,%0A+     setBeatFileDrop,%0A+     setBeatCloudUpdateBusy,%0A+     beatRuntimeStatesRef,%0A+     transitionRuntime,%0A+     beatsLatestRef,%0A+     cloudLibrarySnapshotRef,%0A+     setBeats,%0A+     setDrawer,%0A+     waitForUploadedBeatPlaybackReady,%0A+   });%0A+%0A+   const {%0A+     openableCloudProjectIds,%0A+     projectUpdateNotice,%0A+     dismissProjectUpdateNotice,%0A+     hasStoredProject,%0A+     startProjectAssetUpdate,%0A+     handleAutoProjectDrop,%0A+     handleBrowserProjectDrop,%0A+     handleUploadProjectTelegram,%0A+     handleOpenProject,%0A+     handleUpdateProject,%0A+   } = useBeatProjects({%0A+     beats,%0A+     connectionState,%0A+     rejectOfflineMutation,%0A+     transitionRuntime,%0A+     beatsLatestRef,%0A+     setBeats,%0A+     setDrawer,%0A+     runBeatCloudUpdate,%0A+     setBeatCloudUpdateBusy,%0A+   });%0A+%0A+   const handleDroppedBeatFileRole = useCallback(async (role: DroppedBeatFileRole) => {%0A+     if (!beatFileDrop) return;%0A+     const { beat, filePath } = beatFileDrop;%0A+     const ext = extensionFromPath(filePath);%0A+%0A+     if (role === "loop" || role === "stems") return;%0A+%0A+     if (role === "main") {%0A+       if (ext !== "mp3") return;%0A+       startMasterAssetUpdate(beat, filePath);%0A+       return;%0A+     }%0A+%0A+     if (role === "wav") {%0A+       if (ext !== "wav") return;%0A+       startWavAssetUpdate(beat, filePath);%0A+       return;%0A+     }%0A+%0A+     if (role === "projectFolder") {%0A+       const existing = await hasStoredProject(beat).catch(() => false);%0A+       if (!existing) {%0A+         await cleanupStagedDropPaths([filePath]).catch(() => {});%0A+         setBeatFileDrop(null);%0A+         await appAlert({%0A+           title: "Project file required",%0A+           message: "Add a .flp, .als, .logicx, .ptx/.ptf file or a valid PROJECT ZIP first. Then folders can be added to that PROJECT.zip using their original folder name.",%0A+         });%0A+         return;%0A+       }%0A+       startProjectAssetUpdate(beat, filePath, "projectFolder");%0A+     }%0A+   }, [beatFileDrop, hasStoredProject, startMasterAssetUpdate, startProjectAssetUpdate, startWavAssetUpdate]);%0A+%0A+%0A+   useHtmlLibraryDrop({%0A+     nativeDropAvailable: isTauriAvailable,%0A+     browserFileImport: platform.capabilities.browserFileImport,%0A+     reviewSkeletonEnabled: REVIEW_SKELETON_ENABLED,%0A+     beatsLatestRef,%0A+     setDropActive,%0A+     setBeatCloudUpdateBusy,%0A+     setBeatFileDrop,%0A+     setLibraryDropStaging,%0A+     handleDropArtwork,%0A+     handleAutoProjectDrop,%0A+     handleBrowserBeatAssetDrop,%0A+     handleBrowserProjectDrop,%0A+     importDroppedBrowserFiles,%0A+     importDroppedPaths,%0A+   });%0A+%0A+   useNativeLibraryDrop({%0A+     nativeDropAvailable: isTauriAvailable,%0A+     reviewSkeletonEnabled: REVIEW_SKELETON_ENABLED,%0A+     beatsLatestRef,%0A+     setDropActive,%0A+     setBeatCloudUpdateBusy,%0A+     setBeatFileDrop,%0A+     setLibraryDropStaging,%0A+     handleDropArtwork,%0A+     handleAutoProjectDrop,%0A+     importDroppedPaths,%0A+   });%0A+%0A+   const applyBulkUpdate = useCallback((updates: Partial<Beat>, options?: { tagsMode?: "add" | "replace" | "remove" }) => {%0A+     setBeats(bs => bs.map(b => {%0A+       if (!selectedIds.has(b.id)) return b;%0A+       if (!updates.tags) return { ...b, ...updates };%0A+%0A+       const normalizedInput = Array.from(new Set(%0A+         updates.tags.map(t => t.trim().toLowerCase()).filter(Boolean)%0A+       ));%0A+%0A+       if (options?.tagsMode === "replace") {%0A+         return { ...b, ...updates, tags: normalizedInput };%0A+       }%0A+%0A+       if (options?.tagsMode === "remove") {%0A+         const removeSet = new Set(normalizedInput);%0A+         const remainingTags = b.tags.filter(tag => !removeSet.has(tag.trim().toLowerCase()));%0A+         return { ...b, ...updates, tags: remainingTags };%0A+       }%0A+%0A+       const mergedTags = Array.from(new Set(%0A+         [...b.tags, ...normalizedInput].map(t => t.trim().toLowerCase()).filter(Boolean)%0A+       ));%0A+       return { ...b, ...updates, tags: mergedTags };%0A+     }));%0A+     clearSelection();%0A+   }, [selectedIds]);%0A+%0A+%0A+   const tagColors = useTagColors();%0A+%0A+ const handleTagClick = useCallback((tag: string, e: React.MouseEvent) => {%0A+   toggleTagFilter(tag, e.altKey ? "exclude" : "include");%0A+ }, [toggleTagFilter]);%0A+%0A+   const tagFrequency = useMemo(() => selectTagFrequency(beats), [beats]);%0A+   const allTags = useMemo(() => selectAllTags(beats, tagFrequency), [beats, tagFrequency]);%0A+   const tagSuggestions = useMemo(() => selectTagSuggestions(beats), [beats]);%0A+   const displayedBeats = filteredBeats.filter(beat => revealedBeatIds.has(beat.id));%0A+%0A+   const {%0A+     shuffleEnabled,%0A+     repeatMode,%0A+     showQueue,%0A+     queuedBeats,%0A+     addToQueue,%0A+     handleNext,%0A+     handlePrev,%0A+     closeQueue,%0A+     toggleQueue,%0A+     toggleShuffle,%0A+     cycleRepeat,%0A+     playQueueIndex,%0A+   } = usePlaybackQueue({%0A+     beats,%0A+     displayedBeats,%0A+     playingId: audio.playingId,%0A+     progress: audio.progress,%0A+     endedSeq: audio.endedSeq,%0A+     handlePlay,%0A+     seek,%0A+     releaseFile,%0A+   });%0A+%0A+   useAppShortcuts({%0A+     togglePauseRef,%0A+     clearSelection,%0A+     setDrawer,%0A+     setShowAdd,%0A+     setShowSettings,%0A+     closeQueue,%0A+     setShowUpload,%0A+   });%0A+%0A+%0A+%0A+   const currentBeat = beats.find(b => b.id === audio.playingId);%0A+   const selectedBeats = beats.filter(b => selectedIds.has(b.id));%0A+   const activeDragBeat = activeDragId ? beats.find(b => b.id === activeDragId) ?? null : null;%0A+%0A+   return <AppShell scope={{ Event, HTMLElement, REVIEW_SKELETON_ENABLED, activeDragBeat, addBeatsAndReview, addToQueue, allTags, applyBulkUpdate, audio, audioConflictBatch, backTagRename, backgroundUploadErrors, beatFileDrop, beats, cancelAudioConflicts, cancelReview, cancelTagRename, clearSelection, clearTagFilters, closeCloudFiles, closeImportDecisions, cloudDownloadNotice, cloudFiles, cloudFilesBeat, cloudFilesBusyId, cloudFilesDownloadError, cloudFilesDownloadedIds, cloudSessionVerified, commitDrawerCloudMutation, confirmTagRename, connectionState, continueTagRename, currentBeat, cycleRepeat, deferredLibraryReloadRef, deleteBeat, dismissDownloadError, dismissInterruptedUploadNotices, dismissProjectUpdateNotice, displayedBeats, drawer, dropActive, dropImportBatch, dropImporting, excludedTags, filteredBeats, finishSelection, handleBeatRestored, handleCloudFiles, handleCustomCursorChanged, handleDisconnectTelegramAccount, handleDownloadTelegram, handleDragCancel, handleDragEnd, handleDragStart, handleDroppedBeatFileRole, handleEditBulk, handleFolderChanged, handleGetCloudFile, handleIncompleteWarningsChanged, handleNext, handleOpenProject, handlePlay, handlePrev, handleRemoveBulk, handleReviewedBeatSaved, handleReviewedSaveAll, handleTagClick, handleToggleOffline, handleUpdateProject, handleUpload, handleUploadBulk, handleUploadProjectTelegram, handleUploadTelegram, handleWarm, importResolvedDecisions, includedTags, interruptedUploadNotices, libraryDropStaging, libraryRefreshing, loading, offlineBusyIds, openTagRename, openableCloudProjectIds, playQueueIndex, projectUpdateNotice, queuedBeats, rejectOfflineMutation, releaseFile, reloadLibrary, repeatMode, resolveAudioConflicts, retryBackgroundUpload, revealedBeatIds, reviewBootstrap, reviewQueue, search, seek, selectMode, selectedBeats, selectedIds, sensors, setBeatFileDrop, setDrawer, setSearch, setShowAdd, setShowSettings, setShowUpload, setSortBy, setTagColorMenu, setTagRenameNewTag, setVolume, settings, showAdd, showQueue, showSettings, showUpload, shuffleEnabled, skipCurrentReviewBeat, sortBy, startupCookingGate, tagColorMenu, tagColors, tagFrequency, tagRename, tagRenameAffectedCount, tagRenameBusy, tagRenameError, tagRenameMp3Count, tagRenameWavCount, tagSuggestions, togglePause, toggleQueue, toggleSelectAll, toggleSelection, toggleShuffle, updateBeat }} />;%0A+ }%0A+%0A+%0A+ export default function App() {%0A+   return platform.kind === "web"%0A+     ? <BeatGalerApp />%0A+     : <AccountGate><BeatGalerApp /></AccountGate>;%0A+ }%0A+%0A%0A ❯ tests/integration/appMigrationCharacterization.test.ts:127:17%0A%0A

::error file=/home/runner/work/BeatGaler/BeatGaler/tests/integration/appSessionExtraction.test.ts,title=tests/integration/appSessionExtraction.test.ts > task 9.1 session/settings extraction > moves preferences%2C cursor and disconnect cleanup to session owners,line=27,column=17::AssertionError: expected 'import React, { useState, useCallback…' to contain 'onIncompleteWarningsChanged={handleIn…'%0A%0A- Expected%0A+ Received%0A%0A- onIncompleteWarningsChanged={handleIncompleteWarningsChanged}%0A+ import React, { useState, useCallback, useEffect, useRef, useMemo } from "react";%0A+ import type { Beat } from "./types";%0A+ import BeatCard from "./components/BeatCard";%0A+ import Drawer from "./components/Drawer";%0A+ import Player from "./components/Player";%0A+ import AddBeatModal from "./components/AddBeatModal";%0A+ import SettingsPanel from "./components/SettingsPanel";%0A+ import AccountGate, { logoutBeatGalerAccount } from "./components/AccountGate";%0A+ import UploadModal from "./components/UploadModal";%0A+ import JobStatusBar from "./components/JobStatusBar";%0A+ import { PlusIcon, Artwork } from "./components/ui";%0A+ import { useAudio } from "./hooks/useAudio";%0A+ import { loadLibrary, readBeatMeta, saveBeatMeta, discardImportReviewBatch, uploadBeatToTelegram, downloadBeatFromTelegram, prepareBeatForPlayback, warmBeatForPlayback, getDownloadCookingStatus, downloadCookingDiagnosticEvent, uploadProjectToTelegram, uploadDroppedFileToTelegram, downloadCloudFileToCache, downloadProjectToCache, revealInExplorer, syncBeatMetadataToTelegram, copyExportFile, copyAudioMetadata, prepareUniqueExportFolder, type CloudFileType, isTauriAvailable } from "./lib/tauri";%0A+ import { libraryStateManager } from "./lib/libraryStateManager";%0A+ import { platform } from "./platform";%0A+ import { DndContext, DragOverlay, closestCenter } from "@dnd-kit/core";%0A+ import { SortableContext, rectSortingStrategy } from "@dnd-kit/sortable";%0A+ import { appAlert, appConfirm } from "./lib/dialog";%0A+ import { sanitizeUserVisibleText } from "./lib/userVisibleError";%0A+ import { useTagColors, setTagColor } from "./lib/tagColors";%0A+ import { registerJob, updateJob } from "./lib/jobStore";%0A+ import { cleanTags } from "./lib/metadataValidation";%0A+ import { cleanupOrphanedDropStaging, cleanupStagedDropPaths } from "./features/dragdrop/dropStaging";%0A+ import CloudFilesModal from "./features/downloads/components/CloudFilesModal";%0A+ import { useBeatDownloads } from "./features/downloads/useBeatDownloads";%0A+ import BeatFileDropModal, { type DroppedBeatFileRole } from "./features/dragdrop/components/BeatFileDropModal";%0A+ import SearchBar from "./features/library/components/SearchBar";%0A+ import SortMenu from "./features/library/components/SortMenu";%0A+ import TagColorMenu from "./features/tags/components/TagColorMenu";%0A+ import { useArtworkHydration } from "./features/artwork/useArtworkHydration";%0A+ import { useCloudUploadQueue } from "./features/cloud/useCloudUploadQueue";%0A+ import ImportReviewHost, { ImportResolutionHost } from "./features/import/components/ImportReviewHost";%0A+ import { useImportSession } from "./features/import/useImportSession";%0A+ import { useImportReview } from "./features/import/useImportReview";%0A+ import { useImportDiscovery } from "./features/import/useImportDiscovery";%0A+ import { useImportSaveAll } from "./features/import/useImportSaveAll";%0A+ import { useBrowserImport } from "./features/import/useBrowserImport";%0A+ import { extensionFromPath, fileNameFromPath, isBackupFolderPath } from "./features/dragdrop/pathHelpers";%0A+ import { useHtmlLibraryDrop } from "./features/dragdrop/useHtmlLibraryDrop";%0A+ import { useNativeLibraryDrop } from "./features/dragdrop/useNativeLibraryDrop";%0A+ import { cloudBeatFingerprint, drawerMetadataCommitFingerprint, libraryViewFingerprint } from "./features/library/libraryFingerprints";%0A+ import { clearUploadPreviewCache, preserveLoadedArtwork } from "./features/library/libraryPresentationCache";%0A+ import { selectFilteredAndSortedBeats } from "./features/library/librarySelectors";%0A+ import { useLibraryViewState } from "./features/library/useLibraryViewState";%0A+ import { useLibraryReorder } from "./features/library/useLibraryReorder";%0A+ import { useBeatSelection } from "./features/selection/useBeatSelection";%0A+ import { selectAllTags, selectTagFrequency, selectTagSuggestions } from "./features/tags/tagSelectors";%0A+ import { useTagFilters } from "./features/tags/useTagFilters";%0A+ import { useTagRename } from "./features/tags/useTagRename";%0A+ import TagRenameDialog from "./features/tags/components/TagRenameDialog";%0A+ import { useLibraryPresentationCache, useLibraryState } from "./features/library/useLibraryState";%0A+ import { useLibraryReload } from "./features/library/useLibraryReload";%0A+ import { useStartupBootstrap } from "./features/startup/useStartupBootstrap";%0A+ import { useLibraryReveal } from "./features/startup/useLibraryReveal";%0A+ import { dismissBeatGalerStartupLoader } from "./features/startup/startupLoader";%0A+ import { useWebPlaybackSortRouting } from "./features/playback/useWebPlaybackSortRouting";%0A+ import { usePlaybackController } from "./features/playback/usePlaybackController";%0A+ import { usePlaybackQueue } from "./features/playback/usePlaybackQueue";%0A+ import { useDrawerCloudPersistence } from "./features/edit/useDrawerCloudPersistence";%0A+ import { useBeatAssetUpdates } from "./features/edit/useBeatAssetUpdates";%0A+ import { useBeatProjects } from "./features/projects/useBeatProjects";%0A+ import { useOfflineAvailability } from "./features/offline/useOfflineAvailability";%0A+ import { useTrashActions } from "./features/trash/useTrashActions";%0A+ import { useWebLibraryReconciled } from "./features/library/useWebLibraryReconciled";%0A+ import { createBeatRuntimeState } from "./features/state/beatRuntimeState";%0A+ import { useBeatRuntimeRegistry } from "./features/state/useBeatRuntimeRegistry";%0A+ import { useSessionState } from "./features/session/useSessionState";%0A+ import { useSessionActions } from "./features/session/useSessionActions";%0A+ import { useCustomCursor } from "./features/session/useCustomCursor";%0A+ import { useConnectivity } from "./features/session/useConnectivity";%0A+ import { useCloudLibraryEvents } from "./features/cloud/useCloudLibraryEvents";%0A+ import AppShell from "./app/AppShell";%0A+ import { useAppShortcuts } from "./app/useAppShortcuts";%0A+ import { usePublishingActions } from "./features/publishing/usePublishingActions";%0A+%0A+ // Intentionally isolated: if real-world timings prove the skeleton unnecessary,%0A+ // flipping/removing this one constant deletes the visual layer without touching%0A+ // the staged Review architecture underneath it.%0A+ const REVIEW_SKELETON_ENABLED = true;%0A+%0A+ const beatCloudUpdateBusyIds = new Set<string>();%0A+%0A+ function setBeatCloudUpdateBusy(beatId: string, active: boolean, success = false) {%0A+   if (active) beatCloudUpdateBusyIds.add(beatId);%0A+   else beatCloudUpdateBusyIds.delete(beatId);%0A+   window.dispatchEvent(new CustomEvent("beatgaler:beat-cloud-busy", {%0A+     detail: { beatId, active, success }%0A+   }));%0A+ }%0A+%0A+ function formatCloudBytes(bytes: number) {%0A+   if (!bytes) return "0 B";%0A+   const units = ["B", "KB", "MB", "GB"];%0A+   let n = bytes; let i = 0;%0A+   while (n >= 1024 && i < units.length - 1) { n /= 1024; i++; }%0A+   return `${n.toFixed(i === 0 ? 0 : 1)} ${units[i]}`;%0A+ }%0A+%0A+ function runtimeErrorMessage(error: unknown): string {%0A+   return error instanceof Error ? error.message : String(error);%0A+ }%0A+%0A+ function isRuntimeConflictError(error: unknown): boolean {%0A+   const message = runtimeErrorMessage(error).toLowerCase();%0A+   return message.includes("409") || message.includes("conflict") || message.includes("revision mismatch") || message.includes("version mismatch");%0A+ }%0A+%0A+ function BeatGalerApp() {%0A+   const {%0A+     beats,%0A+     setBeats,%0A+     beatsLatestRef,%0A+     startupCachedBeatsRef,%0A+     initialLoading,%0A+   } = useLibraryState();%0A+   const cloudMetaSnapshotRef = useRef<Map<string, string> | null>(null);%0A+   const cloudLibraryTimerRef = useRef<number | null>(null);%0A+   const cloudLibrarySnapshotRef = useRef<string | null>(null);%0A+   const visibleLibraryFingerprintRef = useRef<string>("");%0A+   const {%0A+     beatRuntimeStates,%0A+     beatRuntimeStatesRef,%0A+     transitionRuntime,%0A+     forgetRuntimeState,%0A+     clearReconciledTrashRuntimeStates,%0A+   } = useBeatRuntimeRegistry(beats, beatsLatestRef);%0A+   const stagedImportPathsRef = useRef<Map<string, string[]>>(new Map());%0A+   const [loading, setLoading] = useState(() => initialLoading);%0A+   const startupCookingResolvedRef = useRef(false);%0A+   const startupPipelineStartedRef = useRef(false);%0A+   const startupEnginePrimeReadyRef = useRef(false);%0A+   const handleArtworkHydratedFromNetwork = useCallback((next: Beat[], beatId: string) => {%0A+     const hydrated = next.find(item => item.id === beatId);%0A+     if (hydrated && cloudMetaSnapshotRef.current) {%0A+       cloudMetaSnapshotRef.current.set(beatId, cloudBeatFingerprint(hydrated));%0A+     }%0A+     if (cloudLibrarySnapshotRef.current !== null) {%0A+       cloudLibrarySnapshotRef.current = next%0A+         .filter(item => !!item.telegram_file_id)%0A+         .map(cloudBeatFingerprint)%0A+         .join("\u001c");%0A+     }%0A+   }, []);%0A+   const { ensureArtworkReady, clearArtworkHydration, invalidateArtworkHydration } = useArtworkHydration({%0A+     setBeats,%0A+     onNetworkHydrated: handleArtworkHydratedFromNetwork,%0A+   });%0A+   const { search, setSearch, sortBy, setSortBy } = useLibraryViewState();%0A+   const {%0A+     includedTags,%0A+     excludedTags,%0A+     clearTagFilters,%0A+     toggleTagFilter,%0A+     replaceTagFilter,%0A+   } = useTagFilters();%0A+   const filteredBeats = selectFilteredAndSortedBeats(%0A+     beats,%0A+     search,%0A+     includedTags,%0A+     excludedTags,%0A+     sortBy,%0A+   );%0A+%0A+   const [tagColorMenu, setTagColorMenu] = useState<{ tag: string; x: number; y: number } | null>(null);%0A+   const {%0A+     tagRename, tagRenameBusy, tagRenameError, affectedCount: tagRenameAffectedCount,%0A+     affectedMp3Count: tagRenameMp3Count, affectedWavCount: tagRenameWavCount,%0A+     openTagRename, setNewTag: setTagRenameNewTag, continueTagRename, backTagRename,%0A+     cancelTagRename, confirmTagRename,%0A+   } = useTagRename({ beats, setBeats, replaceTagFilter });%0A+   useWebPlaybackSortRouting(sortBy, beats, platform.kind === "web");%0A+   const onWebLibraryReconciled = useCallback((incoming: Beat[]) => {%0A+     setBeats(current => {%0A+       const next = preserveLoadedArtwork(incoming, current);%0A+       beatsLatestRef.current = next;%0A+       return next;%0A+     });%0A+   }, []);%0A+   useWebLibraryReconciled(platform.kind === "web", onWebLibraryReconciled);%0A+   const [drawer, setDrawer] = useState<{ beat: Beat; mode: "detail" | "edit" } | null>(null);%0A+   const [showAdd, setShowAdd] = useState(false);%0A+   const [dropActive, setDropActive] = useState(false);%0A+   const [dropImporting, setDropImporting] = useState(false);%0A+   // Covers the WebView2 staging window that happens BEFORE importDroppedPaths%0A+   // receives native paths. Without this state, the app can look frozen while%0A+   // large dropped files are being copied into drop-staging.%0A+   const [libraryDropStaging, setLibraryDropStaging] = useState(false);%0A+   const [beatFileDrop, setBeatFileDrop] = useState<{ beat: Beat; filePath: string; kind: "file" | "directory" } | null>(null);%0A+   const {%0A+     reviewQueue,%0A+     setReviewQueue,%0A+     reviewQueueLatestRef,%0A+     skippedReviewSourceKeysRef,%0A+     startReview,%0A+   } = useImportSession();%0A+   const [showSettings, setShowSettings] = useState(false);%0A+   const {%0A+     settings,%0A+     setSettings,%0A+     setupDone,%0A+     setSetupDone,%0A+     connectionState,%0A+     setConnectionState,%0A+     cloudSessionVerified,%0A+     setCloudSessionVerified,%0A+   } = useSessionState();%0A+   const {%0A+     startupCookingGate,%0A+     setStartupCookingGate,%0A+     revealedBeatIds,%0A+     setRevealedBeatIds,%0A+     progressiveRevealRunRef,%0A+   } = useLibraryReveal({%0A+     initialCachedBeats: startupCachedBeatsRef.current ?? [],%0A+     filteredBeats,%0A+     loading,%0A+     settings,%0A+     cloudSessionVerified,%0A+     connectionState,%0A+     ensureArtworkReady,%0A+     startupCookingResolvedRef,%0A+     startupPipelineStartedRef,%0A+     nativeParallelism: isTauriAvailable ? 6 : 1,%0A+   });%0A+   const {%0A+     cloudFilesBeat,%0A+     cloudFiles,%0A+     cloudFilesBusyId,%0A+     cloudFilesDownloadedIds,%0A+     cloudFilesDownloadError,%0A+     cloudDownloadNotice,%0A+     handleCloudFiles,%0A+     handleGetCloudFile,%0A+     closeCloudFiles,%0A+     dismissDownloadError,%0A+   } = useBeatDownloads({ connectionState, beatRuntimeStatesRef, transitionRuntime });%0A+%0A+   const {%0A+     selectedIds,%0A+     selectMode,%0A+     toggleSelection,%0A+     toggleSelectAll,%0A+     finishSelection,%0A+     clearSelection,%0A+   } = useBeatSelection(beats);%0A+   const {%0A+     sensors,%0A+     activeDragId,%0A+     handleDragStart,%0A+     handleDragEnd,%0A+     handleDragCancel,%0A+   } = useLibraryReorder({ sortBy, setSortBy, setBeats });%0A+   const { state: audio, play, togglePause, seek, setVolume, releaseFile } = useAudio();%0A+   const { clearPlaybackPreparation, ensureWarmPlaybackUrl, handlePlay, handleWarm, invalidatePlaybackPreparation, waitForUploadedBeatPlaybackReady } = usePlaybackController({%0A+     audio,%0A+     play,%0A+     beatsLatestRef,%0A+     beatRuntimeStatesRef,%0A+     transitionRuntime,%0A+     setBeats,%0A+     cloudSessionVerified,%0A+     connectionState,%0A+     isBeatCloudUpdateBusy: beatId => beatCloudUpdateBusyIds.has(beatId),%0A+   });%0A+   const { offlineBusyIds, handleToggleOffline } = useOfflineAvailability({%0A+     connectionState,%0A+     audioPlayingId: audio.playingId,%0A+     releaseFile,%0A+     invalidatePlaybackPreparation,%0A+     ensureWarmPlaybackUrl,%0A+     beatRuntimeStatesRef,%0A+     transitionRuntime,%0A+     setBeats,%0A+     setDrawer,%0A+     setRevealedBeatIds,%0A+   });%0A+%0A+   // Keep a ref to togglePause so the keydown handler never goes stale%0A+   const togglePauseRef = useRef(togglePause);%0A+   useEffect(() => { togglePauseRef.current = togglePause; }, [togglePause]);%0A+%0A+   const rejectOfflineMutation = useCallback((action: string): boolean => {%0A+     if (connectionState === "online") return false;%0A+     void appAlert({%0A+       title: connectionState === "offline" ? "Offline" : "Connection unavailable",%0A+       message: `${action} requires an internet connection. Offline mode is read-only except for moving beats to Trash.`,%0A+     });%0A+     return true;%0A+   }, [connectionState]);%0A+%0A+   const { showUpload, setShowUpload, handleUpload, handleUploadBulk } = usePublishingActions({%0A+     selectedIds,%0A+     rejectOfflineMutation,%0A+   });%0A+%0A+   const {%0A+     reviewBootstrap,%0A+     reviewPreparationDone,%0A+     reviewPreparationPromiseRef,%0A+     deferredImportBatch,%0A+     setDeferredImportBatch,%0A+     importDroppedPaths,%0A+     cancelPendingReviewWork,%0A+     completeImmediateReviewPreparation,%0A+   } = useImportDiscovery({%0A+     dropImporting,%0A+     setDropImporting,%0A+     rejectOfflineMutation,%0A+     setDropActive,%0A+     setShowAdd,%0A+     setReviewQueue,%0A+     skippedReviewSourceKeysRef,%0A+     stagedImportPathsRef,%0A+     skeletonEnabled: REVIEW_SKELETON_ENABLED,%0A+   });%0A+%0A+   const {%0A+     backgroundUploadErrors,%0A+     cloudifyImportedBeats,%0A+     retryBackgroundUpload,%0A+     getQueuedBeatsSnapshot,%0A+     deferLibraryReloadIfUploading,%0A+     deferredLibraryReloadRef,%0A+   } = useCloudUploadQueue({%0A+     settings,%0A+     setSettings,%0A+     setConnectionState,%0A+     setBeats,%0A+     beatsLatestRef,%0A+     beatRuntimeStatesRef,%0A+     transitionRuntime,%0A+     cloudLibrarySnapshotRef,%0A+     waitForUploadedBeatPlaybackReady,%0A+     rejectOfflineMutation,%0A+     isReviewActive: () => reviewQueueLatestRef.current !== null,%0A+     hasProtectedStaging: () => stagedImportPathsRef.current.size > 0,%0A+   });%0A+%0A+%0A+   const { libraryRefreshing, reloadLibrary } = useLibraryReload({%0A+     telegramCloudConnected: Boolean(settings?.telegram_cloud_connected),%0A+     beatsLatestRef,%0A+     setBeats,%0A+     setConnectionState,%0A+     setCloudSessionVerified,%0A+     cloudMetaSnapshotRef,%0A+     cloudLibrarySnapshotRef,%0A+     startupCookingResolvedRef,%0A+     startupPipelineStartedRef,%0A+     progressiveRevealRunRef,%0A+     setRevealedBeatIds,%0A+     setStartupCookingGate,%0A+     setLoading,%0A+     deferLibraryReloadIfUploading,%0A+   });%0A+%0A+   const { interruptedUploadNotices, dismissInterruptedUploadNotices } = useStartupBootstrap({%0A+     startupCachedBeatsRef,%0A+     cloudMetaSnapshotRef,%0A+     cloudLibrarySnapshotRef,%0A+     startupCookingResolvedRef,%0A+     startupPipelineStartedRef,%0A+     startupEnginePrimeReadyRef,%0A+     progressiveRevealRunRef,%0A+     setBeats,%0A+     setSettings,%0A+     setSetupDone,%0A+     setLoading,%0A+     setConnectionState,%0A+     setCloudSessionVerified,%0A+     setStartupCookingGate,%0A+     setRevealedBeatIds,%0A+     clearReconciledTrashRuntimeStates,%0A+     dismissStartupLoader: dismissBeatGalerStartupLoader,%0A+   });%0A+%0A+%0A+ useConnectivity({%0A+   setupDone,%0A+   setConnectionState,%0A+   setCloudSessionVerified,%0A+   setSettings,%0A+   setBeats,%0A+   cloudMetaSnapshotRef,%0A+   cloudLibrarySnapshotRef,%0A+   startupCookingResolvedRef,%0A+   startupPipelineStartedRef,%0A+   startupEnginePrimeReadyRef,%0A+   progressiveRevealRunRef,%0A+   clearReconciledTrashRuntimeStates,%0A+   clearPlaybackPreparation,%0A+   clearArtworkHydration,%0A+   setStartupCookingGate,%0A+ });%0A+%0A+   useCustomCursor(settings?.custom_cursor_enabled ?? true);%0A+%0A+%0A+%0A+ // BeatGaler synchronization remains push-based. SSE only notifies the app;%0A+ // the extracted owner verifies authority before hydrating library state.%0A+ useCloudLibraryEvents({%0A+   setupDone,%0A+   beatgalerUserId: settings?.beatgaler_user_id ?? null,%0A+   setConnectionState,%0A+   setCloudSessionVerified,%0A+   setSettings,%0A+   setBeats,%0A+   cloudMetaSnapshotRef,%0A+   cloudLibrarySnapshotRef,%0A+   visibleLibraryFingerprintRef,%0A+   startupCookingResolvedRef,%0A+   startupPipelineStartedRef,%0A+   startupEnginePrimeReadyRef,%0A+   progressiveRevealRunRef,%0A+   clearReconciledTrashRuntimeStates,%0A+   clearArtworkHydration,%0A+   clearPlaybackPreparation,%0A+   setStartupCookingGate,%0A+ });%0A+%0A+   useLibraryPresentationCache(%0A+     beats,%0A+     cloudSessionVerified,%0A+     settings,%0A+   );%0A+%0A+   useEffect(() => {%0A+     visibleLibraryFingerprintRef.current = libraryViewFingerprint(beats);%0A+     beatsLatestRef.current = beats;%0A+   }, [beats]);%0A+%0A+%0A+%0A+   // One-time recovery for a cloud-only library after Telegram login/startup.%0A+   // No timer, no permanent synchronization.%0A+   const beatGalerCloudRecoveryAttemptedRef = useRef(false);%0A+%0A+   const recoverTelegramLibraryOnceIfEmpty = useCallback(async () => {%0A+     if (beatGalerCloudRecoveryAttemptedRef.current) return;%0A+     if (beats.length !== 0) return;%0A+%0A+     beatGalerCloudRecoveryAttemptedRef.current = true;%0A+     try {%0A+       const restored = await libraryStateManager.reloadAuthoritative();%0A+       if (restored.length > 0) {%0A+         setBeats(current => current.length === 0 ? restored : current);%0A+       }%0A+     } catch (error) {%0A+       console.warn("Telegram library one-time recovery skipped:", error);%0A+     }%0A+   }, [beats.length]);%0A+%0A+   // IMPORTANT: an empty library is a valid, authoritative state (for example%0A+   // immediately after Remove All). Never infer "Telegram recovery" merely from%0A+   // beats.length === 0; doing so races the pending trash/index commit and can%0A+   // resurrect the just-removed cards with their artwork unloaded. Recovery is%0A+   // only allowed from explicit Telegram connection/startup flows below.%0A+%0A+   useEffect(() => {%0A+     const onTelegramConnected = (event: Event) => {%0A+       const detail = (event as CustomEvent<{ connected?: boolean; username?: string | null }>).detail;%0A+       if (!detail?.connected) return;%0A+%0A+       setSettings(current => current ? {%0A+         ...current,%0A+         telegram_cloud_connected: true,%0A+         telegram_cloud_username: detail.username ?? current.telegram_cloud_username ?? null,%0A+       } : current);%0A+%0A+       void recoverTelegramLibraryOnceIfEmpty();%0A+     };%0A+%0A+     window.addEventListener("beatgaler:telegram-connected", onTelegramConnected);%0A+     return () => window.removeEventListener("beatgaler:telegram-connected", onTelegramConnected);%0A+   }, [recoverTelegramLibraryOnceIfEmpty]);%0A+%0A+%0A+   const handleUploadTelegram = useCallback(async (beat: Beat) => {%0A+     if (rejectOfflineMutation("Uploading a beat")) return;%0A+     const existingCloudBeat = Boolean(beat.telegram_file_id);%0A+     transitionRuntime(beat.id, { type: existingCloudBeat ? "SYNC_QUEUE_UPDATE" : "SYNC_QUEUE_UPLOAD" }, beat);%0A+     transitionRuntime(beat.id, { type: existingCloudBeat ? "SYNC_UPDATE_STARTED" : "SYNC_UPLOAD_STARTED" }, beat);%0A+     try {%0A+       const updated = await uploadBeatToTelegram(beat);%0A+       await syncBeatMetadataToTelegram(updated);%0A+       transitionRuntime(updated.id, { type: existingCloudBeat ? "SYNC_UPDATE_SUCCEEDED" : "SYNC_UPLOAD_SUCCEEDED" }, updated);%0A+       setBeats(bs => bs.map(b => b.id === updated.id ? updated : b));%0A+     } catch (e: any) {%0A+       const message = sanitizeUserVisibleText(runtimeErrorMessage(e), "Cloud operation failed.");%0A+       if (existingCloudBeat && isRuntimeConflictError(e)) {%0A+         transitionRuntime(beat.id, { type: "SYNC_CONFLICT", message }, beat);%0A+       } else {%0A+         transitionRuntime(beat.id, { type: "SYNC_FAILED", code: "TELEGRAM_UPLOAD_FAILED", message, retryable: true }, beat);%0A+       }%0A+       await appAlert({%0A+         title: "Cloud upload failed",%0A+         message,%0A+         danger: true,%0A+       });%0A+     }%0A+   }, [rejectOfflineMutation, transitionRuntime]);%0A+%0A+   const handleDownloadTelegram = useCallback(async (_beat: Beat) => {%0A+     await appAlert({%0A+       title: "Cloud-only library",%0A+       message: "Files are fetched into temporary storage automatically when needed.",%0A+     });%0A+   }, []);%0A+%0A+%0A+   const handleEditBulk = useCallback(() => {%0A+     if (rejectOfflineMutation("Editing metadata")) return;%0A+     const firstSelected = beats.find(b => selectedIds.has(b.id));%0A+     if (firstSelected) setDrawer({ beat: firstSelected, mode: "edit" });%0A+   }, [beats, selectedIds, rejectOfflineMutation]);%0A+%0A+   const { deleteBeat, handleRemoveBulk, handleBeatRestored } = useTrashActions({%0A+     beats,%0A+     setBeats,%0A+     beatsLatestRef,%0A+     selectedIds,%0A+     clearSelection,%0A+     connectionState,%0A+     audioPlayingId: audio.playingId,%0A+     releaseFile,%0A+     beatRuntimeStatesRef,%0A+     transitionRuntime,%0A+     forgetRuntimeState,%0A+     cloudMetaSnapshotRef,%0A+     cloudLibrarySnapshotRef,%0A+     invalidateArtworkHydration,%0A+     ensureArtworkReady,%0A+   });%0A+%0A+   const addBeats = useCallback((newBeats: Beat[]) => {%0A+     setBeats(bs => {%0A+       const existing = new Set(bs.map(b => b.mp3_path));%0A+       const next = [...newBeats.filter(b => !existing.has(b.mp3_path)), ...bs];%0A+       beatsLatestRef.current = next;%0A+       return next;%0A+     });%0A+   }, []);%0A+%0A+   const addBeatsAndReview = useCallback((newBeats: Beat[]) => {%0A+     if (newBeats.length === 0) return;%0A+     if (connectionState !== "online") {%0A+       void appAlert({%0A+         title: "Internet connection required",%0A+         message: "BeatGaler does not import new beats while offline. Reconnect and import them again.",%0A+       });%0A+       void cleanupOrphanedDropStaging(beatsLatestRef.current);%0A+       return;%0A+     }%0A+     const sanitized = newBeats.map(beat => ({ ...beat, tags: cleanTags(beat.tags || []).tags }));%0A+%0A+     // Review candidates are NOT library beats yet.%0A+     // Keeping them out of `beats` means:%0A+     // 1) Cancel leaves absolutely nothing behind.%0A+     // 2) duplicate-name checks compare only against committed library items.%0A+     // 3) a re-dropped folder can never masquerade as an edit of the existing beat.%0A+     setShowAdd(false);%0A+     startReview(sanitized);%0A+     // Upload begins only after Review → Save.%0A+   }, [connectionState, startReview]);%0A+%0A+ const {%0A+   skipCurrentReviewBeat,%0A+   cancelReview,%0A+   handleReviewedBeatSaved,%0A+ } = useImportReview({%0A+   setBeats,%0A+   beatsLatestRef,%0A+   setReviewQueue,%0A+   skippedReviewSourceKeysRef,%0A+   cloudifyImportedBeats,%0A+   getQueuedBeatsSnapshot,%0A+   onCancelPendingWork: cancelPendingReviewWork,%0A+   releaseBeat: platform.capabilities.reviewBeatCloudCommit%0A+     ? beatId => platform.importer.releaseBeat(beatId)%0A+     : undefined,%0A+   discardBatch: batchId => discardImportReviewBatch(batchId),%0A+   cleanupStaging: protectedBeats => cleanupOrphanedDropStaging(protectedBeats),%0A+ });%0A+%0A+   const {%0A+     audioConflictBatch,%0A+     dropImportBatch,%0A+     resetImportResolutionState,%0A+     handleReviewedSaveAll,%0A+     cancelAudioConflicts,%0A+     resolveAudioConflicts,%0A+     closeImportDecisions,%0A+     importResolvedDecisions,%0A+   } = useImportSaveAll({%0A+     setBeats,%0A+     beatsLatestRef,%0A+     reviewQueue,%0A+     setReviewQueue,%0A+     reviewQueueLatestRef,%0A+     reviewBootstrap,%0A+     reviewPreparationDone,%0A+     reviewPreparationPromiseRef,%0A+     deferredImportBatch,%0A+     setDeferredImportBatch,%0A+     stagedImportPathsRef,%0A+     setDropImporting,%0A+     cloudifyImportedBeats,%0A+     addBeatsAndReview,%0A+   });%0A+%0A+   const { importDroppedBrowserFiles } = useBrowserImport({%0A+     dropImporting,%0A+     setDropImporting,%0A+     rejectOfflineMutation,%0A+     setDropActive,%0A+     setShowAdd,%0A+     setReviewQueue,%0A+     completeImmediateReviewPreparation,%0A+     resetImportResolutionState,%0A+   });%0A+%0A+   const updateExistingBeatFromFolder = useCallback(async (beat: Beat, folderPath: string): Promise<boolean> => {%0A+     if (rejectOfflineMutation("Updating beat files")) return true;%0A+     if (isBackupFolderPath(folderPath)) {%0A+       await appAlert({%0A+         title: "Backup folder skipped",%0A+         message: "BeatGaler keeps Backup/Backups folders out of PROJECT.zip so old project copies are not uploaded.",%0A+       });%0A+       return true;%0A+     }%0A+%0A+     const t = await import("./lib/tauri");%0A+%0A+     let preview;%0A+     try {%0A+       preview = await t.inspectBeatUpdateFolder(folderPath);%0A+     } catch {%0A+       return false;%0A+     }%0A+%0A+     let replaceMaster = false;%0A+     if (preview.has_mp3) {%0A+       const alreadyHasMaster = Boolean(beat.telegram_file_id) || Boolean(beat.mp3_path?.trim());%0A+       if (alreadyHasMaster) {%0A+         const incoming = preview.mp3_filename || "the incoming MP3";%0A+         const confirmed = window.confirm(%0A+           `Replace current MASTER for "${beat.name}"?\n\n` +%0A+           `${incoming} will become the new MASTER.\n` +%0A+           `Its BPM, key, tags, rating and artwork will replace the current metadata.\n\n` +%0A+           `WAV and project files from this folder will also be added or updated.`%0A+         );%0A+         if (!confirmed) return true;%0A+       }%0A+       replaceMaster = true;%0A+     }%0A+%0A+     setBeatCloudUpdateBusy(beat.id, true);%0A+     const runtime = beatRuntimeStatesRef.current[beat.id] ?? createBeatRuntimeState(beat);%0A+     if (runtime.sync_state === "synced") transitionRuntime(beat.id, { type: "SYNC_QUEUE_UPDATE" }, beat);%0A+     transitionRuntime(beat.id, { type: "SYNC_UPDATE_STARTED" }, beat);%0A+     try {%0A+       let updated = await t.mergeFolderIntoExistingBeat(beat, folderPath, replaceMaster);%0A+       setBeats(bs => bs.map(b => b.id === beat.id ? updated : b));%0A+%0A+       if (replaceMaster) {%0A+         updated = await t.uploadBeatToTelegram(updated);%0A+         setBeats(bs => bs.map(b => b.id === beat.id ? updated : b));%0A+       }%0A+%0A+       if (preview.has_wav && updated.wav_path) {%0A+         await t.uploadDroppedFileToTelegram(updated, updated.wav_path, "WAV");%0A+       }%0A+%0A+       if (preview.has_project_assets) {%0A+         await t.uploadProjectToTelegram(updated);%0A+       }%0A+%0A+       if (replaceMaster && updated.telegram_file_id) {%0A+         await t.syncBeatMetadataToTelegram(updated);%0A+       }%0A+%0A+       window.dispatchEvent(new CustomEvent("beatgaler:project-cloud-updated", { detail: { beatId: beat.id } }));%0A+       await libraryStateManager.commitSnapshot(beatsLatestRef.current.map(item => item.id === beat.id ? updated : item), "metadata-update");%0A+       transitionRuntime(beat.id, { type: "SYNC_UPDATE_SUCCEEDED" }, updated);%0A+       setBeats(bs => bs.map(b => b.id === beat.id ? updated : b));%0A+       return true;%0A+     } catch (error) {%0A+       console.error(error);%0A+       const message = sanitizeUserVisibleText(runtimeErrorMessage(error), "Cloud operation failed.");%0A+       if (isRuntimeConflictError(error)) transitionRuntime(beat.id, { type: "SYNC_CONFLICT", message }, beat);%0A+       else transitionRuntime(beat.id, { type: "SYNC_FAILED", code: "FOLDER_UPDATE_FAILED", message, retryable: true }, beat);%0A+       alert(`Could not update "${beat.name}" from the dropped folder: ${message}`);%0A+       return true;%0A+     } finally {%0A+       setBeatCloudUpdateBusy(beat.id, false);%0A+     }%0A+   }, [rejectOfflineMutation, transitionRuntime]);%0A+%0A+   const { commitDrawerCloudMutation } = useDrawerCloudPersistence({%0A+   beats,%0A+   browserCloudEditing: platform.capabilities.browserCloudEditing,%0A+   connectionState,%0A+   cloudSessionVerified,%0A+   beatsLatestRef,%0A+   beatRuntimeStatesRef,%0A+   transitionRuntime,%0A+   cloudMetaSnapshotRef,%0A+   cloudLibraryTimerRef,%0A+   cloudLibrarySnapshotRef,%0A+ });%0A+%0A+   // V7: INDEX writes are explicit transactions only.%0A+   // There is deliberately no generic "beats changed => rewrite Telegram" observer.%0A+   // Upload, metadata, Trash/Restore and project/file operations commit through%0A+   // libraryStateManager at their actual logical commit boundary. This prevents%0A+   // render/cache hydration from becoming an accidental cloud mutation.%0A+%0A+   const {%0A+     handleIncompleteWarningsChanged,%0A+     handleCustomCursorChanged,%0A+     handleFolderChanged,%0A+     handleDisconnectTelegramAccount,%0A+   } = useSessionActions({%0A+     setSettings,%0A+     setCloudSessionVerified,%0A+     logoutAccount: logoutBeatGalerAccount,%0A+     releaseFile,%0A+     progressiveRevealRunRef,%0A+     clearPlaybackPreparation,%0A+     clearArtworkHydration,%0A+     setRevealedBeatIds,%0A+     setBeats,%0A+     clearSelection,%0A+   });%0A+%0A+   const updateBeat = useCallback((updated: Beat) => {%0A+     if (updated.telegram_file_id && connectionState === "online") {%0A+       const runtime = beatRuntimeStatesRef.current[updated.id] ?? createBeatRuntimeState(updated);%0A+       if (runtime.sync_state === "synced") transitionRuntime(updated.id, { type: "SYNC_QUEUE_UPDATE" }, updated);%0A+     }%0A+     setBeats(bs => bs.map(b => b.id === updated.id ? updated : b));%0A+     if (drawer?.beat.id === updated.id) setDrawer(d => d ? { ...d, beat: updated } : null);%0A+   }, [connectionState, drawer, transitionRuntime]);%0A+%0A+%0A+%0A+   const handleDropArtwork = useCallback(async (beat: Beat, imageBase64: string) => {%0A+     if (rejectOfflineMutation("Changing artwork")) return;%0A+%0A+     const updated = { ...beat, image_base64: imageBase64, image_preview_base64: null };%0A+%0A+     if (platform.capabilities.browserCloudEditing) {%0A+       // Publish the browser-decoded artwork immediately, then commit it through%0A+       // the Web editor/Direct transport. No Tauri metadata path participates.%0A+       updateBeat(updated);%0A+       transitionRuntime(updated.id, { type: "SYNC_UPDATE_STARTED" }, updated);%0A+       try {%0A+         const committed = await platform.editor.commit(beat, updated, {});%0A+         setBeats(current => {%0A+           const next = current.map(item => item.id === committed.id ? committed : item);%0A+           beatsLatestRef.current = next;%0A+           return next;%0A+         });%0A+         setDrawer(current => current?.beat.id === committed.id ? { ...current, beat: committed } : current);%0A+         transitionRuntime(updated.id, { type: "SYNC_UPDATE_SUCCEEDED" }, committed);%0A+       } catch (error) {%0A+         const message = sanitizeUserVisibleText(runtimeErrorMessage(error), "Cloud operation failed.");%0A+         transitionRuntime(updated.id, { type: "SYNC_FAILED", code: "ARTWORK_SYNC_FAILED", message, retryable: true }, updated);%0A+         throw error;%0A+       }%0A+       return;%0A+     }%0A+%0A+     // Desktop keeps its existing native metadata/artwork transaction.%0A+     await saveBeatMeta({%0A+       mp3_path: beat.mp3_path,%0A+       wav_path: beat.wav_path,%0A+       bpm: beat.bpm,%0A+       key: beat.key,%0A+       tags: beat.tags,%0A+       rating: beat.rating,%0A+       image_base64: imageBase64,%0A+       update_filename: false,%0A+     });%0A+%0A+     updateBeat(updated);%0A+%0A+     if (updated.telegram_file_id && connectionState === "online") {%0A+       const runtime = beatRuntimeStatesRef.current[updated.id] ?? createBeatRuntimeState(updated);%0A+       if (runtime.sync_state === "synced") transitionRuntime(updated.id, { type: "SYNC_QUEUE_UPDATE" }, updated);%0A+       transitionRuntime(updated.id, { type: "SYNC_UPDATE_STARTED" }, updated);%0A+       try {%0A+         await syncBeatMetadataToTelegram(updated);%0A+         const indexSnapshot = beatsLatestRef.current.map(item => item.id === updated.id ? updated : item);%0A+         await libraryStateManager.commitSnapshot(indexSnapshot, "upload-batch");%0A+         if (cloudLibraryTimerRef.current) {%0A+           window.clearTimeout(cloudLibraryTimerRef.current);%0A+           cloudLibraryTimerRef.current = null;%0A+         }%0A+         cloudLibrarySnapshotRef.current = indexSnapshot%0A+           .filter(item => !!item.telegram_file_id)%0A+           .map(cloudBeatFingerprint)%0A+           .join("\u001c");%0A+         cloudMetaSnapshotRef.current?.set(updated.id, cloudBeatFingerprint(updated));%0A+         transitionRuntime(updated.id, { type: "SYNC_UPDATE_SUCCEEDED" }, updated);%0A+       } catch (error) {%0A+         const message = sanitizeUserVisibleText(runtimeErrorMessage(error), "Cloud operation failed.");%0A+         transitionRuntime(updated.id, { type: "SYNC_FAILED", code: "ARTWORK_SYNC_FAILED", message, retryable: true }, updated);%0A+         throw error;%0A+       }%0A+     }%0A+   }, [updateBeat, rejectOfflineMutation, connectionState, transitionRuntime]);%0A+%0A+%0A+   const {%0A+     runBeatCloudUpdate,%0A+     startMasterAssetUpdate,%0A+     startWavAssetUpdate,%0A+     handleBrowserBeatAssetDrop,%0A+   } = useBeatAssetUpdates({%0A+     rejectOfflineMutation,%0A+     setBeatFileDrop,%0A+     setBeatCloudUpdateBusy,%0A+     beatRuntimeStatesRef,%0A+     transitionRuntime,%0A+     beatsLatestRef,%0A+     cloudLibrarySnapshotRef,%0A+     setBeats,%0A+     setDrawer,%0A+     waitForUploadedBeatPlaybackReady,%0A+   });%0A+%0A+   const {%0A+     openableCloudProjectIds,%0A+     projectUpdateNotice,%0A+     dismissProjectUpdateNotice,%0A+     hasStoredProject,%0A+     startProjectAssetUpdate,%0A+     handleAutoProjectDrop,%0A+     handleBrowserProjectDrop,%0A+     handleUploadProjectTelegram,%0A+     handleOpenProject,%0A+     handleUpdateProject,%0A+   } = useBeatProjects({%0A+     beats,%0A+     connectionState,%0A+     rejectOfflineMutation,%0A+     transitionRuntime,%0A+     beatsLatestRef,%0A+     setBeats,%0A+     setDrawer,%0A+     runBeatCloudUpdate,%0A+     setBeatCloudUpdateBusy,%0A+   });%0A+%0A+   const handleDroppedBeatFileRole = useCallback(async (role: DroppedBeatFileRole) => {%0A+     if (!beatFileDrop) return;%0A+     const { beat, filePath } = beatFileDrop;%0A+     const ext = extensionFromPath(filePath);%0A+%0A+     if (role === "loop" || role === "stems") return;%0A+%0A+     if (role === "main") {%0A+       if (ext !== "mp3") return;%0A+       startMasterAssetUpdate(beat, filePath);%0A+       return;%0A+     }%0A+%0A+     if (role === "wav") {%0A+       if (ext !== "wav") return;%0A+       startWavAssetUpdate(beat, filePath);%0A+       return;%0A+     }%0A+%0A+     if (role === "projectFolder") {%0A+       const existing = await hasStoredProject(beat).catch(() => false);%0A+       if (!existing) {%0A+         await cleanupStagedDropPaths([filePath]).catch(() => {});%0A+         setBeatFileDrop(null);%0A+         await appAlert({%0A+           title: "Project file required",%0A+           message: "Add a .flp, .als, .logicx, .ptx/.ptf file or a valid PROJECT ZIP first. Then folders can be added to that PROJECT.zip using their original folder name.",%0A+         });%0A+         return;%0A+       }%0A+       startProjectAssetUpdate(beat, filePath, "projectFolder");%0A+     }%0A+   }, [beatFileDrop, hasStoredProject, startMasterAssetUpdate, startProjectAssetUpdate, startWavAssetUpdate]);%0A+%0A+%0A+   useHtmlLibraryDrop({%0A+     nativeDropAvailable: isTauriAvailable,%0A+     browserFileImport: platform.capabilities.browserFileImport,%0A+     reviewSkeletonEnabled: REVIEW_SKELETON_ENABLED,%0A+     beatsLatestRef,%0A+     setDropActive,%0A+     setBeatCloudUpdateBusy,%0A+     setBeatFileDrop,%0A+     setLibraryDropStaging,%0A+     handleDropArtwork,%0A+     handleAutoProjectDrop,%0A+     handleBrowserBeatAssetDrop,%0A+     handleBrowserProjectDrop,%0A+     importDroppedBrowserFiles,%0A+     importDroppedPaths,%0A+   });%0A+%0A+   useNativeLibraryDrop({%0A+     nativeDropAvailable: isTauriAvailable,%0A+     reviewSkeletonEnabled: REVIEW_SKELETON_ENABLED,%0A+     beatsLatestRef,%0A+     setDropActive,%0A+     setBeatCloudUpdateBusy,%0A+     setBeatFileDrop,%0A+     setLibraryDropStaging,%0A+     handleDropArtwork,%0A+     handleAutoProjectDrop,%0A+     importDroppedPaths,%0A+   });%0A+%0A+   const applyBulkUpdate = useCallback((updates: Partial<Beat>, options?: { tagsMode?: "add" | "replace" | "remove" }) => {%0A+     setBeats(bs => bs.map(b => {%0A+       if (!selectedIds.has(b.id)) return b;%0A+       if (!updates.tags) return { ...b, ...updates };%0A+%0A+       const normalizedInput = Array.from(new Set(%0A+         updates.tags.map(t => t.trim().toLowerCase()).filter(Boolean)%0A+       ));%0A+%0A+       if (options?.tagsMode === "replace") {%0A+         return { ...b, ...updates, tags: normalizedInput };%0A+       }%0A+%0A+       if (options?.tagsMode === "remove") {%0A+         const removeSet = new Set(normalizedInput);%0A+         const remainingTags = b.tags.filter(tag => !removeSet.has(tag.trim().toLowerCase()));%0A+         return { ...b, ...updates, tags: remainingTags };%0A+       }%0A+%0A+       const mergedTags = Array.from(new Set(%0A+         [...b.tags, ...normalizedInput].map(t => t.trim().toLowerCase()).filter(Boolean)%0A+       ));%0A+       return { ...b, ...updates, tags: mergedTags };%0A+     }));%0A+     clearSelection();%0A+   }, [selectedIds]);%0A+%0A+%0A+   const tagColors = useTagColors();%0A+%0A+ const handleTagClick = useCallback((tag: string, e: React.MouseEvent) => {%0A+   toggleTagFilter(tag, e.altKey ? "exclude" : "include");%0A+ }, [toggleTagFilter]);%0A+%0A+   const tagFrequency = useMemo(() => selectTagFrequency(beats), [beats]);%0A+   const allTags = useMemo(() => selectAllTags(beats, tagFrequency), [beats, tagFrequency]);%0A+   const tagSuggestions = useMemo(() => selectTagSuggestions(beats), [beats]);%0A+   const displayedBeats = filteredBeats.filter(beat => revealedBeatIds.has(beat.id));%0A+%0A+   const {%0A+     shuffleEnabled,%0A+     repeatMode,%0A+     showQueue,%0A+     queuedBeats,%0A+     addToQueue,%0A+     handleNext,%0A+     handlePrev,%0A+     closeQueue,%0A+     toggleQueue,%0A+     toggleShuffle,%0A+     cycleRepeat,%0A+     playQueueIndex,%0A+   } = usePlaybackQueue({%0A+     beats,%0A+     displayedBeats,%0A+     playingId: audio.playingId,%0A+     progress: audio.progress,%0A+     endedSeq: audio.endedSeq,%0A+     handlePlay,%0A+     seek,%0A+     releaseFile,%0A+   });%0A+%0A+   useAppShortcuts({%0A+     togglePauseRef,%0A+     clearSelection,%0A+     setDrawer,%0A+     setShowAdd,%0A+     setShowSettings,%0A+     closeQueue,%0A+     setShowUpload,%0A+   });%0A+%0A+%0A+%0A+   const currentBeat = beats.find(b => b.id === audio.playingId);%0A+   const selectedBeats = beats.filter(b => selectedIds.has(b.id));%0A+   const activeDragBeat = activeDragId ? beats.find(b => b.id === activeDragId) ?? null : null;%0A+%0A+   return <AppShell scope={{ Event, HTMLElement, REVIEW_SKELETON_ENABLED, activeDragBeat, addBeatsAndReview, addToQueue, allTags, applyBulkUpdate, audio, audioConflictBatch, backTagRename, backgroundUploadErrors, beatFileDrop, beats, cancelAudioConflicts, cancelReview, cancelTagRename, clearSelection, clearTagFilters, closeCloudFiles, closeImportDecisions, cloudDownloadNotice, cloudFiles, cloudFilesBeat, cloudFilesBusyId, cloudFilesDownloadError, cloudFilesDownloadedIds, cloudSessionVerified, commitDrawerCloudMutation, confirmTagRename, connectionState, continueTagRename, currentBeat, cycleRepeat, deferredLibraryReloadRef, deleteBeat, dismissDownloadError, dismissInterruptedUploadNotices, dismissProjectUpdateNotice, displayedBeats, drawer, dropActive, dropImportBatch, dropImporting, excludedTags, filteredBeats, finishSelection, handleBeatRestored, handleCloudFiles, handleCustomCursorChanged, handleDisconnectTelegramAccount, handleDownloadTelegram, handleDragCancel, handleDragEnd, handleDragStart, handleDroppedBeatFileRole, handleEditBulk, handleFolderChanged, handleGetCloudFile, handleIncompleteWarningsChanged, handleNext, handleOpenProject, handlePlay, handlePrev, handleRemoveBulk, handleReviewedBeatSaved, handleReviewedSaveAll, handleTagClick, handleToggleOffline, handleUpdateProject, handleUpload, handleUploadBulk, handleUploadProjectTelegram, handleUploadTelegram, handleWarm, importResolvedDecisions, includedTags, interruptedUploadNotices, libraryDropStaging, libraryRefreshing, loading, offlineBusyIds, openTagRename, openableCloudProjectIds, playQueueIndex, projectUpdateNotice, queuedBeats, rejectOfflineMutation, releaseFile, reloadLibrary, repeatMode, resolveAudioConflicts, retryBackgroundUpload, revealedBeatIds, reviewBootstrap, reviewQueue, search, seek, selectMode, selectedBeats, selectedIds, sensors, setBeatFileDrop, setDrawer, setSearch, setShowAdd, setShowSettings, setShowUpload, setSortBy, setTagColorMenu, setTagRenameNewTag, setVolume, settings, showAdd, showQueue, showSettings, showUpload, shuffleEnabled, skipCurrentReviewBeat, sortBy, startupCookingGate, tagColorMenu, tagColors, tagFrequency, tagRename, tagRenameAffectedCount, tagRenameBusy, tagRenameError, tagRenameMp3Count, tagRenameWavCount, tagSuggestions, togglePause, toggleQueue, toggleSelectAll, toggleSelection, toggleShuffle, updateBeat }} />;%0A+ }%0A+%0A+%0A+ export default function App() {%0A+   return platform.kind === "web"%0A+     ? <BeatGalerApp />%0A+     : <AccountGate><BeatGalerApp /></AccountGate>;%0A+ }%0A+%0A%0A ❯ tests/integration/appSessionExtraction.test.ts:27:17%0A%0A

::error file=/home/runner/work/BeatGaler/BeatGaler/tests/integration/appTagRenameExtraction.test.ts,title=tests/integration/appTagRenameExtraction.test.ts > App tag rename extraction > moves the dialog while preserving pre-run cancel%2C back%2C busy and error feedback,line=30,column=17::AssertionError: expected 'import React, { useState, useCallback…' to contain '<TagRenameDialog'%0A%0A- Expected%0A+ Received%0A%0A- <TagRenameDialog%0A+ import React, { useState, useCallback, useEffect, useRef, useMemo } from "react";%0A+ import type { Beat } from "./types";%0A+ import BeatCard from "./components/BeatCard";%0A+ import Drawer from "./components/Drawer";%0A+ import Player from "./components/Player";%0A+ import AddBeatModal from "./components/AddBeatModal";%0A+ import SettingsPanel from "./components/SettingsPanel";%0A+ import AccountGate, { logoutBeatGalerAccount } from "./components/AccountGate";%0A+ import UploadModal from "./components/UploadModal";%0A+ import JobStatusBar from "./components/JobStatusBar";%0A+ import { PlusIcon, Artwork } from "./components/ui";%0A+ import { useAudio } from "./hooks/useAudio";%0A+ import { loadLibrary, readBeatMeta, saveBeatMeta, discardImportReviewBatch, uploadBeatToTelegram, downloadBeatFromTelegram, prepareBeatForPlayback, warmBeatForPlayback, getDownloadCookingStatus, downloadCookingDiagnosticEvent, uploadProjectToTelegram, uploadDroppedFileToTelegram, downloadCloudFileToCache, downloadProjectToCache, revealInExplorer, syncBeatMetadataToTelegram, copyExportFile, copyAudioMetadata, prepareUniqueExportFolder, type CloudFileType, isTauriAvailable } from "./lib/tauri";%0A+ import { libraryStateManager } from "./lib/libraryStateManager";%0A+ import { platform } from "./platform";%0A+ import { DndContext, DragOverlay, closestCenter } from "@dnd-kit/core";%0A+ import { SortableContext, rectSortingStrategy } from "@dnd-kit/sortable";%0A+ import { appAlert, appConfirm } from "./lib/dialog";%0A+ import { sanitizeUserVisibleText } from "./lib/userVisibleError";%0A+ import { useTagColors, setTagColor } from "./lib/tagColors";%0A+ import { registerJob, updateJob } from "./lib/jobStore";%0A+ import { cleanTags } from "./lib/metadataValidation";%0A+ import { cleanupOrphanedDropStaging, cleanupStagedDropPaths } from "./features/dragdrop/dropStaging";%0A+ import CloudFilesModal from "./features/downloads/components/CloudFilesModal";%0A+ import { useBeatDownloads } from "./features/downloads/useBeatDownloads";%0A+ import BeatFileDropModal, { type DroppedBeatFileRole } from "./features/dragdrop/components/BeatFileDropModal";%0A+ import SearchBar from "./features/library/components/SearchBar";%0A+ import SortMenu from "./features/library/components/SortMenu";%0A+ import TagColorMenu from "./features/tags/components/TagColorMenu";%0A+ import { useArtworkHydration } from "./features/artwork/useArtworkHydration";%0A+ import { useCloudUploadQueue } from "./features/cloud/useCloudUploadQueue";%0A+ import ImportReviewHost, { ImportResolutionHost } from "./features/import/components/ImportReviewHost";%0A+ import { useImportSession } from "./features/import/useImportSession";%0A+ import { useImportReview } from "./features/import/useImportReview";%0A+ import { useImportDiscovery } from "./features/import/useImportDiscovery";%0A+ import { useImportSaveAll } from "./features/import/useImportSaveAll";%0A+ import { useBrowserImport } from "./features/import/useBrowserImport";%0A+ import { extensionFromPath, fileNameFromPath, isBackupFolderPath } from "./features/dragdrop/pathHelpers";%0A+ import { useHtmlLibraryDrop } from "./features/dragdrop/useHtmlLibraryDrop";%0A+ import { useNativeLibraryDrop } from "./features/dragdrop/useNativeLibraryDrop";%0A+ import { cloudBeatFingerprint, drawerMetadataCommitFingerprint, libraryViewFingerprint } from "./features/library/libraryFingerprints";%0A+ import { clearUploadPreviewCache, preserveLoadedArtwork } from "./features/library/libraryPresentationCache";%0A+ import { selectFilteredAndSortedBeats } from "./features/library/librarySelectors";%0A+ import { useLibraryViewState } from "./features/library/useLibraryViewState";%0A+ import { useLibraryReorder } from "./features/library/useLibraryReorder";%0A+ import { useBeatSelection } from "./features/selection/useBeatSelection";%0A+ import { selectAllTags, selectTagFrequency, selectTagSuggestions } from "./features/tags/tagSelectors";%0A+ import { useTagFilters } from "./features/tags/useTagFilters";%0A+ import { useTagRename } from "./features/tags/useTagRename";%0A+ import TagRenameDialog from "./features/tags/components/TagRenameDialog";%0A+ import { useLibraryPresentationCache, useLibraryState } from "./features/library/useLibraryState";%0A+ import { useLibraryReload } from "./features/library/useLibraryReload";%0A+ import { useStartupBootstrap } from "./features/startup/useStartupBootstrap";%0A+ import { useLibraryReveal } from "./features/startup/useLibraryReveal";%0A+ import { dismissBeatGalerStartupLoader } from "./features/startup/startupLoader";%0A+ import { useWebPlaybackSortRouting } from "./features/playback/useWebPlaybackSortRouting";%0A+ import { usePlaybackController } from "./features/playback/usePlaybackController";%0A+ import { usePlaybackQueue } from "./features/playback/usePlaybackQueue";%0A+ import { useDrawerCloudPersistence } from "./features/edit/useDrawerCloudPersistence";%0A+ import { useBeatAssetUpdates } from "./features/edit/useBeatAssetUpdates";%0A+ import { useBeatProjects } from "./features/projects/useBeatProjects";%0A+ import { useOfflineAvailability } from "./features/offline/useOfflineAvailability";%0A+ import { useTrashActions } from "./features/trash/useTrashActions";%0A+ import { useWebLibraryReconciled } from "./features/library/useWebLibraryReconciled";%0A+ import { createBeatRuntimeState } from "./features/state/beatRuntimeState";%0A+ import { useBeatRuntimeRegistry } from "./features/state/useBeatRuntimeRegistry";%0A+ import { useSessionState } from "./features/session/useSessionState";%0A+ import { useSessionActions } from "./features/session/useSessionActions";%0A+ import { useCustomCursor } from "./features/session/useCustomCursor";%0A+ import { useConnectivity } from "./features/session/useConnectivity";%0A+ import { useCloudLibraryEvents } from "./features/cloud/useCloudLibraryEvents";%0A+ import AppShell from "./app/AppShell";%0A+ import { useAppShortcuts } from "./app/useAppShortcuts";%0A+ import { usePublishingActions } from "./features/publishing/usePublishingActions";%0A+%0A+ // Intentionally isolated: if real-world timings prove the skeleton unnecessary,%0A+ // flipping/removing this one constant deletes the visual layer without touching%0A+ // the staged Review architecture underneath it.%0A+ const REVIEW_SKELETON_ENABLED = true;%0A+%0A+ const beatCloudUpdateBusyIds = new Set<string>();%0A+%0A+ function setBeatCloudUpdateBusy(beatId: string, active: boolean, success = false) {%0A+   if (active) beatCloudUpdateBusyIds.add(beatId);%0A+   else beatCloudUpdateBusyIds.delete(beatId);%0A+   window.dispatchEvent(new CustomEvent("beatgaler:beat-cloud-busy", {%0A+     detail: { beatId, active, success }%0A+   }));%0A+ }%0A+%0A+ function formatCloudBytes(bytes: number) {%0A+   if (!bytes) return "0 B";%0A+   const units = ["B", "KB", "MB", "GB"];%0A+   let n = bytes; let i = 0;%0A+   while (n >= 1024 && i < units.length - 1) { n /= 1024; i++; }%0A+   return `${n.toFixed(i === 0 ? 0 : 1)} ${units[i]}`;%0A+ }%0A+%0A+ function runtimeErrorMessage(error: unknown): string {%0A+   return error instanceof Error ? error.message : String(error);%0A+ }%0A+%0A+ function isRuntimeConflictError(error: unknown): boolean {%0A+   const message = runtimeErrorMessage(error).toLowerCase();%0A+   return message.includes("409") || message.includes("conflict") || message.includes("revision mismatch") || message.includes("version mismatch");%0A+ }%0A+%0A+ function BeatGalerApp() {%0A+   const {%0A+     beats,%0A+     setBeats,%0A+     beatsLatestRef,%0A+     startupCachedBeatsRef,%0A+     initialLoading,%0A+   } = useLibraryState();%0A+   const cloudMetaSnapshotRef = useRef<Map<string, string> | null>(null);%0A+   const cloudLibraryTimerRef = useRef<number | null>(null);%0A+   const cloudLibrarySnapshotRef = useRef<string | null>(null);%0A+   const visibleLibraryFingerprintRef = useRef<string>("");%0A+   const {%0A+     beatRuntimeStates,%0A+     beatRuntimeStatesRef,%0A+     transitionRuntime,%0A+     forgetRuntimeState,%0A+     clearReconciledTrashRuntimeStates,%0A+   } = useBeatRuntimeRegistry(beats, beatsLatestRef);%0A+   const stagedImportPathsRef = useRef<Map<string, string[]>>(new Map());%0A+   const [loading, setLoading] = useState(() => initialLoading);%0A+   const startupCookingResolvedRef = useRef(false);%0A+   const startupPipelineStartedRef = useRef(false);%0A+   const startupEnginePrimeReadyRef = useRef(false);%0A+   const handleArtworkHydratedFromNetwork = useCallback((next: Beat[], beatId: string) => {%0A+     const hydrated = next.find(item => item.id === beatId);%0A+     if (hydrated && cloudMetaSnapshotRef.current) {%0A+       cloudMetaSnapshotRef.current.set(beatId, cloudBeatFingerprint(hydrated));%0A+     }%0A+     if (cloudLibrarySnapshotRef.current !== null) {%0A+       cloudLibrarySnapshotRef.current = next%0A+         .filter(item => !!item.telegram_file_id)%0A+         .map(cloudBeatFingerprint)%0A+         .join("\u001c");%0A+     }%0A+   }, []);%0A+   const { ensureArtworkReady, clearArtworkHydration, invalidateArtworkHydration } = useArtworkHydration({%0A+     setBeats,%0A+     onNetworkHydrated: handleArtworkHydratedFromNetwork,%0A+   });%0A+   const { search, setSearch, sortBy, setSortBy } = useLibraryViewState();%0A+   const {%0A+     includedTags,%0A+     excludedTags,%0A+     clearTagFilters,%0A+     toggleTagFilter,%0A+     replaceTagFilter,%0A+   } = useTagFilters();%0A+   const filteredBeats = selectFilteredAndSortedBeats(%0A+     beats,%0A+     search,%0A+     includedTags,%0A+     excludedTags,%0A+     sortBy,%0A+   );%0A+%0A+   const [tagColorMenu, setTagColorMenu] = useState<{ tag: string; x: number; y: number } | null>(null);%0A+   const {%0A+     tagRename, tagRenameBusy, tagRenameError, affectedCount: tagRenameAffectedCount,%0A+     affectedMp3Count: tagRenameMp3Count, affectedWavCount: tagRenameWavCount,%0A+     openTagRename, setNewTag: setTagRenameNewTag, continueTagRename, backTagRename,%0A+     cancelTagRename, confirmTagRename,%0A+   } = useTagRename({ beats, setBeats, replaceTagFilter });%0A+   useWebPlaybackSortRouting(sortBy, beats, platform.kind === "web");%0A+   const onWebLibraryReconciled = useCallback((incoming: Beat[]) => {%0A+     setBeats(current => {%0A+       const next = preserveLoadedArtwork(incoming, current);%0A+       beatsLatestRef.current = next;%0A+       return next;%0A+     });%0A+   }, []);%0A+   useWebLibraryReconciled(platform.kind === "web", onWebLibraryReconciled);%0A+   const [drawer, setDrawer] = useState<{ beat: Beat; mode: "detail" | "edit" } | null>(null);%0A+   const [showAdd, setShowAdd] = useState(false);%0A+   const [dropActive, setDropActive] = useState(false);%0A+   const [dropImporting, setDropImporting] = useState(false);%0A+   // Covers the WebView2 staging window that happens BEFORE importDroppedPaths%0A+   // receives native paths. Without this state, the app can look frozen while%0A+   // large dropped files are being copied into drop-staging.%0A+   const [libraryDropStaging, setLibraryDropStaging] = useState(false);%0A+   const [beatFileDrop, setBeatFileDrop] = useState<{ beat: Beat; filePath: string; kind: "file" | "directory" } | null>(null);%0A+   const {%0A+     reviewQueue,%0A+     setReviewQueue,%0A+     reviewQueueLatestRef,%0A+     skippedReviewSourceKeysRef,%0A+     startReview,%0A+   } = useImportSession();%0A+   const [showSettings, setShowSettings] = useState(false);%0A+   const {%0A+     settings,%0A+     setSettings,%0A+     setupDone,%0A+     setSetupDone,%0A+     connectionState,%0A+     setConnectionState,%0A+     cloudSessionVerified,%0A+     setCloudSessionVerified,%0A+   } = useSessionState();%0A+   const {%0A+     startupCookingGate,%0A+     setStartupCookingGate,%0A+     revealedBeatIds,%0A+     setRevealedBeatIds,%0A+     progressiveRevealRunRef,%0A+   } = useLibraryReveal({%0A+     initialCachedBeats: startupCachedBeatsRef.current ?? [],%0A+     filteredBeats,%0A+     loading,%0A+     settings,%0A+     cloudSessionVerified,%0A+     connectionState,%0A+     ensureArtworkReady,%0A+     startupCookingResolvedRef,%0A+     startupPipelineStartedRef,%0A+     nativeParallelism: isTauriAvailable ? 6 : 1,%0A+   });%0A+   const {%0A+     cloudFilesBeat,%0A+     cloudFiles,%0A+     cloudFilesBusyId,%0A+     cloudFilesDownloadedIds,%0A+     cloudFilesDownloadError,%0A+     cloudDownloadNotice,%0A+     handleCloudFiles,%0A+     handleGetCloudFile,%0A+     closeCloudFiles,%0A+     dismissDownloadError,%0A+   } = useBeatDownloads({ connectionState, beatRuntimeStatesRef, transitionRuntime });%0A+%0A+   const {%0A+     selectedIds,%0A+     selectMode,%0A+     toggleSelection,%0A+     toggleSelectAll,%0A+     finishSelection,%0A+     clearSelection,%0A+   } = useBeatSelection(beats);%0A+   const {%0A+     sensors,%0A+     activeDragId,%0A+     handleDragStart,%0A+     handleDragEnd,%0A+     handleDragCancel,%0A+   } = useLibraryReorder({ sortBy, setSortBy, setBeats });%0A+   const { state: audio, play, togglePause, seek, setVolume, releaseFile } = useAudio();%0A+   const { clearPlaybackPreparation, ensureWarmPlaybackUrl, handlePlay, handleWarm, invalidatePlaybackPreparation, waitForUploadedBeatPlaybackReady } = usePlaybackController({%0A+     audio,%0A+     play,%0A+     beatsLatestRef,%0A+     beatRuntimeStatesRef,%0A+     transitionRuntime,%0A+     setBeats,%0A+     cloudSessionVerified,%0A+     connectionState,%0A+     isBeatCloudUpdateBusy: beatId => beatCloudUpdateBusyIds.has(beatId),%0A+   });%0A+   const { offlineBusyIds, handleToggleOffline } = useOfflineAvailability({%0A+     connectionState,%0A+     audioPlayingId: audio.playingId,%0A+     releaseFile,%0A+     invalidatePlaybackPreparation,%0A+     ensureWarmPlaybackUrl,%0A+     beatRuntimeStatesRef,%0A+     transitionRuntime,%0A+     setBeats,%0A+     setDrawer,%0A+     setRevealedBeatIds,%0A+   });%0A+%0A+   // Keep a ref to togglePause so the keydown handler never goes stale%0A+   const togglePauseRef = useRef(togglePause);%0A+   useEffect(() => { togglePauseRef.current = togglePause; }, [togglePause]);%0A+%0A+   const rejectOfflineMutation = useCallback((action: string): boolean => {%0A+     if (connectionState === "online") return false;%0A+     void appAlert({%0A+       title: connectionState === "offline" ? "Offline" : "Connection unavailable",%0A+       message: `${action} requires an internet connection. Offline mode is read-only except for moving beats to Trash.`,%0A+     });%0A+     return true;%0A+   }, [connectionState]);%0A+%0A+   const { showUpload, setShowUpload, handleUpload, handleUploadBulk } = usePublishingActions({%0A+     selectedIds,%0A+     rejectOfflineMutation,%0A+   });%0A+%0A+   const {%0A+     reviewBootstrap,%0A+     reviewPreparationDone,%0A+     reviewPreparationPromiseRef,%0A+     deferredImportBatch,%0A+     setDeferredImportBatch,%0A+     importDroppedPaths,%0A+     cancelPendingReviewWork,%0A+     completeImmediateReviewPreparation,%0A+   } = useImportDiscovery({%0A+     dropImporting,%0A+     setDropImporting,%0A+     rejectOfflineMutation,%0A+     setDropActive,%0A+     setShowAdd,%0A+     setReviewQueue,%0A+     skippedReviewSourceKeysRef,%0A+     stagedImportPathsRef,%0A+     skeletonEnabled: REVIEW_SKELETON_ENABLED,%0A+   });%0A+%0A+   const {%0A+     backgroundUploadErrors,%0A+     cloudifyImportedBeats,%0A+     retryBackgroundUpload,%0A+     getQueuedBeatsSnapshot,%0A+     deferLibraryReloadIfUploading,%0A+     deferredLibraryReloadRef,%0A+   } = useCloudUploadQueue({%0A+     settings,%0A+     setSettings,%0A+     setConnectionState,%0A+     setBeats,%0A+     beatsLatestRef,%0A+     beatRuntimeStatesRef,%0A+     transitionRuntime,%0A+     cloudLibrarySnapshotRef,%0A+     waitForUploadedBeatPlaybackReady,%0A+     rejectOfflineMutation,%0A+     isReviewActive: () => reviewQueueLatestRef.current !== null,%0A+     hasProtectedStaging: () => stagedImportPathsRef.current.size > 0,%0A+   });%0A+%0A+%0A+   const { libraryRefreshing, reloadLibrary } = useLibraryReload({%0A+     telegramCloudConnected: Boolean(settings?.telegram_cloud_connected),%0A+     beatsLatestRef,%0A+     setBeats,%0A+     setConnectionState,%0A+     setCloudSessionVerified,%0A+     cloudMetaSnapshotRef,%0A+     cloudLibrarySnapshotRef,%0A+     startupCookingResolvedRef,%0A+     startupPipelineStartedRef,%0A+     progressiveRevealRunRef,%0A+     setRevealedBeatIds,%0A+     setStartupCookingGate,%0A+     setLoading,%0A+     deferLibraryReloadIfUploading,%0A+   });%0A+%0A+   const { interruptedUploadNotices, dismissInterruptedUploadNotices } = useStartupBootstrap({%0A+     startupCachedBeatsRef,%0A+     cloudMetaSnapshotRef,%0A+     cloudLibrarySnapshotRef,%0A+     startupCookingResolvedRef,%0A+     startupPipelineStartedRef,%0A+     startupEnginePrimeReadyRef,%0A+     progressiveRevealRunRef,%0A+     setBeats,%0A+     setSettings,%0A+     setSetupDone,%0A+     setLoading,%0A+     setConnectionState,%0A+     setCloudSessionVerified,%0A+     setStartupCookingGate,%0A+     setRevealedBeatIds,%0A+     clearReconciledTrashRuntimeStates,%0A+     dismissStartupLoader: dismissBeatGalerStartupLoader,%0A+   });%0A+%0A+%0A+ useConnectivity({%0A+   setupDone,%0A+   setConnectionState,%0A+   setCloudSessionVerified,%0A+   setSettings,%0A+   setBeats,%0A+   cloudMetaSnapshotRef,%0A+   cloudLibrarySnapshotRef,%0A+   startupCookingResolvedRef,%0A+   startupPipelineStartedRef,%0A+   startupEnginePrimeReadyRef,%0A+   progressiveRevealRunRef,%0A+   clearReconciledTrashRuntimeStates,%0A+   clearPlaybackPreparation,%0A+   clearArtworkHydration,%0A+   setStartupCookingGate,%0A+ });%0A+%0A+   useCustomCursor(settings?.custom_cursor_enabled ?? true);%0A+%0A+%0A+%0A+ // BeatGaler synchronization remains push-based. SSE only notifies the app;%0A+ // the extracted owner verifies authority before hydrating library state.%0A+ useCloudLibraryEvents({%0A+   setupDone,%0A+   beatgalerUserId: settings?.beatgaler_user_id ?? null,%0A+   setConnectionState,%0A+   setCloudSessionVerified,%0A+   setSettings,%0A+   setBeats,%0A+   cloudMetaSnapshotRef,%0A+   cloudLibrarySnapshotRef,%0A+   visibleLibraryFingerprintRef,%0A+   startupCookingResolvedRef,%0A+   startupPipelineStartedRef,%0A+   startupEnginePrimeReadyRef,%0A+   progressiveRevealRunRef,%0A+   clearReconciledTrashRuntimeStates,%0A+   clearArtworkHydration,%0A+   clearPlaybackPreparation,%0A+   setStartupCookingGate,%0A+ });%0A+%0A+   useLibraryPresentationCache(%0A+     beats,%0A+     cloudSessionVerified,%0A+     settings,%0A+   );%0A+%0A+   useEffect(() => {%0A+     visibleLibraryFingerprintRef.current = libraryViewFingerprint(beats);%0A+     beatsLatestRef.current = beats;%0A+   }, [beats]);%0A+%0A+%0A+%0A+   // One-time recovery for a cloud-only library after Telegram login/startup.%0A+   // No timer, no permanent synchronization.%0A+   const beatGalerCloudRecoveryAttemptedRef = useRef(false);%0A+%0A+   const recoverTelegramLibraryOnceIfEmpty = useCallback(async () => {%0A+     if (beatGalerCloudRecoveryAttemptedRef.current) return;%0A+     if (beats.length !== 0) return;%0A+%0A+     beatGalerCloudRecoveryAttemptedRef.current = true;%0A+     try {%0A+       const restored = await libraryStateManager.reloadAuthoritative();%0A+       if (restored.length > 0) {%0A+         setBeats(current => current.length === 0 ? restored : current);%0A+       }%0A+     } catch (error) {%0A+       console.warn("Telegram library one-time recovery skipped:", error);%0A+     }%0A+   }, [beats.length]);%0A+%0A+   // IMPORTANT: an empty library is a valid, authoritative state (for example%0A+   // immediately after Remove All). Never infer "Telegram recovery" merely from%0A+   // beats.length === 0; doing so races the pending trash/index commit and can%0A+   // resurrect the just-removed cards with their artwork unloaded. Recovery is%0A+   // only allowed from explicit Telegram connection/startup flows below.%0A+%0A+   useEffect(() => {%0A+     const onTelegramConnected = (event: Event) => {%0A+       const detail = (event as CustomEvent<{ connected?: boolean; username?: string | null }>).detail;%0A+       if (!detail?.connected) return;%0A+%0A+       setSettings(current => current ? {%0A+         ...current,%0A+         telegram_cloud_connected: true,%0A+         telegram_cloud_username: detail.username ?? current.telegram_cloud_username ?? null,%0A+       } : current);%0A+%0A+       void recoverTelegramLibraryOnceIfEmpty();%0A+     };%0A+%0A+     window.addEventListener("beatgaler:telegram-connected", onTelegramConnected);%0A+     return () => window.removeEventListener("beatgaler:telegram-connected", onTelegramConnected);%0A+   }, [recoverTelegramLibraryOnceIfEmpty]);%0A+%0A+%0A+   const handleUploadTelegram = useCallback(async (beat: Beat) => {%0A+     if (rejectOfflineMutation("Uploading a beat")) return;%0A+     const existingCloudBeat = Boolean(beat.telegram_file_id);%0A+     transitionRuntime(beat.id, { type: existingCloudBeat ? "SYNC_QUEUE_UPDATE" : "SYNC_QUEUE_UPLOAD" }, beat);%0A+     transitionRuntime(beat.id, { type: existingCloudBeat ? "SYNC_UPDATE_STARTED" : "SYNC_UPLOAD_STARTED" }, beat);%0A+     try {%0A+       const updated = await uploadBeatToTelegram(beat);%0A+       await syncBeatMetadataToTelegram(updated);%0A+       transitionRuntime(updated.id, { type: existingCloudBeat ? "SYNC_UPDATE_SUCCEEDED" : "SYNC_UPLOAD_SUCCEEDED" }, updated);%0A+       setBeats(bs => bs.map(b => b.id === updated.id ? updated : b));%0A+     } catch (e: any) {%0A+       const message = sanitizeUserVisibleText(runtimeErrorMessage(e), "Cloud operation failed.");%0A+       if (existingCloudBeat && isRuntimeConflictError(e)) {%0A+         transitionRuntime(beat.id, { type: "SYNC_CONFLICT", message }, beat);%0A+       } else {%0A+         transitionRuntime(beat.id, { type: "SYNC_FAILED", code: "TELEGRAM_UPLOAD_FAILED", message, retryable: true }, beat);%0A+       }%0A+       await appAlert({%0A+         title: "Cloud upload failed",%0A+         message,%0A+         danger: true,%0A+       });%0A+     }%0A+   }, [rejectOfflineMutation, transitionRuntime]);%0A+%0A+   const handleDownloadTelegram = useCallback(async (_beat: Beat) => {%0A+     await appAlert({%0A+       title: "Cloud-only library",%0A+       message: "Files are fetched into temporary storage automatically when needed.",%0A+     });%0A+   }, []);%0A+%0A+%0A+   const handleEditBulk = useCallback(() => {%0A+     if (rejectOfflineMutation("Editing metadata")) return;%0A+     const firstSelected = beats.find(b => selectedIds.has(b.id));%0A+     if (firstSelected) setDrawer({ beat: firstSelected, mode: "edit" });%0A+   }, [beats, selectedIds, rejectOfflineMutation]);%0A+%0A+   const { deleteBeat, handleRemoveBulk, handleBeatRestored } = useTrashActions({%0A+     beats,%0A+     setBeats,%0A+     beatsLatestRef,%0A+     selectedIds,%0A+     clearSelection,%0A+     connectionState,%0A+     audioPlayingId: audio.playingId,%0A+     releaseFile,%0A+     beatRuntimeStatesRef,%0A+     transitionRuntime,%0A+     forgetRuntimeState,%0A+     cloudMetaSnapshotRef,%0A+     cloudLibrarySnapshotRef,%0A+     invalidateArtworkHydration,%0A+     ensureArtworkReady,%0A+   });%0A+%0A+   const addBeats = useCallback((newBeats: Beat[]) => {%0A+     setBeats(bs => {%0A+       const existing = new Set(bs.map(b => b.mp3_path));%0A+       const next = [...newBeats.filter(b => !existing.has(b.mp3_path)), ...bs];%0A+       beatsLatestRef.current = next;%0A+       return next;%0A+     });%0A+   }, []);%0A+%0A+   const addBeatsAndReview = useCallback((newBeats: Beat[]) => {%0A+     if (newBeats.length === 0) return;%0A+     if (connectionState !== "online") {%0A+       void appAlert({%0A+         title: "Internet connection required",%0A+         message: "BeatGaler does not import new beats while offline. Reconnect and import them again.",%0A+       });%0A+       void cleanupOrphanedDropStaging(beatsLatestRef.current);%0A+       return;%0A+     }%0A+     const sanitized = newBeats.map(beat => ({ ...beat, tags: cleanTags(beat.tags || []).tags }));%0A+%0A+     // Review candidates are NOT library beats yet.%0A+     // Keeping them out of `beats` means:%0A+     // 1) Cancel leaves absolutely nothing behind.%0A+     // 2) duplicate-name checks compare only against committed library items.%0A+     // 3) a re-dropped folder can never masquerade as an edit of the existing beat.%0A+     setShowAdd(false);%0A+     startReview(sanitized);%0A+     // Upload begins only after Review → Save.%0A+   }, [connectionState, startReview]);%0A+%0A+ const {%0A+   skipCurrentReviewBeat,%0A+   cancelReview,%0A+   handleReviewedBeatSaved,%0A+ } = useImportReview({%0A+   setBeats,%0A+   beatsLatestRef,%0A+   setReviewQueue,%0A+   skippedReviewSourceKeysRef,%0A+   cloudifyImportedBeats,%0A+   getQueuedBeatsSnapshot,%0A+   onCancelPendingWork: cancelPendingReviewWork,%0A+   releaseBeat: platform.capabilities.reviewBeatCloudCommit%0A+     ? beatId => platform.importer.releaseBeat(beatId)%0A+     : undefined,%0A+   discardBatch: batchId => discardImportReviewBatch(batchId),%0A+   cleanupStaging: protectedBeats => cleanupOrphanedDropStaging(protectedBeats),%0A+ });%0A+%0A+   const {%0A+     audioConflictBatch,%0A+     dropImportBatch,%0A+     resetImportResolutionState,%0A+     handleReviewedSaveAll,%0A+     cancelAudioConflicts,%0A+     resolveAudioConflicts,%0A+     closeImportDecisions,%0A+     importResolvedDecisions,%0A+   } = useImportSaveAll({%0A+     setBeats,%0A+     beatsLatestRef,%0A+     reviewQueue,%0A+     setReviewQueue,%0A+     reviewQueueLatestRef,%0A+     reviewBootstrap,%0A+     reviewPreparationDone,%0A+     reviewPreparationPromiseRef,%0A+     deferredImportBatch,%0A+     setDeferredImportBatch,%0A+     stagedImportPathsRef,%0A+     setDropImporting,%0A+     cloudifyImportedBeats,%0A+     addBeatsAndReview,%0A+   });%0A+%0A+   const { importDroppedBrowserFiles } = useBrowserImport({%0A+     dropImporting,%0A+     setDropImporting,%0A+     rejectOfflineMutation,%0A+     setDropActive,%0A+     setShowAdd,%0A+     setReviewQueue,%0A+     completeImmediateReviewPreparation,%0A+     resetImportResolutionState,%0A+   });%0A+%0A+   const updateExistingBeatFromFolder = useCallback(async (beat: Beat, folderPath: string): Promise<boolean> => {%0A+     if (rejectOfflineMutation("Updating beat files")) return true;%0A+     if (isBackupFolderPath(folderPath)) {%0A+       await appAlert({%0A+         title: "Backup folder skipped",%0A+         message: "BeatGaler keeps Backup/Backups folders out of PROJECT.zip so old project copies are not uploaded.",%0A+       });%0A+       return true;%0A+     }%0A+%0A+     const t = await import("./lib/tauri");%0A+%0A+     let preview;%0A+     try {%0A+       preview = await t.inspectBeatUpdateFolder(folderPath);%0A+     } catch {%0A+       return false;%0A+     }%0A+%0A+     let replaceMaster = false;%0A+     if (preview.has_mp3) {%0A+       const alreadyHasMaster = Boolean(beat.telegram_file_id) || Boolean(beat.mp3_path?.trim());%0A+       if (alreadyHasMaster) {%0A+         const incoming = preview.mp3_filename || "the incoming MP3";%0A+         const confirmed = window.confirm(%0A+           `Replace current MASTER for "${beat.name}"?\n\n` +%0A+           `${incoming} will become the new MASTER.\n` +%0A+           `Its BPM, key, tags, rating and artwork will replace the current metadata.\n\n` +%0A+           `WAV and project files from this folder will also be added or updated.`%0A+         );%0A+         if (!confirmed) return true;%0A+       }%0A+       replaceMaster = true;%0A+     }%0A+%0A+     setBeatCloudUpdateBusy(beat.id, true);%0A+     const runtime = beatRuntimeStatesRef.current[beat.id] ?? createBeatRuntimeState(beat);%0A+     if (runtime.sync_state === "synced") transitionRuntime(beat.id, { type: "SYNC_QUEUE_UPDATE" }, beat);%0A+     transitionRuntime(beat.id, { type: "SYNC_UPDATE_STARTED" }, beat);%0A+     try {%0A+       let updated = await t.mergeFolderIntoExistingBeat(beat, folderPath, replaceMaster);%0A+       setBeats(bs => bs.map(b => b.id === beat.id ? updated : b));%0A+%0A+       if (replaceMaster) {%0A+         updated = await t.uploadBeatToTelegram(updated);%0A+         setBeats(bs => bs.map(b => b.id === beat.id ? updated : b));%0A+       }%0A+%0A+       if (preview.has_wav && updated.wav_path) {%0A+         await t.uploadDroppedFileToTelegram(updated, updated.wav_path, "WAV");%0A+       }%0A+%0A+       if (preview.has_project_assets) {%0A+         await t.uploadProjectToTelegram(updated);%0A+       }%0A+%0A+       if (replaceMaster && updated.telegram_file_id) {%0A+         await t.syncBeatMetadataToTelegram(updated);%0A+       }%0A+%0A+       window.dispatchEvent(new CustomEvent("beatgaler:project-cloud-updated", { detail: { beatId: beat.id } }));%0A+       await libraryStateManager.commitSnapshot(beatsLatestRef.current.map(item => item.id === beat.id ? updated : item), "metadata-update");%0A+       transitionRuntime(beat.id, { type: "SYNC_UPDATE_SUCCEEDED" }, updated);%0A+       setBeats(bs => bs.map(b => b.id === beat.id ? updated : b));%0A+       return true;%0A+     } catch (error) {%0A+       console.error(error);%0A+       const message = sanitizeUserVisibleText(runtimeErrorMessage(error), "Cloud operation failed.");%0A+       if (isRuntimeConflictError(error)) transitionRuntime(beat.id, { type: "SYNC_CONFLICT", message }, beat);%0A+       else transitionRuntime(beat.id, { type: "SYNC_FAILED", code: "FOLDER_UPDATE_FAILED", message, retryable: true }, beat);%0A+       alert(`Could not update "${beat.name}" from the dropped folder: ${message}`);%0A+       return true;%0A+     } finally {%0A+       setBeatCloudUpdateBusy(beat.id, false);%0A+     }%0A+   }, [rejectOfflineMutation, transitionRuntime]);%0A+%0A+   const { commitDrawerCloudMutation } = useDrawerCloudPersistence({%0A+   beats,%0A+   browserCloudEditing: platform.capabilities.browserCloudEditing,%0A+   connectionState,%0A+   cloudSessionVerified,%0A+   beatsLatestRef,%0A+   beatRuntimeStatesRef,%0A+   transitionRuntime,%0A+   cloudMetaSnapshotRef,%0A+   cloudLibraryTimerRef,%0A+   cloudLibrarySnapshotRef,%0A+ });%0A+%0A+   // V7: INDEX writes are explicit transactions only.%0A+   // There is deliberately no generic "beats changed => rewrite Telegram" observer.%0A+   // Upload, metadata, Trash/Restore and project/file operations commit through%0A+   // libraryStateManager at their actual logical commit boundary. This prevents%0A+   // render/cache hydration from becoming an accidental cloud mutation.%0A+%0A+   const {%0A+     handleIncompleteWarningsChanged,%0A+     handleCustomCursorChanged,%0A+     handleFolderChanged,%0A+     handleDisconnectTelegramAccount,%0A+   } = useSessionActions({%0A+     setSettings,%0A+     setCloudSessionVerified,%0A+     logoutAccount: logoutBeatGalerAccount,%0A+     releaseFile,%0A+     progressiveRevealRunRef,%0A+     clearPlaybackPreparation,%0A+     clearArtworkHydration,%0A+     setRevealedBeatIds,%0A+     setBeats,%0A+     clearSelection,%0A+   });%0A+%0A+   const updateBeat = useCallback((updated: Beat) => {%0A+     if (updated.telegram_file_id && connectionState === "online") {%0A+       const runtime = beatRuntimeStatesRef.current[updated.id] ?? createBeatRuntimeState(updated);%0A+       if (runtime.sync_state === "synced") transitionRuntime(updated.id, { type: "SYNC_QUEUE_UPDATE" }, updated);%0A+     }%0A+     setBeats(bs => bs.map(b => b.id === updated.id ? updated : b));%0A+     if (drawer?.beat.id === updated.id) setDrawer(d => d ? { ...d, beat: updated } : null);%0A+   }, [connectionState, drawer, transitionRuntime]);%0A+%0A+%0A+%0A+   const handleDropArtwork = useCallback(async (beat: Beat, imageBase64: string) => {%0A+     if (rejectOfflineMutation("Changing artwork")) return;%0A+%0A+     const updated = { ...beat, image_base64: imageBase64, image_preview_base64: null };%0A+%0A+     if (platform.capabilities.browserCloudEditing) {%0A+       // Publish the browser-decoded artwork immediately, then commit it through%0A+       // the Web editor/Direct transport. No Tauri metadata path participates.%0A+       updateBeat(updated);%0A+       transitionRuntime(updated.id, { type: "SYNC_UPDATE_STARTED" }, updated);%0A+       try {%0A+         const committed = await platform.editor.commit(beat, updated, {});%0A+         setBeats(current => {%0A+           const next = current.map(item => item.id === committed.id ? committed : item);%0A+           beatsLatestRef.current = next;%0A+           return next;%0A+         });%0A+         setDrawer(current => current?.beat.id === committed.id ? { ...current, beat: committed } : current);%0A+         transitionRuntime(updated.id, { type: "SYNC_UPDATE_SUCCEEDED" }, committed);%0A+       } catch (error) {%0A+         const message = sanitizeUserVisibleText(runtimeErrorMessage(error), "Cloud operation failed.");%0A+         transitionRuntime(updated.id, { type: "SYNC_FAILED", code: "ARTWORK_SYNC_FAILED", message, retryable: true }, updated);%0A+         throw error;%0A+       }%0A+       return;%0A+     }%0A+%0A+     // Desktop keeps its existing native metadata/artwork transaction.%0A+     await saveBeatMeta({%0A+       mp3_path: beat.mp3_path,%0A+       wav_path: beat.wav_path,%0A+       bpm: beat.bpm,%0A+       key: beat.key,%0A+       tags: beat.tags,%0A+       rating: beat.rating,%0A+       image_base64: imageBase64,%0A+       update_filename: false,%0A+     });%0A+%0A+     updateBeat(updated);%0A+%0A+     if (updated.telegram_file_id && connectionState === "online") {%0A+       const runtime = beatRuntimeStatesRef.current[updated.id] ?? createBeatRuntimeState(updated);%0A+       if (runtime.sync_state === "synced") transitionRuntime(updated.id, { type: "SYNC_QUEUE_UPDATE" }, updated);%0A+       transitionRuntime(updated.id, { type: "SYNC_UPDATE_STARTED" }, updated);%0A+       try {%0A+         await syncBeatMetadataToTelegram(updated);%0A+         const indexSnapshot = beatsLatestRef.current.map(item => item.id === updated.id ? updated : item);%0A+         await libraryStateManager.commitSnapshot(indexSnapshot, "upload-batch");%0A+         if (cloudLibraryTimerRef.current) {%0A+           window.clearTimeout(cloudLibraryTimerRef.current);%0A+           cloudLibraryTimerRef.current = null;%0A+         }%0A+         cloudLibrarySnapshotRef.current = indexSnapshot%0A+           .filter(item => !!item.telegram_file_id)%0A+           .map(cloudBeatFingerprint)%0A+           .join("\u001c");%0A+         cloudMetaSnapshotRef.current?.set(updated.id, cloudBeatFingerprint(updated));%0A+         transitionRuntime(updated.id, { type: "SYNC_UPDATE_SUCCEEDED" }, updated);%0A+       } catch (error) {%0A+         const message = sanitizeUserVisibleText(runtimeErrorMessage(error), "Cloud operation failed.");%0A+         transitionRuntime(updated.id, { type: "SYNC_FAILED", code: "ARTWORK_SYNC_FAILED", message, retryable: true }, updated);%0A+         throw error;%0A+       }%0A+     }%0A+   }, [updateBeat, rejectOfflineMutation, connectionState, transitionRuntime]);%0A+%0A+%0A+   const {%0A+     runBeatCloudUpdate,%0A+     startMasterAssetUpdate,%0A+     startWavAssetUpdate,%0A+     handleBrowserBeatAssetDrop,%0A+   } = useBeatAssetUpdates({%0A+     rejectOfflineMutation,%0A+     setBeatFileDrop,%0A+     setBeatCloudUpdateBusy,%0A+     beatRuntimeStatesRef,%0A+     transitionRuntime,%0A+     beatsLatestRef,%0A+     cloudLibrarySnapshotRef,%0A+     setBeats,%0A+     setDrawer,%0A+     waitForUploadedBeatPlaybackReady,%0A+   });%0A+%0A+   const {%0A+     openableCloudProjectIds,%0A+     projectUpdateNotice,%0A+     dismissProjectUpdateNotice,%0A+     hasStoredProject,%0A+     startProjectAssetUpdate,%0A+     handleAutoProjectDrop,%0A+     handleBrowserProjectDrop,%0A+     handleUploadProjectTelegram,%0A+     handleOpenProject,%0A+     handleUpdateProject,%0A+   } = useBeatProjects({%0A+     beats,%0A+     connectionState,%0A+     rejectOfflineMutation,%0A+     transitionRuntime,%0A+     beatsLatestRef,%0A+     setBeats,%0A+     setDrawer,%0A+     runBeatCloudUpdate,%0A+     setBeatCloudUpdateBusy,%0A+   });%0A+%0A+   const handleDroppedBeatFileRole = useCallback(async (role: DroppedBeatFileRole) => {%0A+     if (!beatFileDrop) return;%0A+     const { beat, filePath } = beatFileDrop;%0A+     const ext = extensionFromPath(filePath);%0A+%0A+     if (role === "loop" || role === "stems") return;%0A+%0A+     if (role === "main") {%0A+       if (ext !== "mp3") return;%0A+       startMasterAssetUpdate(beat, filePath);%0A+       return;%0A+     }%0A+%0A+     if (role === "wav") {%0A+       if (ext !== "wav") return;%0A+       startWavAssetUpdate(beat, filePath);%0A+       return;%0A+     }%0A+%0A+     if (role === "projectFolder") {%0A+       const existing = await hasStoredProject(beat).catch(() => false);%0A+       if (!existing) {%0A+         await cleanupStagedDropPaths([filePath]).catch(() => {});%0A+         setBeatFileDrop(null);%0A+         await appAlert({%0A+           title: "Project file required",%0A+           message: "Add a .flp, .als, .logicx, .ptx/.ptf file or a valid PROJECT ZIP first. Then folders can be added to that PROJECT.zip using their original folder name.",%0A+         });%0A+         return;%0A+       }%0A+       startProjectAssetUpdate(beat, filePath, "projectFolder");%0A+     }%0A+   }, [beatFileDrop, hasStoredProject, startMasterAssetUpdate, startProjectAssetUpdate, startWavAssetUpdate]);%0A+%0A+%0A+   useHtmlLibraryDrop({%0A+     nativeDropAvailable: isTauriAvailable,%0A+     browserFileImport: platform.capabilities.browserFileImport,%0A+     reviewSkeletonEnabled: REVIEW_SKELETON_ENABLED,%0A+     beatsLatestRef,%0A+     setDropActive,%0A+     setBeatCloudUpdateBusy,%0A+     setBeatFileDrop,%0A+     setLibraryDropStaging,%0A+     handleDropArtwork,%0A+     handleAutoProjectDrop,%0A+     handleBrowserBeatAssetDrop,%0A+     handleBrowserProjectDrop,%0A+     importDroppedBrowserFiles,%0A+     importDroppedPaths,%0A+   });%0A+%0A+   useNativeLibraryDrop({%0A+     nativeDropAvailable: isTauriAvailable,%0A+     reviewSkeletonEnabled: REVIEW_SKELETON_ENABLED,%0A+     beatsLatestRef,%0A+     setDropActive,%0A+     setBeatCloudUpdateBusy,%0A+     setBeatFileDrop,%0A+     setLibraryDropStaging,%0A+     handleDropArtwork,%0A+     handleAutoProjectDrop,%0A+     importDroppedPaths,%0A+   });%0A+%0A+   const applyBulkUpdate = useCallback((updates: Partial<Beat>, options?: { tagsMode?: "add" | "replace" | "remove" }) => {%0A+     setBeats(bs => bs.map(b => {%0A+       if (!selectedIds.has(b.id)) return b;%0A+       if (!updates.tags) return { ...b, ...updates };%0A+%0A+       const normalizedInput = Array.from(new Set(%0A+         updates.tags.map(t => t.trim().toLowerCase()).filter(Boolean)%0A+       ));%0A+%0A+       if (options?.tagsMode === "replace") {%0A+         return { ...b, ...updates, tags: normalizedInput };%0A+       }%0A+%0A+       if (options?.tagsMode === "remove") {%0A+         const removeSet = new Set(normalizedInput);%0A+         const remainingTags = b.tags.filter(tag => !removeSet.has(tag.trim().toLowerCase()));%0A+         return { ...b, ...updates, tags: remainingTags };%0A+       }%0A+%0A+       const mergedTags = Array.from(new Set(%0A+         [...b.tags, ...normalizedInput].map(t => t.trim().toLowerCase()).filter(Boolean)%0A+       ));%0A+       return { ...b, ...updates, tags: mergedTags };%0A+     }));%0A+     clearSelection();%0A+   }, [selectedIds]);%0A+%0A+%0A+   const tagColors = useTagColors();%0A+%0A+ const handleTagClick = useCallback((tag: string, e: React.MouseEvent) => {%0A+   toggleTagFilter(tag, e.altKey ? "exclude" : "include");%0A+ }, [toggleTagFilter]);%0A+%0A+   const tagFrequency = useMemo(() => selectTagFrequency(beats), [beats]);%0A+   const allTags = useMemo(() => selectAllTags(beats, tagFrequency), [beats, tagFrequency]);%0A+   const tagSuggestions = useMemo(() => selectTagSuggestions(beats), [beats]);%0A+   const displayedBeats = filteredBeats.filter(beat => revealedBeatIds.has(beat.id));%0A+%0A+   const {%0A+     shuffleEnabled,%0A+     repeatMode,%0A+     showQueue,%0A+     queuedBeats,%0A+     addToQueue,%0A+     handleNext,%0A+     handlePrev,%0A+     closeQueue,%0A+     toggleQueue,%0A+     toggleShuffle,%0A+     cycleRepeat,%0A+     playQueueIndex,%0A+   } = usePlaybackQueue({%0A+     beats,%0A+     displayedBeats,%0A+     playingId: audio.playingId,%0A+     progress: audio.progress,%0A+     endedSeq: audio.endedSeq,%0A+     handlePlay,%0A+     seek,%0A+     releaseFile,%0A+   });%0A+%0A+   useAppShortcuts({%0A+     togglePauseRef,%0A+     clearSelection,%0A+     setDrawer,%0A+     setShowAdd,%0A+     setShowSettings,%0A+     closeQueue,%0A+     setShowUpload,%0A+   });%0A+%0A+%0A+%0A+   const currentBeat = beats.find(b => b.id === audio.playingId);%0A+   const selectedBeats = beats.filter(b => selectedIds.has(b.id));%0A+   const activeDragBeat = activeDragId ? beats.find(b => b.id === activeDragId) ?? null : null;%0A+%0A+   return <AppShell scope={{ Event, HTMLElement, REVIEW_SKELETON_ENABLED, activeDragBeat, addBeatsAndReview, addToQueue, allTags, applyBulkUpdate, audio, audioConflictBatch, backTagRename, backgroundUploadErrors, beatFileDrop, beats, cancelAudioConflicts, cancelReview, cancelTagRename, clearSelection, clearTagFilters, closeCloudFiles, closeImportDecisions, cloudDownloadNotice, cloudFiles, cloudFilesBeat, cloudFilesBusyId, cloudFilesDownloadError, cloudFilesDownloadedIds, cloudSessionVerified, commitDrawerCloudMutation, confirmTagRename, connectionState, continueTagRename, currentBeat, cycleRepeat, deferredLibraryReloadRef, deleteBeat, dismissDownloadError, dismissInterruptedUploadNotices, dismissProjectUpdateNotice, displayedBeats, drawer, dropActive, dropImportBatch, dropImporting, excludedTags, filteredBeats, finishSelection, handleBeatRestored, handleCloudFiles, handleCustomCursorChanged, handleDisconnectTelegramAccount, handleDownloadTelegram, handleDragCancel, handleDragEnd, handleDragStart, handleDroppedBeatFileRole, handleEditBulk, handleFolderChanged, handleGetCloudFile, handleIncompleteWarningsChanged, handleNext, handleOpenProject, handlePlay, handlePrev, handleRemoveBulk, handleReviewedBeatSaved, handleReviewedSaveAll, handleTagClick, handleToggleOffline, handleUpdateProject, handleUpload, handleUploadBulk, handleUploadProjectTelegram, handleUploadTelegram, handleWarm, importResolvedDecisions, includedTags, interruptedUploadNotices, libraryDropStaging, libraryRefreshing, loading, offlineBusyIds, openTagRename, openableCloudProjectIds, playQueueIndex, projectUpdateNotice, queuedBeats, rejectOfflineMutation, releaseFile, reloadLibrary, repeatMode, resolveAudioConflicts, retryBackgroundUpload, revealedBeatIds, reviewBootstrap, reviewQueue, search, seek, selectMode, selectedBeats, selectedIds, sensors, setBeatFileDrop, setDrawer, setSearch, setShowAdd, setShowSettings, setShowUpload, setSortBy, setTagColorMenu, setTagRenameNewTag, setVolume, settings, showAdd, showQueue, showSettings, showUpload, shuffleEnabled, skipCurrentReviewBeat, sortBy, startupCookingGate, tagColorMenu, tagColors, tagFrequency, tagRename, tagRenameAffectedCount, tagRenameBusy, tagRenameError, tagRenameMp3Count, tagRenameWavCount, tagSuggestions, togglePause, toggleQueue, toggleSelectAll, toggleSelection, toggleShuffle, updateBeat }} />;%0A+ }%0A+%0A+%0A+ export default function App() {%0A+   return platform.kind === "web"%0A+     ? <BeatGalerApp />%0A+     : <AccountGate><BeatGalerApp /></AccountGate>;%0A+ }%0A+%0A%0A ❯ tests/integration/appTagRenameExtraction.test.ts:30:17%0A%0A

::error file=/home/runner/work/BeatGaler/BeatGaler/tests/integration/issue97DrawerWebRoutingContract.test.ts,title=tests/integration/issue97DrawerWebRoutingContract.test.ts > Issue #97 Drawer Web routing contracts > does not give the Web Drawer the Desktop cloud commit owner,line=16,column=42::AssertionError: expected +0 to be 2 // Object.is equality%0A%0A- Expected%0A+ Received%0A%0A- 2%0A+ 0%0A%0A ❯ tests/integration/issue97DrawerWebRoutingContract.test.ts:16:42%0A%0A

::error file=/home/runner/work/BeatGaler/BeatGaler/tests/integration/issue97RuntimeWebFollowup.test.ts,title=tests/integration/issue97RuntimeWebFollowup.test.ts > Issue #97 production runtime follow-up > keeps visible cloud cards playable while authority is still checking,line=77,column=17::AssertionError: expected 'import React, { useState, useCallback…' to contain 'playbackInteractive={connectionState …'%0A%0A- Expected%0A+ Received%0A%0A- playbackInteractive={connectionState !== "offline" || Boolean(beat.offline_available)}%0A+ import React, { useState, useCallback, useEffect, useRef, useMemo } from "react";%0A+ import type { Beat } from "./types";%0A+ import BeatCard from "./components/BeatCard";%0A+ import Drawer from "./components/Drawer";%0A+ import Player from "./components/Player";%0A+ import AddBeatModal from "./components/AddBeatModal";%0A+ import SettingsPanel from "./components/SettingsPanel";%0A+ import AccountGate, { logoutBeatGalerAccount } from "./components/AccountGate";%0A+ import UploadModal from "./components/UploadModal";%0A+ import JobStatusBar from "./components/JobStatusBar";%0A+ import { PlusIcon, Artwork } from "./components/ui";%0A+ import { useAudio } from "./hooks/useAudio";%0A+ import { loadLibrary, readBeatMeta, saveBeatMeta, discardImportReviewBatch, uploadBeatToTelegram, downloadBeatFromTelegram, prepareBeatForPlayback, warmBeatForPlayback, getDownloadCookingStatus, downloadCookingDiagnosticEvent, uploadProjectToTelegram, uploadDroppedFileToTelegram, downloadCloudFileToCache, downloadProjectToCache, revealInExplorer, syncBeatMetadataToTelegram, copyExportFile, copyAudioMetadata, prepareUniqueExportFolder, type CloudFileType, isTauriAvailable } from "./lib/tauri";%0A+ import { libraryStateManager } from "./lib/libraryStateManager";%0A+ import { platform } from "./platform";%0A+ import { DndContext, DragOverlay, closestCenter } from "@dnd-kit/core";%0A+ import { SortableContext, rectSortingStrategy } from "@dnd-kit/sortable";%0A+ import { appAlert, appConfirm } from "./lib/dialog";%0A+ import { sanitizeUserVisibleText } from "./lib/userVisibleError";%0A+ import { useTagColors, setTagColor } from "./lib/tagColors";%0A+ import { registerJob, updateJob } from "./lib/jobStore";%0A+ import { cleanTags } from "./lib/metadataValidation";%0A+ import { cleanupOrphanedDropStaging, cleanupStagedDropPaths } from "./features/dragdrop/dropStaging";%0A+ import CloudFilesModal from "./features/downloads/components/CloudFilesModal";%0A+ import { useBeatDownloads } from "./features/downloads/useBeatDownloads";%0A+ import BeatFileDropModal, { type DroppedBeatFileRole } from "./features/dragdrop/components/BeatFileDropModal";%0A+ import SearchBar from "./features/library/components/SearchBar";%0A+ import SortMenu from "./features/library/components/SortMenu";%0A+ import TagColorMenu from "./features/tags/components/TagColorMenu";%0A+ import { useArtworkHydration } from "./features/artwork/useArtworkHydration";%0A+ import { useCloudUploadQueue } from "./features/cloud/useCloudUploadQueue";%0A+ import ImportReviewHost, { ImportResolutionHost } from "./features/import/components/ImportReviewHost";%0A+ import { useImportSession } from "./features/import/useImportSession";%0A+ import { useImportReview } from "./features/import/useImportReview";%0A+ import { useImportDiscovery } from "./features/import/useImportDiscovery";%0A+ import { useImportSaveAll } from "./features/import/useImportSaveAll";%0A+ import { useBrowserImport } from "./features/import/useBrowserImport";%0A+ import { extensionFromPath, fileNameFromPath, isBackupFolderPath } from "./features/dragdrop/pathHelpers";%0A+ import { useHtmlLibraryDrop } from "./features/dragdrop/useHtmlLibraryDrop";%0A+ import { useNativeLibraryDrop } from "./features/dragdrop/useNativeLibraryDrop";%0A+ import { cloudBeatFingerprint, drawerMetadataCommitFingerprint, libraryViewFingerprint } from "./features/library/libraryFingerprints";%0A+ import { clearUploadPreviewCache, preserveLoadedArtwork } from "./features/library/libraryPresentationCache";%0A+ import { selectFilteredAndSortedBeats } from "./features/library/librarySelectors";%0A+ import { useLibraryViewState } from "./features/library/useLibraryViewState";%0A+ import { useLibraryReorder } from "./features/library/useLibraryReorder";%0A+ import { useBeatSelection } from "./features/selection/useBeatSelection";%0A+ import { selectAllTags, selectTagFrequency, selectTagSuggestions } from "./features/tags/tagSelectors";%0A+ import { useTagFilters } from "./features/tags/useTagFilters";%0A+ import { useTagRename } from "./features/tags/useTagRename";%0A+ import TagRenameDialog from "./features/tags/components/TagRenameDialog";%0A+ import { useLibraryPresentationCache, useLibraryState } from "./features/library/useLibraryState";%0A+ import { useLibraryReload } from "./features/library/useLibraryReload";%0A+ import { useStartupBootstrap } from "./features/startup/useStartupBootstrap";%0A+ import { useLibraryReveal } from "./features/startup/useLibraryReveal";%0A+ import { dismissBeatGalerStartupLoader } from "./features/startup/startupLoader";%0A+ import { useWebPlaybackSortRouting } from "./features/playback/useWebPlaybackSortRouting";%0A+ import { usePlaybackController } from "./features/playback/usePlaybackController";%0A+ import { usePlaybackQueue } from "./features/playback/usePlaybackQueue";%0A+ import { useDrawerCloudPersistence } from "./features/edit/useDrawerCloudPersistence";%0A+ import { useBeatAssetUpdates } from "./features/edit/useBeatAssetUpdates";%0A+ import { useBeatProjects } from "./features/projects/useBeatProjects";%0A+ import { useOfflineAvailability } from "./features/offline/useOfflineAvailability";%0A+ import { useTrashActions } from "./features/trash/useTrashActions";%0A+ import { useWebLibraryReconciled } from "./features/library/useWebLibraryReconciled";%0A+ import { createBeatRuntimeState } from "./features/state/beatRuntimeState";%0A+ import { useBeatRuntimeRegistry } from "./features/state/useBeatRuntimeRegistry";%0A+ import { useSessionState } from "./features/session/useSessionState";%0A+ import { useSessionActions } from "./features/session/useSessionActions";%0A+ import { useCustomCursor } from "./features/session/useCustomCursor";%0A+ import { useConnectivity } from "./features/session/useConnectivity";%0A+ import { useCloudLibraryEvents } from "./features/cloud/useCloudLibraryEvents";%0A+ import AppShell from "./app/AppShell";%0A+ import { useAppShortcuts } from "./app/useAppShortcuts";%0A+ import { usePublishingActions } from "./features/publishing/usePublishingActions";%0A+%0A+ // Intentionally isolated: if real-world timings prove the skeleton unnecessary,%0A+ // flipping/removing this one constant deletes the visual layer without touching%0A+ // the staged Review architecture underneath it.%0A+ const REVIEW_SKELETON_ENABLED = true;%0A+%0A+ const beatCloudUpdateBusyIds = new Set<string>();%0A+%0A+ function setBeatCloudUpdateBusy(beatId: string, active: boolean, success = false) {%0A+   if (active) beatCloudUpdateBusyIds.add(beatId);%0A+   else beatCloudUpdateBusyIds.delete(beatId);%0A+   window.dispatchEvent(new CustomEvent("beatgaler:beat-cloud-busy", {%0A+     detail: { beatId, active, success }%0A+   }));%0A+ }%0A+%0A+ function formatCloudBytes(bytes: number) {%0A+   if (!bytes) return "0 B";%0A+   const units = ["B", "KB", "MB", "GB"];%0A+   let n = bytes; let i = 0;%0A+   while (n >= 1024 && i < units.length - 1) { n /= 1024; i++; }%0A+   return `${n.toFixed(i === 0 ? 0 : 1)} ${units[i]}`;%0A+ }%0A+%0A+ function runtimeErrorMessage(error: unknown): string {%0A+   return error instanceof Error ? error.message : String(error);%0A+ }%0A+%0A+ function isRuntimeConflictError(error: unknown): boolean {%0A+   const message = runtimeErrorMessage(error).toLowerCase();%0A+   return message.includes("409") || message.includes("conflict") || message.includes("revision mismatch") || message.includes("version mismatch");%0A+ }%0A+%0A+ function BeatGalerApp() {%0A+   const {%0A+     beats,%0A+     setBeats,%0A+     beatsLatestRef,%0A+     startupCachedBeatsRef,%0A+     initialLoading,%0A+   } = useLibraryState();%0A+   const cloudMetaSnapshotRef = useRef<Map<string, string> | null>(null);%0A+   const cloudLibraryTimerRef = useRef<number | null>(null);%0A+   const cloudLibrarySnapshotRef = useRef<string | null>(null);%0A+   const visibleLibraryFingerprintRef = useRef<string>("");%0A+   const {%0A+     beatRuntimeStates,%0A+     beatRuntimeStatesRef,%0A+     transitionRuntime,%0A+     forgetRuntimeState,%0A+     clearReconciledTrashRuntimeStates,%0A+   } = useBeatRuntimeRegistry(beats, beatsLatestRef);%0A+   const stagedImportPathsRef = useRef<Map<string, string[]>>(new Map());%0A+   const [loading, setLoading] = useState(() => initialLoading);%0A+   const startupCookingResolvedRef = useRef(false);%0A+   const startupPipelineStartedRef = useRef(false);%0A+   const startupEnginePrimeReadyRef = useRef(false);%0A+   const handleArtworkHydratedFromNetwork = useCallback((next: Beat[], beatId: string) => {%0A+     const hydrated = next.find(item => item.id === beatId);%0A+     if (hydrated && cloudMetaSnapshotRef.current) {%0A+       cloudMetaSnapshotRef.current.set(beatId, cloudBeatFingerprint(hydrated));%0A+     }%0A+     if (cloudLibrarySnapshotRef.current !== null) {%0A+       cloudLibrarySnapshotRef.current = next%0A+         .filter(item => !!item.telegram_file_id)%0A+         .map(cloudBeatFingerprint)%0A+         .join("\u001c");%0A+     }%0A+   }, []);%0A+   const { ensureArtworkReady, clearArtworkHydration, invalidateArtworkHydration } = useArtworkHydration({%0A+     setBeats,%0A+     onNetworkHydrated: handleArtworkHydratedFromNetwork,%0A+   });%0A+   const { search, setSearch, sortBy, setSortBy } = useLibraryViewState();%0A+   const {%0A+     includedTags,%0A+     excludedTags,%0A+     clearTagFilters,%0A+     toggleTagFilter,%0A+     replaceTagFilter,%0A+   } = useTagFilters();%0A+   const filteredBeats = selectFilteredAndSortedBeats(%0A+     beats,%0A+     search,%0A+     includedTags,%0A+     excludedTags,%0A+     sortBy,%0A+   );%0A+%0A+   const [tagColorMenu, setTagColorMenu] = useState<{ tag: string; x: number; y: number } | null>(null);%0A+   const {%0A+     tagRename, tagRenameBusy, tagRenameError, affectedCount: tagRenameAffectedCount,%0A+     affectedMp3Count: tagRenameMp3Count, affectedWavCount: tagRenameWavCount,%0A+     openTagRename, setNewTag: setTagRenameNewTag, continueTagRename, backTagRename,%0A+     cancelTagRename, confirmTagRename,%0A+   } = useTagRename({ beats, setBeats, replaceTagFilter });%0A+   useWebPlaybackSortRouting(sortBy, beats, platform.kind === "web");%0A+   const onWebLibraryReconciled = useCallback((incoming: Beat[]) => {%0A+     setBeats(current => {%0A+       const next = preserveLoadedArtwork(incoming, current);%0A+       beatsLatestRef.current = next;%0A+       return next;%0A+     });%0A+   }, []);%0A+   useWebLibraryReconciled(platform.kind === "web", onWebLibraryReconciled);%0A+   const [drawer, setDrawer] = useState<{ beat: Beat; mode: "detail" | "edit" } | null>(null);%0A+   const [showAdd, setShowAdd] = useState(false);%0A+   const [dropActive, setDropActive] = useState(false);%0A+   const [dropImporting, setDropImporting] = useState(false);%0A+   // Covers the WebView2 staging window that happens BEFORE importDroppedPaths%0A+   // receives native paths. Without this state, the app can look frozen while%0A+   // large dropped files are being copied into drop-staging.%0A+   const [libraryDropStaging, setLibraryDropStaging] = useState(false);%0A+   const [beatFileDrop, setBeatFileDrop] = useState<{ beat: Beat; filePath: string; kind: "file" | "directory" } | null>(null);%0A+   const {%0A+     reviewQueue,%0A+     setReviewQueue,%0A+     reviewQueueLatestRef,%0A+     skippedReviewSourceKeysRef,%0A+     startReview,%0A+   } = useImportSession();%0A+   const [showSettings, setShowSettings] = useState(false);%0A+   const {%0A+     settings,%0A+     setSettings,%0A+     setupDone,%0A+     setSetupDone,%0A+     connectionState,%0A+     setConnectionState,%0A+     cloudSessionVerified,%0A+     setCloudSessionVerified,%0A+   } = useSessionState();%0A+   const {%0A+     startupCookingGate,%0A+     setStartupCookingGate,%0A+     revealedBeatIds,%0A+     setRevealedBeatIds,%0A+     progressiveRevealRunRef,%0A+   } = useLibraryReveal({%0A+     initialCachedBeats: startupCachedBeatsRef.current ?? [],%0A+     filteredBeats,%0A+     loading,%0A+     settings,%0A+     cloudSessionVerified,%0A+     connectionState,%0A+     ensureArtworkReady,%0A+     startupCookingResolvedRef,%0A+     startupPipelineStartedRef,%0A+     nativeParallelism: isTauriAvailable ? 6 : 1,%0A+   });%0A+   const {%0A+     cloudFilesBeat,%0A+     cloudFiles,%0A+     cloudFilesBusyId,%0A+     cloudFilesDownloadedIds,%0A+     cloudFilesDownloadError,%0A+     cloudDownloadNotice,%0A+     handleCloudFiles,%0A+     handleGetCloudFile,%0A+     closeCloudFiles,%0A+     dismissDownloadError,%0A+   } = useBeatDownloads({ connectionState, beatRuntimeStatesRef, transitionRuntime });%0A+%0A+   const {%0A+     selectedIds,%0A+     selectMode,%0A+     toggleSelection,%0A+     toggleSelectAll,%0A+     finishSelection,%0A+     clearSelection,%0A+   } = useBeatSelection(beats);%0A+   const {%0A+     sensors,%0A+     activeDragId,%0A+     handleDragStart,%0A+     handleDragEnd,%0A+     handleDragCancel,%0A+   } = useLibraryReorder({ sortBy, setSortBy, setBeats });%0A+   const { state: audio, play, togglePause, seek, setVolume, releaseFile } = useAudio();%0A+   const { clearPlaybackPreparation, ensureWarmPlaybackUrl, handlePlay, handleWarm, invalidatePlaybackPreparation, waitForUploadedBeatPlaybackReady } = usePlaybackController({%0A+     audio,%0A+     play,%0A+     beatsLatestRef,%0A+     beatRuntimeStatesRef,%0A+     transitionRuntime,%0A+     setBeats,%0A+     cloudSessionVerified,%0A+     connectionState,%0A+     isBeatCloudUpdateBusy: beatId => beatCloudUpdateBusyIds.has(beatId),%0A+   });%0A+   const { offlineBusyIds, handleToggleOffline } = useOfflineAvailability({%0A+     connectionState,%0A+     audioPlayingId: audio.playingId,%0A+     releaseFile,%0A+     invalidatePlaybackPreparation,%0A+     ensureWarmPlaybackUrl,%0A+     beatRuntimeStatesRef,%0A+     transitionRuntime,%0A+     setBeats,%0A+     setDrawer,%0A+     setRevealedBeatIds,%0A+   });%0A+%0A+   // Keep a ref to togglePause so the keydown handler never goes stale%0A+   const togglePauseRef = useRef(togglePause);%0A+   useEffect(() => { togglePauseRef.current = togglePause; }, [togglePause]);%0A+%0A+   const rejectOfflineMutation = useCallback((action: string): boolean => {%0A+     if (connectionState === "online") return false;%0A+     void appAlert({%0A+       title: connectionState === "offline" ? "Offline" : "Connection unavailable",%0A+       message: `${action} requires an internet connection. Offline mode is read-only except for moving beats to Trash.`,%0A+     });%0A+     return true;%0A+   }, [connectionState]);%0A+%0A+   const { showUpload, setShowUpload, handleUpload, handleUploadBulk } = usePublishingActions({%0A+     selectedIds,%0A+     rejectOfflineMutation,%0A+   });%0A+%0A+   const {%0A+     reviewBootstrap,%0A+     reviewPreparationDone,%0A+     reviewPreparationPromiseRef,%0A+     deferredImportBatch,%0A+     setDeferredImportBatch,%0A+     importDroppedPaths,%0A+     cancelPendingReviewWork,%0A+     completeImmediateReviewPreparation,%0A+   } = useImportDiscovery({%0A+     dropImporting,%0A+     setDropImporting,%0A+     rejectOfflineMutation,%0A+     setDropActive,%0A+     setShowAdd,%0A+     setReviewQueue,%0A+     skippedReviewSourceKeysRef,%0A+     stagedImportPathsRef,%0A+     skeletonEnabled: REVIEW_SKELETON_ENABLED,%0A+   });%0A+%0A+   const {%0A+     backgroundUploadErrors,%0A+     cloudifyImportedBeats,%0A+     retryBackgroundUpload,%0A+     getQueuedBeatsSnapshot,%0A+     deferLibraryReloadIfUploading,%0A+     deferredLibraryReloadRef,%0A+   } = useCloudUploadQueue({%0A+     settings,%0A+     setSettings,%0A+     setConnectionState,%0A+     setBeats,%0A+     beatsLatestRef,%0A+     beatRuntimeStatesRef,%0A+     transitionRuntime,%0A+     cloudLibrarySnapshotRef,%0A+     waitForUploadedBeatPlaybackReady,%0A+     rejectOfflineMutation,%0A+     isReviewActive: () => reviewQueueLatestRef.current !== null,%0A+     hasProtectedStaging: () => stagedImportPathsRef.current.size > 0,%0A+   });%0A+%0A+%0A+   const { libraryRefreshing, reloadLibrary } = useLibraryReload({%0A+     telegramCloudConnected: Boolean(settings?.telegram_cloud_connected),%0A+     beatsLatestRef,%0A+     setBeats,%0A+     setConnectionState,%0A+     setCloudSessionVerified,%0A+     cloudMetaSnapshotRef,%0A+     cloudLibrarySnapshotRef,%0A+     startupCookingResolvedRef,%0A+     startupPipelineStartedRef,%0A+     progressiveRevealRunRef,%0A+     setRevealedBeatIds,%0A+     setStartupCookingGate,%0A+     setLoading,%0A+     deferLibraryReloadIfUploading,%0A+   });%0A+%0A+   const { interruptedUploadNotices, dismissInterruptedUploadNotices } = useStartupBootstrap({%0A+     startupCachedBeatsRef,%0A+     cloudMetaSnapshotRef,%0A+     cloudLibrarySnapshotRef,%0A+     startupCookingResolvedRef,%0A+     startupPipelineStartedRef,%0A+     startupEnginePrimeReadyRef,%0A+     progressiveRevealRunRef,%0A+     setBeats,%0A+     setSettings,%0A+     setSetupDone,%0A+     setLoading,%0A+     setConnectionState,%0A+     setCloudSessionVerified,%0A+     setStartupCookingGate,%0A+     setRevealedBeatIds,%0A+     clearReconciledTrashRuntimeStates,%0A+     dismissStartupLoader: dismissBeatGalerStartupLoader,%0A+   });%0A+%0A+%0A+ useConnectivity({%0A+   setupDone,%0A+   setConnectionState,%0A+   setCloudSessionVerified,%0A+   setSettings,%0A+   setBeats,%0A+   cloudMetaSnapshotRef,%0A+   cloudLibrarySnapshotRef,%0A+   startupCookingResolvedRef,%0A+   startupPipelineStartedRef,%0A+   startupEnginePrimeReadyRef,%0A+   progressiveRevealRunRef,%0A+   clearReconciledTrashRuntimeStates,%0A+   clearPlaybackPreparation,%0A+   clearArtworkHydration,%0A+   setStartupCookingGate,%0A+ });%0A+%0A+   useCustomCursor(settings?.custom_cursor_enabled ?? true);%0A+%0A+%0A+%0A+ // BeatGaler synchronization remains push-based. SSE only notifies the app;%0A+ // the extracted owner verifies authority before hydrating library state.%0A+ useCloudLibraryEvents({%0A+   setupDone,%0A+   beatgalerUserId: settings?.beatgaler_user_id ?? null,%0A+   setConnectionState,%0A+   setCloudSessionVerified,%0A+   setSettings,%0A+   setBeats,%0A+   cloudMetaSnapshotRef,%0A+   cloudLibrarySnapshotRef,%0A+   visibleLibraryFingerprintRef,%0A+   startupCookingResolvedRef,%0A+   startupPipelineStartedRef,%0A+   startupEnginePrimeReadyRef,%0A+   progressiveRevealRunRef,%0A+   clearReconciledTrashRuntimeStates,%0A+   clearArtworkHydration,%0A+   clearPlaybackPreparation,%0A+   setStartupCookingGate,%0A+ });%0A+%0A+   useLibraryPresentationCache(%0A+     beats,%0A+     cloudSessionVerified,%0A+     settings,%0A+   );%0A+%0A+   useEffect(() => {%0A+     visibleLibraryFingerprintRef.current = libraryViewFingerprint(beats);%0A+     beatsLatestRef.current = beats;%0A+   }, [beats]);%0A+%0A+%0A+%0A+   // One-time recovery for a cloud-only library after Telegram login/startup.%0A+   // No timer, no permanent synchronization.%0A+   const beatGalerCloudRecoveryAttemptedRef = useRef(false);%0A+%0A+   const recoverTelegramLibraryOnceIfEmpty = useCallback(async () => {%0A+     if (beatGalerCloudRecoveryAttemptedRef.current) return;%0A+     if (beats.length !== 0) return;%0A+%0A+     beatGalerCloudRecoveryAttemptedRef.current = true;%0A+     try {%0A+       const restored = await libraryStateManager.reloadAuthoritative();%0A+       if (restored.length > 0) {%0A+         setBeats(current => current.length === 0 ? restored : current);%0A+       }%0A+     } catch (error) {%0A+       console.warn("Telegram library one-time recovery skipped:", error);%0A+     }%0A+   }, [beats.length]);%0A+%0A+   // IMPORTANT: an empty library is a valid, authoritative state (for example%0A+   // immediately after Remove All). Never infer "Telegram recovery" merely from%0A+   // beats.length === 0; doing so races the pending trash/index commit and can%0A+   // resurrect the just-removed cards with their artwork unloaded. Recovery is%0A+   // only allowed from explicit Telegram connection/startup flows below.%0A+%0A+   useEffect(() => {%0A+     const onTelegramConnected = (event: Event) => {%0A+       const detail = (event as CustomEvent<{ connected?: boolean; username?: string | null }>).detail;%0A+       if (!detail?.connected) return;%0A+%0A+       setSettings(current => current ? {%0A+         ...current,%0A+         telegram_cloud_connected: true,%0A+         telegram_cloud_username: detail.username ?? current.telegram_cloud_username ?? null,%0A+       } : current);%0A+%0A+       void recoverTelegramLibraryOnceIfEmpty();%0A+     };%0A+%0A+     window.addEventListener("beatgaler:telegram-connected", onTelegramConnected);%0A+     return () => window.removeEventListener("beatgaler:telegram-connected", onTelegramConnected);%0A+   }, [recoverTelegramLibraryOnceIfEmpty]);%0A+%0A+%0A+   const handleUploadTelegram = useCallback(async (beat: Beat) => {%0A+     if (rejectOfflineMutation("Uploading a beat")) return;%0A+     const existingCloudBeat = Boolean(beat.telegram_file_id);%0A+     transitionRuntime(beat.id, { type: existingCloudBeat ? "SYNC_QUEUE_UPDATE" : "SYNC_QUEUE_UPLOAD" }, beat);%0A+     transitionRuntime(beat.id, { type: existingCloudBeat ? "SYNC_UPDATE_STARTED" : "SYNC_UPLOAD_STARTED" }, beat);%0A+     try {%0A+       const updated = await uploadBeatToTelegram(beat);%0A+       await syncBeatMetadataToTelegram(updated);%0A+       transitionRuntime(updated.id, { type: existingCloudBeat ? "SYNC_UPDATE_SUCCEEDED" : "SYNC_UPLOAD_SUCCEEDED" }, updated);%0A+       setBeats(bs => bs.map(b => b.id === updated.id ? updated : b));%0A+     } catch (e: any) {%0A+       const message = sanitizeUserVisibleText(runtimeErrorMessage(e), "Cloud operation failed.");%0A+       if (existingCloudBeat && isRuntimeConflictError(e)) {%0A+         transitionRuntime(beat.id, { type: "SYNC_CONFLICT", message }, beat);%0A+       } else {%0A+         transitionRuntime(beat.id, { type: "SYNC_FAILED", code: "TELEGRAM_UPLOAD_FAILED", message, retryable: true }, beat);%0A+       }%0A+       await appAlert({%0A+         title: "Cloud upload failed",%0A+         message,%0A+         danger: true,%0A+       });%0A+     }%0A+   }, [rejectOfflineMutation, transitionRuntime]);%0A+%0A+   const handleDownloadTelegram = useCallback(async (_beat: Beat) => {%0A+     await appAlert({%0A+       title: "Cloud-only library",%0A+       message: "Files are fetched into temporary storage automatically when needed.",%0A+     });%0A+   }, []);%0A+%0A+%0A+   const handleEditBulk = useCallback(() => {%0A+     if (rejectOfflineMutation("Editing metadata")) return;%0A+     const firstSelected = beats.find(b => selectedIds.has(b.id));%0A+     if (firstSelected) setDrawer({ beat: firstSelected, mode: "edit" });%0A+   }, [beats, selectedIds, rejectOfflineMutation]);%0A+%0A+   const { deleteBeat, handleRemoveBulk, handleBeatRestored } = useTrashActions({%0A+     beats,%0A+     setBeats,%0A+     beatsLatestRef,%0A+     selectedIds,%0A+     clearSelection,%0A+     connectionState,%0A+     audioPlayingId: audio.playingId,%0A+     releaseFile,%0A+     beatRuntimeStatesRef,%0A+     transitionRuntime,%0A+     forgetRuntimeState,%0A+     cloudMetaSnapshotRef,%0A+     cloudLibrarySnapshotRef,%0A+     invalidateArtworkHydration,%0A+     ensureArtworkReady,%0A+   });%0A+%0A+   const addBeats = useCallback((newBeats: Beat[]) => {%0A+     setBeats(bs => {%0A+       const existing = new Set(bs.map(b => b.mp3_path));%0A+       const next = [...newBeats.filter(b => !existing.has(b.mp3_path)), ...bs];%0A+       beatsLatestRef.current = next;%0A+       return next;%0A+     });%0A+   }, []);%0A+%0A+   const addBeatsAndReview = useCallback((newBeats: Beat[]) => {%0A+     if (newBeats.length === 0) return;%0A+     if (connectionState !== "online") {%0A+       void appAlert({%0A+         title: "Internet connection required",%0A+         message: "BeatGaler does not import new beats while offline. Reconnect and import them again.",%0A+       });%0A+       void cleanupOrphanedDropStaging(beatsLatestRef.current);%0A+       return;%0A+     }%0A+     const sanitized = newBeats.map(beat => ({ ...beat, tags: cleanTags(beat.tags || []).tags }));%0A+%0A+     // Review candidates are NOT library beats yet.%0A+     // Keeping them out of `beats` means:%0A+     // 1) Cancel leaves absolutely nothing behind.%0A+     // 2) duplicate-name checks compare only against committed library items.%0A+     // 3) a re-dropped folder can never masquerade as an edit of the existing beat.%0A+     setShowAdd(false);%0A+     startReview(sanitized);%0A+     // Upload begins only after Review → Save.%0A+   }, [connectionState, startReview]);%0A+%0A+ const {%0A+   skipCurrentReviewBeat,%0A+   cancelReview,%0A+   handleReviewedBeatSaved,%0A+ } = useImportReview({%0A+   setBeats,%0A+   beatsLatestRef,%0A+   setReviewQueue,%0A+   skippedReviewSourceKeysRef,%0A+   cloudifyImportedBeats,%0A+   getQueuedBeatsSnapshot,%0A+   onCancelPendingWork: cancelPendingReviewWork,%0A+   releaseBeat: platform.capabilities.reviewBeatCloudCommit%0A+     ? beatId => platform.importer.releaseBeat(beatId)%0A+     : undefined,%0A+   discardBatch: batchId => discardImportReviewBatch(batchId),%0A+   cleanupStaging: protectedBeats => cleanupOrphanedDropStaging(protectedBeats),%0A+ });%0A+%0A+   const {%0A+     audioConflictBatch,%0A+     dropImportBatch,%0A+     resetImportResolutionState,%0A+     handleReviewedSaveAll,%0A+     cancelAudioConflicts,%0A+     resolveAudioConflicts,%0A+     closeImportDecisions,%0A+     importResolvedDecisions,%0A+   } = useImportSaveAll({%0A+     setBeats,%0A+     beatsLatestRef,%0A+     reviewQueue,%0A+     setReviewQueue,%0A+     reviewQueueLatestRef,%0A+     reviewBootstrap,%0A+     reviewPreparationDone,%0A+     reviewPreparationPromiseRef,%0A+     deferredImportBatch,%0A+     setDeferredImportBatch,%0A+     stagedImportPathsRef,%0A+     setDropImporting,%0A+     cloudifyImportedBeats,%0A+     addBeatsAndReview,%0A+   });%0A+%0A+   const { importDroppedBrowserFiles } = useBrowserImport({%0A+     dropImporting,%0A+     setDropImporting,%0A+     rejectOfflineMutation,%0A+     setDropActive,%0A+     setShowAdd,%0A+     setReviewQueue,%0A+     completeImmediateReviewPreparation,%0A+     resetImportResolutionState,%0A+   });%0A+%0A+   const updateExistingBeatFromFolder = useCallback(async (beat: Beat, folderPath: string): Promise<boolean> => {%0A+     if (rejectOfflineMutation("Updating beat files")) return true;%0A+     if (isBackupFolderPath(folderPath)) {%0A+       await appAlert({%0A+         title: "Backup folder skipped",%0A+         message: "BeatGaler keeps Backup/Backups folders out of PROJECT.zip so old project copies are not uploaded.",%0A+       });%0A+       return true;%0A+     }%0A+%0A+     const t = await import("./lib/tauri");%0A+%0A+     let preview;%0A+     try {%0A+       preview = await t.inspectBeatUpdateFolder(folderPath);%0A+     } catch {%0A+       return false;%0A+     }%0A+%0A+     let replaceMaster = false;%0A+     if (preview.has_mp3) {%0A+       const alreadyHasMaster = Boolean(beat.telegram_file_id) || Boolean(beat.mp3_path?.trim());%0A+       if (alreadyHasMaster) {%0A+         const incoming = preview.mp3_filename || "the incoming MP3";%0A+         const confirmed = window.confirm(%0A+           `Replace current MASTER for "${beat.name}"?\n\n` +%0A+           `${incoming} will become the new MASTER.\n` +%0A+           `Its BPM, key, tags, rating and artwork will replace the current metadata.\n\n` +%0A+           `WAV and project files from this folder will also be added or updated.`%0A+         );%0A+         if (!confirmed) return true;%0A+       }%0A+       replaceMaster = true;%0A+     }%0A+%0A+     setBeatCloudUpdateBusy(beat.id, true);%0A+     const runtime = beatRuntimeStatesRef.current[beat.id] ?? createBeatRuntimeState(beat);%0A+     if (runtime.sync_state === "synced") transitionRuntime(beat.id, { type: "SYNC_QUEUE_UPDATE" }, beat);%0A+     transitionRuntime(beat.id, { type: "SYNC_UPDATE_STARTED" }, beat);%0A+     try {%0A+       let updated = await t.mergeFolderIntoExistingBeat(beat, folderPath, replaceMaster);%0A+       setBeats(bs => bs.map(b => b.id === beat.id ? updated : b));%0A+%0A+       if (replaceMaster) {%0A+         updated = await t.uploadBeatToTelegram(updated);%0A+         setBeats(bs => bs.map(b => b.id === beat.id ? updated : b));%0A+       }%0A+%0A+       if (preview.has_wav && updated.wav_path) {%0A+         await t.uploadDroppedFileToTelegram(updated, updated.wav_path, "WAV");%0A+       }%0A+%0A+       if (preview.has_project_assets) {%0A+         await t.uploadProjectToTelegram(updated);%0A+       }%0A+%0A+       if (replaceMaster && updated.telegram_file_id) {%0A+         await t.syncBeatMetadataToTelegram(updated);%0A+       }%0A+%0A+       window.dispatchEvent(new CustomEvent("beatgaler:project-cloud-updated", { detail: { beatId: beat.id } }));%0A+       await libraryStateManager.commitSnapshot(beatsLatestRef.current.map(item => item.id === beat.id ? updated : item), "metadata-update");%0A+       transitionRuntime(beat.id, { type: "SYNC_UPDATE_SUCCEEDED" }, updated);%0A+       setBeats(bs => bs.map(b => b.id === beat.id ? updated : b));%0A+       return true;%0A+     } catch (error) {%0A+       console.error(error);%0A+       const message = sanitizeUserVisibleText(runtimeErrorMessage(error), "Cloud operation failed.");%0A+       if (isRuntimeConflictError(error)) transitionRuntime(beat.id, { type: "SYNC_CONFLICT", message }, beat);%0A+       else transitionRuntime(beat.id, { type: "SYNC_FAILED", code: "FOLDER_UPDATE_FAILED", message, retryable: true }, beat);%0A+       alert(`Could not update "${beat.name}" from the dropped folder: ${message}`);%0A+       return true;%0A+     } finally {%0A+       setBeatCloudUpdateBusy(beat.id, false);%0A+     }%0A+   }, [rejectOfflineMutation, transitionRuntime]);%0A+%0A+   const { commitDrawerCloudMutation } = useDrawerCloudPersistence({%0A+   beats,%0A+   browserCloudEditing: platform.capabilities.browserCloudEditing,%0A+   connectionState,%0A+   cloudSessionVerified,%0A+   beatsLatestRef,%0A+   beatRuntimeStatesRef,%0A+   transitionRuntime,%0A+   cloudMetaSnapshotRef,%0A+   cloudLibraryTimerRef,%0A+   cloudLibrarySnapshotRef,%0A+ });%0A+%0A+   // V7: INDEX writes are explicit transactions only.%0A+   // There is deliberately no generic "beats changed => rewrite Telegram" observer.%0A+   // Upload, metadata, Trash/Restore and project/file operations commit through%0A+   // libraryStateManager at their actual logical commit boundary. This prevents%0A+   // render/cache hydration from becoming an accidental cloud mutation.%0A+%0A+   const {%0A+     handleIncompleteWarningsChanged,%0A+     handleCustomCursorChanged,%0A+     handleFolderChanged,%0A+     handleDisconnectTelegramAccount,%0A+   } = useSessionActions({%0A+     setSettings,%0A+     setCloudSessionVerified,%0A+     logoutAccount: logoutBeatGalerAccount,%0A+     releaseFile,%0A+     progressiveRevealRunRef,%0A+     clearPlaybackPreparation,%0A+     clearArtworkHydration,%0A+     setRevealedBeatIds,%0A+     setBeats,%0A+     clearSelection,%0A+   });%0A+%0A+   const updateBeat = useCallback((updated: Beat) => {%0A+     if (updated.telegram_file_id && connectionState === "online") {%0A+       const runtime = beatRuntimeStatesRef.current[updated.id] ?? createBeatRuntimeState(updated);%0A+       if (runtime.sync_state === "synced") transitionRuntime(updated.id, { type: "SYNC_QUEUE_UPDATE" }, updated);%0A+     }%0A+     setBeats(bs => bs.map(b => b.id === updated.id ? updated : b));%0A+     if (drawer?.beat.id === updated.id) setDrawer(d => d ? { ...d, beat: updated } : null);%0A+   }, [connectionState, drawer, transitionRuntime]);%0A+%0A+%0A+%0A+   const handleDropArtwork = useCallback(async (beat: Beat, imageBase64: string) => {%0A+     if (rejectOfflineMutation("Changing artwork")) return;%0A+%0A+     const updated = { ...beat, image_base64: imageBase64, image_preview_base64: null };%0A+%0A+     if (platform.capabilities.browserCloudEditing) {%0A+       // Publish the browser-decoded artwork immediately, then commit it through%0A+       // the Web editor/Direct transport. No Tauri metadata path participates.%0A+       updateBeat(updated);%0A+       transitionRuntime(updated.id, { type: "SYNC_UPDATE_STARTED" }, updated);%0A+       try {%0A+         const committed = await platform.editor.commit(beat, updated, {});%0A+         setBeats(current => {%0A+           const next = current.map(item => item.id === committed.id ? committed : item);%0A+           beatsLatestRef.current = next;%0A+           return next;%0A+         });%0A+         setDrawer(current => current?.beat.id === committed.id ? { ...current, beat: committed } : current);%0A+         transitionRuntime(updated.id, { type: "SYNC_UPDATE_SUCCEEDED" }, committed);%0A+       } catch (error) {%0A+         const message = sanitizeUserVisibleText(runtimeErrorMessage(error), "Cloud operation failed.");%0A+         transitionRuntime(updated.id, { type: "SYNC_FAILED", code: "ARTWORK_SYNC_FAILED", message, retryable: true }, updated);%0A+         throw error;%0A+       }%0A+       return;%0A+     }%0A+%0A+     // Desktop keeps its existing native metadata/artwork transaction.%0A+     await saveBeatMeta({%0A+       mp3_path: beat.mp3_path,%0A+       wav_path: beat.wav_path,%0A+       bpm: beat.bpm,%0A+       key: beat.key,%0A+       tags: beat.tags,%0A+       rating: beat.rating,%0A+       image_base64: imageBase64,%0A+       update_filename: false,%0A+     });%0A+%0A+     updateBeat(updated);%0A+%0A+     if (updated.telegram_file_id && connectionState === "online") {%0A+       const runtime = beatRuntimeStatesRef.current[updated.id] ?? createBeatRuntimeState(updated);%0A+       if (runtime.sync_state === "synced") transitionRuntime(updated.id, { type: "SYNC_QUEUE_UPDATE" }, updated);%0A+       transitionRuntime(updated.id, { type: "SYNC_UPDATE_STARTED" }, updated);%0A+       try {%0A+         await syncBeatMetadataToTelegram(updated);%0A+         const indexSnapshot = beatsLatestRef.current.map(item => item.id === updated.id ? updated : item);%0A+         await libraryStateManager.commitSnapshot(indexSnapshot, "upload-batch");%0A+         if (cloudLibraryTimerRef.current) {%0A+           window.clearTimeout(cloudLibraryTimerRef.current);%0A+           cloudLibraryTimerRef.current = null;%0A+         }%0A+         cloudLibrarySnapshotRef.current = indexSnapshot%0A+           .filter(item => !!item.telegram_file_id)%0A+           .map(cloudBeatFingerprint)%0A+           .join("\u001c");%0A+         cloudMetaSnapshotRef.current?.set(updated.id, cloudBeatFingerprint(updated));%0A+         transitionRuntime(updated.id, { type: "SYNC_UPDATE_SUCCEEDED" }, updated);%0A+       } catch (error) {%0A+         const message = sanitizeUserVisibleText(runtimeErrorMessage(error), "Cloud operation failed.");%0A+         transitionRuntime(updated.id, { type: "SYNC_FAILED", code: "ARTWORK_SYNC_FAILED", message, retryable: true }, updated);%0A+         throw error;%0A+       }%0A+     }%0A+   }, [updateBeat, rejectOfflineMutation, connectionState, transitionRuntime]);%0A+%0A+%0A+   const {%0A+     runBeatCloudUpdate,%0A+     startMasterAssetUpdate,%0A+     startWavAssetUpdate,%0A+     handleBrowserBeatAssetDrop,%0A+   } = useBeatAssetUpdates({%0A+     rejectOfflineMutation,%0A+     setBeatFileDrop,%0A+     setBeatCloudUpdateBusy,%0A+     beatRuntimeStatesRef,%0A+     transitionRuntime,%0A+     beatsLatestRef,%0A+     cloudLibrarySnapshotRef,%0A+     setBeats,%0A+     setDrawer,%0A+     waitForUploadedBeatPlaybackReady,%0A+   });%0A+%0A+   const {%0A+     openableCloudProjectIds,%0A+     projectUpdateNotice,%0A+     dismissProjectUpdateNotice,%0A+     hasStoredProject,%0A+     startProjectAssetUpdate,%0A+     handleAutoProjectDrop,%0A+     handleBrowserProjectDrop,%0A+     handleUploadProjectTelegram,%0A+     handleOpenProject,%0A+     handleUpdateProject,%0A+   } = useBeatProjects({%0A+     beats,%0A+     connectionState,%0A+     rejectOfflineMutation,%0A+     transitionRuntime,%0A+     beatsLatestRef,%0A+     setBeats,%0A+     setDrawer,%0A+     runBeatCloudUpdate,%0A+     setBeatCloudUpdateBusy,%0A+   });%0A+%0A+   const handleDroppedBeatFileRole = useCallback(async (role: DroppedBeatFileRole) => {%0A+     if (!beatFileDrop) return;%0A+     const { beat, filePath } = beatFileDrop;%0A+     const ext = extensionFromPath(filePath);%0A+%0A+     if (role === "loop" || role === "stems") return;%0A+%0A+     if (role === "main") {%0A+       if (ext !== "mp3") return;%0A+       startMasterAssetUpdate(beat, filePath);%0A+       return;%0A+     }%0A+%0A+     if (role === "wav") {%0A+       if (ext !== "wav") return;%0A+       startWavAssetUpdate(beat, filePath);%0A+       return;%0A+     }%0A+%0A+     if (role === "projectFolder") {%0A+       const existing = await hasStoredProject(beat).catch(() => false);%0A+       if (!existing) {%0A+         await cleanupStagedDropPaths([filePath]).catch(() => {});%0A+         setBeatFileDrop(null);%0A+         await appAlert({%0A+           title: "Project file required",%0A+           message: "Add a .flp, .als, .logicx, .ptx/.ptf file or a valid PROJECT ZIP first. Then folders can be added to that PROJECT.zip using their original folder name.",%0A+         });%0A+         return;%0A+       }%0A+       startProjectAssetUpdate(beat, filePath, "projectFolder");%0A+     }%0A+   }, [beatFileDrop, hasStoredProject, startMasterAssetUpdate, startProjectAssetUpdate, startWavAssetUpdate]);%0A+%0A+%0A+   useHtmlLibraryDrop({%0A+     nativeDropAvailable: isTauriAvailable,%0A+     browserFileImport: platform.capabilities.browserFileImport,%0A+     reviewSkeletonEnabled: REVIEW_SKELETON_ENABLED,%0A+     beatsLatestRef,%0A+     setDropActive,%0A+     setBeatCloudUpdateBusy,%0A+     setBeatFileDrop,%0A+     setLibraryDropStaging,%0A+     handleDropArtwork,%0A+     handleAutoProjectDrop,%0A+     handleBrowserBeatAssetDrop,%0A+     handleBrowserProjectDrop,%0A+     importDroppedBrowserFiles,%0A+     importDroppedPaths,%0A+   });%0A+%0A+   useNativeLibraryDrop({%0A+     nativeDropAvailable: isTauriAvailable,%0A+     reviewSkeletonEnabled: REVIEW_SKELETON_ENABLED,%0A+     beatsLatestRef,%0A+     setDropActive,%0A+     setBeatCloudUpdateBusy,%0A+     setBeatFileDrop,%0A+     setLibraryDropStaging,%0A+     handleDropArtwork,%0A+     handleAutoProjectDrop,%0A+     importDroppedPaths,%0A+   });%0A+%0A+   const applyBulkUpdate = useCallback((updates: Partial<Beat>, options?: { tagsMode?: "add" | "replace" | "remove" }) => {%0A+     setBeats(bs => bs.map(b => {%0A+       if (!selectedIds.has(b.id)) return b;%0A+       if (!updates.tags) return { ...b, ...updates };%0A+%0A+       const normalizedInput = Array.from(new Set(%0A+         updates.tags.map(t => t.trim().toLowerCase()).filter(Boolean)%0A+       ));%0A+%0A+       if (options?.tagsMode === "replace") {%0A+         return { ...b, ...updates, tags: normalizedInput };%0A+       }%0A+%0A+       if (options?.tagsMode === "remove") {%0A+         const removeSet = new Set(normalizedInput);%0A+         const remainingTags = b.tags.filter(tag => !removeSet.has(tag.trim().toLowerCase()));%0A+         return { ...b, ...updates, tags: remainingTags };%0A+       }%0A+%0A+       const mergedTags = Array.from(new Set(%0A+         [...b.tags, ...normalizedInput].map(t => t.trim().toLowerCase()).filter(Boolean)%0A+       ));%0A+       return { ...b, ...updates, tags: mergedTags };%0A+     }));%0A+     clearSelection();%0A+   }, [selectedIds]);%0A+%0A+%0A+   const tagColors = useTagColors();%0A+%0A+ const handleTagClick = useCallback((tag: string, e: React.MouseEvent) => {%0A+   toggleTagFilter(tag, e.altKey ? "exclude" : "include");%0A+ }, [toggleTagFilter]);%0A+%0A+   const tagFrequency = useMemo(() => selectTagFrequency(beats), [beats]);%0A+   const allTags = useMemo(() => selectAllTags(beats, tagFrequency), [beats, tagFrequency]);%0A+   const tagSuggestions = useMemo(() => selectTagSuggestions(beats), [beats]);%0A+   const displayedBeats = filteredBeats.filter(beat => revealedBeatIds.has(beat.id));%0A+%0A+   const {%0A+     shuffleEnabled,%0A+     repeatMode,%0A+     showQueue,%0A+     queuedBeats,%0A+     addToQueue,%0A+     handleNext,%0A+     handlePrev,%0A+     closeQueue,%0A+     toggleQueue,%0A+     toggleShuffle,%0A+     cycleRepeat,%0A+     playQueueIndex,%0A+   } = usePlaybackQueue({%0A+     beats,%0A+     displayedBeats,%0A+     playingId: audio.playingId,%0A+     progress: audio.progress,%0A+     endedSeq: audio.endedSeq,%0A+     handlePlay,%0A+     seek,%0A+     releaseFile,%0A+   });%0A+%0A+   useAppShortcuts({%0A+     togglePauseRef,%0A+     clearSelection,%0A+     setDrawer,%0A+     setShowAdd,%0A+     setShowSettings,%0A+     closeQueue,%0A+     setShowUpload,%0A+   });%0A+%0A+%0A+%0A+   const currentBeat = beats.find(b => b.id === audio.playingId);%0A+   const selectedBeats = beats.filter(b => selectedIds.has(b.id));%0A+   const activeDragBeat = activeDragId ? beats.find(b => b.id === activeDragId) ?? null : null;%0A+%0A+   return <AppShell scope={{ Event, HTMLElement, REVIEW_SKELETON_ENABLED, activeDragBeat, addBeatsAndReview, addToQueue, allTags, applyBulkUpdate, audio, audioConflictBatch, backTagRename, backgroundUploadErrors, beatFileDrop, beats, cancelAudioConflicts, cancelReview, cancelTagRename, clearSelection, clearTagFilters, closeCloudFiles, closeImportDecisions, cloudDownloadNotice, cloudFiles, cloudFilesBeat, cloudFilesBusyId, cloudFilesDownloadError, cloudFilesDownloadedIds, cloudSessionVerified, commitDrawerCloudMutation, confirmTagRename, connectionState, continueTagRename, currentBeat, cycleRepeat, deferredLibraryReloadRef, deleteBeat, dismissDownloadError, dismissInterruptedUploadNotices, dismissProjectUpdateNotice, displayedBeats, drawer, dropActive, dropImportBatch, dropImporting, excludedTags, filteredBeats, finishSelection, handleBeatRestored, handleCloudFiles, handleCustomCursorChanged, handleDisconnectTelegramAccount, handleDownloadTelegram, handleDragCancel, handleDragEnd, handleDragStart, handleDroppedBeatFileRole, handleEditBulk, handleFolderChanged, handleGetCloudFile, handleIncompleteWarningsChanged, handleNext, handleOpenProject, handlePlay, handlePrev, handleRemoveBulk, handleReviewedBeatSaved, handleReviewedSaveAll, handleTagClick, handleToggleOffline, handleUpdateProject, handleUpload, handleUploadBulk, handleUploadProjectTelegram, handleUploadTelegram, handleWarm, importResolvedDecisions, includedTags, interruptedUploadNotices, libraryDropStaging, libraryRefreshing, loading, offlineBusyIds, openTagRename, openableCloudProjectIds, playQueueIndex, projectUpdateNotice, queuedBeats, rejectOfflineMutation, releaseFile, reloadLibrary, repeatMode, resolveAudioConflicts, retryBackgroundUpload, revealedBeatIds, reviewBootstrap, reviewQueue, search, seek, selectMode, selectedBeats, selectedIds, sensors, setBeatFileDrop, setDrawer, setSearch, setShowAdd, setShowSettings, setShowUpload, setSortBy, setTagColorMenu, setTagRenameNewTag, setVolume, settings, showAdd, showQueue, showSettings, showUpload, shuffleEnabled, skipCurrentReviewBeat, sortBy, startupCookingGate, tagColorMenu, tagColors, tagFrequency, tagRename, tagRenameAffectedCount, tagRenameBusy, tagRenameError, tagRenameMp3Count, tagRenameWavCount, tagSuggestions, togglePause, toggleQueue, toggleSelectAll, toggleSelection, toggleShuffle, updateBeat }} />;%0A+ }%0A+%0A+%0A+ export default function App() {%0A+   return platform.kind === "web"%0A+     ? <BeatGalerApp />%0A+     : <AccountGate><BeatGalerApp /></AccountGate>;%0A+ }%0A+%0A%0A ❯ tests/integration/issue97RuntimeWebFollowup.test.ts:77:17%0A%0A

::error file=/home/runner/work/BeatGaler/BeatGaler/tests/integration/selectionReorderExtraction.test.ts,title=tests/integration/selectionReorderExtraction.test.ts > task 3.4 extraction wiring > moves selection ownership out of App while preserving Shift and reconciliation contracts,line=12,column=17::AssertionError: expected 'import React, { useState, useCallback…' to contain 'toggleSelection(b, e.shiftKey, filter…'%0A%0A- Expected%0A+ Received%0A%0A- toggleSelection(b, e.shiftKey, filteredBeats)%0A+ import React, { useState, useCallback, useEffect, useRef, useMemo } from "react";%0A+ import type { Beat } from "./types";%0A+ import BeatCard from "./components/BeatCard";%0A+ import Drawer from "./components/Drawer";%0A+ import Player from "./components/Player";%0A+ import AddBeatModal from "./components/AddBeatModal";%0A+ import SettingsPanel from "./components/SettingsPanel";%0A+ import AccountGate, { logoutBeatGalerAccount } from "./components/AccountGate";%0A+ import UploadModal from "./components/UploadModal";%0A+ import JobStatusBar from "./components/JobStatusBar";%0A+ import { PlusIcon, Artwork } from "./components/ui";%0A+ import { useAudio } from "./hooks/useAudio";%0A+ import { loadLibrary, readBeatMeta, saveBeatMeta, discardImportReviewBatch, uploadBeatToTelegram, downloadBeatFromTelegram, prepareBeatForPlayback, warmBeatForPlayback, getDownloadCookingStatus, downloadCookingDiagnosticEvent, uploadProjectToTelegram, uploadDroppedFileToTelegram, downloadCloudFileToCache, downloadProjectToCache, revealInExplorer, syncBeatMetadataToTelegram, copyExportFile, copyAudioMetadata, prepareUniqueExportFolder, type CloudFileType, isTauriAvailable } from "./lib/tauri";%0A+ import { libraryStateManager } from "./lib/libraryStateManager";%0A+ import { platform } from "./platform";%0A+ import { DndContext, DragOverlay, closestCenter } from "@dnd-kit/core";%0A+ import { SortableContext, rectSortingStrategy } from "@dnd-kit/sortable";%0A+ import { appAlert, appConfirm } from "./lib/dialog";%0A+ import { sanitizeUserVisibleText } from "./lib/userVisibleError";%0A+ import { useTagColors, setTagColor } from "./lib/tagColors";%0A+ import { registerJob, updateJob } from "./lib/jobStore";%0A+ import { cleanTags } from "./lib/metadataValidation";%0A+ import { cleanupOrphanedDropStaging, cleanupStagedDropPaths } from "./features/dragdrop/dropStaging";%0A+ import CloudFilesModal from "./features/downloads/components/CloudFilesModal";%0A+ import { useBeatDownloads } from "./features/downloads/useBeatDownloads";%0A+ import BeatFileDropModal, { type DroppedBeatFileRole } from "./features/dragdrop/components/BeatFileDropModal";%0A+ import SearchBar from "./features/library/components/SearchBar";%0A+ import SortMenu from "./features/library/components/SortMenu";%0A+ import TagColorMenu from "./features/tags/components/TagColorMenu";%0A+ import { useArtworkHydration } from "./features/artwork/useArtworkHydration";%0A+ import { useCloudUploadQueue } from "./features/cloud/useCloudUploadQueue";%0A+ import ImportReviewHost, { ImportResolutionHost } from "./features/import/components/ImportReviewHost";%0A+ import { useImportSession } from "./features/import/useImportSession";%0A+ import { useImportReview } from "./features/import/useImportReview";%0A+ import { useImportDiscovery } from "./features/import/useImportDiscovery";%0A+ import { useImportSaveAll } from "./features/import/useImportSaveAll";%0A+ import { useBrowserImport } from "./features/import/useBrowserImport";%0A+ import { extensionFromPath, fileNameFromPath, isBackupFolderPath } from "./features/dragdrop/pathHelpers";%0A+ import { useHtmlLibraryDrop } from "./features/dragdrop/useHtmlLibraryDrop";%0A+ import { useNativeLibraryDrop } from "./features/dragdrop/useNativeLibraryDrop";%0A+ import { cloudBeatFingerprint, drawerMetadataCommitFingerprint, libraryViewFingerprint } from "./features/library/libraryFingerprints";%0A+ import { clearUploadPreviewCache, preserveLoadedArtwork } from "./features/library/libraryPresentationCache";%0A+ import { selectFilteredAndSortedBeats } from "./features/library/librarySelectors";%0A+ import { useLibraryViewState } from "./features/library/useLibraryViewState";%0A+ import { useLibraryReorder } from "./features/library/useLibraryReorder";%0A+ import { useBeatSelection } from "./features/selection/useBeatSelection";%0A+ import { selectAllTags, selectTagFrequency, selectTagSuggestions } from "./features/tags/tagSelectors";%0A+ import { useTagFilters } from "./features/tags/useTagFilters";%0A+ import { useTagRename } from "./features/tags/useTagRename";%0A+ import TagRenameDialog from "./features/tags/components/TagRenameDialog";%0A+ import { useLibraryPresentationCache, useLibraryState } from "./features/library/useLibraryState";%0A+ import { useLibraryReload } from "./features/library/useLibraryReload";%0A+ import { useStartupBootstrap } from "./features/startup/useStartupBootstrap";%0A+ import { useLibraryReveal } from "./features/startup/useLibraryReveal";%0A+ import { dismissBeatGalerStartupLoader } from "./features/startup/startupLoader";%0A+ import { useWebPlaybackSortRouting } from "./features/playback/useWebPlaybackSortRouting";%0A+ import { usePlaybackController } from "./features/playback/usePlaybackController";%0A+ import { usePlaybackQueue } from "./features/playback/usePlaybackQueue";%0A+ import { useDrawerCloudPersistence } from "./features/edit/useDrawerCloudPersistence";%0A+ import { useBeatAssetUpdates } from "./features/edit/useBeatAssetUpdates";%0A+ import { useBeatProjects } from "./features/projects/useBeatProjects";%0A+ import { useOfflineAvailability } from "./features/offline/useOfflineAvailability";%0A+ import { useTrashActions } from "./features/trash/useTrashActions";%0A+ import { useWebLibraryReconciled } from "./features/library/useWebLibraryReconciled";%0A+ import { createBeatRuntimeState } from "./features/state/beatRuntimeState";%0A+ import { useBeatRuntimeRegistry } from "./features/state/useBeatRuntimeRegistry";%0A+ import { useSessionState } from "./features/session/useSessionState";%0A+ import { useSessionActions } from "./features/session/useSessionActions";%0A+ import { useCustomCursor } from "./features/session/useCustomCursor";%0A+ import { useConnectivity } from "./features/session/useConnectivity";%0A+ import { useCloudLibraryEvents } from "./features/cloud/useCloudLibraryEvents";%0A+ import AppShell from "./app/AppShell";%0A+ import { useAppShortcuts } from "./app/useAppShortcuts";%0A+ import { usePublishingActions } from "./features/publishing/usePublishingActions";%0A+%0A+ // Intentionally isolated: if real-world timings prove the skeleton unnecessary,%0A+ // flipping/removing this one constant deletes the visual layer without touching%0A+ // the staged Review architecture underneath it.%0A+ const REVIEW_SKELETON_ENABLED = true;%0A+%0A+ const beatCloudUpdateBusyIds = new Set<string>();%0A+%0A+ function setBeatCloudUpdateBusy(beatId: string, active: boolean, success = false) {%0A+   if (active) beatCloudUpdateBusyIds.add(beatId);%0A+   else beatCloudUpdateBusyIds.delete(beatId);%0A+   window.dispatchEvent(new CustomEvent("beatgaler:beat-cloud-busy", {%0A+     detail: { beatId, active, success }%0A+   }));%0A+ }%0A+%0A+ function formatCloudBytes(bytes: number) {%0A+   if (!bytes) return "0 B";%0A+   const units = ["B", "KB", "MB", "GB"];%0A+   let n = bytes; let i = 0;%0A+   while (n >= 1024 && i < units.length - 1) { n /= 1024; i++; }%0A+   return `${n.toFixed(i === 0 ? 0 : 1)} ${units[i]}`;%0A+ }%0A+%0A+ function runtimeErrorMessage(error: unknown): string {%0A+   return error instanceof Error ? error.message : String(error);%0A+ }%0A+%0A+ function isRuntimeConflictError(error: unknown): boolean {%0A+   const message = runtimeErrorMessage(error).toLowerCase();%0A+   return message.includes("409") || message.includes("conflict") || message.includes("revision mismatch") || message.includes("version mismatch");%0A+ }%0A+%0A+ function BeatGalerApp() {%0A+   const {%0A+     beats,%0A+     setBeats,%0A+     beatsLatestRef,%0A+     startupCachedBeatsRef,%0A+     initialLoading,%0A+   } = useLibraryState();%0A+   const cloudMetaSnapshotRef = useRef<Map<string, string> | null>(null);%0A+   const cloudLibraryTimerRef = useRef<number | null>(null);%0A+   const cloudLibrarySnapshotRef = useRef<string | null>(null);%0A+   const visibleLibraryFingerprintRef = useRef<string>("");%0A+   const {%0A+     beatRuntimeStates,%0A+     beatRuntimeStatesRef,%0A+     transitionRuntime,%0A+     forgetRuntimeState,%0A+     clearReconciledTrashRuntimeStates,%0A+   } = useBeatRuntimeRegistry(beats, beatsLatestRef);%0A+   const stagedImportPathsRef = useRef<Map<string, string[]>>(new Map());%0A+   const [loading, setLoading] = useState(() => initialLoading);%0A+   const startupCookingResolvedRef = useRef(false);%0A+   const startupPipelineStartedRef = useRef(false);%0A+   const startupEnginePrimeReadyRef = useRef(false);%0A+   const handleArtworkHydratedFromNetwork = useCallback((next: Beat[], beatId: string) => {%0A+     const hydrated = next.find(item => item.id === beatId);%0A+     if (hydrated && cloudMetaSnapshotRef.current) {%0A+       cloudMetaSnapshotRef.current.set(beatId, cloudBeatFingerprint(hydrated));%0A+     }%0A+     if (cloudLibrarySnapshotRef.current !== null) {%0A+       cloudLibrarySnapshotRef.current = next%0A+         .filter(item => !!item.telegram_file_id)%0A+         .map(cloudBeatFingerprint)%0A+         .join("\u001c");%0A+     }%0A+   }, []);%0A+   const { ensureArtworkReady, clearArtworkHydration, invalidateArtworkHydration } = useArtworkHydration({%0A+     setBeats,%0A+     onNetworkHydrated: handleArtworkHydratedFromNetwork,%0A+   });%0A+   const { search, setSearch, sortBy, setSortBy } = useLibraryViewState();%0A+   const {%0A+     includedTags,%0A+     excludedTags,%0A+     clearTagFilters,%0A+     toggleTagFilter,%0A+     replaceTagFilter,%0A+   } = useTagFilters();%0A+   const filteredBeats = selectFilteredAndSortedBeats(%0A+     beats,%0A+     search,%0A+     includedTags,%0A+     excludedTags,%0A+     sortBy,%0A+   );%0A+%0A+   const [tagColorMenu, setTagColorMenu] = useState<{ tag: string; x: number; y: number } | null>(null);%0A+   const {%0A+     tagRename, tagRenameBusy, tagRenameError, affectedCount: tagRenameAffectedCount,%0A+     affectedMp3Count: tagRenameMp3Count, affectedWavCount: tagRenameWavCount,%0A+     openTagRename, setNewTag: setTagRenameNewTag, continueTagRename, backTagRename,%0A+     cancelTagRename, confirmTagRename,%0A+   } = useTagRename({ beats, setBeats, replaceTagFilter });%0A+   useWebPlaybackSortRouting(sortBy, beats, platform.kind === "web");%0A+   const onWebLibraryReconciled = useCallback((incoming: Beat[]) => {%0A+     setBeats(current => {%0A+       const next = preserveLoadedArtwork(incoming, current);%0A+       beatsLatestRef.current = next;%0A+       return next;%0A+     });%0A+   }, []);%0A+   useWebLibraryReconciled(platform.kind === "web", onWebLibraryReconciled);%0A+   const [drawer, setDrawer] = useState<{ beat: Beat; mode: "detail" | "edit" } | null>(null);%0A+   const [showAdd, setShowAdd] = useState(false);%0A+   const [dropActive, setDropActive] = useState(false);%0A+   const [dropImporting, setDropImporting] = useState(false);%0A+   // Covers the WebView2 staging window that happens BEFORE importDroppedPaths%0A+   // receives native paths. Without this state, the app can look frozen while%0A+   // large dropped files are being copied into drop-staging.%0A+   const [libraryDropStaging, setLibraryDropStaging] = useState(false);%0A+   const [beatFileDrop, setBeatFileDrop] = useState<{ beat: Beat; filePath: string; kind: "file" | "directory" } | null>(null);%0A+   const {%0A+     reviewQueue,%0A+     setReviewQueue,%0A+     reviewQueueLatestRef,%0A+     skippedReviewSourceKeysRef,%0A+     startReview,%0A+   } = useImportSession();%0A+   const [showSettings, setShowSettings] = useState(false);%0A+   const {%0A+     settings,%0A+     setSettings,%0A+     setupDone,%0A+     setSetupDone,%0A+     connectionState,%0A+     setConnectionState,%0A+     cloudSessionVerified,%0A+     setCloudSessionVerified,%0A+   } = useSessionState();%0A+   const {%0A+     startupCookingGate,%0A+     setStartupCookingGate,%0A+     revealedBeatIds,%0A+     setRevealedBeatIds,%0A+     progressiveRevealRunRef,%0A+   } = useLibraryReveal({%0A+     initialCachedBeats: startupCachedBeatsRef.current ?? [],%0A+     filteredBeats,%0A+     loading,%0A+     settings,%0A+     cloudSessionVerified,%0A+     connectionState,%0A+     ensureArtworkReady,%0A+     startupCookingResolvedRef,%0A+     startupPipelineStartedRef,%0A+     nativeParallelism: isTauriAvailable ? 6 : 1,%0A+   });%0A+   const {%0A+     cloudFilesBeat,%0A+     cloudFiles,%0A+     cloudFilesBusyId,%0A+     cloudFilesDownloadedIds,%0A+     cloudFilesDownloadError,%0A+     cloudDownloadNotice,%0A+     handleCloudFiles,%0A+     handleGetCloudFile,%0A+     closeCloudFiles,%0A+     dismissDownloadError,%0A+   } = useBeatDownloads({ connectionState, beatRuntimeStatesRef, transitionRuntime });%0A+%0A+   const {%0A+     selectedIds,%0A+     selectMode,%0A+     toggleSelection,%0A+     toggleSelectAll,%0A+     finishSelection,%0A+     clearSelection,%0A+   } = useBeatSelection(beats);%0A+   const {%0A+     sensors,%0A+     activeDragId,%0A+     handleDragStart,%0A+     handleDragEnd,%0A+     handleDragCancel,%0A+   } = useLibraryReorder({ sortBy, setSortBy, setBeats });%0A+   const { state: audio, play, togglePause, seek, setVolume, releaseFile } = useAudio();%0A+   const { clearPlaybackPreparation, ensureWarmPlaybackUrl, handlePlay, handleWarm, invalidatePlaybackPreparation, waitForUploadedBeatPlaybackReady } = usePlaybackController({%0A+     audio,%0A+     play,%0A+     beatsLatestRef,%0A+     beatRuntimeStatesRef,%0A+     transitionRuntime,%0A+     setBeats,%0A+     cloudSessionVerified,%0A+     connectionState,%0A+     isBeatCloudUpdateBusy: beatId => beatCloudUpdateBusyIds.has(beatId),%0A+   });%0A+   const { offlineBusyIds, handleToggleOffline } = useOfflineAvailability({%0A+     connectionState,%0A+     audioPlayingId: audio.playingId,%0A+     releaseFile,%0A+     invalidatePlaybackPreparation,%0A+     ensureWarmPlaybackUrl,%0A+     beatRuntimeStatesRef,%0A+     transitionRuntime,%0A+     setBeats,%0A+     setDrawer,%0A+     setRevealedBeatIds,%0A+   });%0A+%0A+   // Keep a ref to togglePause so the keydown handler never goes stale%0A+   const togglePauseRef = useRef(togglePause);%0A+   useEffect(() => { togglePauseRef.current = togglePause; }, [togglePause]);%0A+%0A+   const rejectOfflineMutation = useCallback((action: string): boolean => {%0A+     if (connectionState === "online") return false;%0A+     void appAlert({%0A+       title: connectionState === "offline" ? "Offline" : "Connection unavailable",%0A+       message: `${action} requires an internet connection. Offline mode is read-only except for moving beats to Trash.`,%0A+     });%0A+     return true;%0A+   }, [connectionState]);%0A+%0A+   const { showUpload, setShowUpload, handleUpload, handleUploadBulk } = usePublishingActions({%0A+     selectedIds,%0A+     rejectOfflineMutation,%0A+   });%0A+%0A+   const {%0A+     reviewBootstrap,%0A+     reviewPreparationDone,%0A+     reviewPreparationPromiseRef,%0A+     deferredImportBatch,%0A+     setDeferredImportBatch,%0A+     importDroppedPaths,%0A+     cancelPendingReviewWork,%0A+     completeImmediateReviewPreparation,%0A+   } = useImportDiscovery({%0A+     dropImporting,%0A+     setDropImporting,%0A+     rejectOfflineMutation,%0A+     setDropActive,%0A+     setShowAdd,%0A+     setReviewQueue,%0A+     skippedReviewSourceKeysRef,%0A+     stagedImportPathsRef,%0A+     skeletonEnabled: REVIEW_SKELETON_ENABLED,%0A+   });%0A+%0A+   const {%0A+     backgroundUploadErrors,%0A+     cloudifyImportedBeats,%0A+     retryBackgroundUpload,%0A+     getQueuedBeatsSnapshot,%0A+     deferLibraryReloadIfUploading,%0A+     deferredLibraryReloadRef,%0A+   } = useCloudUploadQueue({%0A+     settings,%0A+     setSettings,%0A+     setConnectionState,%0A+     setBeats,%0A+     beatsLatestRef,%0A+     beatRuntimeStatesRef,%0A+     transitionRuntime,%0A+     cloudLibrarySnapshotRef,%0A+     waitForUploadedBeatPlaybackReady,%0A+     rejectOfflineMutation,%0A+     isReviewActive: () => reviewQueueLatestRef.current !== null,%0A+     hasProtectedStaging: () => stagedImportPathsRef.current.size > 0,%0A+   });%0A+%0A+%0A+   const { libraryRefreshing, reloadLibrary } = useLibraryReload({%0A+     telegramCloudConnected: Boolean(settings?.telegram_cloud_connected),%0A+     beatsLatestRef,%0A+     setBeats,%0A+     setConnectionState,%0A+     setCloudSessionVerified,%0A+     cloudMetaSnapshotRef,%0A+     cloudLibrarySnapshotRef,%0A+     startupCookingResolvedRef,%0A+     startupPipelineStartedRef,%0A+     progressiveRevealRunRef,%0A+     setRevealedBeatIds,%0A+     setStartupCookingGate,%0A+     setLoading,%0A+     deferLibraryReloadIfUploading,%0A+   });%0A+%0A+   const { interruptedUploadNotices, dismissInterruptedUploadNotices } = useStartupBootstrap({%0A+     startupCachedBeatsRef,%0A+     cloudMetaSnapshotRef,%0A+     cloudLibrarySnapshotRef,%0A+     startupCookingResolvedRef,%0A+     startupPipelineStartedRef,%0A+     startupEnginePrimeReadyRef,%0A+     progressiveRevealRunRef,%0A+     setBeats,%0A+     setSettings,%0A+     setSetupDone,%0A+     setLoading,%0A+     setConnectionState,%0A+     setCloudSessionVerified,%0A+     setStartupCookingGate,%0A+     setRevealedBeatIds,%0A+     clearReconciledTrashRuntimeStates,%0A+     dismissStartupLoader: dismissBeatGalerStartupLoader,%0A+   });%0A+%0A+%0A+ useConnectivity({%0A+   setupDone,%0A+   setConnectionState,%0A+   setCloudSessionVerified,%0A+   setSettings,%0A+   setBeats,%0A+   cloudMetaSnapshotRef,%0A+   cloudLibrarySnapshotRef,%0A+   startupCookingResolvedRef,%0A+   startupPipelineStartedRef,%0A+   startupEnginePrimeReadyRef,%0A+   progressiveRevealRunRef,%0A+   clearReconciledTrashRuntimeStates,%0A+   clearPlaybackPreparation,%0A+   clearArtworkHydration,%0A+   setStartupCookingGate,%0A+ });%0A+%0A+   useCustomCursor(settings?.custom_cursor_enabled ?? true);%0A+%0A+%0A+%0A+ // BeatGaler synchronization remains push-based. SSE only notifies the app;%0A+ // the extracted owner verifies authority before hydrating library state.%0A+ useCloudLibraryEvents({%0A+   setupDone,%0A+   beatgalerUserId: settings?.beatgaler_user_id ?? null,%0A+   setConnectionState,%0A+   setCloudSessionVerified,%0A+   setSettings,%0A+   setBeats,%0A+   cloudMetaSnapshotRef,%0A+   cloudLibrarySnapshotRef,%0A+   visibleLibraryFingerprintRef,%0A+   startupCookingResolvedRef,%0A+   startupPipelineStartedRef,%0A+   startupEnginePrimeReadyRef,%0A+   progressiveRevealRunRef,%0A+   clearReconciledTrashRuntimeStates,%0A+   clearArtworkHydration,%0A+   clearPlaybackPreparation,%0A+   setStartupCookingGate,%0A+ });%0A+%0A+   useLibraryPresentationCache(%0A+     beats,%0A+     cloudSessionVerified,%0A+     settings,%0A+   );%0A+%0A+   useEffect(() => {%0A+     visibleLibraryFingerprintRef.current = libraryViewFingerprint(beats);%0A+     beatsLatestRef.current = beats;%0A+   }, [beats]);%0A+%0A+%0A+%0A+   // One-time recovery for a cloud-only library after Telegram login/startup.%0A+   // No timer, no permanent synchronization.%0A+   const beatGalerCloudRecoveryAttemptedRef = useRef(false);%0A+%0A+   const recoverTelegramLibraryOnceIfEmpty = useCallback(async () => {%0A+     if (beatGalerCloudRecoveryAttemptedRef.current) return;%0A+     if (beats.length !== 0) return;%0A+%0A+     beatGalerCloudRecoveryAttemptedRef.current = true;%0A+     try {%0A+       const restored = await libraryStateManager.reloadAuthoritative();%0A+       if (restored.length > 0) {%0A+         setBeats(current => current.length === 0 ? restored : current);%0A+       }%0A+     } catch (error) {%0A+       console.warn("Telegram library one-time recovery skipped:", error);%0A+     }%0A+   }, [beats.length]);%0A+%0A+   // IMPORTANT: an empty library is a valid, authoritative state (for example%0A+   // immediately after Remove All). Never infer "Telegram recovery" merely from%0A+   // beats.length === 0; doing so races the pending trash/index commit and can%0A+   // resurrect the just-removed cards with their artwork unloaded. Recovery is%0A+   // only allowed from explicit Telegram connection/startup flows below.%0A+%0A+   useEffect(() => {%0A+     const onTelegramConnected = (event: Event) => {%0A+       const detail = (event as CustomEvent<{ connected?: boolean; username?: string | null }>).detail;%0A+       if (!detail?.connected) return;%0A+%0A+       setSettings(current => current ? {%0A+         ...current,%0A+         telegram_cloud_connected: true,%0A+         telegram_cloud_username: detail.username ?? current.telegram_cloud_username ?? null,%0A+       } : current);%0A+%0A+       void recoverTelegramLibraryOnceIfEmpty();%0A+     };%0A+%0A+     window.addEventListener("beatgaler:telegram-connected", onTelegramConnected);%0A+     return () => window.removeEventListener("beatgaler:telegram-connected", onTelegramConnected);%0A+   }, [recoverTelegramLibraryOnceIfEmpty]);%0A+%0A+%0A+   const handleUploadTelegram = useCallback(async (beat: Beat) => {%0A+     if (rejectOfflineMutation("Uploading a beat")) return;%0A+     const existingCloudBeat = Boolean(beat.telegram_file_id);%0A+     transitionRuntime(beat.id, { type: existingCloudBeat ? "SYNC_QUEUE_UPDATE" : "SYNC_QUEUE_UPLOAD" }, beat);%0A+     transitionRuntime(beat.id, { type: existingCloudBeat ? "SYNC_UPDATE_STARTED" : "SYNC_UPLOAD_STARTED" }, beat);%0A+     try {%0A+       const updated = await uploadBeatToTelegram(beat);%0A+       await syncBeatMetadataToTelegram(updated);%0A+       transitionRuntime(updated.id, { type: existingCloudBeat ? "SYNC_UPDATE_SUCCEEDED" : "SYNC_UPLOAD_SUCCEEDED" }, updated);%0A+       setBeats(bs => bs.map(b => b.id === updated.id ? updated : b));%0A+     } catch (e: any) {%0A+       const message = sanitizeUserVisibleText(runtimeErrorMessage(e), "Cloud operation failed.");%0A+       if (existingCloudBeat && isRuntimeConflictError(e)) {%0A+         transitionRuntime(beat.id, { type: "SYNC_CONFLICT", message }, beat);%0A+       } else {%0A+         transitionRuntime(beat.id, { type: "SYNC_FAILED", code: "TELEGRAM_UPLOAD_FAILED", message, retryable: true }, beat);%0A+       }%0A+       await appAlert({%0A+         title: "Cloud upload failed",%0A+         message,%0A+         danger: true,%0A+       });%0A+     }%0A+   }, [rejectOfflineMutation, transitionRuntime]);%0A+%0A+   const handleDownloadTelegram = useCallback(async (_beat: Beat) => {%0A+     await appAlert({%0A+       title: "Cloud-only library",%0A+       message: "Files are fetched into temporary storage automatically when needed.",%0A+     });%0A+   }, []);%0A+%0A+%0A+   const handleEditBulk = useCallback(() => {%0A+     if (rejectOfflineMutation("Editing metadata")) return;%0A+     const firstSelected = beats.find(b => selectedIds.has(b.id));%0A+     if (firstSelected) setDrawer({ beat: firstSelected, mode: "edit" });%0A+   }, [beats, selectedIds, rejectOfflineMutation]);%0A+%0A+   const { deleteBeat, handleRemoveBulk, handleBeatRestored } = useTrashActions({%0A+     beats,%0A+     setBeats,%0A+     beatsLatestRef,%0A+     selectedIds,%0A+     clearSelection,%0A+     connectionState,%0A+     audioPlayingId: audio.playingId,%0A+     releaseFile,%0A+     beatRuntimeStatesRef,%0A+     transitionRuntime,%0A+     forgetRuntimeState,%0A+     cloudMetaSnapshotRef,%0A+     cloudLibrarySnapshotRef,%0A+     invalidateArtworkHydration,%0A+     ensureArtworkReady,%0A+   });%0A+%0A+   const addBeats = useCallback((newBeats: Beat[]) => {%0A+     setBeats(bs => {%0A+       const existing = new Set(bs.map(b => b.mp3_path));%0A+       const next = [...newBeats.filter(b => !existing.has(b.mp3_path)), ...bs];%0A+       beatsLatestRef.current = next;%0A+       return next;%0A+     });%0A+   }, []);%0A+%0A+   const addBeatsAndReview = useCallback((newBeats: Beat[]) => {%0A+     if (newBeats.length === 0) return;%0A+     if (connectionState !== "online") {%0A+       void appAlert({%0A+         title: "Internet connection required",%0A+         message: "BeatGaler does not import new beats while offline. Reconnect and import them again.",%0A+       });%0A+       void cleanupOrphanedDropStaging(beatsLatestRef.current);%0A+       return;%0A+     }%0A+     const sanitized = newBeats.map(beat => ({ ...beat, tags: cleanTags(beat.tags || []).tags }));%0A+%0A+     // Review candidates are NOT library beats yet.%0A+     // Keeping them out of `beats` means:%0A+     // 1) Cancel leaves absolutely nothing behind.%0A+     // 2) duplicate-name checks compare only against committed library items.%0A+     // 3) a re-dropped folder can never masquerade as an edit of the existing beat.%0A+     setShowAdd(false);%0A+     startReview(sanitized);%0A+     // Upload begins only after Review → Save.%0A+   }, [connectionState, startReview]);%0A+%0A+ const {%0A+   skipCurrentReviewBeat,%0A+   cancelReview,%0A+   handleReviewedBeatSaved,%0A+ } = useImportReview({%0A+   setBeats,%0A+   beatsLatestRef,%0A+   setReviewQueue,%0A+   skippedReviewSourceKeysRef,%0A+   cloudifyImportedBeats,%0A+   getQueuedBeatsSnapshot,%0A+   onCancelPendingWork: cancelPendingReviewWork,%0A+   releaseBeat: platform.capabilities.reviewBeatCloudCommit%0A+     ? beatId => platform.importer.releaseBeat(beatId)%0A+     : undefined,%0A+   discardBatch: batchId => discardImportReviewBatch(batchId),%0A+   cleanupStaging: protectedBeats => cleanupOrphanedDropStaging(protectedBeats),%0A+ });%0A+%0A+   const {%0A+     audioConflictBatch,%0A+     dropImportBatch,%0A+     resetImportResolutionState,%0A+     handleReviewedSaveAll,%0A+     cancelAudioConflicts,%0A+     resolveAudioConflicts,%0A+     closeImportDecisions,%0A+     importResolvedDecisions,%0A+   } = useImportSaveAll({%0A+     setBeats,%0A+     beatsLatestRef,%0A+     reviewQueue,%0A+     setReviewQueue,%0A+     reviewQueueLatestRef,%0A+     reviewBootstrap,%0A+     reviewPreparationDone,%0A+     reviewPreparationPromiseRef,%0A+     deferredImportBatch,%0A+     setDeferredImportBatch,%0A+     stagedImportPathsRef,%0A+     setDropImporting,%0A+     cloudifyImportedBeats,%0A+     addBeatsAndReview,%0A+   });%0A+%0A+   const { importDroppedBrowserFiles } = useBrowserImport({%0A+     dropImporting,%0A+     setDropImporting,%0A+     rejectOfflineMutation,%0A+     setDropActive,%0A+     setShowAdd,%0A+     setReviewQueue,%0A+     completeImmediateReviewPreparation,%0A+     resetImportResolutionState,%0A+   });%0A+%0A+   const updateExistingBeatFromFolder = useCallback(async (beat: Beat, folderPath: string): Promise<boolean> => {%0A+     if (rejectOfflineMutation("Updating beat files")) return true;%0A+     if (isBackupFolderPath(folderPath)) {%0A+       await appAlert({%0A+         title: "Backup folder skipped",%0A+         message: "BeatGaler keeps Backup/Backups folders out of PROJECT.zip so old project copies are not uploaded.",%0A+       });%0A+       return true;%0A+     }%0A+%0A+     const t = await import("./lib/tauri");%0A+%0A+     let preview;%0A+     try {%0A+       preview = await t.inspectBeatUpdateFolder(folderPath);%0A+     } catch {%0A+       return false;%0A+     }%0A+%0A+     let replaceMaster = false;%0A+     if (preview.has_mp3) {%0A+       const alreadyHasMaster = Boolean(beat.telegram_file_id) || Boolean(beat.mp3_path?.trim());%0A+       if (alreadyHasMaster) {%0A+         const incoming = preview.mp3_filename || "the incoming MP3";%0A+         const confirmed = window.confirm(%0A+           `Replace current MASTER for "${beat.name}"?\n\n` +%0A+           `${incoming} will become the new MASTER.\n` +%0A+           `Its BPM, key, tags, rating and artwork will replace the current metadata.\n\n` +%0A+           `WAV and project files from this folder will also be added or updated.`%0A+         );%0A+         if (!confirmed) return true;%0A+       }%0A+       replaceMaster = true;%0A+     }%0A+%0A+     setBeatCloudUpdateBusy(beat.id, true);%0A+     const runtime = beatRuntimeStatesRef.current[beat.id] ?? createBeatRuntimeState(beat);%0A+     if (runtime.sync_state === "synced") transitionRuntime(beat.id, { type: "SYNC_QUEUE_UPDATE" }, beat);%0A+     transitionRuntime(beat.id, { type: "SYNC_UPDATE_STARTED" }, beat);%0A+     try {%0A+       let updated = await t.mergeFolderIntoExistingBeat(beat, folderPath, replaceMaster);%0A+       setBeats(bs => bs.map(b => b.id === beat.id ? updated : b));%0A+%0A+       if (replaceMaster) {%0A+         updated = await t.uploadBeatToTelegram(updated);%0A+         setBeats(bs => bs.map(b => b.id === beat.id ? updated : b));%0A+       }%0A+%0A+       if (preview.has_wav && updated.wav_path) {%0A+         await t.uploadDroppedFileToTelegram(updated, updated.wav_path, "WAV");%0A+       }%0A+%0A+       if (preview.has_project_assets) {%0A+         await t.uploadProjectToTelegram(updated);%0A+       }%0A+%0A+       if (replaceMaster && updated.telegram_file_id) {%0A+         await t.syncBeatMetadataToTelegram(updated);%0A+       }%0A+%0A+       window.dispatchEvent(new CustomEvent("beatgaler:project-cloud-updated", { detail: { beatId: beat.id } }));%0A+       await libraryStateManager.commitSnapshot(beatsLatestRef.current.map(item => item.id === beat.id ? updated : item), "metadata-update");%0A+       transitionRuntime(beat.id, { type: "SYNC_UPDATE_SUCCEEDED" }, updated);%0A+       setBeats(bs => bs.map(b => b.id === beat.id ? updated : b));%0A+       return true;%0A+     } catch (error) {%0A+       console.error(error);%0A+       const message = sanitizeUserVisibleText(runtimeErrorMessage(error), "Cloud operation failed.");%0A+       if (isRuntimeConflictError(error)) transitionRuntime(beat.id, { type: "SYNC_CONFLICT", message }, beat);%0A+       else transitionRuntime(beat.id, { type: "SYNC_FAILED", code: "FOLDER_UPDATE_FAILED", message, retryable: true }, beat);%0A+       alert(`Could not update "${beat.name}" from the dropped folder: ${message}`);%0A+       return true;%0A+     } finally {%0A+       setBeatCloudUpdateBusy(beat.id, false);%0A+     }%0A+   }, [rejectOfflineMutation, transitionRuntime]);%0A+%0A+   const { commitDrawerCloudMutation } = useDrawerCloudPersistence({%0A+   beats,%0A+   browserCloudEditing: platform.capabilities.browserCloudEditing,%0A+   connectionState,%0A+   cloudSessionVerified,%0A+   beatsLatestRef,%0A+   beatRuntimeStatesRef,%0A+   transitionRuntime,%0A+   cloudMetaSnapshotRef,%0A+   cloudLibraryTimerRef,%0A+   cloudLibrarySnapshotRef,%0A+ });%0A+%0A+   // V7: INDEX writes are explicit transactions only.%0A+   // There is deliberately no generic "beats changed => rewrite Telegram" observer.%0A+   // Upload, metadata, Trash/Restore and project/file operations commit through%0A+   // libraryStateManager at their actual logical commit boundary. This prevents%0A+   // render/cache hydration from becoming an accidental cloud mutation.%0A+%0A+   const {%0A+     handleIncompleteWarningsChanged,%0A+     handleCustomCursorChanged,%0A+     handleFolderChanged,%0A+     handleDisconnectTelegramAccount,%0A+   } = useSessionActions({%0A+     setSettings,%0A+     setCloudSessionVerified,%0A+     logoutAccount: logoutBeatGalerAccount,%0A+     releaseFile,%0A+     progressiveRevealRunRef,%0A+     clearPlaybackPreparation,%0A+     clearArtworkHydration,%0A+     setRevealedBeatIds,%0A+     setBeats,%0A+     clearSelection,%0A+   });%0A+%0A+   const updateBeat = useCallback((updated: Beat) => {%0A+     if (updated.telegram_file_id && connectionState === "online") {%0A+       const runtime = beatRuntimeStatesRef.current[updated.id] ?? createBeatRuntimeState(updated);%0A+       if (runtime.sync_state === "synced") transitionRuntime(updated.id, { type: "SYNC_QUEUE_UPDATE" }, updated);%0A+     }%0A+     setBeats(bs => bs.map(b => b.id === updated.id ? updated : b));%0A+     if (drawer?.beat.id === updated.id) setDrawer(d => d ? { ...d, beat: updated } : null);%0A+   }, [connectionState, drawer, transitionRuntime]);%0A+%0A+%0A+%0A+   const handleDropArtwork = useCallback(async (beat: Beat, imageBase64: string) => {%0A+     if (rejectOfflineMutation("Changing artwork")) return;%0A+%0A+     const updated = { ...beat, image_base64: imageBase64, image_preview_base64: null };%0A+%0A+     if (platform.capabilities.browserCloudEditing) {%0A+       // Publish the browser-decoded artwork immediately, then commit it through%0A+       // the Web editor/Direct transport. No Tauri metadata path participates.%0A+       updateBeat(updated);%0A+       transitionRuntime(updated.id, { type: "SYNC_UPDATE_STARTED" }, updated);%0A+       try {%0A+         const committed = await platform.editor.commit(beat, updated, {});%0A+         setBeats(current => {%0A+           const next = current.map(item => item.id === committed.id ? committed : item);%0A+           beatsLatestRef.current = next;%0A+           return next;%0A+         });%0A+         setDrawer(current => current?.beat.id === committed.id ? { ...current, beat: committed } : current);%0A+         transitionRuntime(updated.id, { type: "SYNC_UPDATE_SUCCEEDED" }, committed);%0A+       } catch (error) {%0A+         const message = sanitizeUserVisibleText(runtimeErrorMessage(error), "Cloud operation failed.");%0A+         transitionRuntime(updated.id, { type: "SYNC_FAILED", code: "ARTWORK_SYNC_FAILED", message, retryable: true }, updated);%0A+         throw error;%0A+       }%0A+       return;%0A+     }%0A+%0A+     // Desktop keeps its existing native metadata/artwork transaction.%0A+     await saveBeatMeta({%0A+       mp3_path: beat.mp3_path,%0A+       wav_path: beat.wav_path,%0A+       bpm: beat.bpm,%0A+       key: beat.key,%0A+       tags: beat.tags,%0A+       rating: beat.rating,%0A+       image_base64: imageBase64,%0A+       update_filename: false,%0A+     });%0A+%0A+     updateBeat(updated);%0A+%0A+     if (updated.telegram_file_id && connectionState === "online") {%0A+       const runtime = beatRuntimeStatesRef.current[updated.id] ?? createBeatRuntimeState(updated);%0A+       if (runtime.sync_state === "synced") transitionRuntime(updated.id, { type: "SYNC_QUEUE_UPDATE" }, updated);%0A+       transitionRuntime(updated.id, { type: "SYNC_UPDATE_STARTED" }, updated);%0A+       try {%0A+         await syncBeatMetadataToTelegram(updated);%0A+         const indexSnapshot = beatsLatestRef.current.map(item => item.id === updated.id ? updated : item);%0A+         await libraryStateManager.commitSnapshot(indexSnapshot, "upload-batch");%0A+         if (cloudLibraryTimerRef.current) {%0A+           window.clearTimeout(cloudLibraryTimerRef.current);%0A+           cloudLibraryTimerRef.current = null;%0A+         }%0A+         cloudLibrarySnapshotRef.current = indexSnapshot%0A+           .filter(item => !!item.telegram_file_id)%0A+           .map(cloudBeatFingerprint)%0A+           .join("\u001c");%0A+         cloudMetaSnapshotRef.current?.set(updated.id, cloudBeatFingerprint(updated));%0A+         transitionRuntime(updated.id, { type: "SYNC_UPDATE_SUCCEEDED" }, updated);%0A+       } catch (error) {%0A+         const message = sanitizeUserVisibleText(runtimeErrorMessage(error), "Cloud operation failed.");%0A+         transitionRuntime(updated.id, { type: "SYNC_FAILED", code: "ARTWORK_SYNC_FAILED", message, retryable: true }, updated);%0A+         throw error;%0A+       }%0A+     }%0A+   }, [updateBeat, rejectOfflineMutation, connectionState, transitionRuntime]);%0A+%0A+%0A+   const {%0A+     runBeatCloudUpdate,%0A+     startMasterAssetUpdate,%0A+     startWavAssetUpdate,%0A+     handleBrowserBeatAssetDrop,%0A+   } = useBeatAssetUpdates({%0A+     rejectOfflineMutation,%0A+     setBeatFileDrop,%0A+     setBeatCloudUpdateBusy,%0A+     beatRuntimeStatesRef,%0A+     transitionRuntime,%0A+     beatsLatestRef,%0A+     cloudLibrarySnapshotRef,%0A+     setBeats,%0A+     setDrawer,%0A+     waitForUploadedBeatPlaybackReady,%0A+   });%0A+%0A+   const {%0A+     openableCloudProjectIds,%0A+     projectUpdateNotice,%0A+     dismissProjectUpdateNotice,%0A+     hasStoredProject,%0A+     startProjectAssetUpdate,%0A+     handleAutoProjectDrop,%0A+     handleBrowserProjectDrop,%0A+     handleUploadProjectTelegram,%0A+     handleOpenProject,%0A+     handleUpdateProject,%0A+   } = useBeatProjects({%0A+     beats,%0A+     connectionState,%0A+     rejectOfflineMutation,%0A+     transitionRuntime,%0A+     beatsLatestRef,%0A+     setBeats,%0A+     setDrawer,%0A+     runBeatCloudUpdate,%0A+     setBeatCloudUpdateBusy,%0A+   });%0A+%0A+   const handleDroppedBeatFileRole = useCallback(async (role: DroppedBeatFileRole) => {%0A+     if (!beatFileDrop) return;%0A+     const { beat, filePath } = beatFileDrop;%0A+     const ext = extensionFromPath(filePath);%0A+%0A+     if (role === "loop" || role === "stems") return;%0A+%0A+     if (role === "main") {%0A+       if (ext !== "mp3") return;%0A+       startMasterAssetUpdate(beat, filePath);%0A+       return;%0A+     }%0A+%0A+     if (role === "wav") {%0A+       if (ext !== "wav") return;%0A+       startWavAssetUpdate(beat, filePath);%0A+       return;%0A+     }%0A+%0A+     if (role === "projectFolder") {%0A+       const existing = await hasStoredProject(beat).catch(() => false);%0A+       if (!existing) {%0A+         await cleanupStagedDropPaths([filePath]).catch(() => {});%0A+         setBeatFileDrop(null);%0A+         await appAlert({%0A+           title: "Project file required",%0A+           message: "Add a .flp, .als, .logicx, .ptx/.ptf file or a valid PROJECT ZIP first. Then folders can be added to that PROJECT.zip using their original folder name.",%0A+         });%0A+         return;%0A+       }%0A+       startProjectAssetUpdate(beat, filePath, "projectFolder");%0A+     }%0A+   }, [beatFileDrop, hasStoredProject, startMasterAssetUpdate, startProjectAssetUpdate, startWavAssetUpdate]);%0A+%0A+%0A+   useHtmlLibraryDrop({%0A+     nativeDropAvailable: isTauriAvailable,%0A+     browserFileImport: platform.capabilities.browserFileImport,%0A+     reviewSkeletonEnabled: REVIEW_SKELETON_ENABLED,%0A+     beatsLatestRef,%0A+     setDropActive,%0A+     setBeatCloudUpdateBusy,%0A+     setBeatFileDrop,%0A+     setLibraryDropStaging,%0A+     handleDropArtwork,%0A+     handleAutoProjectDrop,%0A+     handleBrowserBeatAssetDrop,%0A+     handleBrowserProjectDrop,%0A+     importDroppedBrowserFiles,%0A+     importDroppedPaths,%0A+   });%0A+%0A+   useNativeLibraryDrop({%0A+     nativeDropAvailable: isTauriAvailable,%0A+     reviewSkeletonEnabled: REVIEW_SKELETON_ENABLED,%0A+     beatsLatestRef,%0A+     setDropActive,%0A+     setBeatCloudUpdateBusy,%0A+     setBeatFileDrop,%0A+     setLibraryDropStaging,%0A+     handleDropArtwork,%0A+     handleAutoProjectDrop,%0A+     importDroppedPaths,%0A+   });%0A+%0A+   const applyBulkUpdate = useCallback((updates: Partial<Beat>, options?: { tagsMode?: "add" | "replace" | "remove" }) => {%0A+     setBeats(bs => bs.map(b => {%0A+       if (!selectedIds.has(b.id)) return b;%0A+       if (!updates.tags) return { ...b, ...updates };%0A+%0A+       const normalizedInput = Array.from(new Set(%0A+         updates.tags.map(t => t.trim().toLowerCase()).filter(Boolean)%0A+       ));%0A+%0A+       if (options?.tagsMode === "replace") {%0A+         return { ...b, ...updates, tags: normalizedInput };%0A+       }%0A+%0A+       if (options?.tagsMode === "remove") {%0A+         const removeSet = new Set(normalizedInput);%0A+         const remainingTags = b.tags.filter(tag => !removeSet.has(tag.trim().toLowerCase()));%0A+         return { ...b, ...updates, tags: remainingTags };%0A+       }%0A+%0A+       const mergedTags = Array.from(new Set(%0A+         [...b.tags, ...normalizedInput].map(t => t.trim().toLowerCase()).filter(Boolean)%0A+       ));%0A+       return { ...b, ...updates, tags: mergedTags };%0A+     }));%0A+     clearSelection();%0A+   }, [selectedIds]);%0A+%0A+%0A+   const tagColors = useTagColors();%0A+%0A+ const handleTagClick = useCallback((tag: string, e: React.MouseEvent) => {%0A+   toggleTagFilter(tag, e.altKey ? "exclude" : "include");%0A+ }, [toggleTagFilter]);%0A+%0A+   const tagFrequency = useMemo(() => selectTagFrequency(beats), [beats]);%0A+   const allTags = useMemo(() => selectAllTags(beats, tagFrequency), [beats, tagFrequency]);%0A+   const tagSuggestions = useMemo(() => selectTagSuggestions(beats), [beats]);%0A+   const displayedBeats = filteredBeats.filter(beat => revealedBeatIds.has(beat.id));%0A+%0A+   const {%0A+     shuffleEnabled,%0A+     repeatMode,%0A+     showQueue,%0A+     queuedBeats,%0A+     addToQueue,%0A+     handleNext,%0A+     handlePrev,%0A+     closeQueue,%0A+     toggleQueue,%0A+     toggleShuffle,%0A+     cycleRepeat,%0A+     playQueueIndex,%0A+   } = usePlaybackQueue({%0A+     beats,%0A+     displayedBeats,%0A+     playingId: audio.playingId,%0A+     progress: audio.progress,%0A+     endedSeq: audio.endedSeq,%0A+     handlePlay,%0A+     seek,%0A+     releaseFile,%0A+   });%0A+%0A+   useAppShortcuts({%0A+     togglePauseRef,%0A+     clearSelection,%0A+     setDrawer,%0A+     setShowAdd,%0A+     setShowSettings,%0A+     closeQueue,%0A+     setShowUpload,%0A+   });%0A+%0A+%0A+%0A+   const currentBeat = beats.find(b => b.id === audio.playingId);%0A+   const selectedBeats = beats.filter(b => selectedIds.has(b.id));%0A+   const activeDragBeat = activeDragId ? beats.find(b => b.id === activeDragId) ?? null : null;%0A+%0A+   return <AppShell scope={{ Event, HTMLElement, REVIEW_SKELETON_ENABLED, activeDragBeat, addBeatsAndReview, addToQueue, allTags, applyBulkUpdate, audio, audioConflictBatch, backTagRename, backgroundUploadErrors, beatFileDrop, beats, cancelAudioConflicts, cancelReview, cancelTagRename, clearSelection, clearTagFilters, closeCloudFiles, closeImportDecisions, cloudDownloadNotice, cloudFiles, cloudFilesBeat, cloudFilesBusyId, cloudFilesDownloadError, cloudFilesDownloadedIds, cloudSessionVerified, commitDrawerCloudMutation, confirmTagRename, connectionState, continueTagRename, currentBeat, cycleRepeat, deferredLibraryReloadRef, deleteBeat, dismissDownloadError, dismissInterruptedUploadNotices, dismissProjectUpdateNotice, displayedBeats, drawer, dropActive, dropImportBatch, dropImporting, excludedTags, filteredBeats, finishSelection, handleBeatRestored, handleCloudFiles, handleCustomCursorChanged, handleDisconnectTelegramAccount, handleDownloadTelegram, handleDragCancel, handleDragEnd, handleDragStart, handleDroppedBeatFileRole, handleEditBulk, handleFolderChanged, handleGetCloudFile, handleIncompleteWarningsChanged, handleNext, handleOpenProject, handlePlay, handlePrev, handleRemoveBulk, handleReviewedBeatSaved, handleReviewedSaveAll, handleTagClick, handleToggleOffline, handleUpdateProject, handleUpload, handleUploadBulk, handleUploadProjectTelegram, handleUploadTelegram, handleWarm, importResolvedDecisions, includedTags, interruptedUploadNotices, libraryDropStaging, libraryRefreshing, loading, offlineBusyIds, openTagRename, openableCloudProjectIds, playQueueIndex, projectUpdateNotice, queuedBeats, rejectOfflineMutation, releaseFile, reloadLibrary, repeatMode, resolveAudioConflicts, retryBackgroundUpload, revealedBeatIds, reviewBootstrap, reviewQueue, search, seek, selectMode, selectedBeats, selectedIds, sensors, setBeatFileDrop, setDrawer, setSearch, setShowAdd, setShowSettings, setShowUpload, setSortBy, setTagColorMenu, setTagRenameNewTag, setVolume, settings, showAdd, showQueue, showSettings, showUpload, shuffleEnabled, skipCurrentReviewBeat, sortBy, startupCookingGate, tagColorMenu, tagColors, tagFrequency, tagRename, tagRenameAffectedCount, tagRenameBusy, tagRenameError, tagRenameMp3Count, tagRenameWavCount, tagSuggestions, togglePause, toggleQueue, toggleSelectAll, toggleSelection, toggleShuffle, updateBeat }} />;%0A+ }%0A+%0A+%0A+ export default function App() {%0A+   return platform.kind === "web"%0A+     ? <BeatGalerApp />%0A+     : <AccountGate><BeatGalerApp /></AccountGate>;%0A+ }%0A+%0A%0A ❯ tests/integration/selectionReorderExtraction.test.ts:12:17%0A%0A
