
> beat-galer@0.9.0-alpha.2 test:component:dom
> vitest run tests/component-dom --environment jsdom


[1m[46m RUN [49m[22m [36mv3.2.7 [39m[90m/home/runner/work/BeatGaler/BeatGaler[39m

[90mstdout[2m | tests/component-dom/webTransportWorker.test.ts
[22m[39m[play-trace] {"context_id":"ft7wqspy","t_ms":1186.1,"time_origin_ms":1788952439304.759,"ts_ms":1788952440490.9,"stage":"WORKER_MODULE_READY"}

[90mstdout[2m | tests/component-dom/webTransportWorkerScheduler.behavior.test.ts
[22m[39m[play-trace] {"context_id":"36hkmtnl","t_ms":1193.4,"time_origin_ms":1788952439300.295,"ts_ms":1788952440493.7,"stage":"WORKER_MODULE_READY"}

[90mstdout[2m | tests/component-dom/webTransportWorker.test.ts
[22m[39m[play-trace] {"request_id":"init","operation":"initialize","context_id":"ft7wqspy","t_ms":1187.3,"time_origin_ms":1788952439304.759,"ts_ms":1788952440492,"stage":"WORKER_REQUEST_RECEIVED"}
[play-trace] {"context_id":"ft7wqspy","t_ms":1187.6,"time_origin_ms":1788952439304.759,"ts_ms":1788952440492.4,"stage":"WORKER_INITIALIZE_BEGIN"}

[90mstdout[2m | tests/component-dom/webTransportWorker.test.ts
[22m[39m[play-trace] {"span_id":1,"context_id":"ft7wqspy","t_ms":1191.9,"time_origin_ms":1788952439304.759,"ts_ms":1788952440496.7,"stage":"WORKER_MTPROTO_CONNECT_BEGIN"}

[90mstdout[2m | tests/component-dom/webTransportWorker.test.ts
[22m[39m[play-trace] {"span_id":1,"elapsed_ms":0.8,"context_id":"ft7wqspy","t_ms":1192.7,"time_origin_ms":1788952439304.759,"ts_ms":1788952440497.5,"stage":"WORKER_MTPROTO_CONNECT_DONE"}
[play-trace] {"elapsed_ms":5,"context_id":"ft7wqspy","t_ms":1192.8,"time_origin_ms":1788952439304.759,"ts_ms":1788952440497.5,"stage":"DIRECT_MTPROTO_READY"}
[play-trace] {"elapsed_ms":5,"context_id":"ft7wqspy","t_ms":1192.9,"time_origin_ms":1788952439304.759,"ts_ms":1788952440497.7,"stage":"WORKER_INITIALIZE_DONE"}

[90mstdout[2m | tests/component-dom/webTransportWorkerScheduler.behavior.test.ts
[22m[39m[play-trace] {"request_id":"scheduler-init","operation":"initialize","context_id":"36hkmtnl","t_ms":1194.9,"time_origin_ms":1788952439300.295,"ts_ms":1788952440495.2,"stage":"WORKER_REQUEST_RECEIVED"}
[play-trace] {"context_id":"36hkmtnl","t_ms":1195.4,"time_origin_ms":1788952439300.295,"ts_ms":1788952440495.7,"stage":"WORKER_INITIALIZE_BEGIN"}

[90mstdout[2m | tests/component-dom/webTransportWorkerScheduler.behavior.test.ts
[22m[39m[play-trace] {"span_id":1,"context_id":"36hkmtnl","t_ms":1200.1,"time_origin_ms":1788952439300.295,"ts_ms":1788952440500.4,"stage":"WORKER_MTPROTO_CONNECT_BEGIN"}

[90mstdout[2m | tests/component-dom/webTransportWorkerScheduler.behavior.test.ts
[22m[39m[play-trace] {"span_id":1,"elapsed_ms":0.4,"context_id":"36hkmtnl","t_ms":1200.6,"time_origin_ms":1788952439300.295,"ts_ms":1788952440500.9,"stage":"WORKER_MTPROTO_CONNECT_DONE"}
[play-trace] {"elapsed_ms":5,"context_id":"36hkmtnl","t_ms":1200.7,"time_origin_ms":1788952439300.295,"ts_ms":1788952440501,"stage":"DIRECT_MTPROTO_READY"}
[play-trace] {"elapsed_ms":6,"context_id":"36hkmtnl","t_ms":1200.8,"time_origin_ms":1788952439300.295,"ts_ms":1788952440501.1,"stage":"WORKER_INITIALIZE_DONE"}

[90mstdout[2m | tests/component-dom/webPlaybackSource.test.ts[2m > [22m[2mWeb MASTER playback source[2m > [22m[2mreplays completed MSE audio from retained bytes with a fresh Blob URL
[22m[39m[play-trace] {"beat_id":"beat-1","mime_type":"audio/mpeg","mode":"mse","context_id":"z5rcg5vi","t_ms":1192.9,"time_origin_ms":1788952439310.651,"ts_ms":1788952440503.6,"stage":"SOURCE_PREPARE"}
[play-trace] {"beat_id":"beat-1","context_id":"z5rcg5vi","t_ms":1193.9,"time_origin_ms":1788952439310.651,"ts_ms":1788952440504.6,"stage":"SOURCE_MSE_BEGIN"}
[play-trace] {"beat_id":"beat-1","mode":"mse","context_id":"z5rcg5vi","t_ms":1194.5,"time_origin_ms":1788952439310.651,"ts_ms":1788952440505.1,"stage":"SOURCE_URL_READY"}
[play-trace] {"beat_id":"beat-1","message_id":91,"offset_bytes":0,"context_id":"z5rcg5vi","t_ms":1194.6,"time_origin_ms":1788952439310.651,"ts_ms":1788952440505.2,"stage":"PLAY_STREAM_BEGIN"}

[90mstdout[2m | tests/component-dom/webPlaybackSource.test.ts[2m > [22m[2mWeb MASTER playback source[2m > [22m[2mreplays completed MSE audio from retained bytes with a fresh Blob URL
[22m[39m[play-trace] {"beat_id":"beat-1","context_id":"z5rcg5vi","t_ms":1199.1,"time_origin_ms":1788952439310.651,"ts_ms":1788952440509.8,"stage":"SOURCE_MSE_SOURCEOPEN"}
[play-trace] {"beat_id":"beat-1","bytes":2,"offset_bytes":0,"context_id":"z5rcg5vi","t_ms":1199.5,"time_origin_ms":1788952439310.651,"ts_ms":1788952440510.2,"stage":"PLAY_STREAM_FIRST_CHUNK"}
[play-trace] {"beat_id":"beat-1","message_id":91,"append_seq":1,"origin":"stream","bytes":2,"queue_depth":0,"context_id":"z5rcg5vi","t_ms":1199.7,"time_origin_ms":1788952439310.651,"ts_ms":1788952440510.4,"stage":"SOURCE_MSE_APPEND_BEGIN"}

[90mstdout[2m | tests/component-dom/webPlaybackSource.test.ts[2m > [22m[2mWeb MASTER playback source[2m > [22m[2mreplays completed MSE audio from retained bytes with a fresh Blob URL
[22m[39m[play-trace] {"beat_id":"beat-1","message_id":91,"append_seq":1,"origin":"stream","bytes":2,"append_ms":0.6,"queue_depth":0,"media_source_state":"open","buffered_ranges":0,"buffered_start_s":null,"buffered_end_s":null,"buffered_duration_s":0,"context_id":"z5rcg5vi","t_ms":1200.3,"time_origin_ms":1788952439310.651,"ts_ms":1788952440510.9,"stage":"SOURCE_MSE_APPEND_DONE"}

[90mstdout[2m | tests/component-dom/webPlaybackSource.test.ts[2m > [22m[2mWeb MASTER playback source[2m > [22m[2mreplays completed MSE audio from retained bytes with a fresh Blob URL
[22m[39m[play-trace] {"beat_id":"beat-1","message_id":91,"append_seq":2,"origin":"stream","bytes":2,"queue_depth":0,"context_id":"z5rcg5vi","t_ms":1200.8,"time_origin_ms":1788952439310.651,"ts_ms":1788952440511.4,"stage":"SOURCE_MSE_APPEND_BEGIN"}

[90mstdout[2m | tests/component-dom/webPlaybackSource.test.ts[2m > [22m[2mWeb MASTER playback source[2m > [22m[2mreplays completed MSE audio from retained bytes with a fresh Blob URL
[22m[39m[play-trace] {"beat_id":"beat-1","message_id":91,"append_seq":2,"origin":"stream","bytes":2,"append_ms":0.5,"queue_depth":0,"media_source_state":"open","buffered_ranges":0,"buffered_start_s":null,"buffered_end_s":null,"buffered_duration_s":0,"context_id":"z5rcg5vi","t_ms":1201.2,"time_origin_ms":1788952439310.651,"ts_ms":1788952440511.9,"stage":"SOURCE_MSE_APPEND_DONE"}

[90mstdout[2m | tests/component-dom/webPlaybackSource.test.ts[2m > [22m[2mWeb MASTER playback source[2m > [22m[2mreplays completed MSE audio from retained bytes with a fresh Blob URL
[22m[39m[play-trace] {"beat_id":"beat-1","message_id":91,"bytes":4,"retained_bytes":4,"context_id":"z5rcg5vi","t_ms":1201.6,"time_origin_ms":1788952439310.651,"ts_ms":1788952440512.2,"stage":"SOURCE_SESSION_CACHE_READY"}
[play-trace] {"beat_id":"beat-1","message_id":91,"buffered_ahead_s":0,"stream_done":true,"context_id":"z5rcg5vi","t_ms":1201.7,"time_origin_ms":1788952439310.651,"ts_ms":1788952440512.3,"stage":"PLAY_BUFFER_STABLE"}

[90mstdout[2m | tests/component-dom/webPlaybackSource.test.ts[2m > [22m[2mWeb MASTER playback source[2m > [22m[2mreplays completed MSE audio from retained bytes with a fresh Blob URL
[22m[39m[play-trace] {"beat_id":"beat-1","message_id":91,"bytes":4,"retained_bytes":4,"context_id":"z5rcg5vi","t_ms":1202.9,"time_origin_ms":1788952439310.651,"ts_ms":1788952440513.6,"stage":"SOURCE_SESSION_CACHE_RETAINED"}

[90mstdout[2m | tests/component-dom/webPlaybackSource.test.ts[2m > [22m[2mWeb MASTER playback source[2m > [22m[2mreplays completed MSE audio from retained bytes with a fresh Blob URL
[22m[39m[play-trace] {"beat_id":"beat-1","mime_type":"audio/mpeg","mode":"mse","context_id":"z5rcg5vi","t_ms":1203.3,"time_origin_ms":1788952439310.651,"ts_ms":1788952440513.9,"stage":"SOURCE_PREPARE"}
[play-trace] {"beat_id":"beat-1","message_id":91,"complete":true,"bytes":4,"fresh_blob_url":true,"context_id":"z5rcg5vi","t_ms":1203.8,"time_origin_ms":1788952439310.651,"ts_ms":1788952440514.5,"stage":"SOURCE_SESSION_CACHE_HIT"}

[90mstdout[2m | tests/component-dom/webPlaybackSource.test.ts[2m > [22m[2mWeb MASTER playback source[2m > [22m[2mcoalesces all currently visible warm candidates into one batch
[22m[39m[play-trace] {"beat_id":"beat-1","message_id":1,"priority":"visible","context_id":"z5rcg5vi","t_ms":1207.3,"time_origin_ms":1788952439310.651,"ts_ms":1788952440518,"stage":"SOURCE_PREFETCH_QUEUED"}
[play-trace] {"beat_id":"beat-2","message_id":2,"priority":"visible","context_id":"z5rcg5vi","t_ms":1207.4,"time_origin_ms":1788952439310.651,"ts_ms":1788952440518.1,"stage":"SOURCE_PREFETCH_QUEUED"}
[play-trace] {"beat_id":"beat-3","message_id":3,"priority":"visible","context_id":"z5rcg5vi","t_ms":1207.5,"time_origin_ms":1788952439310.651,"ts_ms":1788952440518.1,"stage":"SOURCE_PREFETCH_QUEUED"}
[play-trace] {"beat_id":"beat-4","message_id":4,"priority":"visible","context_id":"z5rcg5vi","t_ms":1207.5,"time_origin_ms":1788952439310.651,"ts_ms":1788952440518.1,"stage":"SOURCE_PREFETCH_QUEUED"}
[play-trace] {"beat_id":"beat-5","message_id":5,"priority":"visible","context_id":"z5rcg5vi","t_ms":1207.5,"time_origin_ms":1788952439310.651,"ts_ms":1788952440518.1,"stage":"SOURCE_PREFETCH_QUEUED"}
[play-trace] {"beat_id":"beat-6","message_id":6,"priority":"visible","context_id":"z5rcg5vi","t_ms":1207.5,"time_origin_ms":1788952439310.651,"ts_ms":1788952440518.2,"stage":"SOURCE_PREFETCH_QUEUED"}
[play-trace] {"beat_id":"beat-7","message_id":7,"priority":"visible","context_id":"z5rcg5vi","t_ms":1207.5,"time_origin_ms":1788952439310.651,"ts_ms":1788952440518.2,"stage":"SOURCE_PREFETCH_QUEUED"}
[play-trace] {"beat_id":"beat-8","message_id":8,"priority":"visible","context_id":"z5rcg5vi","t_ms":1207.5,"time_origin_ms":1788952439310.651,"ts_ms":1788952440518.2,"stage":"SOURCE_PREFETCH_QUEUED"}
[play-trace] {"beat_id":"beat-9","message_id":9,"priority":"visible","context_id":"z5rcg5vi","t_ms":1207.6,"time_origin_ms":1788952439310.651,"ts_ms":1788952440518.2,"stage":"SOURCE_PREFETCH_QUEUED"}
[play-trace] {"beat_id":"beat-10","message_id":10,"priority":"visible","context_id":"z5rcg5vi","t_ms":1207.7,"time_origin_ms":1788952439310.651,"ts_ms":1788952440518.3,"stage":"SOURCE_PREFETCH_QUEUED"}
[play-trace] {"beat_id":"beat-11","message_id":11,"priority":"visible","context_id":"z5rcg5vi","t_ms":1207.7,"time_origin_ms":1788952439310.651,"ts_ms":1788952440518.3,"stage":"SOURCE_PREFETCH_QUEUED"}
[play-trace] {"beat_id":"beat-12","message_id":12,"priority":"visible","context_id":"z5rcg5vi","t_ms":1207.7,"time_origin_ms":1788952439310.651,"ts_ms":1788952440518.3,"stage":"SOURCE_PREFETCH_QUEUED"}
[play-trace] {"beat_id":"beat-13","message_id":13,"priority":"visible","context_id":"z5rcg5vi","t_ms":1207.7,"time_origin_ms":1788952439310.651,"ts_ms":1788952440518.4,"stage":"SOURCE_PREFETCH_QUEUED"}
[play-trace] {"beat_id":"beat-14","message_id":14,"priority":"visible","context_id":"z5rcg5vi","t_ms":1207.7,"time_origin_ms":1788952439310.651,"ts_ms":1788952440518.4,"stage":"SOURCE_PREFETCH_QUEUED"}
[play-trace] {"priority":"visible","count":14,"context_id":"z5rcg5vi","t_ms":1207.9,"time_origin_ms":1788952439310.651,"ts_ms":1788952440518.5,"stage":"SOURCE_PREFETCH_BATCH_BEGIN"}
[play-trace] {"beat_id":"beat-1","message_id":1,"bytes":65536,"playable_seconds":0,"context_id":"z5rcg5vi","t_ms":1211.6,"time_origin_ms":1788952439310.651,"ts_ms":1788952440522.2,"stage":"WARM_PREFIX_READY"}
[play-trace] {"beat_id":"beat-1","message_id":1,"bytes":65536,"playable_seconds":0,"target_met":false,"context_id":"z5rcg5vi","t_ms":1211.6,"time_origin_ms":1788952439310.651,"ts_ms":1788952440522.3,"stage":"SOURCE_PREFETCH_READY"}
[play-trace] {"beat_id":"beat-2","message_id":2,"bytes":65536,"playable_seconds":0,"context_id":"z5rcg5vi","t_ms":1212.5,"time_origin_ms":1788952439310.651,"ts_ms":1788952440523.1,"stage":"WARM_PREFIX_READY"}
[play-trace] {"beat_id":"beat-2","message_id":2,"bytes":65536,"playable_seconds":0,"target_met":false,"context_id":"z5rcg5vi","t_ms":1212.5,"time_origin_ms":1788952439310.651,"ts_ms":1788952440523.1,"stage":"SOURCE_PREFETCH_READY"}
[play-trace] {"beat_id":"beat-3","message_id":3,"bytes":65536,"playable_seconds":0,"context_id":"z5rcg5vi","t_ms":1213.3,"time_origin_ms":1788952439310.651,"ts_ms":1788952440524,"stage":"WARM_PREFIX_READY"}
[play-trace] {"beat_id":"beat-3","message_id":3,"bytes":65536,"playable_seconds":0,"target_met":false,"context_id":"z5rcg5vi","t_ms":1213.4,"time_origin_ms":1788952439310.651,"ts_ms":1788952440524,"stage":"SOURCE_PREFETCH_READY"}
[play-trace] {"beat_id":"beat-4","message_id":4,"bytes":65536,"playable_seconds":0,"context_id":"z5rcg5vi","t_ms":1214.2,"time_origin_ms":1788952439310.651,"ts_ms":1788952440524.9,"stage":"WARM_PREFIX_READY"}
[play-trace] {"beat_id":"beat-4","message_id":4,"bytes":65536,"playable_seconds":0,"target_met":false,"context_id":"z5rcg5vi","t_ms":1214.3,"time_origin_ms":1788952439310.651,"ts_ms":1788952440524.9,"stage":"SOURCE_PREFETCH_READY"}
[play-trace] {"beat_id":"beat-5","message_id":5,"bytes":65536,"playable_seconds":0,"context_id":"z5rcg5vi","t_ms":1215.1,"time_origin_ms":1788952439310.651,"ts_ms":1788952440525.8,"stage":"WARM_PREFIX_READY"}
[play-trace] {"beat_id":"beat-5","message_id":5,"bytes":65536,"playable_seconds":0,"target_met":false,"context_id":"z5rcg5vi","t_ms":1215.2,"time_origin_ms":1788952439310.651,"ts_ms":1788952440525.8,"stage":"SOURCE_PREFETCH_READY"}
[play-trace] {"beat_id":"beat-6","message_id":6,"bytes":65536,"playable_seconds":0,"context_id":"z5rcg5vi","t_ms":1216,"time_origin_ms":1788952439310.651,"ts_ms":1788952440526.7,"stage":"WARM_PREFIX_READY"}
[play-trace] {"beat_id":"beat-6","message_id":6,"bytes":65536,"playable_seconds":0,"target_met":false,"context_id":"z5rcg5vi","t_ms":1216,"time_origin_ms":1788952439310.651,"ts_ms":1788952440526.7,"stage":"SOURCE_PREFETCH_READY"}
[play-trace] {"beat_id":"beat-7","message_id":7,"bytes":65536,"playable_seconds":0,"context_id":"z5rcg5vi","t_ms":1216.9,"time_origin_ms":1788952439310.651,"ts_ms":1788952440527.5,"stage":"WARM_PREFIX_READY"}
[play-trace] {"beat_id":"beat-7","message_id":7,"bytes":65536,"playable_seconds":0,"target_met":false,"context_id":"z5rcg5vi","t_ms":1216.9,"time_origin_ms":1788952439310.651,"ts_ms":1788952440527.5,"stage":"SOURCE_PREFETCH_READY"}
[play-trace] {"beat_id":"beat-8","message_id":8,"bytes":65536,"playable_seconds":0,"context_id":"z5rcg5vi","t_ms":1217.7,"time_origin_ms":1788952439310.651,"ts_ms":1788952440528.4,"stage":"WARM_PREFIX_READY"}
[play-trace] {"beat_id":"beat-8","message_id":8,"bytes":65536,"playable_seconds":0,"target_met":false,"context_id":"z5rcg5vi","t_ms":1217.7,"time_origin_ms":1788952439310.651,"ts_ms":1788952440528.4,"stage":"SOURCE_PREFETCH_READY"}
[play-trace] {"beat_id":"beat-9","message_id":9,"bytes":65536,"playable_seconds":0,"context_id":"z5rcg5vi","t_ms":1218.6,"time_origin_ms":1788952439310.651,"ts_ms":1788952440529.2,"stage":"WARM_PREFIX_READY"}
[play-trace] {"beat_id":"beat-9","message_id":9,"bytes":65536,"playable_seconds":0,"target_met":false,"context_id":"z5rcg5vi","t_ms":1218.7,"time_origin_ms":1788952439310.651,"ts_ms":1788952440529.3,"stage":"SOURCE_PREFETCH_READY"}
[play-trace] {"beat_id":"beat-10","message_id":10,"bytes":65536,"playable_seconds":0,"context_id":"z5rcg5vi","t_ms":1219.5,"time_origin_ms":1788952439310.651,"ts_ms":1788952440530.2,"stage":"WARM_PREFIX_READY"}
[play-trace] {"beat_id":"beat-10","message_id":10,"bytes":65536,"playable_seconds":0,"target_met":false,"context_id":"z5rcg5vi","t_ms":1219.6,"time_origin_ms":1788952439310.651,"ts_ms":1788952440530.2,"stage":"SOURCE_PREFETCH_READY"}
[play-trace] {"beat_id":"beat-11","message_id":11,"bytes":65536,"playable_seconds":0,"context_id":"z5rcg5vi","t_ms":1220.4,"time_origin_ms":1788952439310.651,"ts_ms":1788952440531,"stage":"WARM_PREFIX_READY"}
[play-trace] {"beat_id":"beat-11","message_id":11,"bytes":65536,"playable_seconds":0,"target_met":false,"context_id":"z5rcg5vi","t_ms":1220.4,"time_origin_ms":1788952439310.651,"ts_ms":1788952440531.1,"stage":"SOURCE_PREFETCH_READY"}
[play-trace] {"beat_id":"beat-12","message_id":12,"bytes":65536,"playable_seconds":0,"context_id":"z5rcg5vi","t_ms":1221.2,"time_origin_ms":1788952439310.651,"ts_ms":1788952440531.9,"stage":"WARM_PREFIX_READY"}
[play-trace] {"beat_id":"beat-12","message_id":12,"bytes":65536,"playable_seconds":0,"target_met":false,"context_id":"z5rcg5vi","t_ms":1221.3,"time_origin_ms":1788952439310.651,"ts_ms":1788952440531.9,"stage":"SOURCE_PREFETCH_READY"}
[play-trace] {"beat_id":"beat-13","message_id":13,"bytes":65536,"playable_seconds":0,"context_id":"z5rcg5vi","t_ms":1222.1,"time_origin_ms":1788952439310.651,"ts_ms":1788952440532.7,"stage":"WARM_PREFIX_READY"}
[play-trace] {"beat_id":"beat-13","message_id":13,"bytes":65536,"playable_seconds":0,"target_met":false,"context_id":"z5rcg5vi","t_ms":1222.1,"time_origin_ms":1788952439310.651,"ts_ms":1788952440532.7,"stage":"SOURCE_PREFETCH_READY"}
[play-trace] {"beat_id":"beat-14","message_id":14,"bytes":65536,"playable_seconds":0,"context_id":"z5rcg5vi","t_ms":1222.9,"time_origin_ms":1788952439310.651,"ts_ms":1788952440533.6,"stage":"WARM_PREFIX_READY"}
[play-trace] {"beat_id":"beat-14","message_id":14,"bytes":65536,"playable_seconds":0,"target_met":false,"context_id":"z5rcg5vi","t_ms":1222.9,"time_origin_ms":1788952439310.651,"ts_ms":1788952440533.6,"stage":"SOURCE_PREFETCH_READY"}

[90mstdout[2m | tests/component-dom/webPlaybackSource.test.ts[2m > [22m[2mWeb MASTER playback source[2m > [22m[2mtreats FAR as advisory and never turns an existing warm into a terminal cancellation
[22m[39m[play-trace] {"beat_id":"beat-far","message_id":41,"priority":"visible","context_id":"z5rcg5vi","t_ms":1225.1,"time_origin_ms":1788952439310.651,"ts_ms":1788952440535.7,"stage":"SOURCE_PREFETCH_QUEUED"}

[90mstdout[2m | tests/component-dom/webPlaybackSource.test.ts[2m > [22m[2mWeb MASTER playback source[2m > [22m[2mtreats FAR as advisory and never turns an existing warm into a terminal cancellation
[22m[39m[play-trace] {"priority":"visible","count":1,"context_id":"z5rcg5vi","t_ms":1226,"time_origin_ms":1788952439310.651,"ts_ms":1788952440536.7,"stage":"SOURCE_PREFETCH_BATCH_BEGIN"}

[90mstdout[2m | tests/component-dom/webTransportWorker.test.ts
[22m[39m[play-trace] {"request_id":"verify","operation":"verify","context_id":"ft7wqspy","t_ms":1241.4,"time_origin_ms":1788952439304.759,"ts_ms":1788952440546.2,"stage":"WORKER_REQUEST_RECEIVED"}

[90mstdout[2m | tests/component-dom/webTransportWorker.test.ts
[22m[39m[play-trace] {"context_id":"ft7wqspy","t_ms":1241.9,"time_origin_ms":1788952439304.759,"ts_ms":1788952440546.7,"stage":"DIRECT_BACKGROUND_GET_CHAT_OK"}

[90mstdout[2m | tests/component-dom/webPlaybackSource.test.ts[2m > [22m[2mWeb MASTER playback source[2m > [22m[2mtreats FAR as advisory and never turns an existing warm into a terminal cancellation
[22m[39m[play-trace] {"beat_id":"beat-far","message_id":41,"context_id":"z5rcg5vi","t_ms":1276.2,"time_origin_ms":1788952439310.651,"ts_ms":1788952440586.8,"stage":"SOURCE_PREFETCH_FAR_ADVISORY"}

[90mstdout[2m | tests/component-dom/webPlaybackSource.test.ts[2m > [22m[2mWeb MASTER playback source[2m > [22m[2madopts any aligned partial prefix for Play and resumes at its exact byte length
[22m[39m[play-trace] {"beat_id":"beat-partial","message_id":77,"priority":"visible","context_id":"z5rcg5vi","t_ms":1277.5,"time_origin_ms":1788952439310.651,"ts_ms":1788952440588.2,"stage":"SOURCE_PREFETCH_QUEUED"}

[90mstdout[2m | tests/component-dom/webPlaybackSource.test.ts[2m > [22m[2mWeb MASTER playback source[2m > [22m[2madopts any aligned partial prefix for Play and resumes at its exact byte length
[22m[39m[play-trace] {"priority":"visible","count":1,"context_id":"z5rcg5vi","t_ms":1277.9,"time_origin_ms":1788952439310.651,"ts_ms":1788952440588.5,"stage":"SOURCE_PREFETCH_BATCH_BEGIN"}

[90mstdout[2m | tests/component-dom/webPlaybackSource.test.ts[2m > [22m[2mWeb MASTER playback source[2m > [22m[2madopts any aligned partial prefix for Play and resumes at its exact byte length
[22m[39m[play-trace] {"beat_id":"beat-partial","message_id":77,"bytes":65536,"playable_seconds":0,"context_id":"z5rcg5vi","t_ms":1328.6,"time_origin_ms":1788952439310.651,"ts_ms":1788952440639.2,"stage":"WARM_PREFIX_READY"}
[play-trace] {"beat_id":"beat-partial","message_id":77,"bytes":65536,"playable_seconds":0,"target_met":false,"context_id":"z5rcg5vi","t_ms":1328.6,"time_origin_ms":1788952439310.651,"ts_ms":1788952440639.3,"stage":"SOURCE_PREFETCH_READY"}
[play-trace] {"beat_id":"beat-partial","message_id":77,"context_id":"z5rcg5vi","t_ms":1328.7,"time_origin_ms":1788952439310.651,"ts_ms":1788952440639.3,"stage":"PLAY_WARM_PROMOTED"}

[90mstdout[2m | tests/component-dom/webPlaybackSource.test.ts[2m > [22m[2mWeb MASTER playback source[2m > [22m[2madopts any aligned partial prefix for Play and resumes at its exact byte length
[22m[39m[play-trace] {"beat_id":"beat-partial","mime_type":"audio/mpeg","mode":"mse","context_id":"z5rcg5vi","t_ms":1328.8,"time_origin_ms":1788952439310.651,"ts_ms":1788952440639.5,"stage":"SOURCE_PREPARE"}
[play-trace] {"beat_id":"beat-partial","context_id":"z5rcg5vi","t_ms":1328.9,"time_origin_ms":1788952439310.651,"ts_ms":1788952440639.5,"stage":"SOURCE_MSE_BEGIN"}
[play-trace] {"beat_id":"beat-partial","message_id":77,"bytes":65536,"playable_seconds":0,"context_id":"z5rcg5vi","t_ms":1329,"time_origin_ms":1788952439310.651,"ts_ms":1788952440639.6,"stage":"PLAY_PREFIX_READY"}
[play-trace] {"beat_id":"beat-partial","mode":"mse","context_id":"z5rcg5vi","t_ms":1329,"time_origin_ms":1788952439310.651,"ts_ms":1788952440639.7,"stage":"SOURCE_URL_READY"}
[play-trace] {"beat_id":"beat-partial","message_id":77,"offset_bytes":65536,"context_id":"z5rcg5vi","t_ms":1329,"time_origin_ms":1788952439310.651,"ts_ms":1788952440639.7,"stage":"PLAY_STREAM_BEGIN"}

[90mstdout[2m | tests/component-dom/webPlaybackSource.test.ts[2m > [22m[2mWeb MASTER playback source[2m > [22m[2mpromotes a target queued only in SourceManager without waiting for the unrelated active batch
[22m[39m[play-trace] {"beat_id":"beat-a","message_id":1,"priority":"visible","context_id":"z5rcg5vi","t_ms":1330.5,"time_origin_ms":1788952439310.651,"ts_ms":1788952440641.1,"stage":"SOURCE_PREFETCH_QUEUED"}

[90mstdout[2m | tests/component-dom/webPlaybackSource.test.ts[2m > [22m[2mWeb MASTER playback source[2m > [22m[2mpromotes a target queued only in SourceManager without waiting for the unrelated active batch
[22m[39m[play-trace] {"priority":"visible","count":1,"context_id":"z5rcg5vi","t_ms":1330.7,"time_origin_ms":1788952439310.651,"ts_ms":1788952440641.4,"stage":"SOURCE_PREFETCH_BATCH_BEGIN"}

[90mstdout[2m | tests/component-dom/webTransportWorker.test.ts[2m > [22m[2mGaler Cloud single-file Web Worker[2m > [22m[2mreads the authorized pinned library index directly
[22m[39m[play-trace] {"request_id":"get-index","context_id":"ft7wqspy","t_ms":1349,"time_origin_ms":1788952439304.759,"ts_ms":1788952440653.7,"stage":"INDEX_BEGIN"}

[90mstdout[2m | tests/component-dom/webTransportWorker.test.ts[2m > [22m[2mGaler Cloud single-file Web Worker[2m > [22m[2mreads the authorized pinned library index directly
[22m[39m[play-trace] {"elapsed_ms":1,"bytes":117,"request_id":"get-index","context_id":"ft7wqspy","t_ms":1349.6,"time_origin_ms":1788952439304.759,"ts_ms":1788952440654.4,"stage":"INDEX_DONE"}

[90mstdout[2m | tests/component-dom/webPlaybackSource.test.ts[2m > [22m[2mWeb MASTER playback source[2m > [22m[2mpromotes a target queued only in SourceManager without waiting for the unrelated active batch
[22m[39m[play-trace] {"beat_id":"beat-b","message_id":2,"priority":"visible","context_id":"z5rcg5vi","t_ms":1381.3,"time_origin_ms":1788952439310.651,"ts_ms":1788952440691.9,"stage":"SOURCE_PREFETCH_QUEUED"}

[90mstdout[2m | tests/component-dom/webPlaybackSource.test.ts[2m > [22m[2mWeb MASTER playback source[2m > [22m[2mpromotes a target queued only in SourceManager without waiting for the unrelated active batch
[22m[39m[play-trace] {"beat_id":"beat-b","message_id":2,"source":"local_queue","context_id":"z5rcg5vi","t_ms":1381.4,"time_origin_ms":1788952439310.651,"ts_ms":1788952440692.1,"stage":"PLAY_WARM_PROMOTED"}

[90mstdout[2m | tests/component-dom/webPlaybackSource.test.ts[2m > [22m[2mWeb MASTER playback source[2m > [22m[2mpromotes a target queued only in SourceManager without waiting for the unrelated active batch
[22m[39m[play-trace] {"beat_id":"beat-b","message_id":2,"offset_bytes":0,"bytes":65536,"context_id":"z5rcg5vi","t_ms":1382.7,"time_origin_ms":1788952439310.651,"ts_ms":1788952440693.4,"stage":"PLAY_WARM_PROMOTED_READY"}

[90mstdout[2m | tests/component-dom/webPlaybackSource.test.ts[2m > [22m[2mWeb MASTER playback source[2m > [22m[2mpromotes a target queued only in SourceManager without waiting for the unrelated active batch
[22m[39m[play-trace] {"beat_id":"beat-b","mime_type":"audio/mpeg","mode":"mse","context_id":"z5rcg5vi","t_ms":1382.8,"time_origin_ms":1788952439310.651,"ts_ms":1788952440693.5,"stage":"SOURCE_PREPARE"}
[play-trace] {"beat_id":"beat-b","context_id":"z5rcg5vi","t_ms":1382.8,"time_origin_ms":1788952439310.651,"ts_ms":1788952440693.5,"stage":"SOURCE_MSE_BEGIN"}
[play-trace] {"beat_id":"beat-b","message_id":2,"bytes":65536,"playable_seconds":0,"context_id":"z5rcg5vi","t_ms":1382.9,"time_origin_ms":1788952439310.651,"ts_ms":1788952440693.6,"stage":"PLAY_PREFIX_READY"}
[play-trace] {"beat_id":"beat-b","mode":"mse","context_id":"z5rcg5vi","t_ms":1383,"time_origin_ms":1788952439310.651,"ts_ms":1788952440693.6,"stage":"SOURCE_URL_READY"}
[play-trace] {"beat_id":"beat-b","message_id":2,"offset_bytes":65536,"context_id":"z5rcg5vi","t_ms":1383,"time_origin_ms":1788952439310.651,"ts_ms":1788952440693.6,"stage":"PLAY_STREAM_BEGIN"}

[90mstdout[2m | tests/component-dom/webPlaybackSource.test.ts[2m > [22m[2mWeb MASTER playback source[2m > [22m[2mkeeps waiting critical even with >=2s buffered and a completed stream, then stabilizes after waiting clears
[22m[39m[play-trace] {"beat_id":"beat-wait","mime_type":"audio/mpeg","mode":"mse","context_id":"z5rcg5vi","t_ms":1384.8,"time_origin_ms":1788952439310.651,"ts_ms":1788952440695.4,"stage":"SOURCE_PREPARE"}
[play-trace] {"beat_id":"beat-wait","context_id":"z5rcg5vi","t_ms":1384.8,"time_origin_ms":1788952439310.651,"ts_ms":1788952440695.4,"stage":"SOURCE_MSE_BEGIN"}
[play-trace] {"beat_id":"beat-wait","mode":"mse","context_id":"z5rcg5vi","t_ms":1384.9,"time_origin_ms":1788952439310.651,"ts_ms":1788952440695.5,"stage":"SOURCE_URL_READY"}
[play-trace] {"beat_id":"beat-wait","message_id":51,"offset_bytes":0,"context_id":"z5rcg5vi","t_ms":1384.9,"time_origin_ms":1788952439310.651,"ts_ms":1788952440695.5,"stage":"PLAY_STREAM_BEGIN"}

[90mstdout[2m | tests/component-dom/webPlaybackSource.test.ts[2m > [22m[2mWeb MASTER playback source[2m > [22m[2mkeeps waiting critical even with >=2s buffered and a completed stream, then stabilizes after waiting clears
[22m[39m[play-trace] {"beat_id":"beat-wait","message_id":51,"reason":"waiting","context_id":"z5rcg5vi","t_ms":1385.3,"time_origin_ms":1788952439310.651,"ts_ms":1788952440695.9,"stage":"PLAY_FOCUS_BEGIN"}
[play-trace] {"beat_id":"beat-wait","context_id":"z5rcg5vi","t_ms":1385.5,"time_origin_ms":1788952439310.651,"ts_ms":1788952440696.1,"stage":"SOURCE_MSE_SOURCEOPEN"}
[play-trace] {"beat_id":"beat-wait","bytes":8,"offset_bytes":0,"context_id":"z5rcg5vi","t_ms":1385.6,"time_origin_ms":1788952439310.651,"ts_ms":1788952440696.2,"stage":"PLAY_STREAM_FIRST_CHUNK"}
[play-trace] {"beat_id":"beat-wait","message_id":51,"append_seq":1,"origin":"stream","bytes":8,"queue_depth":0,"context_id":"z5rcg5vi","t_ms":1385.6,"time_origin_ms":1788952439310.651,"ts_ms":1788952440696.3,"stage":"SOURCE_MSE_APPEND_BEGIN"}

[90mstdout[2m | tests/component-dom/webPlaybackSource.test.ts[2m > [22m[2mWeb MASTER playback source[2m > [22m[2mkeeps waiting critical even with >=2s buffered and a completed stream, then stabilizes after waiting clears
[22m[39m[play-trace] {"beat_id":"beat-wait","message_id":51,"append_seq":1,"origin":"stream","bytes":8,"append_ms":0.2,"queue_depth":0,"media_source_state":"open","buffered_ranges":1,"buffered_start_s":0,"buffered_end_s":5,"buffered_duration_s":5,"context_id":"z5rcg5vi","t_ms":1385.8,"time_origin_ms":1788952439310.651,"ts_ms":1788952440696.5,"stage":"SOURCE_MSE_APPEND_DONE"}

[90mstdout[2m | tests/component-dom/webPlaybackSource.test.ts[2m > [22m[2mWeb MASTER playback source[2m > [22m[2mkeeps waiting critical even with >=2s buffered and a completed stream, then stabilizes after waiting clears
[22m[39m[play-trace] {"beat_id":"beat-wait","message_id":51,"bytes":8,"retained_bytes":8,"context_id":"z5rcg5vi","t_ms":1385.9,"time_origin_ms":1788952439310.651,"ts_ms":1788952440696.6,"stage":"SOURCE_SESSION_CACHE_READY"}

[90mstdout[2m | tests/component-dom/webPlaybackSource.test.ts[2m > [22m[2mWeb MASTER playback source[2m > [22m[2mkeeps waiting critical even with >=2s buffered and a completed stream, then stabilizes after waiting clears
[22m[39m[play-trace] {"beat_id":"beat-wait","message_id":51,"buffered_ahead_s":5,"stream_done":true,"context_id":"z5rcg5vi","t_ms":1386.1,"time_origin_ms":1788952439310.651,"ts_ms":1788952440696.7,"stage":"PLAY_BUFFER_STABLE"}
[play-trace] {"beat_id":"beat-wait","message_id":51,"reason":"pause_or_end","context_id":"z5rcg5vi","t_ms":1386.3,"time_origin_ms":1788952439310.651,"ts_ms":1788952440696.9,"stage":"PLAY_FOCUS_RELEASED"}
[play-trace] {"beat_id":"beat-wait","message_id":51,"reason":"resume","context_id":"z5rcg5vi","t_ms":1386.4,"time_origin_ms":1788952439310.651,"ts_ms":1788952440697.1,"stage":"PLAY_FOCUS_BEGIN"}
[play-trace] {"beat_id":"beat-wait","message_id":51,"buffered_ahead_s":5,"stream_done":true,"context_id":"z5rcg5vi","t_ms":1386.4,"time_origin_ms":1788952439310.651,"ts_ms":1788952440697.1,"stage":"PLAY_BUFFER_STABLE"}

[90mstdout[2m | tests/component-dom/webPlaybackSource.test.ts[2m > [22m[2mWeb MASTER playback source[2m > [22m[2mstops retaining replay bytes at a zero cache budget without interrupting the active MSE stream
[22m[39m[play-trace] {"beat_id":"beat-big","mime_type":"audio/mpeg","mode":"mse","context_id":"z5rcg5vi","t_ms":1387.2,"time_origin_ms":1788952439310.651,"ts_ms":1788952440697.9,"stage":"SOURCE_PREPARE"}
[play-trace] {"beat_id":"beat-big","context_id":"z5rcg5vi","t_ms":1387.2,"time_origin_ms":1788952439310.651,"ts_ms":1788952440697.9,"stage":"SOURCE_MSE_BEGIN"}
[play-trace] {"beat_id":"beat-big","mode":"mse","context_id":"z5rcg5vi","t_ms":1387.4,"time_origin_ms":1788952439310.651,"ts_ms":1788952440698.1,"stage":"SOURCE_URL_READY"}
[play-trace] {"beat_id":"beat-big","message_id":71,"offset_bytes":0,"context_id":"z5rcg5vi","t_ms":1387.4,"time_origin_ms":1788952439310.651,"ts_ms":1788952440698.1,"stage":"PLAY_STREAM_BEGIN"}

[90mstdout[2m | tests/component-dom/webPlaybackSource.test.ts[2m > [22m[2mWeb MASTER playback source[2m > [22m[2mstops retaining replay bytes at a zero cache budget without interrupting the active MSE stream
[22m[39m[play-trace] {"beat_id":"beat-big","context_id":"z5rcg5vi","t_ms":1387.7,"time_origin_ms":1788952439310.651,"ts_ms":1788952440698.4,"stage":"SOURCE_MSE_SOURCEOPEN"}
[play-trace] {"beat_id":"beat-big","bytes":16,"offset_bytes":0,"context_id":"z5rcg5vi","t_ms":1387.8,"time_origin_ms":1788952439310.651,"ts_ms":1788952440698.5,"stage":"PLAY_STREAM_FIRST_CHUNK"}
[play-trace] {"beat_id":"beat-big","message_id":71,"retained_bytes":0,"limit_bytes":0,"context_id":"z5rcg5vi","t_ms":1387.9,"time_origin_ms":1788952439310.651,"ts_ms":1788952440698.5,"stage":"SOURCE_SESSION_REPLAY_RETENTION_STOPPED"}
[play-trace] {"beat_id":"beat-big","message_id":71,"append_seq":1,"origin":"stream","bytes":16,"queue_depth":0,"context_id":"z5rcg5vi","t_ms":1387.9,"time_origin_ms":1788952439310.651,"ts_ms":1788952440698.6,"stage":"SOURCE_MSE_APPEND_BEGIN"}

[90mstdout[2m | tests/component-dom/webPlaybackSource.test.ts[2m > [22m[2mWeb MASTER playback source[2m > [22m[2mstops retaining replay bytes at a zero cache budget without interrupting the active MSE stream
[22m[39m[play-trace] {"beat_id":"beat-big","message_id":71,"append_seq":1,"origin":"stream","bytes":16,"append_ms":0.2,"queue_depth":0,"media_source_state":"open","buffered_ranges":0,"buffered_start_s":null,"buffered_end_s":null,"buffered_duration_s":0,"context_id":"z5rcg5vi","t_ms":1388.1,"time_origin_ms":1788952439310.651,"ts_ms":1788952440698.7,"stage":"SOURCE_MSE_APPEND_DONE"}

[90mstdout[2m | tests/component-dom/webPlaybackSource.test.ts[2m > [22m[2mWeb MASTER playback source[2m > [22m[2mstops retaining replay bytes at a zero cache budget without interrupting the active MSE stream
[22m[39m[play-trace] {"beat_id":"beat-big","message_id":71,"bytes":16,"retained_bytes":0,"context_id":"z5rcg5vi","t_ms":1388.2,"time_origin_ms":1788952439310.651,"ts_ms":1788952440698.9,"stage":"SOURCE_SESSION_CACHE_READY"}
[play-trace] {"beat_id":"beat-big","message_id":71,"buffered_ahead_s":0,"stream_done":true,"context_id":"z5rcg5vi","t_ms":1388.3,"time_origin_ms":1788952439310.651,"ts_ms":1788952440698.9,"stage":"PLAY_BUFFER_STABLE"}

[90mstdout[2m | tests/component-dom/webPlaybackSource.test.ts[2m > [22m[2mWeb MASTER playback source[2m > [22m[2mstops retaining replay bytes at a zero cache budget without interrupting the active MSE stream
[22m[39m[play-trace] {"beat_id":"beat-big","message_id":71,"bytes":16,"retained_bytes":0,"context_id":"z5rcg5vi","t_ms":1388.5,"time_origin_ms":1788952439310.651,"ts_ms":1788952440699.1,"stage":"SOURCE_SESSION_CACHE_RETAINED"}

[90mstdout[2m | tests/component-dom/webPlaybackSource.test.ts[2m > [22m[2mWeb MASTER playback source[2m > [22m[2mstops retaining replay bytes at a zero cache budget without interrupting the active MSE stream
[22m[39m[play-trace] {"beat_id":"beat-big","mime_type":"audio/mpeg","mode":"mse","context_id":"z5rcg5vi","t_ms":1388.6,"time_origin_ms":1788952439310.651,"ts_ms":1788952440699.2,"stage":"SOURCE_PREPARE"}
[play-trace] {"beat_id":"beat-big","message_id":71,"expected_bytes":16,"available_bytes":0,"context_id":"z5rcg5vi","t_ms":1388.6,"time_origin_ms":1788952439310.651,"ts_ms":1788952440699.3,"stage":"SOURCE_SESSION_CACHE_INVALID"}
[play-trace] {"beat_id":"beat-big","context_id":"z5rcg5vi","t_ms":1388.8,"time_origin_ms":1788952439310.651,"ts_ms":1788952440699.4,"stage":"SOURCE_MSE_BEGIN"}
[play-trace] {"beat_id":"beat-big","mode":"mse","context_id":"z5rcg5vi","t_ms":1388.8,"time_origin_ms":1788952439310.651,"ts_ms":1788952440699.5,"stage":"SOURCE_URL_READY"}
[play-trace] {"beat_id":"beat-big","message_id":71,"offset_bytes":0,"context_id":"z5rcg5vi","t_ms":1388.9,"time_origin_ms":1788952439310.651,"ts_ms":1788952440699.5,"stage":"PLAY_STREAM_BEGIN"}

[90mstdout[2m | tests/component-dom/webPlaybackSource.test.ts[2m > [22m[2mWeb MASTER playback source[2m > [22m[2mcools down the whole batch when transport admission fails
[22m[39m[play-trace] {"beat_id":"beat-fail-1","message_id":401,"priority":"visible","context_id":"z5rcg5vi","t_ms":1389.5,"time_origin_ms":1788952439310.651,"ts_ms":1788952440700.1,"stage":"SOURCE_PREFETCH_QUEUED"}
[play-trace] {"beat_id":"beat-fail-2","message_id":402,"priority":"visible","context_id":"z5rcg5vi","t_ms":1389.5,"time_origin_ms":1788952439310.651,"ts_ms":1788952440700.2,"stage":"SOURCE_PREFETCH_QUEUED"}
[play-trace] {"priority":"visible","count":2,"context_id":"z5rcg5vi","t_ms":1389.8,"time_origin_ms":1788952439310.651,"ts_ms":1788952440700.4,"stage":"SOURCE_PREFETCH_BATCH_BEGIN"}

[90mstdout[2m | tests/component-dom/webPlaybackSource.test.ts[2m > [22m[2mWeb MASTER playback source[2m > [22m[2mcools down the whole batch when transport admission fails
[22m[39m[play-trace] {"priority":"visible","count":2,"error_name":"WebPlaybackPrefetchError","code":"TRANSFER_FAILED","context_id":"z5rcg5vi","t_ms":1390.2,"time_origin_ms":1788952439310.651,"ts_ms":1788952440700.8,"stage":"SOURCE_PREFETCH_BATCH_ERROR"}

[90mstdout[2m | tests/component-dom/webPlaybackSource.test.ts[2m > [22m[2mWeb MASTER playback source[2m > [22m[2mcools down the whole batch when transport admission fails
[22m[39m[play-trace] {"beat_id":"beat-fail-1","message_id":401,"retry_in_ms":9999,"context_id":"z5rcg5vi","t_ms":1391,"time_origin_ms":1788952439310.651,"ts_ms":1788952440701.6,"stage":"SOURCE_PREFETCH_COOLDOWN"}

[90mstdout[2m | tests/component-dom/webPlaybackSource.test.ts[2m > [22m[2mWeb MASTER playback source[2m > [22m[2mcools down the whole batch when transport admission fails
[22m[39m[play-trace] {"beat_id":"beat-fail-2","message_id":402,"retry_in_ms":9999,"context_id":"z5rcg5vi","t_ms":1391.2,"time_origin_ms":1788952439310.651,"ts_ms":1788952440701.8,"stage":"SOURCE_PREFETCH_COOLDOWN"}

[90mstdout[2m | tests/component-dom/webPlaybackSource.test.ts[2m > [22m[2mWeb MASTER playback source[2m > [22m[2mfalls back to a complete MP3 Blob when MediaSource is unavailable
[22m[39m[play-trace] {"beat_id":"beat-2","mime_type":"audio/mpeg","mode":"blob","context_id":"z5rcg5vi","t_ms":1392,"time_origin_ms":1788952439310.651,"ts_ms":1788952440702.7,"stage":"SOURCE_PREPARE"}
[play-trace] {"beat_id":"beat-2","context_id":"z5rcg5vi","t_ms":1392.3,"time_origin_ms":1788952439310.651,"ts_ms":1788952440703,"stage":"SOURCE_BLOB_BEGIN"}
[play-trace] {"beat_id":"beat-2","bytes":3,"offset_bytes":0,"context_id":"z5rcg5vi","t_ms":1392.5,"time_origin_ms":1788952439310.651,"ts_ms":1788952440703.1,"stage":"PLAY_STREAM_FIRST_CHUNK"}

[90mstdout[2m | tests/component-dom/webPlaybackSource.test.ts[2m > [22m[2mWeb MASTER playback source[2m > [22m[2mfalls back to a complete MP3 Blob when MediaSource is unavailable
[22m[39m[play-trace] {"beat_id":"beat-2","message_id":92,"stream_done":true,"context_id":"z5rcg5vi","t_ms":1392.9,"time_origin_ms":1788952439310.651,"ts_ms":1788952440703.6,"stage":"PLAY_BUFFER_STABLE"}
[play-trace] {"beat_id":"beat-2","message_id":92,"bytes":3,"retained_bytes":3,"context_id":"z5rcg5vi","t_ms":1393,"time_origin_ms":1788952439310.651,"ts_ms":1788952440703.6,"stage":"SOURCE_SESSION_CACHE_READY"}
[play-trace] {"beat_id":"beat-2","mode":"blob","context_id":"z5rcg5vi","t_ms":1393,"time_origin_ms":1788952439310.651,"ts_ms":1788952440703.6,"stage":"SOURCE_URL_READY"}

[90mstdout[2m | tests/component-dom/webTransportWorker.test.ts[2m > [22m[2mGaler Cloud single-file Web Worker[2m > [22m[2mwaits for a new phone session to receive the pinned library index
[22m[39m[play-trace] {"request_id":"get-index-after-propagation","context_id":"ft7wqspy","t_ms":1399.5,"time_origin_ms":1788952439304.759,"ts_ms":1788952440704.2,"stage":"INDEX_BEGIN"}

[90mstdout[2m | tests/component-dom/webTransportWorker.test.ts[2m > [22m[2mGaler Cloud single-file Web Worker[2m > [22m[2mwaits for a new phone session to receive the pinned library index
[22m[39m[play-trace] {"attempt":1,"error_name":"Error","context_id":"ft7wqspy","t_ms":1399.7,"time_origin_ms":1788952439304.759,"ts_ms":1788952440704.5,"stage":"WORKER_GET_INDEX_RETRY"}

 [32m✓[39m tests/component-dom/webPlaybackSource.test.ts [2m([22m[2m9 tests[22m[2m)[22m[32m 204[2mms[22m[39m
[90mstdout[2m | tests/component-dom/webTransportWorkerScheduler.behavior.test.ts[2m > [22m[2mWorker playback scheduler with pending Telegram transfers[2m > [22m[2menforces 7 idle lanes, aborts unrelated warm for queued Play, keeps 0 unrelated critical lanes and resumes exactly 6 when stable
[22m[39m[play-trace] {"count":14,"prefix_bytes":65536,"lanes":7,"context_id":"36hkmtnl","t_ms":1403.8,"time_origin_ms":1788952439300.295,"ts_ms":1788952440704.1,"stage":"WARM_BATCH_BEGIN"}
[play-trace] {"count":14,"attempt":1,"context_id":"36hkmtnl","t_ms":1404.5,"time_origin_ms":1788952439300.295,"ts_ms":1788952440704.8,"stage":"WORKER_PLAYBACK_MEDIA_BATCH_RPC"}

[90mstdout[2m | tests/component-dom/webTransportWorkerScheduler.behavior.test.ts[2m > [22m[2mWorker playback scheduler with pending Telegram transfers[2m > [22m[2menforces 7 idle lanes, aborts unrelated warm for queued Play, keeps 0 unrelated critical lanes and resumes exactly 6 when stable
[22m[39m[play-trace] {"lane":1,"message_id":1,"scheduler":"IDLE","context_id":"36hkmtnl","t_ms":1406.8,"time_origin_ms":1788952439300.295,"ts_ms":1788952440707.1,"stage":"WORKER_PREFETCH_LANE_TAKE"}
[play-trace] {"lane":2,"message_id":2,"scheduler":"IDLE","context_id":"36hkmtnl","t_ms":1407.6,"time_origin_ms":1788952439300.295,"ts_ms":1788952440707.9,"stage":"WORKER_PREFETCH_LANE_TAKE"}
[play-trace] {"lane":3,"message_id":3,"scheduler":"IDLE","context_id":"36hkmtnl","t_ms":1407.7,"time_origin_ms":1788952439300.295,"ts_ms":1788952440708,"stage":"WORKER_PREFETCH_LANE_TAKE"}
[play-trace] {"lane":4,"message_id":4,"scheduler":"IDLE","context_id":"36hkmtnl","t_ms":1407.8,"time_origin_ms":1788952439300.295,"ts_ms":1788952440708.1,"stage":"WORKER_PREFETCH_LANE_TAKE"}
[play-trace] {"lane":5,"message_id":5,"scheduler":"IDLE","context_id":"36hkmtnl","t_ms":1407.9,"time_origin_ms":1788952439300.295,"ts_ms":1788952440708.2,"stage":"WORKER_PREFETCH_LANE_TAKE"}
[play-trace] {"lane":6,"message_id":6,"scheduler":"IDLE","context_id":"36hkmtnl","t_ms":1407.9,"time_origin_ms":1788952439300.295,"ts_ms":1788952440708.2,"stage":"WORKER_PREFETCH_LANE_TAKE"}
[play-trace] {"lane":7,"message_id":7,"scheduler":"IDLE","context_id":"36hkmtnl","t_ms":1408.1,"time_origin_ms":1788952439300.295,"ts_ms":1788952440708.4,"stage":"WORKER_PREFETCH_LANE_TAKE"}

[90mstdout[2m | tests/component-dom/webTransportWorkerScheduler.behavior.test.ts[2m > [22m[2mWorker playback scheduler with pending Telegram transfers[2m > [22m[2menforces 7 idle lanes, aborts unrelated warm for queued Play, keeps 0 unrelated critical lanes and resumes exactly 6 when stable
[22m[39m[play-trace] {"message_id":10,"aborted":7,"context_id":"36hkmtnl","t_ms":1459.1,"time_origin_ms":1788952439300.295,"ts_ms":1788952440759.4,"stage":"PLAY_WARM_PREEMPT_ALL"}

[90mstdout[2m | tests/component-dom/webTransportWorkerScheduler.behavior.test.ts[2m > [22m[2mWorker playback scheduler with pending Telegram transfers[2m > [22m[2menforces 7 idle lanes, aborts unrelated warm for queued Play, keeps 0 unrelated critical lanes and resumes exactly 6 when stable
[22m[39m[play-trace] {"message_id":1,"context_id":"36hkmtnl","t_ms":1459.8,"time_origin_ms":1788952439300.295,"ts_ms":1788952440760.1,"stage":"WORKER_WARM_PREEMPTED"}
[play-trace] {"message_id":2,"context_id":"36hkmtnl","t_ms":1459.9,"time_origin_ms":1788952439300.295,"ts_ms":1788952440760.2,"stage":"WORKER_WARM_PREEMPTED"}
[play-trace] {"message_id":3,"context_id":"36hkmtnl","t_ms":1460,"time_origin_ms":1788952439300.295,"ts_ms":1788952440760.3,"stage":"WORKER_WARM_PREEMPTED"}
[play-trace] {"message_id":4,"context_id":"36hkmtnl","t_ms":1460,"time_origin_ms":1788952439300.295,"ts_ms":1788952440760.3,"stage":"WORKER_WARM_PREEMPTED"}
[play-trace] {"message_id":5,"context_id":"36hkmtnl","t_ms":1460,"time_origin_ms":1788952439300.295,"ts_ms":1788952440760.3,"stage":"WORKER_WARM_PREEMPTED"}
[play-trace] {"message_id":6,"context_id":"36hkmtnl","t_ms":1460,"time_origin_ms":1788952439300.295,"ts_ms":1788952440760.3,"stage":"WORKER_WARM_PREEMPTED"}
[play-trace] {"message_id":7,"context_id":"36hkmtnl","t_ms":1460.1,"time_origin_ms":1788952439300.295,"ts_ms":1788952440760.4,"stage":"WORKER_WARM_PREEMPTED"}

[90mstdout[2m | tests/component-dom/webTransportWorkerScheduler.behavior.test.ts[2m > [22m[2mWorker playback scheduler with pending Telegram transfers[2m > [22m[2menforces 7 idle lanes, aborts unrelated warm for queued Play, keeps 0 unrelated critical lanes and resumes exactly 6 when stable
[22m[39m[play-trace] {"lane":1,"message_id":10,"scheduler":"PLAY_CRITICAL","context_id":"36hkmtnl","t_ms":1461.6,"time_origin_ms":1788952439300.295,"ts_ms":1788952440761.9,"stage":"WORKER_PREFETCH_LANE_TAKE"}

[90mstdout[2m | tests/component-dom/webTransportWorker.test.ts[2m > [22m[2mGaler Cloud single-file Web Worker[2m > [22m[2mwaits for a new phone session to receive the pinned library index
[22m[39m[play-trace] {"request_id":"get-index-after-propagation","context_id":"ft7wqspy","t_ms":1479.4,"time_origin_ms":1788952439304.759,"ts_ms":1788952440784.2,"stage":"INDEX_BEGIN"}

[90mstdout[2m | tests/component-dom/webTransportWorker.test.ts[2m > [22m[2mGaler Cloud single-file Web Worker[2m > [22m[2mwaits for a new phone session to receive the pinned library index
[22m[39m[play-trace] {"attempt":2,"error_name":"Error","context_id":"ft7wqspy","t_ms":1479.7,"time_origin_ms":1788952439304.759,"ts_ms":1788952440784.5,"stage":"WORKER_GET_INDEX_RETRY"}

[90mstdout[2m | tests/component-dom/webTransportWorkerScheduler.behavior.test.ts[2m > [22m[2mWorker playback scheduler with pending Telegram transfers[2m > [22m[2menforces 7 idle lanes, aborts unrelated warm for queued Play, keeps 0 unrelated critical lanes and resumes exactly 6 when stable
[22m[39m[play-trace] {"message_id":10,"status":"READY","code":null,"context_id":"36hkmtnl","t_ms":1511.1,"time_origin_ms":1788952439300.295,"ts_ms":1788952440811.4,"stage":"WORKER_PREFETCH_TERMINAL"}
[play-trace] {"message_id":10,"bytes":65536,"offset_bytes":0,"context_id":"36hkmtnl","t_ms":1511.1,"time_origin_ms":1788952439300.295,"ts_ms":1788952440811.4,"stage":"WARM_PREFIX_READY"}

[90mstdout[2m | tests/component-dom/webTransportWorkerScheduler.behavior.test.ts[2m > [22m[2mWorker playback scheduler with pending Telegram transfers[2m > [22m[2menforces 7 idle lanes, aborts unrelated warm for queued Play, keeps 0 unrelated critical lanes and resumes exactly 6 when stable
[22m[39m[play-trace] {"lanes":6,"message_id":10,"context_id":"36hkmtnl","t_ms":1561.4,"time_origin_ms":1788952439300.295,"ts_ms":1788952440861.7,"stage":"WARM_RESUME"}

[90mstdout[2m | tests/component-dom/webTransportWorkerScheduler.behavior.test.ts[2m > [22m[2mWorker playback scheduler with pending Telegram transfers[2m > [22m[2menforces 7 idle lanes, aborts unrelated warm for queued Play, keeps 0 unrelated critical lanes and resumes exactly 6 when stable
[22m[39m[play-trace] {"lane":2,"message_id":8,"scheduler":"PLAY_STABLE","context_id":"36hkmtnl","t_ms":1562,"time_origin_ms":1788952439300.295,"ts_ms":1788952440862.3,"stage":"WORKER_PREFETCH_LANE_TAKE"}
[play-trace] {"lane":3,"message_id":9,"scheduler":"PLAY_STABLE","context_id":"36hkmtnl","t_ms":1562.2,"time_origin_ms":1788952439300.295,"ts_ms":1788952440862.5,"stage":"WORKER_PREFETCH_LANE_TAKE"}
[play-trace] {"lane":4,"message_id":11,"scheduler":"PLAY_STABLE","context_id":"36hkmtnl","t_ms":1562.3,"time_origin_ms":1788952439300.295,"ts_ms":1788952440862.6,"stage":"WORKER_PREFETCH_LANE_TAKE"}
[play-trace] {"lane":5,"message_id":12,"scheduler":"PLAY_STABLE","context_id":"36hkmtnl","t_ms":1562.4,"time_origin_ms":1788952439300.295,"ts_ms":1788952440862.7,"stage":"WORKER_PREFETCH_LANE_TAKE"}
[play-trace] {"lane":6,"message_id":13,"scheduler":"PLAY_STABLE","context_id":"36hkmtnl","t_ms":1562.4,"time_origin_ms":1788952439300.295,"ts_ms":1788952440862.7,"stage":"WORKER_PREFETCH_LANE_TAKE"}
[play-trace] {"lane":7,"message_id":14,"scheduler":"PLAY_STABLE","context_id":"36hkmtnl","t_ms":1562.5,"time_origin_ms":1788952439300.295,"ts_ms":1788952440862.7,"stage":"WORKER_PREFETCH_LANE_TAKE"}

[90mstdout[2m | tests/component-dom/webTransportWorkerScheduler.behavior.test.ts[2m > [22m[2mWorker playback scheduler with pending Telegram transfers[2m > [22m[2menforces 7 idle lanes, aborts unrelated warm for queued Play, keeps 0 unrelated critical lanes and resumes exactly 6 when stable
[22m[39m[play-trace] {"message_id":10,"aborted":6,"context_id":"36hkmtnl","t_ms":1613.3,"time_origin_ms":1788952439300.295,"ts_ms":1788952440913.5,"stage":"PLAY_WARM_PREEMPT_ALL"}

[90mstdout[2m | tests/component-dom/webTransportWorkerScheduler.behavior.test.ts[2m > [22m[2mWorker playback scheduler with pending Telegram transfers[2m > [22m[2menforces 7 idle lanes, aborts unrelated warm for queued Play, keeps 0 unrelated critical lanes and resumes exactly 6 when stable
[22m[39m[play-trace] {"message_id":8,"context_id":"36hkmtnl","t_ms":1613.8,"time_origin_ms":1788952439300.295,"ts_ms":1788952440914.1,"stage":"WORKER_WARM_PREEMPTED"}
[play-trace] {"message_id":9,"context_id":"36hkmtnl","t_ms":1614,"time_origin_ms":1788952439300.295,"ts_ms":1788952440914.3,"stage":"WORKER_WARM_PREEMPTED"}
[play-trace] {"message_id":11,"context_id":"36hkmtnl","t_ms":1614.1,"time_origin_ms":1788952439300.295,"ts_ms":1788952440914.4,"stage":"WORKER_WARM_PREEMPTED"}
[play-trace] {"message_id":12,"context_id":"36hkmtnl","t_ms":1614.1,"time_origin_ms":1788952439300.295,"ts_ms":1788952440914.4,"stage":"WORKER_WARM_PREEMPTED"}
[play-trace] {"message_id":13,"context_id":"36hkmtnl","t_ms":1614.1,"time_origin_ms":1788952439300.295,"ts_ms":1788952440914.4,"stage":"WORKER_WARM_PREEMPTED"}
[play-trace] {"message_id":14,"context_id":"36hkmtnl","t_ms":1614.1,"time_origin_ms":1788952439300.295,"ts_ms":1788952440914.4,"stage":"WORKER_WARM_PREEMPTED"}

[90mstdout[2m | tests/component-dom/webTransportWorker.test.ts[2m > [22m[2mGaler Cloud single-file Web Worker[2m > [22m[2mwaits for a new phone session to receive the pinned library index
[22m[39m[play-trace] {"request_id":"get-index-after-propagation","context_id":"ft7wqspy","t_ms":1639.8,"time_origin_ms":1788952439304.759,"ts_ms":1788952440944.6,"stage":"INDEX_BEGIN"}

[90mstdout[2m | tests/component-dom/webTransportWorker.test.ts[2m > [22m[2mGaler Cloud single-file Web Worker[2m > [22m[2mwaits for a new phone session to receive the pinned library index
[22m[39m[play-trace] {"elapsed_ms":240,"bytes":117,"request_id":"get-index-after-propagation","context_id":"ft7wqspy","t_ms":1640.2,"time_origin_ms":1788952439304.759,"ts_ms":1788952440945,"stage":"INDEX_DONE"}

[90mstdout[2m | tests/component-dom/webTransportWorker.test.ts[2m > [22m[2mGaler Cloud single-file Web Worker[2m > [22m[2mnever turns a missing pinned index into an authoritative empty gallery
[22m[39m[play-trace] {"request_id":"get-index-still-missing","context_id":"ft7wqspy","t_ms":1651.5,"time_origin_ms":1788952439304.759,"ts_ms":1788952440956.3,"stage":"INDEX_BEGIN"}

[90mstdout[2m | tests/component-dom/webTransportWorker.test.ts[2m > [22m[2mGaler Cloud single-file Web Worker[2m > [22m[2mnever turns a missing pinned index into an authoritative empty gallery
[22m[39m[play-trace] {"attempt":1,"error_name":"Error","context_id":"ft7wqspy","t_ms":1651.7,"time_origin_ms":1788952439304.759,"ts_ms":1788952440956.4,"stage":"WORKER_GET_INDEX_RETRY"}

[90mstdout[2m | tests/component-dom/webTransportWorkerScheduler.behavior.test.ts[2m > [22m[2mWorker playback scheduler with pending Telegram transfers[2m > [22m[2menforces 7 idle lanes, aborts unrelated warm for queued Play, keeps 0 unrelated critical lanes and resumes exactly 6 when stable
[22m[39m[play-trace] {"lanes":6,"message_id":10,"context_id":"36hkmtnl","t_ms":1664.3,"time_origin_ms":1788952439300.295,"ts_ms":1788952440964.6,"stage":"WARM_RESUME"}

[90mstdout[2m | tests/component-dom/webTransportWorkerScheduler.behavior.test.ts[2m > [22m[2mWorker playback scheduler with pending Telegram transfers[2m > [22m[2menforces 7 idle lanes, aborts unrelated warm for queued Play, keeps 0 unrelated critical lanes and resumes exactly 6 when stable
[22m[39m[play-trace] {"lane":1,"message_id":1,"scheduler":"PLAY_STABLE","context_id":"36hkmtnl","t_ms":1664.6,"time_origin_ms":1788952439300.295,"ts_ms":1788952440964.9,"stage":"WORKER_PREFETCH_LANE_TAKE"}
[play-trace] {"lane":2,"message_id":2,"scheduler":"PLAY_STABLE","context_id":"36hkmtnl","t_ms":1664.7,"time_origin_ms":1788952439300.295,"ts_ms":1788952440965,"stage":"WORKER_PREFETCH_LANE_TAKE"}
[play-trace] {"lane":3,"message_id":3,"scheduler":"PLAY_STABLE","context_id":"36hkmtnl","t_ms":1664.8,"time_origin_ms":1788952439300.295,"ts_ms":1788952440965.1,"stage":"WORKER_PREFETCH_LANE_TAKE"}
[play-trace] {"lane":4,"message_id":4,"scheduler":"PLAY_STABLE","context_id":"36hkmtnl","t_ms":1664.8,"time_origin_ms":1788952439300.295,"ts_ms":1788952440965.1,"stage":"WORKER_PREFETCH_LANE_TAKE"}
[play-trace] {"lane":5,"message_id":5,"scheduler":"PLAY_STABLE","context_id":"36hkmtnl","t_ms":1664.8,"time_origin_ms":1788952439300.295,"ts_ms":1788952440965.1,"stage":"WORKER_PREFETCH_LANE_TAKE"}
[play-trace] {"lane":6,"message_id":6,"scheduler":"PLAY_STABLE","context_id":"36hkmtnl","t_ms":1664.9,"time_origin_ms":1788952439300.295,"ts_ms":1788952440965.1,"stage":"WORKER_PREFETCH_LANE_TAKE"}

[90mstdout[2m | tests/component-dom/webTransportWorkerScheduler.behavior.test.ts[2m > [22m[2mWorker playback scheduler with pending Telegram transfers[2m > [22m[2menforces 7 idle lanes, aborts unrelated warm for queued Play, keeps 0 unrelated critical lanes and resumes exactly 6 when stable
[22m[39m[play-trace] {"lanes":7,"context_id":"36hkmtnl","t_ms":1714.6,"time_origin_ms":1788952439300.295,"ts_ms":1788952441014.8,"stage":"WARM_RESUME"}

[90mstdout[2m | tests/component-dom/webTransportWorkerScheduler.behavior.test.ts[2m > [22m[2mWorker playback scheduler with pending Telegram transfers[2m > [22m[2menforces 7 idle lanes, aborts unrelated warm for queued Play, keeps 0 unrelated critical lanes and resumes exactly 6 when stable
[22m[39m[play-trace] {"lane":7,"message_id":7,"scheduler":"IDLE","context_id":"36hkmtnl","t_ms":1714.9,"time_origin_ms":1788952439300.295,"ts_ms":1788952441015.2,"stage":"WORKER_PREFETCH_LANE_TAKE"}

[90mstdout[2m | tests/component-dom/webTransportWorker.test.ts[2m > [22m[2mGaler Cloud single-file Web Worker[2m > [22m[2mnever turns a missing pinned index into an authoritative empty gallery
[22m[39m[play-trace] {"request_id":"get-index-still-missing","context_id":"ft7wqspy","t_ms":1731.5,"time_origin_ms":1788952439304.759,"ts_ms":1788952441036.2,"stage":"INDEX_BEGIN"}

[90mstdout[2m | tests/component-dom/webTransportWorker.test.ts[2m > [22m[2mGaler Cloud single-file Web Worker[2m > [22m[2mnever turns a missing pinned index into an authoritative empty gallery
[22m[39m[play-trace] {"attempt":2,"error_name":"Error","context_id":"ft7wqspy","t_ms":1731.7,"time_origin_ms":1788952439304.759,"ts_ms":1788952441036.5,"stage":"WORKER_GET_INDEX_RETRY"}

[90mstdout[2m | tests/component-dom/webTransportWorkerScheduler.behavior.test.ts[2m > [22m[2mWorker playback scheduler with pending Telegram transfers[2m > [22m[2menforces 7 idle lanes, aborts unrelated warm for queued Play, keeps 0 unrelated critical lanes and resumes exactly 6 when stable
[22m[39m[play-trace] {"message_id":1,"status":"READY","code":null,"context_id":"36hkmtnl","t_ms":1766.4,"time_origin_ms":1788952439300.295,"ts_ms":1788952441066.7,"stage":"WORKER_PREFETCH_TERMINAL"}
[play-trace] {"message_id":1,"bytes":65536,"offset_bytes":0,"context_id":"36hkmtnl","t_ms":1766.5,"time_origin_ms":1788952439300.295,"ts_ms":1788952441066.8,"stage":"WARM_PREFIX_READY"}
[play-trace] {"message_id":2,"status":"READY","code":null,"context_id":"36hkmtnl","t_ms":1766.7,"time_origin_ms":1788952439300.295,"ts_ms":1788952441067,"stage":"WORKER_PREFETCH_TERMINAL"}
[play-trace] {"message_id":2,"bytes":65536,"offset_bytes":0,"context_id":"36hkmtnl","t_ms":1766.7,"time_origin_ms":1788952439300.295,"ts_ms":1788952441067,"stage":"WARM_PREFIX_READY"}
[play-trace] {"message_id":3,"status":"READY","code":null,"context_id":"36hkmtnl","t_ms":1766.8,"time_origin_ms":1788952439300.295,"ts_ms":1788952441067.1,"stage":"WORKER_PREFETCH_TERMINAL"}
[play-trace] {"message_id":3,"bytes":65536,"offset_bytes":0,"context_id":"36hkmtnl","t_ms":1766.8,"time_origin_ms":1788952439300.295,"ts_ms":1788952441067.1,"stage":"WARM_PREFIX_READY"}
[play-trace] {"message_id":4,"status":"READY","code":null,"context_id":"36hkmtnl","t_ms":1766.9,"time_origin_ms":1788952439300.295,"ts_ms":1788952441067.2,"stage":"WORKER_PREFETCH_TERMINAL"}
[play-trace] {"message_id":4,"bytes":65536,"offset_bytes":0,"context_id":"36hkmtnl","t_ms":1767,"time_origin_ms":1788952439300.295,"ts_ms":1788952441067.2,"stage":"WARM_PREFIX_READY"}
[play-trace] {"message_id":5,"status":"READY","code":null,"context_id":"36hkmtnl","t_ms":1767.1,"time_origin_ms":1788952439300.295,"ts_ms":1788952441067.4,"stage":"WORKER_PREFETCH_TERMINAL"}
[play-trace] {"message_id":5,"bytes":65536,"offset_bytes":0,"context_id":"36hkmtnl","t_ms":1767.1,"time_origin_ms":1788952439300.295,"ts_ms":1788952441067.4,"stage":"WARM_PREFIX_READY"}
[play-trace] {"message_id":6,"status":"READY","code":null,"context_id":"36hkmtnl","t_ms":1767.2,"time_origin_ms":1788952439300.295,"ts_ms":1788952441067.5,"stage":"WORKER_PREFETCH_TERMINAL"}
[play-trace] {"message_id":6,"bytes":65536,"offset_bytes":0,"context_id":"36hkmtnl","t_ms":1767.2,"time_origin_ms":1788952439300.295,"ts_ms":1788952441067.5,"stage":"WARM_PREFIX_READY"}
[play-trace] {"message_id":7,"status":"READY","code":null,"context_id":"36hkmtnl","t_ms":1767.3,"time_origin_ms":1788952439300.295,"ts_ms":1788952441067.6,"stage":"WORKER_PREFETCH_TERMINAL"}
[play-trace] {"message_id":7,"bytes":65536,"offset_bytes":0,"context_id":"36hkmtnl","t_ms":1767.3,"time_origin_ms":1788952439300.295,"ts_ms":1788952441067.6,"stage":"WARM_PREFIX_READY"}

[90mstdout[2m | tests/component-dom/webTransportWorkerScheduler.behavior.test.ts[2m > [22m[2mWorker playback scheduler with pending Telegram transfers[2m > [22m[2menforces 7 idle lanes, aborts unrelated warm for queued Play, keeps 0 unrelated critical lanes and resumes exactly 6 when stable
[22m[39m[play-trace] {"lane":1,"message_id":8,"scheduler":"IDLE","context_id":"36hkmtnl","t_ms":1767.6,"time_origin_ms":1788952439300.295,"ts_ms":1788952441067.9,"stage":"WORKER_PREFETCH_LANE_TAKE"}

[90mstdout[2m | tests/component-dom/webTransportWorkerScheduler.behavior.test.ts[2m > [22m[2mWorker playback scheduler with pending Telegram transfers[2m > [22m[2menforces 7 idle lanes, aborts unrelated warm for queued Play, keeps 0 unrelated critical lanes and resumes exactly 6 when stable
[22m[39m[play-trace] {"lane":2,"message_id":9,"scheduler":"IDLE","context_id":"36hkmtnl","t_ms":1767.8,"time_origin_ms":1788952439300.295,"ts_ms":1788952441068.1,"stage":"WORKER_PREFETCH_LANE_TAKE"}

[90mstdout[2m | tests/component-dom/webTransportWorkerScheduler.behavior.test.ts[2m > [22m[2mWorker playback scheduler with pending Telegram transfers[2m > [22m[2menforces 7 idle lanes, aborts unrelated warm for queued Play, keeps 0 unrelated critical lanes and resumes exactly 6 when stable
[22m[39m[play-trace] {"lane":3,"message_id":11,"scheduler":"IDLE","context_id":"36hkmtnl","t_ms":1767.9,"time_origin_ms":1788952439300.295,"ts_ms":1788952441068.2,"stage":"WORKER_PREFETCH_LANE_TAKE"}

[90mstdout[2m | tests/component-dom/webTransportWorkerScheduler.behavior.test.ts[2m > [22m[2mWorker playback scheduler with pending Telegram transfers[2m > [22m[2menforces 7 idle lanes, aborts unrelated warm for queued Play, keeps 0 unrelated critical lanes and resumes exactly 6 when stable
[22m[39m[play-trace] {"lane":4,"message_id":12,"scheduler":"IDLE","context_id":"36hkmtnl","t_ms":1768.1,"time_origin_ms":1788952439300.295,"ts_ms":1788952441068.4,"stage":"WORKER_PREFETCH_LANE_TAKE"}

[90mstdout[2m | tests/component-dom/webTransportWorkerScheduler.behavior.test.ts[2m > [22m[2mWorker playback scheduler with pending Telegram transfers[2m > [22m[2menforces 7 idle lanes, aborts unrelated warm for queued Play, keeps 0 unrelated critical lanes and resumes exactly 6 when stable
[22m[39m[play-trace] {"lane":5,"message_id":13,"scheduler":"IDLE","context_id":"36hkmtnl","t_ms":1768.2,"time_origin_ms":1788952439300.295,"ts_ms":1788952441068.5,"stage":"WORKER_PREFETCH_LANE_TAKE"}

[90mstdout[2m | tests/component-dom/webTransportWorkerScheduler.behavior.test.ts[2m > [22m[2mWorker playback scheduler with pending Telegram transfers[2m > [22m[2menforces 7 idle lanes, aborts unrelated warm for queued Play, keeps 0 unrelated critical lanes and resumes exactly 6 when stable
[22m[39m[play-trace] {"lane":6,"message_id":14,"scheduler":"IDLE","context_id":"36hkmtnl","t_ms":1768.4,"time_origin_ms":1788952439300.295,"ts_ms":1788952441068.7,"stage":"WORKER_PREFETCH_LANE_TAKE"}

[90mstdout[2m | tests/component-dom/webTransportWorkerScheduler.behavior.test.ts[2m > [22m[2mWorker playback scheduler with pending Telegram transfers[2m > [22m[2menforces 7 idle lanes, aborts unrelated warm for queued Play, keeps 0 unrelated critical lanes and resumes exactly 6 when stable
[22m[39m[play-trace] {"message_id":8,"status":"READY","code":null,"context_id":"36hkmtnl","t_ms":1768.9,"time_origin_ms":1788952439300.295,"ts_ms":1788952441069.2,"stage":"WORKER_PREFETCH_TERMINAL"}
[play-trace] {"message_id":8,"bytes":65536,"offset_bytes":0,"context_id":"36hkmtnl","t_ms":1768.9,"time_origin_ms":1788952439300.295,"ts_ms":1788952441069.2,"stage":"WARM_PREFIX_READY"}
[play-trace] {"message_id":9,"status":"READY","code":null,"context_id":"36hkmtnl","t_ms":1769,"time_origin_ms":1788952439300.295,"ts_ms":1788952441069.3,"stage":"WORKER_PREFETCH_TERMINAL"}
[play-trace] {"message_id":9,"bytes":65536,"offset_bytes":0,"context_id":"36hkmtnl","t_ms":1769.1,"time_origin_ms":1788952439300.295,"ts_ms":1788952441069.4,"stage":"WARM_PREFIX_READY"}
[play-trace] {"message_id":11,"status":"READY","code":null,"context_id":"36hkmtnl","t_ms":1769.1,"time_origin_ms":1788952439300.295,"ts_ms":1788952441069.4,"stage":"WORKER_PREFETCH_TERMINAL"}
[play-trace] {"message_id":11,"bytes":65536,"offset_bytes":0,"context_id":"36hkmtnl","t_ms":1769.2,"time_origin_ms":1788952439300.295,"ts_ms":1788952441069.4,"stage":"WARM_PREFIX_READY"}
[play-trace] {"message_id":12,"status":"READY","code":null,"context_id":"36hkmtnl","t_ms":1769.2,"time_origin_ms":1788952439300.295,"ts_ms":1788952441069.5,"stage":"WORKER_PREFETCH_TERMINAL"}
[play-trace] {"message_id":12,"bytes":65536,"offset_bytes":0,"context_id":"36hkmtnl","t_ms":1769.2,"time_origin_ms":1788952439300.295,"ts_ms":1788952441069.5,"stage":"WARM_PREFIX_READY"}
[play-trace] {"message_id":13,"status":"READY","code":null,"context_id":"36hkmtnl","t_ms":1769.3,"time_origin_ms":1788952439300.295,"ts_ms":1788952441069.6,"stage":"WORKER_PREFETCH_TERMINAL"}
[play-trace] {"message_id":13,"bytes":65536,"offset_bytes":0,"context_id":"36hkmtnl","t_ms":1769.3,"time_origin_ms":1788952439300.295,"ts_ms":1788952441069.6,"stage":"WARM_PREFIX_READY"}
[play-trace] {"message_id":14,"status":"READY","code":null,"context_id":"36hkmtnl","t_ms":1769.4,"time_origin_ms":1788952439300.295,"ts_ms":1788952441069.7,"stage":"WORKER_PREFETCH_TERMINAL"}
[play-trace] {"message_id":14,"bytes":65536,"offset_bytes":0,"context_id":"36hkmtnl","t_ms":1769.4,"time_origin_ms":1788952439300.295,"ts_ms":1788952441069.7,"stage":"WARM_PREFIX_READY"}

[90mstdout[2m | tests/component-dom/webTransportWorkerScheduler.behavior.test.ts[2m > [22m[2mWorker playback scheduler with pending Telegram transfers[2m > [22m[2menforces 7 idle lanes, aborts unrelated warm for queued Play, keeps 0 unrelated critical lanes and resumes exactly 6 when stable
[22m[39m[play-trace] {"count":14,"elapsed_ms":369,"failures":0,"context_id":"36hkmtnl","t_ms":1772.3,"time_origin_ms":1788952439300.295,"ts_ms":1788952441072.6,"stage":"WORKER_PREFETCH_BATCH_DONE"}

[90mstdout[2m | tests/component-dom/webTransportWorker.test.ts[2m > [22m[2mGaler Cloud single-file Web Worker[2m > [22m[2mnever turns a missing pinned index into an authoritative empty gallery
[22m[39m[play-trace] {"request_id":"get-index-still-missing","context_id":"ft7wqspy","t_ms":1892.1,"time_origin_ms":1788952439304.759,"ts_ms":1788952441196.8,"stage":"INDEX_BEGIN"}

[90mstdout[2m | tests/component-dom/webTransportWorker.test.ts[2m > [22m[2mGaler Cloud single-file Web Worker[2m > [22m[2mnever turns a missing pinned index into an authoritative empty gallery
[22m[39m[play-trace] {"attempt":3,"error_name":"Error","context_id":"ft7wqspy","t_ms":1892.3,"time_origin_ms":1788952439304.759,"ts_ms":1788952441197.1,"stage":"WORKER_GET_INDEX_RETRY"}

[90mstdout[2m | tests/component-dom/webTransportWorkerScheduler.behavior.test.ts[2m > [22m[2mWorker playback scheduler with pending Telegram transfers[2m > [22m[2mkeeps the physically active same-beat warm, aborts the other six lanes, and never restarts offset zero
[22m[39m[play-trace] {"count":14,"prefix_bytes":65536,"lanes":7,"context_id":"36hkmtnl","t_ms":1927.7,"time_origin_ms":1788952439300.295,"ts_ms":1788952441228,"stage":"WARM_BATCH_BEGIN"}
[play-trace] {"message_id":1,"context_id":"36hkmtnl","t_ms":1927.9,"time_origin_ms":1788952439300.295,"ts_ms":1788952441228.2,"stage":"WORKER_PLAYBACK_MEDIA_CACHE_HIT"}
[play-trace] {"message_id":2,"context_id":"36hkmtnl","t_ms":1927.9,"time_origin_ms":1788952439300.295,"ts_ms":1788952441228.2,"stage":"WORKER_PLAYBACK_MEDIA_CACHE_HIT"}
[play-trace] {"message_id":3,"context_id":"36hkmtnl","t_ms":1927.9,"time_origin_ms":1788952439300.295,"ts_ms":1788952441228.2,"stage":"WORKER_PLAYBACK_MEDIA_CACHE_HIT"}
[play-trace] {"message_id":4,"context_id":"36hkmtnl","t_ms":1928,"time_origin_ms":1788952439300.295,"ts_ms":1788952441228.2,"stage":"WORKER_PLAYBACK_MEDIA_CACHE_HIT"}
[play-trace] {"message_id":5,"context_id":"36hkmtnl","t_ms":1928,"time_origin_ms":1788952439300.295,"ts_ms":1788952441228.3,"stage":"WORKER_PLAYBACK_MEDIA_CACHE_HIT"}
[play-trace] {"message_id":6,"context_id":"36hkmtnl","t_ms":1928,"time_origin_ms":1788952439300.295,"ts_ms":1788952441228.3,"stage":"WORKER_PLAYBACK_MEDIA_CACHE_HIT"}
[play-trace] {"message_id":7,"context_id":"36hkmtnl","t_ms":1928,"time_origin_ms":1788952439300.295,"ts_ms":1788952441228.3,"stage":"WORKER_PLAYBACK_MEDIA_CACHE_HIT"}
[play-trace] {"message_id":8,"context_id":"36hkmtnl","t_ms":1928,"time_origin_ms":1788952439300.295,"ts_ms":1788952441228.3,"stage":"WORKER_PLAYBACK_MEDIA_CACHE_HIT"}
[play-trace] {"message_id":9,"context_id":"36hkmtnl","t_ms":1928,"time_origin_ms":1788952439300.295,"ts_ms":1788952441228.3,"stage":"WORKER_PLAYBACK_MEDIA_CACHE_HIT"}
[play-trace] {"message_id":10,"context_id":"36hkmtnl","t_ms":1928,"time_origin_ms":1788952439300.295,"ts_ms":1788952441228.3,"stage":"WORKER_PLAYBACK_MEDIA_CACHE_HIT"}
[play-trace] {"message_id":11,"context_id":"36hkmtnl","t_ms":1928,"time_origin_ms":1788952439300.295,"ts_ms":1788952441228.3,"stage":"WORKER_PLAYBACK_MEDIA_CACHE_HIT"}
[play-trace] {"message_id":12,"context_id":"36hkmtnl","t_ms":1928,"time_origin_ms":1788952439300.295,"ts_ms":1788952441228.3,"stage":"WORKER_PLAYBACK_MEDIA_CACHE_HIT"}
[play-trace] {"message_id":13,"context_id":"36hkmtnl","t_ms":1928,"time_origin_ms":1788952439300.295,"ts_ms":1788952441228.3,"stage":"WORKER_PLAYBACK_MEDIA_CACHE_HIT"}
[play-trace] {"message_id":14,"context_id":"36hkmtnl","t_ms":1928,"time_origin_ms":1788952439300.295,"ts_ms":1788952441228.3,"stage":"WORKER_PLAYBACK_MEDIA_CACHE_HIT"}

[90mstdout[2m | tests/component-dom/webTransportWorkerScheduler.behavior.test.ts[2m > [22m[2mWorker playback scheduler with pending Telegram transfers[2m > [22m[2mkeeps the physically active same-beat warm, aborts the other six lanes, and never restarts offset zero
[22m[39m[play-trace] {"lane":1,"message_id":1,"scheduler":"IDLE","context_id":"36hkmtnl","t_ms":1928.4,"time_origin_ms":1788952439300.295,"ts_ms":1788952441228.7,"stage":"WORKER_PREFETCH_LANE_TAKE"}
[play-trace] {"lane":2,"message_id":2,"scheduler":"IDLE","context_id":"36hkmtnl","t_ms":1928.6,"time_origin_ms":1788952439300.295,"ts_ms":1788952441228.8,"stage":"WORKER_PREFETCH_LANE_TAKE"}
[play-trace] {"lane":3,"message_id":3,"scheduler":"IDLE","context_id":"36hkmtnl","t_ms":1928.6,"time_origin_ms":1788952439300.295,"ts_ms":1788952441228.9,"stage":"WORKER_PREFETCH_LANE_TAKE"}
[play-trace] {"lane":4,"message_id":4,"scheduler":"IDLE","context_id":"36hkmtnl","t_ms":1928.7,"time_origin_ms":1788952439300.295,"ts_ms":1788952441229,"stage":"WORKER_PREFETCH_LANE_TAKE"}
[play-trace] {"lane":5,"message_id":5,"scheduler":"IDLE","context_id":"36hkmtnl","t_ms":1928.7,"time_origin_ms":1788952439300.295,"ts_ms":1788952441229,"stage":"WORKER_PREFETCH_LANE_TAKE"}
[play-trace] {"lane":6,"message_id":6,"scheduler":"IDLE","context_id":"36hkmtnl","t_ms":1928.8,"time_origin_ms":1788952439300.295,"ts_ms":1788952441229,"stage":"WORKER_PREFETCH_LANE_TAKE"}
[play-trace] {"lane":7,"message_id":7,"scheduler":"IDLE","context_id":"36hkmtnl","t_ms":1928.8,"time_origin_ms":1788952439300.295,"ts_ms":1788952441229.1,"stage":"WORKER_PREFETCH_LANE_TAKE"}

[90mstdout[2m | tests/component-dom/webTransportWorkerScheduler.behavior.test.ts[2m > [22m[2mWorker playback scheduler with pending Telegram transfers[2m > [22m[2mkeeps the physically active same-beat warm, aborts the other six lanes, and never restarts offset zero
[22m[39m[play-trace] {"message_id":3,"aborted":6,"context_id":"36hkmtnl","t_ms":1978.8,"time_origin_ms":1788952439300.295,"ts_ms":1788952441279.1,"stage":"PLAY_WARM_PREEMPT_ALL"}

[90mstdout[2m | tests/component-dom/webTransportWorkerScheduler.behavior.test.ts[2m > [22m[2mWorker playback scheduler with pending Telegram transfers[2m > [22m[2mkeeps the physically active same-beat warm, aborts the other six lanes, and never restarts offset zero
[22m[39m[play-trace] {"message_id":1,"context_id":"36hkmtnl","t_ms":1979.2,"time_origin_ms":1788952439300.295,"ts_ms":1788952441279.5,"stage":"WORKER_WARM_PREEMPTED"}
[play-trace] {"message_id":2,"context_id":"36hkmtnl","t_ms":1979.2,"time_origin_ms":1788952439300.295,"ts_ms":1788952441279.5,"stage":"WORKER_WARM_PREEMPTED"}
[play-trace] {"message_id":4,"context_id":"36hkmtnl","t_ms":1979.2,"time_origin_ms":1788952439300.295,"ts_ms":1788952441279.5,"stage":"WORKER_WARM_PREEMPTED"}
[play-trace] {"message_id":5,"context_id":"36hkmtnl","t_ms":1979.2,"time_origin_ms":1788952439300.295,"ts_ms":1788952441279.5,"stage":"WORKER_WARM_PREEMPTED"}
[play-trace] {"message_id":6,"context_id":"36hkmtnl","t_ms":1979.2,"time_origin_ms":1788952439300.295,"ts_ms":1788952441279.5,"stage":"WORKER_WARM_PREEMPTED"}
[play-trace] {"message_id":7,"context_id":"36hkmtnl","t_ms":1979.3,"time_origin_ms":1788952439300.295,"ts_ms":1788952441279.5,"stage":"WORKER_WARM_PREEMPTED"}

[90mstdout[2m | tests/component-dom/webTransportWorkerScheduler.behavior.test.ts[2m > [22m[2mWorker playback scheduler with pending Telegram transfers[2m > [22m[2mkeeps the physically active same-beat warm, aborts the other six lanes, and never restarts offset zero
[22m[39m[play-trace] {"lanes":7,"context_id":"36hkmtnl","t_ms":2029.9,"time_origin_ms":1788952439300.295,"ts_ms":1788952441330.2,"stage":"WARM_RESUME"}
[play-trace] {"message_id":3,"status":"READY","code":null,"context_id":"36hkmtnl","t_ms":2030.2,"time_origin_ms":1788952439300.295,"ts_ms":1788952441330.5,"stage":"WORKER_PREFETCH_TERMINAL"}
[play-trace] {"message_id":3,"bytes":65536,"offset_bytes":0,"context_id":"36hkmtnl","t_ms":2030.2,"time_origin_ms":1788952439300.295,"ts_ms":1788952441330.5,"stage":"WARM_PREFIX_READY"}
[play-trace] {"lane":1,"message_id":8,"scheduler":"IDLE","context_id":"36hkmtnl","t_ms":2030.2,"time_origin_ms":1788952439300.295,"ts_ms":1788952441330.5,"stage":"WORKER_PREFETCH_LANE_TAKE"}
[play-trace] {"lane":2,"message_id":9,"scheduler":"IDLE","context_id":"36hkmtnl","t_ms":2030.3,"time_origin_ms":1788952439300.295,"ts_ms":1788952441330.6,"stage":"WORKER_PREFETCH_LANE_TAKE"}
[play-trace] {"lane":4,"message_id":10,"scheduler":"IDLE","context_id":"36hkmtnl","t_ms":2030.3,"time_origin_ms":1788952439300.295,"ts_ms":1788952441330.6,"stage":"WORKER_PREFETCH_LANE_TAKE"}
[play-trace] {"lane":5,"message_id":11,"scheduler":"IDLE","context_id":"36hkmtnl","t_ms":2030.3,"time_origin_ms":1788952439300.295,"ts_ms":1788952441330.6,"stage":"WORKER_PREFETCH_LANE_TAKE"}
[play-trace] {"lane":6,"message_id":12,"scheduler":"IDLE","context_id":"36hkmtnl","t_ms":2030.4,"time_origin_ms":1788952439300.295,"ts_ms":1788952441330.7,"stage":"WORKER_PREFETCH_LANE_TAKE"}
[play-trace] {"lane":7,"message_id":13,"scheduler":"IDLE","context_id":"36hkmtnl","t_ms":2030.4,"time_origin_ms":1788952439300.295,"ts_ms":1788952441330.7,"stage":"WORKER_PREFETCH_LANE_TAKE"}

[90mstdout[2m | tests/component-dom/webTransportWorkerScheduler.behavior.test.ts[2m > [22m[2mWorker playback scheduler with pending Telegram transfers[2m > [22m[2mkeeps the physically active same-beat warm, aborts the other six lanes, and never restarts offset zero
[22m[39m[play-trace] {"lane":3,"message_id":14,"scheduler":"IDLE","context_id":"36hkmtnl","t_ms":2030.5,"time_origin_ms":1788952439300.295,"ts_ms":1788952441330.8,"stage":"WORKER_PREFETCH_LANE_TAKE"}

[90mstdout[2m | tests/component-dom/webPlaybackSourceAdvanced.behavior.test.ts[2m > [22m[2mWebPlaybackSourceManager advanced scheduling behavior[2m > [22m[2madopts the same active warm transfer for Play and never starts a second offset-zero prefix
[22m[39m[play-trace] {"beat_id":"beat-active","message_id":77,"priority":"visible","context_id":"w04kfrug","t_ms":607.2,"time_origin_ms":1788952440725.647,"ts_ms":1788952441332.9,"stage":"SOURCE_PREFETCH_QUEUED"}

[90mstdout[2m | tests/component-dom/webPlaybackSourceAdvanced.behavior.test.ts[2m > [22m[2mWebPlaybackSourceManager advanced scheduling behavior[2m > [22m[2madopts the same active warm transfer for Play and never starts a second offset-zero prefix
[22m[39m[play-trace] {"priority":"visible","count":1,"context_id":"w04kfrug","t_ms":609.5,"time_origin_ms":1788952440725.647,"ts_ms":1788952441335.1,"stage":"SOURCE_PREFETCH_BATCH_BEGIN"}

[90mstdout[2m | tests/component-dom/webTransportWorkerScheduler.behavior.test.ts[2m > [22m[2mWorker playback scheduler with pending Telegram transfers[2m > [22m[2mkeeps the physically active same-beat warm, aborts the other six lanes, and never restarts offset zero
[22m[39m[play-trace] {"message_id":8,"status":"READY","code":null,"context_id":"36hkmtnl","t_ms":2080.1,"time_origin_ms":1788952439300.295,"ts_ms":1788952441380.4,"stage":"WORKER_PREFETCH_TERMINAL"}
[play-trace] {"message_id":8,"bytes":65536,"offset_bytes":0,"context_id":"36hkmtnl","t_ms":2080.2,"time_origin_ms":1788952439300.295,"ts_ms":1788952441380.5,"stage":"WARM_PREFIX_READY"}
[play-trace] {"message_id":9,"status":"READY","code":null,"context_id":"36hkmtnl","t_ms":2080.3,"time_origin_ms":1788952439300.295,"ts_ms":1788952441380.6,"stage":"WORKER_PREFETCH_TERMINAL"}
[play-trace] {"message_id":9,"bytes":65536,"offset_bytes":0,"context_id":"36hkmtnl","t_ms":2080.3,"time_origin_ms":1788952439300.295,"ts_ms":1788952441380.6,"stage":"WARM_PREFIX_READY"}
[play-trace] {"message_id":10,"status":"READY","code":null,"context_id":"36hkmtnl","t_ms":2080.4,"time_origin_ms":1788952439300.295,"ts_ms":1788952441380.7,"stage":"WORKER_PREFETCH_TERMINAL"}
[play-trace] {"message_id":10,"bytes":65536,"offset_bytes":0,"context_id":"36hkmtnl","t_ms":2080.4,"time_origin_ms":1788952439300.295,"ts_ms":1788952441380.7,"stage":"WARM_PREFIX_READY"}
[play-trace] {"message_id":11,"status":"READY","code":null,"context_id":"36hkmtnl","t_ms":2080.5,"time_origin_ms":1788952439300.295,"ts_ms":1788952441380.8,"stage":"WORKER_PREFETCH_TERMINAL"}
[play-trace] {"message_id":11,"bytes":65536,"offset_bytes":0,"context_id":"36hkmtnl","t_ms":2080.5,"time_origin_ms":1788952439300.295,"ts_ms":1788952441380.8,"stage":"WARM_PREFIX_READY"}
[play-trace] {"message_id":12,"status":"READY","code":null,"context_id":"36hkmtnl","t_ms":2080.6,"time_origin_ms":1788952439300.295,"ts_ms":1788952441380.9,"stage":"WORKER_PREFETCH_TERMINAL"}
[play-trace] {"message_id":12,"bytes":65536,"offset_bytes":0,"context_id":"36hkmtnl","t_ms":2080.6,"time_origin_ms":1788952439300.295,"ts_ms":1788952441380.9,"stage":"WARM_PREFIX_READY"}
[play-trace] {"message_id":13,"status":"READY","code":null,"context_id":"36hkmtnl","t_ms":2080.8,"time_origin_ms":1788952439300.295,"ts_ms":1788952441381,"stage":"WORKER_PREFETCH_TERMINAL"}
[play-trace] {"message_id":13,"bytes":65536,"offset_bytes":0,"context_id":"36hkmtnl","t_ms":2080.8,"time_origin_ms":1788952439300.295,"ts_ms":1788952441381.1,"stage":"WARM_PREFIX_READY"}
[play-trace] {"message_id":14,"status":"READY","code":null,"context_id":"36hkmtnl","t_ms":2080.9,"time_origin_ms":1788952439300.295,"ts_ms":1788952441381.2,"stage":"WORKER_PREFETCH_TERMINAL"}
[play-trace] {"message_id":14,"bytes":65536,"offset_bytes":0,"context_id":"36hkmtnl","t_ms":2080.9,"time_origin_ms":1788952439300.295,"ts_ms":1788952441381.2,"stage":"WARM_PREFIX_READY"}

[90mstdout[2m | tests/component-dom/webTransportWorkerScheduler.behavior.test.ts[2m > [22m[2mWorker playback scheduler with pending Telegram transfers[2m > [22m[2mkeeps the physically active same-beat warm, aborts the other six lanes, and never restarts offset zero
[22m[39m[play-trace] {"lane":1,"message_id":1,"scheduler":"IDLE","context_id":"36hkmtnl","t_ms":2084.2,"time_origin_ms":1788952439300.295,"ts_ms":1788952441384.5,"stage":"WORKER_PREFETCH_LANE_TAKE"}

[90mstdout[2m | tests/component-dom/webTransportWorkerScheduler.behavior.test.ts[2m > [22m[2mWorker playback scheduler with pending Telegram transfers[2m > [22m[2mkeeps the physically active same-beat warm, aborts the other six lanes, and never restarts offset zero
[22m[39m[play-trace] {"lane":2,"message_id":2,"scheduler":"IDLE","context_id":"36hkmtnl","t_ms":2084.4,"time_origin_ms":1788952439300.295,"ts_ms":1788952441384.7,"stage":"WORKER_PREFETCH_LANE_TAKE"}

[90mstdout[2m | tests/component-dom/webTransportWorkerScheduler.behavior.test.ts[2m > [22m[2mWorker playback scheduler with pending Telegram transfers[2m > [22m[2mkeeps the physically active same-beat warm, aborts the other six lanes, and never restarts offset zero
[22m[39m[play-trace] {"lane":4,"message_id":4,"scheduler":"IDLE","context_id":"36hkmtnl","t_ms":2084.5,"time_origin_ms":1788952439300.295,"ts_ms":1788952441384.8,"stage":"WORKER_PREFETCH_LANE_TAKE"}

[90mstdout[2m | tests/component-dom/webTransportWorkerScheduler.behavior.test.ts[2m > [22m[2mWorker playback scheduler with pending Telegram transfers[2m > [22m[2mkeeps the physically active same-beat warm, aborts the other six lanes, and never restarts offset zero
[22m[39m[play-trace] {"lane":5,"message_id":5,"scheduler":"IDLE","context_id":"36hkmtnl","t_ms":2084.6,"time_origin_ms":1788952439300.295,"ts_ms":1788952441384.9,"stage":"WORKER_PREFETCH_LANE_TAKE"}

[90mstdout[2m | tests/component-dom/webTransportWorkerScheduler.behavior.test.ts[2m > [22m[2mWorker playback scheduler with pending Telegram transfers[2m > [22m[2mkeeps the physically active same-beat warm, aborts the other six lanes, and never restarts offset zero
[22m[39m[play-trace] {"lane":6,"message_id":6,"scheduler":"IDLE","context_id":"36hkmtnl","t_ms":2084.7,"time_origin_ms":1788952439300.295,"ts_ms":1788952441385,"stage":"WORKER_PREFETCH_LANE_TAKE"}

[90mstdout[2m | tests/component-dom/webTransportWorkerScheduler.behavior.test.ts[2m > [22m[2mWorker playback scheduler with pending Telegram transfers[2m > [22m[2mkeeps the physically active same-beat warm, aborts the other six lanes, and never restarts offset zero
[22m[39m[play-trace] {"lane":7,"message_id":7,"scheduler":"IDLE","context_id":"36hkmtnl","t_ms":2084.8,"time_origin_ms":1788952439300.295,"ts_ms":1788952441385.1,"stage":"WORKER_PREFETCH_LANE_TAKE"}

[90mstdout[2m | tests/component-dom/webTransportWorkerScheduler.behavior.test.ts[2m > [22m[2mWorker playback scheduler with pending Telegram transfers[2m > [22m[2mkeeps the physically active same-beat warm, aborts the other six lanes, and never restarts offset zero
[22m[39m[play-trace] {"message_id":1,"status":"READY","code":null,"context_id":"36hkmtnl","t_ms":2084.9,"time_origin_ms":1788952439300.295,"ts_ms":1788952441385.2,"stage":"WORKER_PREFETCH_TERMINAL"}
[play-trace] {"message_id":1,"bytes":65536,"offset_bytes":0,"context_id":"36hkmtnl","t_ms":2085,"time_origin_ms":1788952439300.295,"ts_ms":1788952441385.3,"stage":"WARM_PREFIX_READY"}
[play-trace] {"message_id":2,"status":"READY","code":null,"context_id":"36hkmtnl","t_ms":2085,"time_origin_ms":1788952439300.295,"ts_ms":1788952441385.3,"stage":"WORKER_PREFETCH_TERMINAL"}
[play-trace] {"message_id":2,"bytes":65536,"offset_bytes":0,"context_id":"36hkmtnl","t_ms":2085,"time_origin_ms":1788952439300.295,"ts_ms":1788952441385.3,"stage":"WARM_PREFIX_READY"}
[play-trace] {"message_id":4,"status":"READY","code":null,"context_id":"36hkmtnl","t_ms":2085,"time_origin_ms":1788952439300.295,"ts_ms":1788952441385.3,"stage":"WORKER_PREFETCH_TERMINAL"}
[play-trace] {"message_id":4,"bytes":65536,"offset_bytes":0,"context_id":"36hkmtnl","t_ms":2085,"time_origin_ms":1788952439300.295,"ts_ms":1788952441385.3,"stage":"WARM_PREFIX_READY"}
[play-trace] {"message_id":5,"status":"READY","code":null,"context_id":"36hkmtnl","t_ms":2085.1,"time_origin_ms":1788952439300.295,"ts_ms":1788952441385.4,"stage":"WORKER_PREFETCH_TERMINAL"}
[play-trace] {"message_id":5,"bytes":65536,"offset_bytes":0,"context_id":"36hkmtnl","t_ms":2085.1,"time_origin_ms":1788952439300.295,"ts_ms":1788952441385.4,"stage":"WARM_PREFIX_READY"}
[play-trace] {"message_id":6,"status":"READY","code":null,"context_id":"36hkmtnl","t_ms":2085.1,"time_origin_ms":1788952439300.295,"ts_ms":1788952441385.4,"stage":"WORKER_PREFETCH_TERMINAL"}
[play-trace] {"message_id":6,"bytes":65536,"offset_bytes":0,"context_id":"36hkmtnl","t_ms":2085.1,"time_origin_ms":1788952439300.295,"ts_ms":1788952441385.4,"stage":"WARM_PREFIX_READY"}
[play-trace] {"message_id":7,"status":"READY","code":null,"context_id":"36hkmtnl","t_ms":2085.1,"time_origin_ms":1788952439300.295,"ts_ms":1788952441385.4,"stage":"WORKER_PREFETCH_TERMINAL"}
[play-trace] {"message_id":7,"bytes":65536,"offset_bytes":0,"context_id":"36hkmtnl","t_ms":2085.1,"time_origin_ms":1788952439300.295,"ts_ms":1788952441385.4,"stage":"WARM_PREFIX_READY"}

[90mstdout[2m | tests/component-dom/webPlaybackSourceAdvanced.behavior.test.ts[2m > [22m[2mWebPlaybackSourceManager advanced scheduling behavior[2m > [22m[2madopts the same active warm transfer for Play and never starts a second offset-zero prefix
[22m[39m[play-trace] {"beat_id":"beat-active","message_id":77,"context_id":"w04kfrug","t_ms":661.1,"time_origin_ms":1788952440725.647,"ts_ms":1788952441386.7,"stage":"PLAY_WARM_ADOPTED"}

[90mstdout[2m | tests/component-dom/webTransportWorkerScheduler.behavior.test.ts[2m > [22m[2mWorker playback scheduler with pending Telegram transfers[2m > [22m[2mkeeps the physically active same-beat warm, aborts the other six lanes, and never restarts offset zero
[22m[39m[play-trace] {"count":14,"elapsed_ms":160,"failures":0,"context_id":"36hkmtnl","t_ms":2087.2,"time_origin_ms":1788952439300.295,"ts_ms":1788952441387.5,"stage":"WORKER_PREFETCH_BATCH_DONE"}

[90mstdout[2m | tests/component-dom/webPlaybackSourceAdvanced.behavior.test.ts[2m > [22m[2mWebPlaybackSourceManager advanced scheduling behavior[2m > [22m[2madopts the same active warm transfer for Play and never starts a second offset-zero prefix
[22m[39m[play-trace] {"beat_id":"beat-active","message_id":77,"bytes":65536,"playable_seconds":0,"context_id":"w04kfrug","t_ms":715.5,"time_origin_ms":1788952440725.647,"ts_ms":1788952441441.1,"stage":"WARM_PREFIX_READY"}
[play-trace] {"beat_id":"beat-active","message_id":77,"bytes":65536,"playable_seconds":0,"target_met":false,"context_id":"w04kfrug","t_ms":715.7,"time_origin_ms":1788952440725.647,"ts_ms":1788952441441.3,"stage":"SOURCE_PREFETCH_READY"}

[90mstdout[2m | tests/component-dom/webPlaybackSourceAdvanced.behavior.test.ts[2m > [22m[2mWebPlaybackSourceManager advanced scheduling behavior[2m > [22m[2madopts the same active warm transfer for Play and never starts a second offset-zero prefix
[22m[39m[play-trace] {"beat_id":"beat-active","mime_type":"audio/mpeg","mode":"mse","context_id":"w04kfrug","t_ms":716.7,"time_origin_ms":1788952440725.647,"ts_ms":1788952441442.3,"stage":"SOURCE_PREPARE"}
[play-trace] {"beat_id":"beat-active","context_id":"w04kfrug","t_ms":717,"time_origin_ms":1788952440725.647,"ts_ms":1788952441442.6,"stage":"SOURCE_MSE_BEGIN"}
[play-trace] {"beat_id":"beat-active","message_id":77,"bytes":65536,"playable_seconds":0,"context_id":"w04kfrug","t_ms":717.4,"time_origin_ms":1788952440725.647,"ts_ms":1788952441443,"stage":"PLAY_PREFIX_READY"}
[play-trace] {"beat_id":"beat-active","mode":"mse","context_id":"w04kfrug","t_ms":717.6,"time_origin_ms":1788952440725.647,"ts_ms":1788952441443.2,"stage":"SOURCE_URL_READY"}
[play-trace] {"beat_id":"beat-active","message_id":77,"offset_bytes":65536,"context_id":"w04kfrug","t_ms":717.8,"time_origin_ms":1788952440725.647,"ts_ms":1788952441443.4,"stage":"PLAY_STREAM_BEGIN"}

[90mstdout[2m | tests/component-dom/webPlaybackSourceAdvanced.behavior.test.ts[2m > [22m[2mWebPlaybackSourceManager advanced scheduling behavior[2m > [22m[2mpromotes a target queued only in SourceManager without waiting for the active warm batch
[22m[39m[play-trace] {"beat_id":"beat-a","message_id":101,"priority":"visible","context_id":"w04kfrug","t_ms":721,"time_origin_ms":1788952440725.647,"ts_ms":1788952441446.7,"stage":"SOURCE_PREFETCH_QUEUED"}

[90mstdout[2m | tests/component-dom/webPlaybackSourceAdvanced.behavior.test.ts[2m > [22m[2mWebPlaybackSourceManager advanced scheduling behavior[2m > [22m[2mpromotes a target queued only in SourceManager without waiting for the active warm batch
[22m[39m[play-trace] {"priority":"visible","count":1,"context_id":"w04kfrug","t_ms":721.4,"time_origin_ms":1788952440725.647,"ts_ms":1788952441447,"stage":"SOURCE_PREFETCH_BATCH_BEGIN"}

[90mstdout[2m | tests/component-dom/webPlaybackSourceAdvanced.behavior.test.ts[2m > [22m[2mWebPlaybackSourceManager advanced scheduling behavior[2m > [22m[2mpromotes a target queued only in SourceManager without waiting for the active warm batch
[22m[39m[play-trace] {"beat_id":"beat-b","message_id":102,"priority":"visible","context_id":"w04kfrug","t_ms":772,"time_origin_ms":1788952440725.647,"ts_ms":1788952441497.7,"stage":"SOURCE_PREFETCH_QUEUED"}

[90mstdout[2m | tests/component-dom/webPlaybackSourceAdvanced.behavior.test.ts[2m > [22m[2mWebPlaybackSourceManager advanced scheduling behavior[2m > [22m[2mpromotes a target queued only in SourceManager without waiting for the active warm batch
[22m[39m[play-trace] {"beat_id":"beat-b","message_id":102,"source":"local_queue","context_id":"w04kfrug","t_ms":772.4,"time_origin_ms":1788952440725.647,"ts_ms":1788952441498,"stage":"PLAY_WARM_PROMOTED"}

[90mstdout[2m | tests/component-dom/webPlaybackSourceAdvanced.behavior.test.ts[2m > [22m[2mWebPlaybackSourceManager advanced scheduling behavior[2m > [22m[2mpromotes a target queued only in SourceManager without waiting for the active warm batch
[22m[39m[play-trace] {"beat_id":"beat-b","message_id":102,"offset_bytes":0,"bytes":65536,"context_id":"w04kfrug","t_ms":773.7,"time_origin_ms":1788952440725.647,"ts_ms":1788952441499.3,"stage":"PLAY_WARM_PROMOTED_READY"}

[90mstdout[2m | tests/component-dom/webPlaybackSourceAdvanced.behavior.test.ts[2m > [22m[2mWebPlaybackSourceManager advanced scheduling behavior[2m > [22m[2mpromotes a target queued only in SourceManager without waiting for the active warm batch
[22m[39m[play-trace] {"beat_id":"beat-b","mime_type":"audio/mpeg","mode":"mse","context_id":"w04kfrug","t_ms":773.9,"time_origin_ms":1788952440725.647,"ts_ms":1788952441499.6,"stage":"SOURCE_PREPARE"}
[play-trace] {"beat_id":"beat-b","context_id":"w04kfrug","t_ms":774,"time_origin_ms":1788952440725.647,"ts_ms":1788952441499.6,"stage":"SOURCE_MSE_BEGIN"}
[play-trace] {"beat_id":"beat-b","message_id":102,"bytes":65536,"playable_seconds":0,"context_id":"w04kfrug","t_ms":774,"time_origin_ms":1788952440725.647,"ts_ms":1788952441499.7,"stage":"PLAY_PREFIX_READY"}
[play-trace] {"beat_id":"beat-b","mode":"mse","context_id":"w04kfrug","t_ms":774.1,"time_origin_ms":1788952440725.647,"ts_ms":1788952441499.7,"stage":"SOURCE_URL_READY"}
[play-trace] {"beat_id":"beat-b","message_id":102,"offset_bytes":65536,"context_id":"w04kfrug","t_ms":774.1,"time_origin_ms":1788952440725.647,"ts_ms":1788952441499.8,"stage":"PLAY_STREAM_BEGIN"}

[90mstdout[2m | tests/component-dom/webPlaybackSourceAdvanced.behavior.test.ts[2m > [22m[2mWebPlaybackSourceManager advanced scheduling behavior[2m > [22m[2mpromotes a target queued only in SourceManager without waiting for the active warm batch
[22m[39m[play-trace] {"beat_id":"beat-a","message_id":101,"bytes":65536,"playable_seconds":0,"context_id":"w04kfrug","t_ms":775.9,"time_origin_ms":1788952440725.647,"ts_ms":1788952441501.6,"stage":"WARM_PREFIX_READY"}
[play-trace] {"beat_id":"beat-a","message_id":101,"bytes":65536,"playable_seconds":0,"target_met":false,"context_id":"w04kfrug","t_ms":775.9,"time_origin_ms":1788952440725.647,"ts_ms":1788952441501.6,"stage":"SOURCE_PREFETCH_READY"}

[90mstdout[2m | tests/component-dom/webPlaybackSourceAdvanced.behavior.test.ts[2m > [22m[2mWebPlaybackSourceManager advanced scheduling behavior[2m > [22m[2muses a short EOF prefix as the complete file and performs no continuation
[22m[39m[play-trace] {"beat_id":"beat-eof","message_id":88,"priority":"visible","context_id":"w04kfrug","t_ms":776.8,"time_origin_ms":1788952440725.647,"ts_ms":1788952441502.4,"stage":"SOURCE_PREFETCH_QUEUED"}

[90mstdout[2m | tests/component-dom/webPlaybackSourceAdvanced.behavior.test.ts[2m > [22m[2mWebPlaybackSourceManager advanced scheduling behavior[2m > [22m[2muses a short EOF prefix as the complete file and performs no continuation
[22m[39m[play-trace] {"priority":"visible","count":1,"context_id":"w04kfrug","t_ms":777,"time_origin_ms":1788952440725.647,"ts_ms":1788952441502.7,"stage":"SOURCE_PREFETCH_BATCH_BEGIN"}

[90mstdout[2m | tests/component-dom/webTransportWorker.test.ts[2m > [22m[2mGaler Cloud single-file Web Worker[2m > [22m[2mnever turns a missing pinned index into an authoritative empty gallery
[22m[39m[play-trace] {"request_id":"get-index-still-missing","context_id":"ft7wqspy","t_ms":2212.5,"time_origin_ms":1788952439304.759,"ts_ms":1788952441517.3,"stage":"INDEX_BEGIN"}

[90mstdout[2m | tests/component-dom/webTransportWorker.test.ts[2m > [22m[2mGaler Cloud single-file Web Worker[2m > [22m[2mnever turns a missing pinned index into an authoritative empty gallery
[22m[39m[play-trace] {"attempt":4,"error_name":"Error","context_id":"ft7wqspy","t_ms":2212.7,"time_origin_ms":1788952439304.759,"ts_ms":1788952441517.5,"stage":"WORKER_GET_INDEX_RETRY"}

[90mstdout[2m | tests/component-dom/webTransportWorkerScheduler.behavior.test.ts[2m > [22m[2mWorker playback scheduler with pending Telegram transfers[2m > [22m[2mgives a Play outside startup14 foreground priority after physically preempting all startup warm
[22m[39m[play-trace] {"count":14,"prefix_bytes":65536,"lanes":7,"context_id":"36hkmtnl","t_ms":2238.3,"time_origin_ms":1788952439300.295,"ts_ms":1788952441538.6,"stage":"WARM_BATCH_BEGIN"}
[play-trace] {"count":14,"attempt":1,"context_id":"36hkmtnl","t_ms":2238.4,"time_origin_ms":1788952439300.295,"ts_ms":1788952441538.7,"stage":"WORKER_PLAYBACK_MEDIA_BATCH_RPC"}

[90mstdout[2m | tests/component-dom/webTransportWorkerScheduler.behavior.test.ts[2m > [22m[2mWorker playback scheduler with pending Telegram transfers[2m > [22m[2mgives a Play outside startup14 foreground priority after physically preempting all startup warm
[22m[39m[play-trace] {"lane":1,"message_id":101,"scheduler":"IDLE","context_id":"36hkmtnl","t_ms":2238.7,"time_origin_ms":1788952439300.295,"ts_ms":1788952441539,"stage":"WORKER_PREFETCH_LANE_TAKE"}
[play-trace] {"lane":2,"message_id":102,"scheduler":"IDLE","context_id":"36hkmtnl","t_ms":2238.8,"time_origin_ms":1788952439300.295,"ts_ms":1788952441539.1,"stage":"WORKER_PREFETCH_LANE_TAKE"}
[play-trace] {"lane":3,"message_id":103,"scheduler":"IDLE","context_id":"36hkmtnl","t_ms":2238.8,"time_origin_ms":1788952439300.295,"ts_ms":1788952441539.1,"stage":"WORKER_PREFETCH_LANE_TAKE"}
[play-trace] {"lane":4,"message_id":104,"scheduler":"IDLE","context_id":"36hkmtnl","t_ms":2238.9,"time_origin_ms":1788952439300.295,"ts_ms":1788952441539.2,"stage":"WORKER_PREFETCH_LANE_TAKE"}
[play-trace] {"lane":5,"message_id":105,"scheduler":"IDLE","context_id":"36hkmtnl","t_ms":2238.9,"time_origin_ms":1788952439300.295,"ts_ms":1788952441539.2,"stage":"WORKER_PREFETCH_LANE_TAKE"}
[play-trace] {"lane":6,"message_id":106,"scheduler":"IDLE","context_id":"36hkmtnl","t_ms":2238.9,"time_origin_ms":1788952439300.295,"ts_ms":1788952441539.2,"stage":"WORKER_PREFETCH_LANE_TAKE"}
[play-trace] {"lane":7,"message_id":107,"scheduler":"IDLE","context_id":"36hkmtnl","t_ms":2238.9,"time_origin_ms":1788952439300.295,"ts_ms":1788952441539.2,"stage":"WORKER_PREFETCH_LANE_TAKE"}

[90mstdout[2m | tests/component-dom/webPlaybackSourceAdvanced.behavior.test.ts[2m > [22m[2mWebPlaybackSourceManager advanced scheduling behavior[2m > [22m[2muses a short EOF prefix as the complete file and performs no continuation
[22m[39m[play-trace] {"beat_id":"beat-eof","message_id":88,"bytes":1000,"playable_seconds":0,"context_id":"w04kfrug","t_ms":827.2,"time_origin_ms":1788952440725.647,"ts_ms":1788952441552.8,"stage":"WARM_PREFIX_READY"}
[play-trace] {"beat_id":"beat-eof","message_id":88,"bytes":1000,"playable_seconds":0,"target_met":false,"context_id":"w04kfrug","t_ms":827.2,"time_origin_ms":1788952440725.647,"ts_ms":1788952441552.9,"stage":"SOURCE_PREFETCH_READY"}

[90mstdout[2m | tests/component-dom/webPlaybackSourceAdvanced.behavior.test.ts[2m > [22m[2mWebPlaybackSourceManager advanced scheduling behavior[2m > [22m[2muses a short EOF prefix as the complete file and performs no continuation
[22m[39m[play-trace] {"beat_id":"beat-eof","mime_type":"audio/mpeg","mode":"mse","context_id":"w04kfrug","t_ms":827.4,"time_origin_ms":1788952440725.647,"ts_ms":1788952441553.1,"stage":"SOURCE_PREPARE"}
[play-trace] {"beat_id":"beat-eof","context_id":"w04kfrug","t_ms":827.5,"time_origin_ms":1788952440725.647,"ts_ms":1788952441553.1,"stage":"SOURCE_MSE_BEGIN"}
[play-trace] {"beat_id":"beat-eof","message_id":88,"bytes":1000,"playable_seconds":0,"context_id":"w04kfrug","t_ms":827.6,"time_origin_ms":1788952440725.647,"ts_ms":1788952441553.2,"stage":"PLAY_PREFIX_READY"}
[play-trace] {"beat_id":"beat-eof","mode":"mse","context_id":"w04kfrug","t_ms":827.6,"time_origin_ms":1788952440725.647,"ts_ms":1788952441553.3,"stage":"SOURCE_URL_READY"}

[90mstdout[2m | tests/component-dom/webPlaybackSourceAdvanced.behavior.test.ts[2m > [22m[2mWebPlaybackSourceManager advanced scheduling behavior[2m > [22m[2mcontinues an aligned 32 KiB prefix exactly at 32768 without repeating bytes
[22m[39m[play-trace] {"beat_id":"beat-aligned","message_id":89,"priority":"visible","context_id":"w04kfrug","t_ms":828.6,"time_origin_ms":1788952440725.647,"ts_ms":1788952441554.3,"stage":"SOURCE_PREFETCH_QUEUED"}

[90mstdout[2m | tests/component-dom/webPlaybackSourceAdvanced.behavior.test.ts[2m > [22m[2mWebPlaybackSourceManager advanced scheduling behavior[2m > [22m[2mcontinues an aligned 32 KiB prefix exactly at 32768 without repeating bytes
[22m[39m[play-trace] {"priority":"visible","count":1,"context_id":"w04kfrug","t_ms":828.9,"time_origin_ms":1788952440725.647,"ts_ms":1788952441554.5,"stage":"SOURCE_PREFETCH_BATCH_BEGIN"}

[90mstdout[2m | tests/component-dom/webTransportWorkerScheduler.behavior.test.ts[2m > [22m[2mWorker playback scheduler with pending Telegram transfers[2m > [22m[2mgives a Play outside startup14 foreground priority after physically preempting all startup warm
[22m[39m[play-trace] {"message_id":99,"aborted":7,"context_id":"36hkmtnl","t_ms":2289.6,"time_origin_ms":1788952439300.295,"ts_ms":1788952441589.9,"stage":"PLAY_WARM_PREEMPT_ALL"}

[90mstdout[2m | tests/component-dom/webTransportWorkerScheduler.behavior.test.ts[2m > [22m[2mWorker playback scheduler with pending Telegram transfers[2m > [22m[2mgives a Play outside startup14 foreground priority after physically preempting all startup warm
[22m[39m[play-trace] {"message_id":101,"context_id":"36hkmtnl","t_ms":2289.9,"time_origin_ms":1788952439300.295,"ts_ms":1788952441590.2,"stage":"WORKER_WARM_PREEMPTED"}
[play-trace] {"message_id":102,"context_id":"36hkmtnl","t_ms":2289.9,"time_origin_ms":1788952439300.295,"ts_ms":1788952441590.2,"stage":"WORKER_WARM_PREEMPTED"}
[play-trace] {"message_id":103,"context_id":"36hkmtnl","t_ms":2289.9,"time_origin_ms":1788952439300.295,"ts_ms":1788952441590.2,"stage":"WORKER_WARM_PREEMPTED"}
[play-trace] {"message_id":104,"context_id":"36hkmtnl","t_ms":2289.9,"time_origin_ms":1788952439300.295,"ts_ms":1788952441590.2,"stage":"WORKER_WARM_PREEMPTED"}
[play-trace] {"message_id":105,"context_id":"36hkmtnl","t_ms":2290,"time_origin_ms":1788952439300.295,"ts_ms":1788952441590.3,"stage":"WORKER_WARM_PREEMPTED"}
[play-trace] {"message_id":106,"context_id":"36hkmtnl","t_ms":2290,"time_origin_ms":1788952439300.295,"ts_ms":1788952441590.3,"stage":"WORKER_WARM_PREEMPTED"}
[play-trace] {"message_id":107,"context_id":"36hkmtnl","t_ms":2290,"time_origin_ms":1788952439300.295,"ts_ms":1788952441590.3,"stage":"WORKER_WARM_PREEMPTED"}

[90mstdout[2m | tests/component-dom/webPlaybackSourceAdvanced.behavior.test.ts[2m > [22m[2mWebPlaybackSourceManager advanced scheduling behavior[2m > [22m[2mcontinues an aligned 32 KiB prefix exactly at 32768 without repeating bytes
[22m[39m[play-trace] {"beat_id":"beat-aligned","message_id":89,"bytes":32768,"playable_seconds":0,"context_id":"w04kfrug","t_ms":879.8,"time_origin_ms":1788952440725.647,"ts_ms":1788952441605.5,"stage":"WARM_PREFIX_READY"}
[play-trace] {"beat_id":"beat-aligned","message_id":89,"context_id":"w04kfrug","t_ms":879.9,"time_origin_ms":1788952440725.647,"ts_ms":1788952441605.5,"stage":"SOURCE_PREFETCH_TERMINAL_READY"}

[90mstdout[2m | tests/component-dom/webPlaybackSourceAdvanced.behavior.test.ts[2m > [22m[2mWebPlaybackSourceManager advanced scheduling behavior[2m > [22m[2mcontinues an aligned 32 KiB prefix exactly at 32768 without repeating bytes
[22m[39m[play-trace] {"beat_id":"beat-aligned","mime_type":"audio/mpeg","mode":"mse","context_id":"w04kfrug","t_ms":880.1,"time_origin_ms":1788952440725.647,"ts_ms":1788952441605.7,"stage":"SOURCE_PREPARE"}
[play-trace] {"beat_id":"beat-aligned","context_id":"w04kfrug","t_ms":880.2,"time_origin_ms":1788952440725.647,"ts_ms":1788952441605.8,"stage":"SOURCE_MSE_BEGIN"}
[play-trace] {"beat_id":"beat-aligned","message_id":89,"bytes":32768,"playable_seconds":0,"context_id":"w04kfrug","t_ms":880.3,"time_origin_ms":1788952440725.647,"ts_ms":1788952441606,"stage":"PLAY_PREFIX_READY"}
[play-trace] {"beat_id":"beat-aligned","mode":"mse","context_id":"w04kfrug","t_ms":880.4,"time_origin_ms":1788952440725.647,"ts_ms":1788952441606,"stage":"SOURCE_URL_READY"}
[play-trace] {"beat_id":"beat-aligned","message_id":89,"offset_bytes":32768,"context_id":"w04kfrug","t_ms":880.5,"time_origin_ms":1788952440725.647,"ts_ms":1788952441606.1,"stage":"PLAY_STREAM_BEGIN"}

[90mstdout[2m | tests/component-dom/webPlaybackSourceAdvanced.behavior.test.ts[2m > [22m[2mWebPlaybackSourceManager advanced scheduling behavior[2m > [22m[2mrequires a real contiguous 2.00 seconds ahead and evaluates the range containing currentTime after seek
[22m[39m[play-trace] {"beat_id":"beat-threshold","mime_type":"audio/mpeg","mode":"mse","context_id":"w04kfrug","t_ms":881.6,"time_origin_ms":1788952440725.647,"ts_ms":1788952441607.2,"stage":"SOURCE_PREPARE"}
[play-trace] {"beat_id":"beat-threshold","context_id":"w04kfrug","t_ms":881.6,"time_origin_ms":1788952440725.647,"ts_ms":1788952441607.3,"stage":"SOURCE_MSE_BEGIN"}
[play-trace] {"beat_id":"beat-threshold","mode":"mse","context_id":"w04kfrug","t_ms":881.8,"time_origin_ms":1788952440725.647,"ts_ms":1788952441607.4,"stage":"SOURCE_URL_READY"}
[play-trace] {"beat_id":"beat-threshold","message_id":90,"offset_bytes":0,"context_id":"w04kfrug","t_ms":881.8,"time_origin_ms":1788952440725.647,"ts_ms":1788952441607.5,"stage":"PLAY_STREAM_BEGIN"}

[90mstdout[2m | tests/component-dom/webPlaybackSourceAdvanced.behavior.test.ts[2m > [22m[2mWebPlaybackSourceManager advanced scheduling behavior[2m > [22m[2mrequires a real contiguous 2.00 seconds ahead and evaluates the range containing currentTime after seek
[22m[39m[play-trace] {"beat_id":"beat-threshold","context_id":"w04kfrug","t_ms":882.5,"time_origin_ms":1788952440725.647,"ts_ms":1788952441608.1,"stage":"SOURCE_MSE_SOURCEOPEN"}
[play-trace] {"beat_id":"beat-threshold","message_id":90,"reason":"resume","context_id":"w04kfrug","t_ms":882.7,"time_origin_ms":1788952440725.647,"ts_ms":1788952441608.4,"stage":"PLAY_FOCUS_BEGIN"}
[play-trace] {"beat_id":"beat-threshold","message_id":90,"buffered_ahead_s":2,"stream_done":false,"context_id":"w04kfrug","t_ms":883.1,"time_origin_ms":1788952440725.647,"ts_ms":1788952441608.8,"stage":"PLAY_BUFFER_STABLE"}

[90mstdout[2m | tests/component-dom/webPlaybackSourceAdvanced.behavior.test.ts[2m > [22m[2mWebPlaybackSourceManager advanced scheduling behavior[2m > [22m[2mrequires a real contiguous 2.00 seconds ahead and evaluates the range containing currentTime after seek
[22m[39m[play-trace] {"beat_id":"beat-seek","mime_type":"audio/mpeg","mode":"mse","context_id":"w04kfrug","t_ms":883.4,"time_origin_ms":1788952440725.647,"ts_ms":1788952441609.1,"stage":"SOURCE_PREPARE"}
[play-trace] {"beat_id":"beat-seek","context_id":"w04kfrug","t_ms":883.5,"time_origin_ms":1788952440725.647,"ts_ms":1788952441609.1,"stage":"SOURCE_MSE_BEGIN"}
[play-trace] {"beat_id":"beat-seek","mode":"mse","context_id":"w04kfrug","t_ms":883.7,"time_origin_ms":1788952440725.647,"ts_ms":1788952441609.3,"stage":"SOURCE_URL_READY"}
[play-trace] {"beat_id":"beat-seek","message_id":91,"offset_bytes":0,"context_id":"w04kfrug","t_ms":883.7,"time_origin_ms":1788952440725.647,"ts_ms":1788952441609.3,"stage":"PLAY_STREAM_BEGIN"}

[90mstdout[2m | tests/component-dom/webPlaybackSourceAdvanced.behavior.test.ts[2m > [22m[2mWebPlaybackSourceManager advanced scheduling behavior[2m > [22m[2mrequires a real contiguous 2.00 seconds ahead and evaluates the range containing currentTime after seek
[22m[39m[play-trace] {"beat_id":"beat-seek","context_id":"w04kfrug","t_ms":884,"time_origin_ms":1788952440725.647,"ts_ms":1788952441609.7,"stage":"SOURCE_MSE_SOURCEOPEN"}
[play-trace] {"beat_id":"beat-seek","message_id":91,"reason":"resume","context_id":"w04kfrug","t_ms":884.1,"time_origin_ms":1788952440725.647,"ts_ms":1788952441609.8,"stage":"PLAY_FOCUS_BEGIN"}
[play-trace] {"beat_id":"beat-seek","message_id":91,"buffered_ahead_s":2.9,"stream_done":false,"context_id":"w04kfrug","t_ms":884.3,"time_origin_ms":1788952440725.647,"ts_ms":1788952441609.9,"stage":"PLAY_BUFFER_STABLE"}

[90mstdout[2m | tests/component-dom/webPlaybackSourceAdvanced.behavior.test.ts[2m > [22m[2mWebPlaybackSourceManager advanced scheduling behavior[2m > [22m[2mdrops replay retention when a file exceeds the RAM budget but keeps feeding the active MSE stream
[22m[39m[play-trace] {"beat_id":"beat-large","mime_type":"audio/mpeg","mode":"mse","context_id":"w04kfrug","t_ms":885.2,"time_origin_ms":1788952440725.647,"ts_ms":1788952441610.9,"stage":"SOURCE_PREPARE"}
[play-trace] {"beat_id":"beat-large","context_id":"w04kfrug","t_ms":885.3,"time_origin_ms":1788952440725.647,"ts_ms":1788952441610.9,"stage":"SOURCE_MSE_BEGIN"}
[play-trace] {"beat_id":"beat-large","mode":"mse","context_id":"w04kfrug","t_ms":885.3,"time_origin_ms":1788952440725.647,"ts_ms":1788952441611,"stage":"SOURCE_URL_READY"}
[play-trace] {"beat_id":"beat-large","message_id":92,"offset_bytes":0,"context_id":"w04kfrug","t_ms":885.4,"time_origin_ms":1788952440725.647,"ts_ms":1788952441611,"stage":"PLAY_STREAM_BEGIN"}

[90mstdout[2m | tests/component-dom/webPlaybackSourceAdvanced.behavior.test.ts[2m > [22m[2mWebPlaybackSourceManager advanced scheduling behavior[2m > [22m[2mdrops replay retention when a file exceeds the RAM budget but keeps feeding the active MSE stream
[22m[39m[play-trace] {"beat_id":"beat-large","context_id":"w04kfrug","t_ms":885.7,"time_origin_ms":1788952440725.647,"ts_ms":1788952441611.3,"stage":"SOURCE_MSE_SOURCEOPEN"}
[play-trace] {"beat_id":"beat-large","bytes":716800,"offset_bytes":0,"context_id":"w04kfrug","t_ms":885.8,"time_origin_ms":1788952440725.647,"ts_ms":1788952441611.5,"stage":"PLAY_STREAM_FIRST_CHUNK"}
[play-trace] {"beat_id":"beat-large","message_id":92,"append_seq":1,"origin":"stream","bytes":716800,"queue_depth":0,"context_id":"w04kfrug","t_ms":885.9,"time_origin_ms":1788952440725.647,"ts_ms":1788952441611.6,"stage":"SOURCE_MSE_APPEND_BEGIN"}

[90mstdout[2m | tests/component-dom/webPlaybackSourceAdvanced.behavior.test.ts[2m > [22m[2mWebPlaybackSourceManager advanced scheduling behavior[2m > [22m[2mdrops replay retention when a file exceeds the RAM budget but keeps feeding the active MSE stream
[22m[39m[play-trace] {"beat_id":"beat-large","message_id":92,"append_seq":1,"origin":"stream","bytes":716800,"append_ms":0.4,"queue_depth":0,"media_source_state":"open","buffered_ranges":0,"buffered_start_s":null,"buffered_end_s":null,"buffered_duration_s":0,"context_id":"w04kfrug","t_ms":886.3,"time_origin_ms":1788952440725.647,"ts_ms":1788952441612,"stage":"SOURCE_MSE_APPEND_DONE"}

[90mstdout[2m | tests/component-dom/webPlaybackSourceAdvanced.behavior.test.ts[2m > [22m[2mWebPlaybackSourceManager advanced scheduling behavior[2m > [22m[2mdrops replay retention when a file exceeds the RAM budget but keeps feeding the active MSE stream
[22m[39m[play-trace] {"beat_id":"beat-large","message_id":92,"retained_bytes":716800,"limit_bytes":1048576,"context_id":"w04kfrug","t_ms":886.5,"time_origin_ms":1788952440725.647,"ts_ms":1788952441612.2,"stage":"SOURCE_SESSION_REPLAY_RETENTION_STOPPED"}
[play-trace] {"beat_id":"beat-large","message_id":92,"append_seq":2,"origin":"stream","bytes":716800,"queue_depth":0,"context_id":"w04kfrug","t_ms":886.6,"time_origin_ms":1788952440725.647,"ts_ms":1788952441612.2,"stage":"SOURCE_MSE_APPEND_BEGIN"}

[90mstdout[2m | tests/component-dom/webPlaybackSourceAdvanced.behavior.test.ts[2m > [22m[2mWebPlaybackSourceManager advanced scheduling behavior[2m > [22m[2mdrops replay retention when a file exceeds the RAM budget but keeps feeding the active MSE stream
[22m[39m[play-trace] {"beat_id":"beat-large","message_id":92,"append_seq":2,"origin":"stream","bytes":716800,"append_ms":0.2,"queue_depth":0,"media_source_state":"open","buffered_ranges":0,"buffered_start_s":null,"buffered_end_s":null,"buffered_duration_s":0,"context_id":"w04kfrug","t_ms":886.7,"time_origin_ms":1788952440725.647,"ts_ms":1788952441612.4,"stage":"SOURCE_MSE_APPEND_DONE"}

[90mstdout[2m | tests/component-dom/webPlaybackSourceAdvanced.behavior.test.ts[2m > [22m[2mWebPlaybackSourceManager advanced scheduling behavior[2m > [22m[2mdrops replay retention when a file exceeds the RAM budget but keeps feeding the active MSE stream
[22m[39m[play-trace] {"beat_id":"beat-large","message_id":92,"bytes":1433600,"retained_bytes":0,"context_id":"w04kfrug","t_ms":886.9,"time_origin_ms":1788952440725.647,"ts_ms":1788952441612.5,"stage":"SOURCE_SESSION_CACHE_READY"}
[play-trace] {"beat_id":"beat-large","message_id":92,"buffered_ahead_s":0,"stream_done":true,"context_id":"w04kfrug","t_ms":886.9,"time_origin_ms":1788952440725.647,"ts_ms":1788952441612.6,"stage":"PLAY_BUFFER_STABLE"}

[90mstdout[2m | tests/component-dom/webPlaybackSourceAdvanced.behavior.test.ts[2m > [22m[2mWebPlaybackSourceManager advanced scheduling behavior[2m > [22m[2mdrops replay retention when a file exceeds the RAM budget but keeps feeding the active MSE stream
[22m[39m[play-trace] {"beat_id":"beat-large","message_id":92,"bytes":1433600,"retained_bytes":0,"context_id":"w04kfrug","t_ms":887.7,"time_origin_ms":1788952440725.647,"ts_ms":1788952441613.3,"stage":"SOURCE_SESSION_CACHE_RETAINED"}

[90mstdout[2m | tests/component-dom/webPlaybackSourceAdvanced.behavior.test.ts[2m > [22m[2mWebPlaybackSourceManager advanced scheduling behavior[2m > [22m[2mdrops replay retention when a file exceeds the RAM budget but keeps feeding the active MSE stream
[22m[39m[play-trace] {"beat_id":"beat-large","mime_type":"audio/mpeg","mode":"mse","context_id":"w04kfrug","t_ms":887.8,"time_origin_ms":1788952440725.647,"ts_ms":1788952441613.4,"stage":"SOURCE_PREPARE"}
[play-trace] {"beat_id":"beat-large","message_id":92,"expected_bytes":1433600,"available_bytes":0,"context_id":"w04kfrug","t_ms":887.8,"time_origin_ms":1788952440725.647,"ts_ms":1788952441613.5,"stage":"SOURCE_SESSION_CACHE_INVALID"}
[play-trace] {"beat_id":"beat-large","context_id":"w04kfrug","t_ms":888.1,"time_origin_ms":1788952440725.647,"ts_ms":1788952441613.8,"stage":"SOURCE_MSE_BEGIN"}
[play-trace] {"beat_id":"beat-large","mode":"mse","context_id":"w04kfrug","t_ms":888.2,"time_origin_ms":1788952440725.647,"ts_ms":1788952441613.8,"stage":"SOURCE_URL_READY"}
[play-trace] {"beat_id":"beat-large","message_id":92,"offset_bytes":0,"context_id":"w04kfrug","t_ms":888.2,"time_origin_ms":1788952440725.647,"ts_ms":1788952441613.9,"stage":"PLAY_STREAM_BEGIN"}

 [32m✓[39m tests/component-dom/webPlaybackSourceAdvanced.behavior.test.ts [2m([22m[2m6 tests[22m[2m)[22m[32m 284[2mms[22m[39m
[90mstdout[2m | tests/component-dom/webTransportWorkerScheduler.behavior.test.ts[2m > [22m[2mWorker playback scheduler with pending Telegram transfers[2m > [22m[2mgives a Play outside startup14 foreground priority after physically preempting all startup warm
[22m[39m[play-trace] {"message_id":99,"context_id":"36hkmtnl","t_ms":2340.5,"time_origin_ms":1788952439300.295,"ts_ms":1788952441640.8,"stage":"WORKER_PLAYBACK_MEDIA_CACHE_MISS"}
[play-trace] {"count":1,"attempt":1,"context_id":"36hkmtnl","t_ms":2340.6,"time_origin_ms":1788952439300.295,"ts_ms":1788952441640.9,"stage":"WORKER_PLAYBACK_MEDIA_BATCH_RPC"}

[90mstdout[2m | tests/component-dom/webTransportWorkerScheduler.behavior.test.ts[2m > [22m[2mWorker playback scheduler with pending Telegram transfers[2m > [22m[2mgives a Play outside startup14 foreground priority after physically preempting all startup warm
[22m[39m[play-trace] {"message_id":99,"bytes":65536,"elapsed_ms":55,"media_cache_hit":false,"context_id":"36hkmtnl","t_ms":2395.2,"time_origin_ms":1788952439300.295,"ts_ms":1788952441695.5,"stage":"WORKER_PREFETCH_READY"}

[90mstdout[2m | tests/component-dom/webTransportWorkerScheduler.behavior.test.ts[2m > [22m[2mWorker playback scheduler with pending Telegram transfers[2m > [22m[2mgives a Play outside startup14 foreground priority after physically preempting all startup warm
[22m[39m[play-trace] {"lanes":7,"context_id":"36hkmtnl","t_ms":2441.8,"time_origin_ms":1788952439300.295,"ts_ms":1788952441742.1,"stage":"WARM_RESUME"}

[90mstdout[2m | tests/component-dom/webTransportWorkerScheduler.behavior.test.ts[2m > [22m[2mWorker playback scheduler with pending Telegram transfers[2m > [22m[2mgives a Play outside startup14 foreground priority after physically preempting all startup warm
[22m[39m[play-trace] {"lane":1,"message_id":108,"scheduler":"IDLE","context_id":"36hkmtnl","t_ms":2442.2,"time_origin_ms":1788952439300.295,"ts_ms":1788952441742.5,"stage":"WORKER_PREFETCH_LANE_TAKE"}
[play-trace] {"lane":2,"message_id":109,"scheduler":"IDLE","context_id":"36hkmtnl","t_ms":2442.3,"time_origin_ms":1788952439300.295,"ts_ms":1788952441742.6,"stage":"WORKER_PREFETCH_LANE_TAKE"}
[play-trace] {"lane":3,"message_id":110,"scheduler":"IDLE","context_id":"36hkmtnl","t_ms":2442.3,"time_origin_ms":1788952439300.295,"ts_ms":1788952441742.6,"stage":"WORKER_PREFETCH_LANE_TAKE"}
[play-trace] {"lane":4,"message_id":111,"scheduler":"IDLE","context_id":"36hkmtnl","t_ms":2442.4,"time_origin_ms":1788952439300.295,"ts_ms":1788952441742.7,"stage":"WORKER_PREFETCH_LANE_TAKE"}
[play-trace] {"lane":5,"message_id":112,"scheduler":"IDLE","context_id":"36hkmtnl","t_ms":2442.4,"time_origin_ms":1788952439300.295,"ts_ms":1788952441742.7,"stage":"WORKER_PREFETCH_LANE_TAKE"}
[play-trace] {"lane":6,"message_id":113,"scheduler":"IDLE","context_id":"36hkmtnl","t_ms":2442.5,"time_origin_ms":1788952439300.295,"ts_ms":1788952441742.8,"stage":"WORKER_PREFETCH_LANE_TAKE"}
[play-trace] {"lane":7,"message_id":114,"scheduler":"IDLE","context_id":"36hkmtnl","t_ms":2442.6,"time_origin_ms":1788952439300.295,"ts_ms":1788952441742.9,"stage":"WORKER_PREFETCH_LANE_TAKE"}

[90mstdout[2m | tests/component-dom/webTransportWorkerScheduler.behavior.test.ts[2m > [22m[2mWorker playback scheduler with pending Telegram transfers[2m > [22m[2mgives a Play outside startup14 foreground priority after physically preempting all startup warm
[22m[39m[play-trace] {"message_id":108,"status":"READY","code":null,"context_id":"36hkmtnl","t_ms":2492.5,"time_origin_ms":1788952439300.295,"ts_ms":1788952441792.8,"stage":"WORKER_PREFETCH_TERMINAL"}
[play-trace] {"message_id":108,"bytes":65536,"offset_bytes":0,"context_id":"36hkmtnl","t_ms":2492.6,"time_origin_ms":1788952439300.295,"ts_ms":1788952441792.9,"stage":"WARM_PREFIX_READY"}
[play-trace] {"message_id":109,"status":"READY","code":null,"context_id":"36hkmtnl","t_ms":2492.8,"time_origin_ms":1788952439300.295,"ts_ms":1788952441793.1,"stage":"WORKER_PREFETCH_TERMINAL"}
[play-trace] {"message_id":109,"bytes":65536,"offset_bytes":0,"context_id":"36hkmtnl","t_ms":2492.8,"time_origin_ms":1788952439300.295,"ts_ms":1788952441793.1,"stage":"WARM_PREFIX_READY"}
[play-trace] {"message_id":110,"status":"READY","code":null,"context_id":"36hkmtnl","t_ms":2493,"time_origin_ms":1788952439300.295,"ts_ms":1788952441793.3,"stage":"WORKER_PREFETCH_TERMINAL"}
[play-trace] {"message_id":110,"bytes":65536,"offset_bytes":0,"context_id":"36hkmtnl","t_ms":2493,"time_origin_ms":1788952439300.295,"ts_ms":1788952441793.3,"stage":"WARM_PREFIX_READY"}
[play-trace] {"message_id":111,"status":"READY","code":null,"context_id":"36hkmtnl","t_ms":2493.2,"time_origin_ms":1788952439300.295,"ts_ms":1788952441793.5,"stage":"WORKER_PREFETCH_TERMINAL"}
[play-trace] {"message_id":111,"bytes":65536,"offset_bytes":0,"context_id":"36hkmtnl","t_ms":2493.2,"time_origin_ms":1788952439300.295,"ts_ms":1788952441793.5,"stage":"WARM_PREFIX_READY"}
[play-trace] {"message_id":112,"status":"READY","code":null,"context_id":"36hkmtnl","t_ms":2493.3,"time_origin_ms":1788952439300.295,"ts_ms":1788952441793.6,"stage":"WORKER_PREFETCH_TERMINAL"}
[play-trace] {"message_id":112,"bytes":65536,"offset_bytes":0,"context_id":"36hkmtnl","t_ms":2493.4,"time_origin_ms":1788952439300.295,"ts_ms":1788952441793.7,"stage":"WARM_PREFIX_READY"}
[play-trace] {"message_id":113,"status":"READY","code":null,"context_id":"36hkmtnl","t_ms":2493.5,"time_origin_ms":1788952439300.295,"ts_ms":1788952441793.8,"stage":"WORKER_PREFETCH_TERMINAL"}
[play-trace] {"message_id":113,"bytes":65536,"offset_bytes":0,"context_id":"36hkmtnl","t_ms":2493.6,"time_origin_ms":1788952439300.295,"ts_ms":1788952441793.9,"stage":"WARM_PREFIX_READY"}
[play-trace] {"message_id":114,"status":"READY","code":null,"context_id":"36hkmtnl","t_ms":2493.8,"time_origin_ms":1788952439300.295,"ts_ms":1788952441794,"stage":"WORKER_PREFETCH_TERMINAL"}
[play-trace] {"message_id":114,"bytes":65536,"offset_bytes":0,"context_id":"36hkmtnl","t_ms":2493.8,"time_origin_ms":1788952439300.295,"ts_ms":1788952441794.1,"stage":"WARM_PREFIX_READY"}

[90mstdout[2m | tests/component-dom/webTransportWorkerScheduler.behavior.test.ts[2m > [22m[2mWorker playback scheduler with pending Telegram transfers[2m > [22m[2mgives a Play outside startup14 foreground priority after physically preempting all startup warm
[22m[39m[play-trace] {"lane":1,"message_id":101,"scheduler":"IDLE","context_id":"36hkmtnl","t_ms":2497.1,"time_origin_ms":1788952439300.295,"ts_ms":1788952441797.4,"stage":"WORKER_PREFETCH_LANE_TAKE"}

[90mstdout[2m | tests/component-dom/webTransportWorkerScheduler.behavior.test.ts[2m > [22m[2mWorker playback scheduler with pending Telegram transfers[2m > [22m[2mgives a Play outside startup14 foreground priority after physically preempting all startup warm
[22m[39m[play-trace] {"lane":2,"message_id":102,"scheduler":"IDLE","context_id":"36hkmtnl","t_ms":2497.6,"time_origin_ms":1788952439300.295,"ts_ms":1788952441797.9,"stage":"WORKER_PREFETCH_LANE_TAKE"}

[90mstdout[2m | tests/component-dom/webTransportWorkerScheduler.behavior.test.ts[2m > [22m[2mWorker playback scheduler with pending Telegram transfers[2m > [22m[2mgives a Play outside startup14 foreground priority after physically preempting all startup warm
[22m[39m[play-trace] {"lane":3,"message_id":103,"scheduler":"IDLE","context_id":"36hkmtnl","t_ms":2500.6,"time_origin_ms":1788952439300.295,"ts_ms":1788952441800.8,"stage":"WORKER_PREFETCH_LANE_TAKE"}

[90mstdout[2m | tests/component-dom/webTransportWorkerScheduler.behavior.test.ts[2m > [22m[2mWorker playback scheduler with pending Telegram transfers[2m > [22m[2mgives a Play outside startup14 foreground priority after physically preempting all startup warm
[22m[39m[play-trace] {"lane":4,"message_id":104,"scheduler":"IDLE","context_id":"36hkmtnl","t_ms":2500.7,"time_origin_ms":1788952439300.295,"ts_ms":1788952441801,"stage":"WORKER_PREFETCH_LANE_TAKE"}

[90mstdout[2m | tests/component-dom/webTransportWorkerScheduler.behavior.test.ts[2m > [22m[2mWorker playback scheduler with pending Telegram transfers[2m > [22m[2mgives a Play outside startup14 foreground priority after physically preempting all startup warm
[22m[39m[play-trace] {"lane":5,"message_id":105,"scheduler":"IDLE","context_id":"36hkmtnl","t_ms":2500.9,"time_origin_ms":1788952439300.295,"ts_ms":1788952441801.2,"stage":"WORKER_PREFETCH_LANE_TAKE"}

[90mstdout[2m | tests/component-dom/webTransportWorkerScheduler.behavior.test.ts[2m > [22m[2mWorker playback scheduler with pending Telegram transfers[2m > [22m[2mgives a Play outside startup14 foreground priority after physically preempting all startup warm
[22m[39m[play-trace] {"lane":6,"message_id":106,"scheduler":"IDLE","context_id":"36hkmtnl","t_ms":2501.1,"time_origin_ms":1788952439300.295,"ts_ms":1788952441801.3,"stage":"WORKER_PREFETCH_LANE_TAKE"}

[90mstdout[2m | tests/component-dom/webTransportWorkerScheduler.behavior.test.ts[2m > [22m[2mWorker playback scheduler with pending Telegram transfers[2m > [22m[2mgives a Play outside startup14 foreground priority after physically preempting all startup warm
[22m[39m[play-trace] {"lane":7,"message_id":107,"scheduler":"IDLE","context_id":"36hkmtnl","t_ms":2501.2,"time_origin_ms":1788952439300.295,"ts_ms":1788952441801.5,"stage":"WORKER_PREFETCH_LANE_TAKE"}

[90mstdout[2m | tests/component-dom/webTransportWorkerScheduler.behavior.test.ts[2m > [22m[2mWorker playback scheduler with pending Telegram transfers[2m > [22m[2mgives a Play outside startup14 foreground priority after physically preempting all startup warm
[22m[39m[play-trace] {"message_id":101,"status":"READY","code":null,"context_id":"36hkmtnl","t_ms":2501.8,"time_origin_ms":1788952439300.295,"ts_ms":1788952441802.1,"stage":"WORKER_PREFETCH_TERMINAL"}
[play-trace] {"message_id":101,"bytes":65536,"offset_bytes":0,"context_id":"36hkmtnl","t_ms":2501.8,"time_origin_ms":1788952439300.295,"ts_ms":1788952441802.1,"stage":"WARM_PREFIX_READY"}
[play-trace] {"message_id":102,"status":"READY","code":null,"context_id":"36hkmtnl","t_ms":2502,"time_origin_ms":1788952439300.295,"ts_ms":1788952441802.3,"stage":"WORKER_PREFETCH_TERMINAL"}
[play-trace] {"message_id":102,"bytes":65536,"offset_bytes":0,"context_id":"36hkmtnl","t_ms":2502,"time_origin_ms":1788952439300.295,"ts_ms":1788952441802.3,"stage":"WARM_PREFIX_READY"}
[play-trace] {"message_id":103,"status":"READY","code":null,"context_id":"36hkmtnl","t_ms":2502.1,"time_origin_ms":1788952439300.295,"ts_ms":1788952441802.4,"stage":"WORKER_PREFETCH_TERMINAL"}
[play-trace] {"message_id":103,"bytes":65536,"offset_bytes":0,"context_id":"36hkmtnl","t_ms":2502.2,"time_origin_ms":1788952439300.295,"ts_ms":1788952441802.5,"stage":"WARM_PREFIX_READY"}
[play-trace] {"message_id":104,"status":"READY","code":null,"context_id":"36hkmtnl","t_ms":2502.4,"time_origin_ms":1788952439300.295,"ts_ms":1788952441802.6,"stage":"WORKER_PREFETCH_TERMINAL"}
[play-trace] {"message_id":104,"bytes":65536,"offset_bytes":0,"context_id":"36hkmtnl","t_ms":2502.4,"time_origin_ms":1788952439300.295,"ts_ms":1788952441802.7,"stage":"WARM_PREFIX_READY"}
[play-trace] {"message_id":105,"status":"READY","code":null,"context_id":"36hkmtnl","t_ms":2502.6,"time_origin_ms":1788952439300.295,"ts_ms":1788952441802.9,"stage":"WORKER_PREFETCH_TERMINAL"}
[play-trace] {"message_id":105,"bytes":65536,"offset_bytes":0,"context_id":"36hkmtnl","t_ms":2502.6,"time_origin_ms":1788952439300.295,"ts_ms":1788952441802.9,"stage":"WARM_PREFIX_READY"}
[play-trace] {"message_id":106,"status":"READY","code":null,"context_id":"36hkmtnl","t_ms":2502.8,"time_origin_ms":1788952439300.295,"ts_ms":1788952441803,"stage":"WORKER_PREFETCH_TERMINAL"}
[play-trace] {"message_id":106,"bytes":65536,"offset_bytes":0,"context_id":"36hkmtnl","t_ms":2502.8,"time_origin_ms":1788952439300.295,"ts_ms":1788952441803.1,"stage":"WARM_PREFIX_READY"}
[play-trace] {"message_id":107,"status":"READY","code":null,"context_id":"36hkmtnl","t_ms":2503,"time_origin_ms":1788952439300.295,"ts_ms":1788952441803.3,"stage":"WORKER_PREFETCH_TERMINAL"}
[play-trace] {"message_id":107,"bytes":65536,"offset_bytes":0,"context_id":"36hkmtnl","t_ms":2503,"time_origin_ms":1788952439300.295,"ts_ms":1788952441803.3,"stage":"WARM_PREFIX_READY"}

[90mstdout[2m | tests/component-dom/webTransportWorkerScheduler.behavior.test.ts[2m > [22m[2mWorker playback scheduler with pending Telegram transfers[2m > [22m[2mgives a Play outside startup14 foreground priority after physically preempting all startup warm
[22m[39m[play-trace] {"count":14,"elapsed_ms":268,"failures":0,"context_id":"36hkmtnl","t_ms":2506.4,"time_origin_ms":1788952439300.295,"ts_ms":1788952441806.7,"stage":"WORKER_PREFETCH_BATCH_DONE"}

[90mstdout[2m | tests/component-dom/webTransportWorkerScheduler.behavior.test.ts[2m > [22m[2mWorker playback scheduler with pending Telegram transfers[2m > [22m[2mpublishes an individual missing target before the rest of its warm batch completes
[22m[39m[play-trace] {"count":2,"prefix_bytes":65536,"lanes":2,"context_id":"36hkmtnl","t_ms":2661,"time_origin_ms":1788952439300.295,"ts_ms":1788952441961.3,"stage":"WARM_BATCH_BEGIN"}
[play-trace] {"count":2,"attempt":1,"context_id":"36hkmtnl","t_ms":2661.1,"time_origin_ms":1788952439300.295,"ts_ms":1788952441961.4,"stage":"WORKER_PLAYBACK_MEDIA_BATCH_RPC"}

[90mstdout[2m | tests/component-dom/webTransportWorkerScheduler.behavior.test.ts[2m > [22m[2mWorker playback scheduler with pending Telegram transfers[2m > [22m[2mpublishes an individual missing target before the rest of its warm batch completes
[22m[39m[play-trace] {"message_id":301,"status":"FAILED","code":"ROUTE_MISSING","context_id":"36hkmtnl","t_ms":2662,"time_origin_ms":1788952439300.295,"ts_ms":1788952441962.3,"stage":"WORKER_PREFETCH_TERMINAL"}

[90mstdout[2m | tests/component-dom/webTransportWorkerScheduler.behavior.test.ts[2m > [22m[2mWorker playback scheduler with pending Telegram transfers[2m > [22m[2mpublishes an individual missing target before the rest of its warm batch completes
[22m[39m[play-trace] {"lane":1,"message_id":302,"scheduler":"IDLE","context_id":"36hkmtnl","t_ms":2662.3,"time_origin_ms":1788952439300.295,"ts_ms":1788952441962.6,"stage":"WORKER_PREFETCH_LANE_TAKE"}

[90mstdout[2m | tests/component-dom/webTransportWorkerScheduler.behavior.test.ts[2m > [22m[2mWorker playback scheduler with pending Telegram transfers[2m > [22m[2mpublishes an individual missing target before the rest of its warm batch completes
[22m[39m[play-trace] {"message_id":302,"status":"READY","code":null,"context_id":"36hkmtnl","t_ms":2711.7,"time_origin_ms":1788952439300.295,"ts_ms":1788952442012,"stage":"WORKER_PREFETCH_TERMINAL"}
[play-trace] {"message_id":302,"bytes":65536,"offset_bytes":0,"context_id":"36hkmtnl","t_ms":2711.7,"time_origin_ms":1788952439300.295,"ts_ms":1788952442012,"stage":"WARM_PREFIX_READY"}

[90mstdout[2m | tests/component-dom/webTransportWorkerScheduler.behavior.test.ts[2m > [22m[2mWorker playback scheduler with pending Telegram transfers[2m > [22m[2mpublishes an individual missing target before the rest of its warm batch completes
[22m[39m[play-trace] {"count":2,"elapsed_ms":52,"failures":1,"context_id":"36hkmtnl","t_ms":2713.2,"time_origin_ms":1788952439300.295,"ts_ms":1788952442013.5,"stage":"WORKER_PREFETCH_BATCH_DONE"}

[90mstdout[2m | tests/component-dom/webTransportWorker.test.ts[2m > [22m[2mGaler Cloud single-file Web Worker[2m > [22m[2mnever turns a missing pinned index into an authoritative empty gallery
[22m[39m[play-trace] {"request_id":"get-index-still-missing","context_id":"ft7wqspy","t_ms":2852.7,"time_origin_ms":1788952439304.759,"ts_ms":1788952442157.5,"stage":"INDEX_BEGIN"}

[90mstdout[2m | tests/component-dom/webTransportWorker.test.ts[2m > [22m[2mGaler Cloud single-file Web Worker[2m > [22m[2mnever turns a missing pinned index into an authoritative empty gallery
[22m[39m[play-trace] {"attempt":5,"error_name":"Error","context_id":"ft7wqspy","t_ms":2853,"time_origin_ms":1788952439304.759,"ts_ms":1788952442157.7,"stage":"WORKER_GET_INDEX_RETRY"}

[90mstdout[2m | tests/component-dom/webTransportWorker.test.ts[2m > [22m[2mGaler Cloud single-file Web Worker[2m > [22m[2mpins one complete replacement index before deleting the previous index
[22m[39m[play-trace] {"request_id":null,"context_id":"ft7wqspy","t_ms":2860.8,"time_origin_ms":1788952439304.759,"ts_ms":1788952442165.6,"stage":"INDEX_BEGIN"}

[90mstdout[2m | tests/component-dom/webTransportWorker.test.ts[2m > [22m[2mGaler Cloud single-file Web Worker[2m > [22m[2mpins one complete replacement index before deleting the previous index
[22m[39m[play-trace] {"elapsed_ms":0,"bytes":117,"request_id":null,"context_id":"ft7wqspy","t_ms":2861.1,"time_origin_ms":1788952439304.759,"ts_ms":1788952442165.8,"stage":"INDEX_DONE"}

[90mstdout[2m | tests/component-dom/webTransportWorkerScheduler.behavior.test.ts[2m > [22m[2mWorker playback scheduler with pending Telegram transfers[2m > [22m[2mnever exceeds the configured seven physical lanes when simultaneous completions release queued work
[22m[39m[play-trace] {"count":21,"prefix_bytes":65536,"lanes":7,"context_id":"36hkmtnl","t_ms":2914.3,"time_origin_ms":1788952439300.295,"ts_ms":1788952442214.6,"stage":"WARM_BATCH_BEGIN"}
[play-trace] {"count":21,"attempt":1,"context_id":"36hkmtnl","t_ms":2914.4,"time_origin_ms":1788952439300.295,"ts_ms":1788952442214.7,"stage":"WORKER_PLAYBACK_MEDIA_BATCH_RPC"}

[90mstdout[2m | tests/component-dom/webTransportWorkerScheduler.behavior.test.ts[2m > [22m[2mWorker playback scheduler with pending Telegram transfers[2m > [22m[2mnever exceeds the configured seven physical lanes when simultaneous completions release queued work
[22m[39m[play-trace] {"lane":1,"message_id":401,"scheduler":"IDLE","context_id":"36hkmtnl","t_ms":2914.9,"time_origin_ms":1788952439300.295,"ts_ms":1788952442215.2,"stage":"WORKER_PREFETCH_LANE_TAKE"}
[play-trace] {"lane":2,"message_id":402,"scheduler":"IDLE","context_id":"36hkmtnl","t_ms":2915,"time_origin_ms":1788952439300.295,"ts_ms":1788952442215.3,"stage":"WORKER_PREFETCH_LANE_TAKE"}
[play-trace] {"lane":3,"message_id":403,"scheduler":"IDLE","context_id":"36hkmtnl","t_ms":2915,"time_origin_ms":1788952439300.295,"ts_ms":1788952442215.3,"stage":"WORKER_PREFETCH_LANE_TAKE"}
[play-trace] {"lane":4,"message_id":404,"scheduler":"IDLE","context_id":"36hkmtnl","t_ms":2915.1,"time_origin_ms":1788952439300.295,"ts_ms":1788952442215.4,"stage":"WORKER_PREFETCH_LANE_TAKE"}
[play-trace] {"lane":5,"message_id":405,"scheduler":"IDLE","context_id":"36hkmtnl","t_ms":2915.1,"time_origin_ms":1788952439300.295,"ts_ms":1788952442215.4,"stage":"WORKER_PREFETCH_LANE_TAKE"}
[play-trace] {"lane":6,"message_id":406,"scheduler":"IDLE","context_id":"36hkmtnl","t_ms":2915.2,"time_origin_ms":1788952439300.295,"ts_ms":1788952442215.4,"stage":"WORKER_PREFETCH_LANE_TAKE"}
[play-trace] {"lane":7,"message_id":407,"scheduler":"IDLE","context_id":"36hkmtnl","t_ms":2915.2,"time_origin_ms":1788952439300.295,"ts_ms":1788952442215.5,"stage":"WORKER_PREFETCH_LANE_TAKE"}

[90mstdout[2m | tests/component-dom/webTransportWorker.test.ts[2m > [22m[2mGaler Cloud single-file Web Worker[2m > [22m[2mallows an identity to disappear only when the replacement carries its tombstone
[22m[39m[play-trace] {"request_id":null,"context_id":"ft7wqspy","t_ms":2912.6,"time_origin_ms":1788952439304.759,"ts_ms":1788952442217.4,"stage":"INDEX_BEGIN"}

[90mstdout[2m | tests/component-dom/webTransportWorker.test.ts[2m > [22m[2mGaler Cloud single-file Web Worker[2m > [22m[2mallows an identity to disappear only when the replacement carries its tombstone
[22m[39m[play-trace] {"elapsed_ms":0,"bytes":117,"request_id":null,"context_id":"ft7wqspy","t_ms":2912.8,"time_origin_ms":1788952439304.759,"ts_ms":1788952442217.6,"stage":"INDEX_DONE"}

[90mstdout[2m | tests/component-dom/webTransportWorkerScheduler.behavior.test.ts[2m > [22m[2mWorker playback scheduler with pending Telegram transfers[2m > [22m[2mnever exceeds the configured seven physical lanes when simultaneous completions release queued work
[22m[39m[play-trace] {"message_id":401,"status":"READY","code":null,"context_id":"36hkmtnl","t_ms":2965.8,"time_origin_ms":1788952439300.295,"ts_ms":1788952442266.1,"stage":"WORKER_PREFETCH_TERMINAL"}
[play-trace] {"message_id":401,"bytes":65536,"offset_bytes":0,"context_id":"36hkmtnl","t_ms":2965.9,"time_origin_ms":1788952439300.295,"ts_ms":1788952442266.2,"stage":"WARM_PREFIX_READY"}
[play-trace] {"message_id":402,"status":"READY","code":null,"context_id":"36hkmtnl","t_ms":2966,"time_origin_ms":1788952439300.295,"ts_ms":1788952442266.3,"stage":"WORKER_PREFETCH_TERMINAL"}
[play-trace] {"message_id":402,"bytes":65536,"offset_bytes":0,"context_id":"36hkmtnl","t_ms":2966,"time_origin_ms":1788952439300.295,"ts_ms":1788952442266.3,"stage":"WARM_PREFIX_READY"}
[play-trace] {"message_id":403,"status":"READY","code":null,"context_id":"36hkmtnl","t_ms":2966.1,"time_origin_ms":1788952439300.295,"ts_ms":1788952442266.4,"stage":"WORKER_PREFETCH_TERMINAL"}
[play-trace] {"message_id":403,"bytes":65536,"offset_bytes":0,"context_id":"36hkmtnl","t_ms":2966.1,"time_origin_ms":1788952439300.295,"ts_ms":1788952442266.4,"stage":"WARM_PREFIX_READY"}
[play-trace] {"message_id":404,"status":"READY","code":null,"context_id":"36hkmtnl","t_ms":2966.3,"time_origin_ms":1788952439300.295,"ts_ms":1788952442266.6,"stage":"WORKER_PREFETCH_TERMINAL"}
[play-trace] {"message_id":404,"bytes":65536,"offset_bytes":0,"context_id":"36hkmtnl","t_ms":2966.3,"time_origin_ms":1788952439300.295,"ts_ms":1788952442266.6,"stage":"WARM_PREFIX_READY"}
[play-trace] {"message_id":405,"status":"READY","code":null,"context_id":"36hkmtnl","t_ms":2966.4,"time_origin_ms":1788952439300.295,"ts_ms":1788952442266.7,"stage":"WORKER_PREFETCH_TERMINAL"}
[play-trace] {"message_id":405,"bytes":65536,"offset_bytes":0,"context_id":"36hkmtnl","t_ms":2966.4,"time_origin_ms":1788952439300.295,"ts_ms":1788952442266.7,"stage":"WARM_PREFIX_READY"}
[play-trace] {"message_id":406,"status":"READY","code":null,"context_id":"36hkmtnl","t_ms":2966.6,"time_origin_ms":1788952439300.295,"ts_ms":1788952442266.8,"stage":"WORKER_PREFETCH_TERMINAL"}
[play-trace] {"message_id":406,"bytes":65536,"offset_bytes":0,"context_id":"36hkmtnl","t_ms":2966.6,"time_origin_ms":1788952439300.295,"ts_ms":1788952442266.9,"stage":"WARM_PREFIX_READY"}
[play-trace] {"message_id":407,"status":"READY","code":null,"context_id":"36hkmtnl","t_ms":2966.7,"time_origin_ms":1788952439300.295,"ts_ms":1788952442267,"stage":"WORKER_PREFETCH_TERMINAL"}
[play-trace] {"message_id":407,"bytes":65536,"offset_bytes":0,"context_id":"36hkmtnl","t_ms":2966.7,"time_origin_ms":1788952439300.295,"ts_ms":1788952442267,"stage":"WARM_PREFIX_READY"}

[90mstdout[2m | tests/component-dom/webTransportWorkerScheduler.behavior.test.ts[2m > [22m[2mWorker playback scheduler with pending Telegram transfers[2m > [22m[2mnever exceeds the configured seven physical lanes when simultaneous completions release queued work
[22m[39m[play-trace] {"lane":1,"message_id":408,"scheduler":"IDLE","context_id":"36hkmtnl","t_ms":2968.2,"time_origin_ms":1788952439300.295,"ts_ms":1788952442268.5,"stage":"WORKER_PREFETCH_LANE_TAKE"}

[90mstdout[2m | tests/component-dom/webTransportWorkerScheduler.behavior.test.ts[2m > [22m[2mWorker playback scheduler with pending Telegram transfers[2m > [22m[2mnever exceeds the configured seven physical lanes when simultaneous completions release queued work
[22m[39m[play-trace] {"lane":2,"message_id":409,"scheduler":"IDLE","context_id":"36hkmtnl","t_ms":2968.4,"time_origin_ms":1788952439300.295,"ts_ms":1788952442268.7,"stage":"WORKER_PREFETCH_LANE_TAKE"}

[90mstdout[2m | tests/component-dom/webTransportWorkerScheduler.behavior.test.ts[2m > [22m[2mWorker playback scheduler with pending Telegram transfers[2m > [22m[2mnever exceeds the configured seven physical lanes when simultaneous completions release queued work
[22m[39m[play-trace] {"lane":3,"message_id":410,"scheduler":"IDLE","context_id":"36hkmtnl","t_ms":2968.6,"time_origin_ms":1788952439300.295,"ts_ms":1788952442268.9,"stage":"WORKER_PREFETCH_LANE_TAKE"}

[90mstdout[2m | tests/component-dom/webTransportWorkerScheduler.behavior.test.ts[2m > [22m[2mWorker playback scheduler with pending Telegram transfers[2m > [22m[2mnever exceeds the configured seven physical lanes when simultaneous completions release queued work
[22m[39m[play-trace] {"lane":4,"message_id":411,"scheduler":"IDLE","context_id":"36hkmtnl","t_ms":2968.7,"time_origin_ms":1788952439300.295,"ts_ms":1788952442269,"stage":"WORKER_PREFETCH_LANE_TAKE"}

[90mstdout[2m | tests/component-dom/webTransportWorkerScheduler.behavior.test.ts[2m > [22m[2mWorker playback scheduler with pending Telegram transfers[2m > [22m[2mnever exceeds the configured seven physical lanes when simultaneous completions release queued work
[22m[39m[play-trace] {"lane":5,"message_id":412,"scheduler":"IDLE","context_id":"36hkmtnl","t_ms":2968.9,"time_origin_ms":1788952439300.295,"ts_ms":1788952442269.2,"stage":"WORKER_PREFETCH_LANE_TAKE"}

[90mstdout[2m | tests/component-dom/webTransportWorkerScheduler.behavior.test.ts[2m > [22m[2mWorker playback scheduler with pending Telegram transfers[2m > [22m[2mnever exceeds the configured seven physical lanes when simultaneous completions release queued work
[22m[39m[play-trace] {"lane":6,"message_id":413,"scheduler":"IDLE","context_id":"36hkmtnl","t_ms":2969,"time_origin_ms":1788952439300.295,"ts_ms":1788952442269.3,"stage":"WORKER_PREFETCH_LANE_TAKE"}

[90mstdout[2m | tests/component-dom/webTransportWorkerScheduler.behavior.test.ts[2m > [22m[2mWorker playback scheduler with pending Telegram transfers[2m > [22m[2mnever exceeds the configured seven physical lanes when simultaneous completions release queued work
[22m[39m[play-trace] {"lane":7,"message_id":414,"scheduler":"IDLE","context_id":"36hkmtnl","t_ms":2969.1,"time_origin_ms":1788952439300.295,"ts_ms":1788952442269.4,"stage":"WORKER_PREFETCH_LANE_TAKE"}

[90mstdout[2m | tests/component-dom/webTransportWorkerScheduler.behavior.test.ts[2m > [22m[2mWorker playback scheduler with pending Telegram transfers[2m > [22m[2mnever exceeds the configured seven physical lanes when simultaneous completions release queued work
[22m[39m[play-trace] {"message_id":408,"status":"READY","code":null,"context_id":"36hkmtnl","t_ms":2969.7,"time_origin_ms":1788952439300.295,"ts_ms":1788952442270,"stage":"WORKER_PREFETCH_TERMINAL"}
[play-trace] {"message_id":408,"bytes":65536,"offset_bytes":0,"context_id":"36hkmtnl","t_ms":2969.8,"time_origin_ms":1788952439300.295,"ts_ms":1788952442270.1,"stage":"WARM_PREFIX_READY"}
[play-trace] {"message_id":409,"status":"READY","code":null,"context_id":"36hkmtnl","t_ms":2969.9,"time_origin_ms":1788952439300.295,"ts_ms":1788952442270.2,"stage":"WORKER_PREFETCH_TERMINAL"}
[play-trace] {"message_id":409,"bytes":65536,"offset_bytes":0,"context_id":"36hkmtnl","t_ms":2970,"time_origin_ms":1788952439300.295,"ts_ms":1788952442270.3,"stage":"WARM_PREFIX_READY"}
[play-trace] {"message_id":410,"status":"READY","code":null,"context_id":"36hkmtnl","t_ms":2970.1,"time_origin_ms":1788952439300.295,"ts_ms":1788952442270.4,"stage":"WORKER_PREFETCH_TERMINAL"}
[play-trace] {"message_id":410,"bytes":65536,"offset_bytes":0,"context_id":"36hkmtnl","t_ms":2970.2,"time_origin_ms":1788952439300.295,"ts_ms":1788952442270.5,"stage":"WARM_PREFIX_READY"}
[play-trace] {"message_id":411,"status":"READY","code":null,"context_id":"36hkmtnl","t_ms":2970.7,"time_origin_ms":1788952439300.295,"ts_ms":1788952442271,"stage":"WORKER_PREFETCH_TERMINAL"}
[play-trace] {"message_id":411,"bytes":65536,"offset_bytes":0,"context_id":"36hkmtnl","t_ms":2970.8,"time_origin_ms":1788952439300.295,"ts_ms":1788952442271.1,"stage":"WARM_PREFIX_READY"}
[play-trace] {"message_id":412,"status":"READY","code":null,"context_id":"36hkmtnl","t_ms":2970.9,"time_origin_ms":1788952439300.295,"ts_ms":1788952442271.2,"stage":"WORKER_PREFETCH_TERMINAL"}
[play-trace] {"message_id":412,"bytes":65536,"offset_bytes":0,"context_id":"36hkmtnl","t_ms":2970.9,"time_origin_ms":1788952439300.295,"ts_ms":1788952442271.2,"stage":"WARM_PREFIX_READY"}
[play-trace] {"message_id":413,"status":"READY","code":null,"context_id":"36hkmtnl","t_ms":2971.1,"time_origin_ms":1788952439300.295,"ts_ms":1788952442271.4,"stage":"WORKER_PREFETCH_TERMINAL"}
[play-trace] {"message_id":413,"bytes":65536,"offset_bytes":0,"context_id":"36hkmtnl","t_ms":2971.1,"time_origin_ms":1788952439300.295,"ts_ms":1788952442271.4,"stage":"WARM_PREFIX_READY"}
[play-trace] {"message_id":414,"status":"READY","code":null,"context_id":"36hkmtnl","t_ms":2971.3,"time_origin_ms":1788952439300.295,"ts_ms":1788952442271.6,"stage":"WORKER_PREFETCH_TERMINAL"}
[play-trace] {"message_id":414,"bytes":65536,"offset_bytes":0,"context_id":"36hkmtnl","t_ms":2971.3,"time_origin_ms":1788952439300.295,"ts_ms":1788952442271.6,"stage":"WARM_PREFIX_READY"}

[90mstdout[2m | tests/component-dom/webTransportWorkerScheduler.behavior.test.ts[2m > [22m[2mWorker playback scheduler with pending Telegram transfers[2m > [22m[2mnever exceeds the configured seven physical lanes when simultaneous completions release queued work
[22m[39m[play-trace] {"lane":1,"message_id":415,"scheduler":"IDLE","context_id":"36hkmtnl","t_ms":2971.6,"time_origin_ms":1788952439300.295,"ts_ms":1788952442271.9,"stage":"WORKER_PREFETCH_LANE_TAKE"}

[90mstdout[2m | tests/component-dom/webTransportWorkerScheduler.behavior.test.ts[2m > [22m[2mWorker playback scheduler with pending Telegram transfers[2m > [22m[2mnever exceeds the configured seven physical lanes when simultaneous completions release queued work
[22m[39m[play-trace] {"lane":2,"message_id":416,"scheduler":"IDLE","context_id":"36hkmtnl","t_ms":2971.8,"time_origin_ms":1788952439300.295,"ts_ms":1788952442272,"stage":"WORKER_PREFETCH_LANE_TAKE"}

[90mstdout[2m | tests/component-dom/webTransportWorkerScheduler.behavior.test.ts[2m > [22m[2mWorker playback scheduler with pending Telegram transfers[2m > [22m[2mnever exceeds the configured seven physical lanes when simultaneous completions release queued work
[22m[39m[play-trace] {"lane":3,"message_id":417,"scheduler":"IDLE","context_id":"36hkmtnl","t_ms":2971.9,"time_origin_ms":1788952439300.295,"ts_ms":1788952442272.2,"stage":"WORKER_PREFETCH_LANE_TAKE"}

[90mstdout[2m | tests/component-dom/webTransportWorkerScheduler.behavior.test.ts[2m > [22m[2mWorker playback scheduler with pending Telegram transfers[2m > [22m[2mnever exceeds the configured seven physical lanes when simultaneous completions release queued work
[22m[39m[play-trace] {"lane":4,"message_id":418,"scheduler":"IDLE","context_id":"36hkmtnl","t_ms":2972,"time_origin_ms":1788952439300.295,"ts_ms":1788952442272.3,"stage":"WORKER_PREFETCH_LANE_TAKE"}

[90mstdout[2m | tests/component-dom/webTransportWorkerScheduler.behavior.test.ts[2m > [22m[2mWorker playback scheduler with pending Telegram transfers[2m > [22m[2mnever exceeds the configured seven physical lanes when simultaneous completions release queued work
[22m[39m[play-trace] {"lane":5,"message_id":419,"scheduler":"IDLE","context_id":"36hkmtnl","t_ms":2972.1,"time_origin_ms":1788952439300.295,"ts_ms":1788952442272.4,"stage":"WORKER_PREFETCH_LANE_TAKE"}

[90mstdout[2m | tests/component-dom/webTransportWorkerScheduler.behavior.test.ts[2m > [22m[2mWorker playback scheduler with pending Telegram transfers[2m > [22m[2mnever exceeds the configured seven physical lanes when simultaneous completions release queued work
[22m[39m[play-trace] {"lane":6,"message_id":420,"scheduler":"IDLE","context_id":"36hkmtnl","t_ms":2972.2,"time_origin_ms":1788952439300.295,"ts_ms":1788952442272.5,"stage":"WORKER_PREFETCH_LANE_TAKE"}

[90mstdout[2m | tests/component-dom/webTransportWorkerScheduler.behavior.test.ts[2m > [22m[2mWorker playback scheduler with pending Telegram transfers[2m > [22m[2mnever exceeds the configured seven physical lanes when simultaneous completions release queued work
[22m[39m[play-trace] {"lane":7,"message_id":421,"scheduler":"IDLE","context_id":"36hkmtnl","t_ms":2972.3,"time_origin_ms":1788952439300.295,"ts_ms":1788952442272.6,"stage":"WORKER_PREFETCH_LANE_TAKE"}

[90mstdout[2m | tests/component-dom/webTransportWorkerScheduler.behavior.test.ts[2m > [22m[2mWorker playback scheduler with pending Telegram transfers[2m > [22m[2mnever exceeds the configured seven physical lanes when simultaneous completions release queued work
[22m[39m[play-trace] {"message_id":415,"status":"READY","code":null,"context_id":"36hkmtnl","t_ms":2973.9,"time_origin_ms":1788952439300.295,"ts_ms":1788952442274.2,"stage":"WORKER_PREFETCH_TERMINAL"}
[play-trace] {"message_id":415,"bytes":65536,"offset_bytes":0,"context_id":"36hkmtnl","t_ms":2973.9,"time_origin_ms":1788952439300.295,"ts_ms":1788952442274.2,"stage":"WARM_PREFIX_READY"}
[play-trace] {"message_id":416,"status":"READY","code":null,"context_id":"36hkmtnl","t_ms":2974.1,"time_origin_ms":1788952439300.295,"ts_ms":1788952442274.4,"stage":"WORKER_PREFETCH_TERMINAL"}
[play-trace] {"message_id":416,"bytes":65536,"offset_bytes":0,"context_id":"36hkmtnl","t_ms":2974.1,"time_origin_ms":1788952439300.295,"ts_ms":1788952442274.4,"stage":"WARM_PREFIX_READY"}
[play-trace] {"message_id":417,"status":"READY","code":null,"context_id":"36hkmtnl","t_ms":2974.2,"time_origin_ms":1788952439300.295,"ts_ms":1788952442274.5,"stage":"WORKER_PREFETCH_TERMINAL"}
[play-trace] {"message_id":417,"bytes":65536,"offset_bytes":0,"context_id":"36hkmtnl","t_ms":2974.2,"time_origin_ms":1788952439300.295,"ts_ms":1788952442274.5,"stage":"WARM_PREFIX_READY"}
[play-trace] {"message_id":418,"status":"READY","code":null,"context_id":"36hkmtnl","t_ms":2974.4,"time_origin_ms":1788952439300.295,"ts_ms":1788952442274.7,"stage":"WORKER_PREFETCH_TERMINAL"}
[play-trace] {"message_id":418,"bytes":65536,"offset_bytes":0,"context_id":"36hkmtnl","t_ms":2974.4,"time_origin_ms":1788952439300.295,"ts_ms":1788952442274.7,"stage":"WARM_PREFIX_READY"}
[play-trace] {"message_id":419,"status":"READY","code":null,"context_id":"36hkmtnl","t_ms":2974.5,"time_origin_ms":1788952439300.295,"ts_ms":1788952442274.8,"stage":"WORKER_PREFETCH_TERMINAL"}
[play-trace] {"message_id":419,"bytes":65536,"offset_bytes":0,"context_id":"36hkmtnl","t_ms":2974.6,"time_origin_ms":1788952439300.295,"ts_ms":1788952442274.9,"stage":"WARM_PREFIX_READY"}
[play-trace] {"message_id":420,"status":"READY","code":null,"context_id":"36hkmtnl","t_ms":2974.7,"time_origin_ms":1788952439300.295,"ts_ms":1788952442275,"stage":"WORKER_PREFETCH_TERMINAL"}
[play-trace] {"message_id":420,"bytes":65536,"offset_bytes":0,"context_id":"36hkmtnl","t_ms":2974.7,"time_origin_ms":1788952439300.295,"ts_ms":1788952442275,"stage":"WARM_PREFIX_READY"}
[play-trace] {"message_id":421,"status":"READY","code":null,"context_id":"36hkmtnl","t_ms":2974.9,"time_origin_ms":1788952439300.295,"ts_ms":1788952442275.2,"stage":"WORKER_PREFETCH_TERMINAL"}
[play-trace] {"message_id":421,"bytes":65536,"offset_bytes":0,"context_id":"36hkmtnl","t_ms":2974.9,"time_origin_ms":1788952439300.295,"ts_ms":1788952442275.2,"stage":"WARM_PREFIX_READY"}

[90mstdout[2m | tests/component-dom/webTransportWorkerScheduler.behavior.test.ts[2m > [22m[2mWorker playback scheduler with pending Telegram transfers[2m > [22m[2mnever exceeds the configured seven physical lanes when simultaneous completions release queued work
[22m[39m[play-trace] {"count":21,"elapsed_ms":65,"failures":0,"context_id":"36hkmtnl","t_ms":2979,"time_origin_ms":1788952439300.295,"ts_ms":1788952442279.3,"stage":"WORKER_PREFETCH_BATCH_DONE"}

[90mstdout[2m | tests/component-dom/webPlaybackRouteRecovery.behavior.test.ts[2m > [22m[2mWeb stale playback route recovery[2m > [22m[2mreconciles 1500 missing to 1900 and performs exactly one current-intent retry
[22m[39m[play-trace] {"beat_id":"beat-x","message_id":1500,"mime_type":"audio/mpeg","intent_id":1,"context_id":"rkjzislf","t_ms":681.2,"time_origin_ms":1788952441631.656,"ts_ms":1788952442312.9,"stage":"ADAPTER_PREPARE_ENTER"}
[play-trace] {"span_id":1,"context_id":"rkjzislf","t_ms":681.9,"time_origin_ms":1788952441631.656,"ts_ms":1788952442313.6,"stage":"DIRECT_CODE_IMPORT_BEGIN"}

[90mstdout[2m | tests/component-dom/webPlaybackRouteRecovery.behavior.test.ts[2m > [22m[2mWeb stale playback route recovery[2m > [22m[2mreconciles 1500 missing to 1900 and performs exactly one current-intent retry
[22m[39m[play-trace] {"span_id":1,"elapsed_ms":0.6,"context_id":"rkjzislf","t_ms":682.6,"time_origin_ms":1788952441631.656,"ts_ms":1788952442314.2,"stage":"DIRECT_CODE_IMPORT_DONE"}

[90mstdout[2m | tests/component-dom/webPlaybackRouteRecovery.behavior.test.ts[2m > [22m[2mWeb stale playback route recovery[2m > [22m[2mreconciles 1500 missing to 1900 and performs exactly one current-intent retry
[22m[39m[play-trace] {"beat_id":"beat-x","intent_id":1,"context_id":"rkjzislf","t_ms":683.1,"time_origin_ms":1788952441631.656,"ts_ms":1788952442314.7,"stage":"ADAPTER_SOURCE_MANAGER_READY"}

[90mstdout[2m | tests/component-dom/webPlaybackRouteRecovery.behavior.test.ts[2m > [22m[2mWeb stale playback route recovery[2m > [22m[2mreconciles 1500 missing to 1900 and performs exactly one current-intent retry
[22m[39m[play-trace] {"beat_id":"beat-x","message_id":1500,"context_id":"rkjzislf","t_ms":683.8,"time_origin_ms":1788952441631.656,"ts_ms":1788952442315.5,"stage":"PLAY_ROUTE_SUSPECT"}

[90mstdout[2m | tests/component-dom/webPlaybackRouteRecovery.behavior.test.ts[2m > [22m[2mWeb stale playback route recovery[2m > [22m[2mreconciles 1500 missing to 1900 and performs exactly one current-intent retry
[22m[39m[web/library-window] playback-route-recovery offset=0 materialized=1/1 max=1 avoided=0 ratio=1.0000
[play-trace] {"beat_id":"beat-x","failed_message_id":1500,"repaired_message_id":1900,"context_id":"rkjzislf","t_ms":685.2,"time_origin_ms":1788952441631.656,"ts_ms":1788952442316.9,"stage":"PLAY_ROUTE_RECOVERED"}

[90mstdout[2m | tests/component-dom/webPlaybackRouteRecovery.behavior.test.ts[2m > [22m[2mWeb stale playback route recovery[2m > [22m[2mreconciles 1500 missing to 1900 and performs exactly one current-intent retry
[22m[39m[play-trace] {"beat_id":"beat-x","intent_id":1,"failed_message_id":1500,"repaired_message_id":1900,"context_id":"rkjzislf","t_ms":685.4,"time_origin_ms":1788952441631.656,"ts_ms":1788952442317.1,"stage":"ADAPTER_PREPARE_ROUTE_RETRY_READY"}

[90mstdout[2m | tests/component-dom/webPlaybackRouteRecovery.behavior.test.ts[2m > [22m[2mWeb stale playback route recovery[2m > [22m[2mrecovers one async continuation route failure and publishes the repaired URL
[22m[39m[play-trace] {"beat_id":"beat-x","message_id":1500,"mime_type":"audio/mpeg","intent_id":1,"context_id":"05xr2esc","t_ms":695.1,"time_origin_ms":1788952441631.656,"ts_ms":1788952442326.7,"stage":"ADAPTER_PREPARE_ENTER"}
[play-trace] {"span_id":1,"context_id":"05xr2esc","t_ms":695.5,"time_origin_ms":1788952441631.656,"ts_ms":1788952442327.1,"stage":"DIRECT_CODE_IMPORT_BEGIN"}

[90mstdout[2m | tests/component-dom/webPlaybackRouteRecovery.behavior.test.ts[2m > [22m[2mWeb stale playback route recovery[2m > [22m[2mrecovers one async continuation route failure and publishes the repaired URL
[22m[39m[play-trace] {"span_id":1,"elapsed_ms":0.5,"context_id":"05xr2esc","t_ms":695.9,"time_origin_ms":1788952441631.656,"ts_ms":1788952442327.6,"stage":"DIRECT_CODE_IMPORT_DONE"}

[90mstdout[2m | tests/component-dom/webPlaybackRouteRecovery.behavior.test.ts[2m > [22m[2mWeb stale playback route recovery[2m > [22m[2mrecovers one async continuation route failure and publishes the repaired URL
[22m[39m[play-trace] {"beat_id":"beat-x","intent_id":1,"context_id":"05xr2esc","t_ms":696.2,"time_origin_ms":1788952441631.656,"ts_ms":1788952442327.9,"stage":"ADAPTER_SOURCE_MANAGER_READY"}

[90mstdout[2m | tests/component-dom/webPlaybackRouteRecovery.behavior.test.ts[2m > [22m[2mWeb stale playback route recovery[2m > [22m[2mrecovers one async continuation route failure and publishes the repaired URL
[22m[39m[play-trace] {"beat_id":"beat-x","intent_id":1,"current":true,"context_id":"05xr2esc","t_ms":696.4,"time_origin_ms":1788952441631.656,"ts_ms":1788952442328.1,"stage":"ADAPTER_PREPARE_READY"}

[90mstdout[2m | tests/component-dom/webPlaybackRouteRecovery.behavior.test.ts[2m > [22m[2mWeb stale playback route recovery[2m > [22m[2mrecovers one async continuation route failure and publishes the repaired URL
[22m[39m[play-trace] {"beat_id":"beat-x","message_id":1500,"context_id":"05xr2esc","t_ms":697.5,"time_origin_ms":1788952441631.656,"ts_ms":1788952442329.1,"stage":"PLAY_ROUTE_SUSPECT"}

[90mstdout[2m | tests/component-dom/webPlaybackRouteRecovery.behavior.test.ts[2m > [22m[2mWeb stale playback route recovery[2m > [22m[2mrecovers one async continuation route failure and publishes the repaired URL
[22m[39m[web/library-window] playback-route-recovery offset=0 materialized=1/1 max=1 avoided=0 ratio=1.0000
[play-trace] {"beat_id":"beat-x","failed_message_id":1500,"repaired_message_id":1900,"context_id":"05xr2esc","t_ms":698,"time_origin_ms":1788952441631.656,"ts_ms":1788952442329.6,"stage":"PLAY_ROUTE_RECOVERED"}

[90mstdout[2m | tests/component-dom/webPlaybackRouteRecovery.behavior.test.ts[2m > [22m[2mWeb stale playback route recovery[2m > [22m[2mrecovers one async continuation route failure and publishes the repaired URL
[22m[39m[play-trace] {"beat_id":"beat-x","intent_id":1,"failed_message_id":1500,"repaired_message_id":1900,"context_id":"05xr2esc","t_ms":698.1,"time_origin_ms":1788952441631.656,"ts_ms":1788952442329.7,"stage":"ADAPTER_STREAM_ROUTE_RETRY_READY"}

[90mstdout[2m | tests/component-dom/webPlaybackRouteRecovery.behavior.test.ts[2m > [22m[2mWeb stale playback route recovery[2m > [22m[2mconsumes the async route retry once and never loops after the repaired stream also fails
[22m[39m[play-trace] {"beat_id":"beat-x","message_id":1500,"mime_type":"audio/mpeg","intent_id":1,"context_id":"lp3r7x2o","t_ms":705.1,"time_origin_ms":1788952441631.656,"ts_ms":1788952442336.7,"stage":"ADAPTER_PREPARE_ENTER"}
[play-trace] {"span_id":1,"context_id":"lp3r7x2o","t_ms":705.2,"time_origin_ms":1788952441631.656,"ts_ms":1788952442336.8,"stage":"DIRECT_CODE_IMPORT_BEGIN"}

[90mstdout[2m | tests/component-dom/webPlaybackRouteRecovery.behavior.test.ts[2m > [22m[2mWeb stale playback route recovery[2m > [22m[2mconsumes the async route retry once and never loops after the repaired stream also fails
[22m[39m[play-trace] {"span_id":1,"elapsed_ms":0.1,"context_id":"lp3r7x2o","t_ms":705.3,"time_origin_ms":1788952441631.656,"ts_ms":1788952442337,"stage":"DIRECT_CODE_IMPORT_DONE"}

[90mstdout[2m | tests/component-dom/webPlaybackRouteRecovery.behavior.test.ts[2m > [22m[2mWeb stale playback route recovery[2m > [22m[2mconsumes the async route retry once and never loops after the repaired stream also fails
[22m[39m[play-trace] {"beat_id":"beat-x","intent_id":1,"context_id":"lp3r7x2o","t_ms":705.5,"time_origin_ms":1788952441631.656,"ts_ms":1788952442337.1,"stage":"ADAPTER_SOURCE_MANAGER_READY"}

[90mstdout[2m | tests/component-dom/webPlaybackRouteRecovery.behavior.test.ts[2m > [22m[2mWeb stale playback route recovery[2m > [22m[2mconsumes the async route retry once and never loops after the repaired stream also fails
[22m[39m[play-trace] {"beat_id":"beat-x","intent_id":1,"current":true,"context_id":"lp3r7x2o","t_ms":705.6,"time_origin_ms":1788952441631.656,"ts_ms":1788952442337.2,"stage":"ADAPTER_PREPARE_READY"}

[90mstdout[2m | tests/component-dom/webPlaybackRouteRecovery.behavior.test.ts[2m > [22m[2mWeb stale playback route recovery[2m > [22m[2mconsumes the async route retry once and never loops after the repaired stream also fails
[22m[39m[play-trace] {"beat_id":"beat-x","message_id":1500,"context_id":"lp3r7x2o","t_ms":707.3,"time_origin_ms":1788952441631.656,"ts_ms":1788952442338.9,"stage":"PLAY_ROUTE_SUSPECT"}

[90mstdout[2m | tests/component-dom/webPlaybackRouteRecovery.behavior.test.ts[2m > [22m[2mWeb stale playback route recovery[2m > [22m[2mconsumes the async route retry once and never loops after the repaired stream also fails
[22m[39m[web/library-window] playback-route-recovery offset=0 materialized=1/1 max=1 avoided=0 ratio=1.0000
[play-trace] {"beat_id":"beat-x","failed_message_id":1500,"repaired_message_id":1900,"context_id":"lp3r7x2o","t_ms":707.8,"time_origin_ms":1788952441631.656,"ts_ms":1788952442339.4,"stage":"PLAY_ROUTE_RECOVERED"}

[90mstdout[2m | tests/component-dom/webPlaybackRouteRecovery.behavior.test.ts[2m > [22m[2mWeb stale playback route recovery[2m > [22m[2mconsumes the async route retry once and never loops after the repaired stream also fails
[22m[39m[play-trace] {"beat_id":"beat-x","intent_id":1,"failed_message_id":1500,"repaired_message_id":1900,"context_id":"lp3r7x2o","t_ms":707.9,"time_origin_ms":1788952441631.656,"ts_ms":1788952442339.6,"stage":"ADAPTER_STREAM_ROUTE_RETRY_READY"}

[90mstdout[2m | tests/component-dom/webTransportWorker.test.ts[2m > [22m[2mGaler Cloud single-file Web Worker[2m > [22m[2mstreams MASTER chunks progressively from one authorized message
[22m[39m[play-trace] {"message_id":701,"context_id":"ft7wqspy","t_ms":3066.9,"time_origin_ms":1788952439304.759,"ts_ms":1788952442371.7,"stage":"WORKER_PLAYBACK_MEDIA_CACHE_MISS"}
[play-trace] {"count":1,"attempt":1,"context_id":"ft7wqspy","t_ms":3067.2,"time_origin_ms":1788952439304.759,"ts_ms":1788952442372,"stage":"WORKER_PLAYBACK_MEDIA_BATCH_RPC"}

[90mstdout[2m | tests/component-dom/webTransportWorker.test.ts[2m > [22m[2mGaler Cloud single-file Web Worker[2m > [22m[2mstreams MASTER chunks progressively from one authorized message
[22m[39m[play-trace] {"message_id":701,"offset_bytes":0,"context_id":"ft7wqspy","t_ms":3067.9,"time_origin_ms":1788952439304.759,"ts_ms":1788952442372.7,"stage":"PLAY_STREAM_BEGIN"}

[90mstdout[2m | tests/component-dom/webTransportWorker.test.ts[2m > [22m[2mGaler Cloud single-file Web Worker[2m > [22m[2mstreams MASTER chunks progressively from one authorized message
[22m[39m[play-trace] {"elapsed_ms":1,"bytes":2,"offset_bytes":0,"context_id":"ft7wqspy","t_ms":3068.2,"time_origin_ms":1788952439304.759,"ts_ms":1788952442372.9,"stage":"PLAY_STREAM_FIRST_CHUNK"}

[90mstdout[2m | tests/component-dom/webPlaybackRouteRecovery.behavior.test.ts[2m > [22m[2mWeb stale playback route recovery[2m > [22m[2mkeeps an unchanged authoritative route instead of deleting it when reconcile cannot repair it
[22m[39m[play-trace] {"beat_id":"beat-x","message_id":1500,"mime_type":"audio/mpeg","intent_id":1,"context_id":"nguq0vdg","t_ms":763.5,"time_origin_ms":1788952441631.656,"ts_ms":1788952442395.1,"stage":"ADAPTER_PREPARE_ENTER"}
[play-trace] {"span_id":1,"context_id":"nguq0vdg","t_ms":763.5,"time_origin_ms":1788952441631.656,"ts_ms":1788952442395.2,"stage":"DIRECT_CODE_IMPORT_BEGIN"}

[90mstdout[2m | tests/component-dom/webPlaybackRouteRecovery.behavior.test.ts[2m > [22m[2mWeb stale playback route recovery[2m > [22m[2mkeeps an unchanged authoritative route instead of deleting it when reconcile cannot repair it
[22m[39m[play-trace] {"span_id":1,"elapsed_ms":0.2,"context_id":"nguq0vdg","t_ms":763.7,"time_origin_ms":1788952441631.656,"ts_ms":1788952442395.3,"stage":"DIRECT_CODE_IMPORT_DONE"}

[90mstdout[2m | tests/component-dom/webPlaybackRouteRecovery.behavior.test.ts[2m > [22m[2mWeb stale playback route recovery[2m > [22m[2mkeeps an unchanged authoritative route instead of deleting it when reconcile cannot repair it
[22m[39m[play-trace] {"beat_id":"beat-x","intent_id":1,"context_id":"nguq0vdg","t_ms":763.8,"time_origin_ms":1788952441631.656,"ts_ms":1788952442395.4,"stage":"ADAPTER_SOURCE_MANAGER_READY"}

[90mstdout[2m | tests/component-dom/webPlaybackRouteRecovery.behavior.test.ts[2m > [22m[2mWeb stale playback route recovery[2m > [22m[2mkeeps an unchanged authoritative route instead of deleting it when reconcile cannot repair it
[22m[39m[play-trace] {"beat_id":"beat-x","message_id":1500,"context_id":"nguq0vdg","t_ms":764,"time_origin_ms":1788952441631.656,"ts_ms":1788952442395.6,"stage":"PLAY_ROUTE_SUSPECT"}

[90mstdout[2m | tests/component-dom/webPlaybackRouteRecovery.behavior.test.ts[2m > [22m[2mWeb stale playback route recovery[2m > [22m[2mkeeps an unchanged authoritative route instead of deleting it when reconcile cannot repair it
[22m[39m[web/library-window] playback-route-recovery offset=0 materialized=1/1 max=1 avoided=0 ratio=1.0000
[play-trace] {"beat_id":"beat-x","failed_message_id":1500,"repaired_message_id":1500,"context_id":"nguq0vdg","t_ms":764.4,"time_origin_ms":1788952441631.656,"ts_ms":1788952442396.1,"stage":"PLAY_ROUTE_RECOVERY_FAILED"}

[90mstdout[2m | tests/component-dom/webPlaybackRouteRecovery.behavior.test.ts[2m > [22m[2mWeb stale playback route recovery[2m > [22m[2mremoves an authoritatively deleted beat and never loops or retries the stale route
[22m[39m[play-trace] {"beat_id":"beat-x","message_id":1500,"mime_type":"audio/mpeg","intent_id":1,"context_id":"hgu6i6q7","t_ms":770.7,"time_origin_ms":1788952441631.656,"ts_ms":1788952442402.3,"stage":"ADAPTER_PREPARE_ENTER"}
[play-trace] {"span_id":1,"context_id":"hgu6i6q7","t_ms":770.7,"time_origin_ms":1788952441631.656,"ts_ms":1788952442402.4,"stage":"DIRECT_CODE_IMPORT_BEGIN"}

[90mstdout[2m | tests/component-dom/webPlaybackRouteRecovery.behavior.test.ts[2m > [22m[2mWeb stale playback route recovery[2m > [22m[2mremoves an authoritatively deleted beat and never loops or retries the stale route
[22m[39m[play-trace] {"span_id":1,"elapsed_ms":0.2,"context_id":"hgu6i6q7","t_ms":770.9,"time_origin_ms":1788952441631.656,"ts_ms":1788952442402.6,"stage":"DIRECT_CODE_IMPORT_DONE"}

[90mstdout[2m | tests/component-dom/webPlaybackRouteRecovery.behavior.test.ts[2m > [22m[2mWeb stale playback route recovery[2m > [22m[2mremoves an authoritatively deleted beat and never loops or retries the stale route
[22m[39m[play-trace] {"beat_id":"beat-x","intent_id":1,"context_id":"hgu6i6q7","t_ms":771,"time_origin_ms":1788952441631.656,"ts_ms":1788952442402.7,"stage":"ADAPTER_SOURCE_MANAGER_READY"}

[90mstdout[2m | tests/component-dom/webPlaybackRouteRecovery.behavior.test.ts[2m > [22m[2mWeb stale playback route recovery[2m > [22m[2mremoves an authoritatively deleted beat and never loops or retries the stale route
[22m[39m[play-trace] {"beat_id":"beat-x","message_id":1500,"context_id":"hgu6i6q7","t_ms":771.2,"time_origin_ms":1788952441631.656,"ts_ms":1788952442402.9,"stage":"PLAY_ROUTE_SUSPECT"}

[90mstdout[2m | tests/component-dom/webPlaybackRouteRecovery.behavior.test.ts[2m > [22m[2mWeb stale playback route recovery[2m > [22m[2mremoves an authoritatively deleted beat and never loops or retries the stale route
[22m[39m[web/library-window] playback-route-recovery offset=0 materialized=0/0 max=0 avoided=0 ratio=0.0000
[play-trace] {"beat_id":"beat-x","failed_message_id":1500,"repaired_message_id":null,"context_id":"hgu6i6q7","t_ms":771.6,"time_origin_ms":1788952441631.656,"ts_ms":1788952442403.3,"stage":"PLAY_ROUTE_RECOVERY_FAILED"}

[90mstdout[2m | tests/component-dom/webPlaybackRouteRecovery.behavior.test.ts[2m > [22m[2mWeb stale playback route recovery[2m > [22m[2mdoes not reinterpret a transport failure as a stale route or delete authority
[22m[39m[play-trace] {"beat_id":"beat-x","message_id":1500,"mime_type":"audio/mpeg","intent_id":1,"context_id":"cl8epvjr","t_ms":779.8,"time_origin_ms":1788952441631.656,"ts_ms":1788952442411.4,"stage":"ADAPTER_PREPARE_ENTER"}
[play-trace] {"span_id":1,"context_id":"cl8epvjr","t_ms":779.8,"time_origin_ms":1788952441631.656,"ts_ms":1788952442411.5,"stage":"DIRECT_CODE_IMPORT_BEGIN"}

[90mstdout[2m | tests/component-dom/webPlaybackRouteRecovery.behavior.test.ts[2m > [22m[2mWeb stale playback route recovery[2m > [22m[2mdoes not reinterpret a transport failure as a stale route or delete authority
[22m[39m[play-trace] {"span_id":1,"elapsed_ms":0.2,"context_id":"cl8epvjr","t_ms":780,"time_origin_ms":1788952441631.656,"ts_ms":1788952442411.6,"stage":"DIRECT_CODE_IMPORT_DONE"}

[90mstdout[2m | tests/component-dom/webPlaybackRouteRecovery.behavior.test.ts[2m > [22m[2mWeb stale playback route recovery[2m > [22m[2mdoes not reinterpret a transport failure as a stale route or delete authority
[22m[39m[play-trace] {"beat_id":"beat-x","intent_id":1,"context_id":"cl8epvjr","t_ms":780.1,"time_origin_ms":1788952441631.656,"ts_ms":1788952442411.8,"stage":"ADAPTER_SOURCE_MANAGER_READY"}

[90mstdout[2m | tests/component-dom/webPlaybackRouteRecovery.behavior.test.ts[2m > [22m[2mWeb stale playback route recovery[2m > [22m[2mlets a Y click supersede X while X is reconciling and never performs X's stale retry
[22m[39m[play-trace] {"beat_id":"beat-x","message_id":1500,"mime_type":"audio/mpeg","intent_id":1,"context_id":"nq8y21un","t_ms":786.3,"time_origin_ms":1788952441631.656,"ts_ms":1788952442417.9,"stage":"ADAPTER_PREPARE_ENTER"}
[play-trace] {"span_id":1,"context_id":"nq8y21un","t_ms":786.3,"time_origin_ms":1788952441631.656,"ts_ms":1788952442417.9,"stage":"DIRECT_CODE_IMPORT_BEGIN"}

[90mstdout[2m | tests/component-dom/webPlaybackRouteRecovery.behavior.test.ts[2m > [22m[2mWeb stale playback route recovery[2m > [22m[2mlets a Y click supersede X while X is reconciling and never performs X's stale retry
[22m[39m[play-trace] {"span_id":1,"elapsed_ms":0.3,"context_id":"nq8y21un","t_ms":786.6,"time_origin_ms":1788952441631.656,"ts_ms":1788952442418.3,"stage":"DIRECT_CODE_IMPORT_DONE"}

[90mstdout[2m | tests/component-dom/webPlaybackRouteRecovery.behavior.test.ts[2m > [22m[2mWeb stale playback route recovery[2m > [22m[2mlets a Y click supersede X while X is reconciling and never performs X's stale retry
[22m[39m[play-trace] {"beat_id":"beat-x","intent_id":1,"context_id":"nq8y21un","t_ms":786.7,"time_origin_ms":1788952441631.656,"ts_ms":1788952442418.4,"stage":"ADAPTER_SOURCE_MANAGER_READY"}

[90mstdout[2m | tests/component-dom/webPlaybackRouteRecovery.behavior.test.ts[2m > [22m[2mWeb stale playback route recovery[2m > [22m[2mlets a Y click supersede X while X is reconciling and never performs X's stale retry
[22m[39m[play-trace] {"beat_id":"beat-x","message_id":1500,"context_id":"nq8y21un","t_ms":787,"time_origin_ms":1788952441631.656,"ts_ms":1788952442418.7,"stage":"PLAY_ROUTE_SUSPECT"}

[90mstdout[2m | tests/component-dom/webTransportWorker.test.ts[2m > [22m[2mGaler Cloud single-file Web Worker[2m > [22m[2mstreams non-audio Cloud objects without rewriting their MIME type
[22m[39m[play-trace] {"message_id":702,"context_id":"ft7wqspy","t_ms":3118.4,"time_origin_ms":1788952439304.759,"ts_ms":1788952442423.1,"stage":"WORKER_PLAYBACK_MEDIA_CACHE_MISS"}
[play-trace] {"count":1,"attempt":1,"context_id":"ft7wqspy","t_ms":3118.4,"time_origin_ms":1788952439304.759,"ts_ms":1788952442423.2,"stage":"WORKER_PLAYBACK_MEDIA_BATCH_RPC"}

[90mstdout[2m | tests/component-dom/webTransportWorker.test.ts[2m > [22m[2mGaler Cloud single-file Web Worker[2m > [22m[2mstreams non-audio Cloud objects without rewriting their MIME type
[22m[39m[play-trace] {"message_id":702,"offset_bytes":0,"context_id":"ft7wqspy","t_ms":3118.9,"time_origin_ms":1788952439304.759,"ts_ms":1788952442423.7,"stage":"PLAY_STREAM_BEGIN"}

[90mstdout[2m | tests/component-dom/webTransportWorker.test.ts[2m > [22m[2mGaler Cloud single-file Web Worker[2m > [22m[2mstreams non-audio Cloud objects without rewriting their MIME type
[22m[39m[play-trace] {"elapsed_ms":0,"bytes":2,"offset_bytes":0,"context_id":"ft7wqspy","t_ms":3119.1,"time_origin_ms":1788952439304.759,"ts_ms":1788952442423.8,"stage":"PLAY_STREAM_FIRST_CHUNK"}

[90mstdout[2m | tests/component-dom/webTransportWorkerScheduler.behavior.test.ts[2m > [22m[2mWorker playback scheduler with pending Telegram transfers[2m > [22m[2mrestarts an active INDEX immediately after Play preemption even when focus is released before the abort rejection
[22m[39m[play-trace] {"request_id":"index-play-race","context_id":"36hkmtnl","t_ms":0,"time_origin_ms":1788952442431,"ts_ms":1788952442431,"stage":"INDEX_BEGIN"}

[90mstdout[2m | tests/component-dom/webTransportWorkerScheduler.behavior.test.ts[2m > [22m[2mWorker playback scheduler with pending Telegram transfers[2m > [22m[2mrestarts an active INDEX immediately after Play preemption even when focus is released before the abort rejection
[22m[39m[play-trace] {"request_id":"index-play-race","context_id":"36hkmtnl","t_ms":0,"time_origin_ms":1788952442431,"ts_ms":1788952442431,"stage":"INDEX_PREEMPTED_PLAY"}
[play-trace] {"message_id":777,"aborted":0,"context_id":"36hkmtnl","t_ms":0,"time_origin_ms":1788952442431,"ts_ms":1788952442431,"stage":"PLAY_WARM_PREEMPT_ALL"}

[90mstdout[2m | tests/component-dom/webTransportWorkerScheduler.behavior.test.ts[2m > [22m[2mWorker playback scheduler with pending Telegram transfers[2m > [22m[2mrestarts an active INDEX immediately after Play preemption even when focus is released before the abort rejection
[22m[39m[play-trace] {"lanes":7,"context_id":"36hkmtnl","t_ms":0,"time_origin_ms":1788952442431,"ts_ms":1788952442431,"stage":"WARM_RESUME"}

[90mstdout[2m | tests/component-dom/webTransportWorkerScheduler.behavior.test.ts[2m > [22m[2mWorker playback scheduler with pending Telegram transfers[2m > [22m[2mrestarts an active INDEX immediately after Play preemption even when focus is released before the abort rejection
[22m[39m[play-trace] {"request_id":"index-play-race","context_id":"36hkmtnl","t_ms":0,"time_origin_ms":1788952442431,"ts_ms":1788952442431,"stage":"INDEX_RESUMED"}

[90mstdout[2m | tests/component-dom/webTransportWorkerScheduler.behavior.test.ts[2m > [22m[2mWorker playback scheduler with pending Telegram transfers[2m > [22m[2mrestarts an active INDEX immediately after Play preemption even when focus is released before the abort rejection
[22m[39m[play-trace] {"elapsed_ms":0,"bytes":62,"request_id":"index-play-race","context_id":"36hkmtnl","t_ms":0,"time_origin_ms":1788952442431,"ts_ms":1788952442431,"stage":"INDEX_DONE"}

[90mstdout[2m | tests/component-dom/webPlaybackRouteRecovery.behavior.test.ts[2m > [22m[2mWeb stale playback route recovery[2m > [22m[2mlets a Y click supersede X while X is reconciling and never performs X's stale retry
[22m[39m[play-trace] {"beat_id":"beat-y","message_id":2000,"mime_type":"audio/mpeg","intent_id":2,"context_id":"nq8y21un","t_ms":836.5,"time_origin_ms":1788952441631.656,"ts_ms":1788952442468.2,"stage":"ADAPTER_PREPARE_ENTER"}

[90mstdout[2m | tests/component-dom/webPlaybackRouteRecovery.behavior.test.ts[2m > [22m[2mWeb stale playback route recovery[2m > [22m[2mlets a Y click supersede X while X is reconciling and never performs X's stale retry
[22m[39m[play-trace] {"beat_id":"beat-y","intent_id":2,"context_id":"nq8y21un","t_ms":836.7,"time_origin_ms":1788952441631.656,"ts_ms":1788952442468.4,"stage":"ADAPTER_SOURCE_MANAGER_READY"}

[90mstdout[2m | tests/component-dom/webPlaybackRouteRecovery.behavior.test.ts[2m > [22m[2mWeb stale playback route recovery[2m > [22m[2mlets a Y click supersede X while X is reconciling and never performs X's stale retry
[22m[39m[play-trace] {"beat_id":"beat-y","intent_id":2,"current":true,"context_id":"nq8y21un","t_ms":836.8,"time_origin_ms":1788952441631.656,"ts_ms":1788952442468.5,"stage":"ADAPTER_PREPARE_READY"}

[90mstdout[2m | tests/component-dom/webPlaybackRouteRecovery.behavior.test.ts[2m > [22m[2mWeb stale playback route recovery[2m > [22m[2mlets a Y click supersede X while X is reconciling and never performs X's stale retry
[22m[39m[web/library-window] playback-route-recovery offset=0 materialized=2/2 max=2 avoided=0 ratio=1.0000
[play-trace] {"beat_id":"beat-x","failed_message_id":1500,"repaired_message_id":1900,"context_id":"nq8y21un","t_ms":837.3,"time_origin_ms":1788952441631.656,"ts_ms":1788952442469,"stage":"PLAY_ROUTE_RECOVERED"}

[90mstdout[2m | tests/component-dom/webPlaybackRouteRecovery.behavior.test.ts[2m > [22m[2mWeb stale playback route recovery[2m > [22m[2mlets a Y click supersede X while X is reconciling and never performs X's stale retry
[22m[39m[play-trace] {"beat_id":"beat-x","intent_id":1,"phase":"route_reconcile","context_id":"nq8y21un","t_ms":837.6,"time_origin_ms":1788952441631.656,"ts_ms":1788952442469.2,"stage":"ADAPTER_PREPARE_SUPERSEDED"}

 [32m✓[39m tests/component-dom/webPlaybackRouteRecovery.behavior.test.ts [2m([22m[2m7 tests[22m[2m)[22m[32m 235[2mms[22m[39m
[90mstdout[2m | tests/component-dom/webTransportWorkerScheduler.behavior.test.ts[2m > [22m[2mWorker playback scheduler with pending Telegram transfers[2m > [22m[2maborts active INDEX bytes for WARM and resumes only after the warm transfer settles
[22m[39m[play-trace] {"request_id":"index-warm-race","context_id":"36hkmtnl","t_ms":3286.1,"time_origin_ms":1788952439300.295,"ts_ms":1788952442586.4,"stage":"INDEX_BEGIN"}

 [32m✓[39m tests/component-dom/webTransportWorker.test.ts [2m([22m[2m13 tests[22m[2m)[22m[33m 2247[2mms[22m[39m
   [33m[2m✓[22m[39m Galer Cloud single-file Web Worker[2m > [22mnever turns a missing pinned index into an authoritative empty gallery [33m 1209[2mms[22m[39m
[90mstdout[2m | tests/component-dom/webTransportWorkerScheduler.behavior.test.ts[2m > [22m[2mWorker playback scheduler with pending Telegram transfers[2m > [22m[2maborts active INDEX bytes for WARM and resumes only after the warm transfer settles
[22m[39m[play-trace] {"request_id":"index-warm-race","context_id":"36hkmtnl","t_ms":3339.9,"time_origin_ms":1788952439300.295,"ts_ms":1788952442640.2,"stage":"INDEX_PREEMPTED_WARM"}
[play-trace] {"count":1,"prefix_bytes":65536,"lanes":1,"context_id":"36hkmtnl","t_ms":3340,"time_origin_ms":1788952439300.295,"ts_ms":1788952442640.3,"stage":"WARM_BATCH_BEGIN"}
[play-trace] {"count":1,"attempt":1,"context_id":"36hkmtnl","t_ms":3340,"time_origin_ms":1788952439300.295,"ts_ms":1788952442640.3,"stage":"WORKER_PLAYBACK_MEDIA_BATCH_RPC"}

[90mstdout[2m | tests/component-dom/webTransportWorkerScheduler.behavior.test.ts[2m > [22m[2mWorker playback scheduler with pending Telegram transfers[2m > [22m[2maborts active INDEX bytes for WARM and resumes only after the warm transfer settles
[22m[39m[play-trace] {"lane":1,"message_id":888,"scheduler":"IDLE","context_id":"36hkmtnl","t_ms":3340.5,"time_origin_ms":1788952439300.295,"ts_ms":1788952442640.8,"stage":"WORKER_PREFETCH_LANE_TAKE"}

[90mstdout[2m | tests/component-dom/webTransportWorkerScheduler.behavior.test.ts[2m > [22m[2mWorker playback scheduler with pending Telegram transfers[2m > [22m[2maborts active INDEX bytes for WARM and resumes only after the warm transfer settles
[22m[39m[play-trace] {"message_id":888,"status":"READY","code":null,"context_id":"36hkmtnl","t_ms":3392.6,"time_origin_ms":1788952439300.295,"ts_ms":1788952442692.9,"stage":"WORKER_PREFETCH_TERMINAL"}
[play-trace] {"message_id":888,"bytes":65536,"offset_bytes":0,"context_id":"36hkmtnl","t_ms":3392.7,"time_origin_ms":1788952439300.295,"ts_ms":1788952442693,"stage":"WARM_PREFIX_READY"}

[90mstdout[2m | tests/component-dom/webTransportWorkerScheduler.behavior.test.ts[2m > [22m[2mWorker playback scheduler with pending Telegram transfers[2m > [22m[2maborts active INDEX bytes for WARM and resumes only after the warm transfer settles
[22m[39m[play-trace] {"request_id":"index-warm-race","context_id":"36hkmtnl","t_ms":3392.9,"time_origin_ms":1788952439300.295,"ts_ms":1788952442693.1,"stage":"INDEX_RESUMED"}

[90mstdout[2m | tests/component-dom/webTransportWorkerScheduler.behavior.test.ts[2m > [22m[2mWorker playback scheduler with pending Telegram transfers[2m > [22m[2maborts active INDEX bytes for WARM and resumes only after the warm transfer settles
[22m[39m[play-trace] {"count":1,"elapsed_ms":54,"failures":0,"context_id":"36hkmtnl","t_ms":3394.4,"time_origin_ms":1788952439300.295,"ts_ms":1788952442694.7,"stage":"WORKER_PREFETCH_BATCH_DONE"}

[90mstdout[2m | tests/component-dom/webTransportWorkerScheduler.behavior.test.ts[2m > [22m[2mWorker playback scheduler with pending Telegram transfers[2m > [22m[2maborts active INDEX bytes for WARM and resumes only after the warm transfer settles
[22m[39m[play-trace] {"elapsed_ms":156,"bytes":62,"request_id":"index-warm-race","context_id":"36hkmtnl","t_ms":3442.4,"time_origin_ms":1788952439300.295,"ts_ms":1788952442742.7,"stage":"INDEX_DONE"}

 [32m✓[39m tests/component-dom/webTransportWorkerScheduler.behavior.test.ts [2m([22m[2m7 tests[22m[2m)[22m[33m 2416[2mms[22m[39m
   [33m[2m✓[22m[39m Worker playback scheduler with pending Telegram transfers[2m > [22menforces 7 idle lanes, aborts unrelated warm for queued Play, keeps 0 unrelated critical lanes and resumes exactly 6 when stable [33m 525[2mms[22m[39m
   [33m[2m✓[22m[39m Worker playback scheduler with pending Telegram transfers[2m > [22mkeeps the physically active same-beat warm, aborts the other six lanes, and never restarts offset zero [33m 312[2mms[22m[39m
   [33m[2m✓[22m[39m Worker playback scheduler with pending Telegram transfers[2m > [22mgives a Play outside startup14 foreground priority after physically preempting all startup warm [33m 419[2mms[22m[39m
   [33m[2m✓[22m[39m Worker playback scheduler with pending Telegram transfers[2m > [22maborts active INDEX bytes for WARM and resumes only after the warm transfer settles [33m 358[2mms[22m[39m
[90mstdout[2m | tests/component-dom/webTransportWorkerClient.test.ts[2m > [22m[2mGaler Cloud Web transport bootstrap deadlines[2m > [22m[2mkeeps an INDEX request alive beyond the bootstrap timeout without terminating the Worker
[22m[39m[play-trace] {"context_id":"c85vvuvz","t_ms":0,"time_origin_ms":1788952443880,"ts_ms":1788952443880,"stage":"WORKER_CREATE_BEGIN"}
[play-trace] {"context_id":"c85vvuvz","t_ms":0,"time_origin_ms":1788952443880,"ts_ms":1788952443880,"stage":"WORKER_CREATED"}

[90mstdout[2m | tests/component-dom/webTransportWorkerClient.test.ts[2m > [22m[2mGaler Cloud Web transport bootstrap deadlines[2m > [22m[2mclears the bootstrap deadline when the worker answers
[22m[39m[play-trace] {"context_id":"c85vvuvz","t_ms":0,"time_origin_ms":1788952443892,"ts_ms":1788952443892,"stage":"WORKER_CREATE_BEGIN"}
[play-trace] {"context_id":"c85vvuvz","t_ms":0,"time_origin_ms":1788952443892,"ts_ms":1788952443892,"stage":"WORKER_CREATED"}
[play-trace] {"request_id":"a4802104-1bab-45c2-91ad-c8bcb8925910","operation":"verify","context_id":"c85vvuvz","t_ms":0,"time_origin_ms":1788952443892,"ts_ms":1788952443892,"stage":"WORKER_REQUEST_POSTED"}
[play-trace] {"request_id":"a4802104-1bab-45c2-91ad-c8bcb8925910","operation":"verify","ok":true,"context_id":"c85vvuvz","t_ms":0,"time_origin_ms":1788952443892,"ts_ms":1788952443892,"stage":"WORKER_RESPONSE_RECEIVED"}

[90mstdout[2m | tests/component-dom/webTransportWorkerClient.test.ts[2m > [22m[2mGaler Cloud Web transport bootstrap deadlines[2m > [22m[2muses a fresh worker after an unresponsive bootstrap worker is terminated
[22m[39m[play-trace] {"context_id":"c85vvuvz","t_ms":0,"time_origin_ms":1788952443896,"ts_ms":1788952443896,"stage":"WORKER_CREATE_BEGIN"}
[play-trace] {"context_id":"c85vvuvz","t_ms":0,"time_origin_ms":1788952443896,"ts_ms":1788952443896,"stage":"WORKER_CREATED"}
[play-trace] {"request_id":"d5d7cd16-413d-42eb-b6be-ea3457df548c","operation":"verify","context_id":"c85vvuvz","t_ms":0,"time_origin_ms":1788952443896,"ts_ms":1788952443896,"stage":"WORKER_REQUEST_POSTED"}

[90mstdout[2m | tests/component-dom/webTransportWorkerClient.test.ts[2m > [22m[2mGaler Cloud Web transport bootstrap deadlines[2m > [22m[2muses a fresh worker after an unresponsive bootstrap worker is terminated
[22m[39m[play-trace] {"request_id":"d5d7cd16-413d-42eb-b6be-ea3457df548c","operation":"verify","context_id":"c85vvuvz","t_ms":1000,"time_origin_ms":1788952443896,"ts_ms":1788952444896,"stage":"WORKER_REQUEST_TIMEOUT"}

[90mstdout[2m | tests/component-dom/webTransportWorkerClient.test.ts[2m > [22m[2mGaler Cloud Web transport bootstrap deadlines[2m > [22m[2muses a fresh worker after an unresponsive bootstrap worker is terminated
[22m[39m[play-trace] {"context_id":"c85vvuvz","t_ms":1000,"time_origin_ms":1788952443896,"ts_ms":1788952444896,"stage":"WORKER_CREATE_BEGIN"}
[play-trace] {"context_id":"c85vvuvz","t_ms":1000,"time_origin_ms":1788952443896,"ts_ms":1788952444896,"stage":"WORKER_CREATED"}
[play-trace] {"request_id":"237ae7f7-cd96-4ea3-9b27-e16724878083","operation":"verify","context_id":"c85vvuvz","t_ms":1000,"time_origin_ms":1788952443896,"ts_ms":1788952444896,"stage":"WORKER_REQUEST_POSTED"}
[play-trace] {"request_id":"237ae7f7-cd96-4ea3-9b27-e16724878083","operation":"verify","ok":true,"context_id":"c85vvuvz","t_ms":1000,"time_origin_ms":1788952443896,"ts_ms":1788952444896,"stage":"WORKER_RESPONSE_RECEIVED"}

[90mstdout[2m | tests/component-dom/webTransportWorkerClient.test.ts[2m > [22m[2mGaler Cloud Web transport bootstrap deadlines[2m > [22m[2mreapplies the latest focus after initialize before reporting readiness
[22m[39m[play-trace] {"context_id":"c85vvuvz","t_ms":0,"time_origin_ms":1788952443904,"ts_ms":1788952443904,"stage":"WORKER_CREATE_BEGIN"}
[play-trace] {"context_id":"c85vvuvz","t_ms":0,"time_origin_ms":1788952443904,"ts_ms":1788952443904,"stage":"WORKER_CREATED"}

[90mstdout[2m | tests/component-dom/webTransportWorkerClient.test.ts[2m > [22m[2mGaler Cloud Web transport bootstrap deadlines[2m > [22m[2mreapplies the latest focus after initialize before reporting readiness
[22m[39m[play-trace] {"request_id":"98b908ee-8a4f-4229-91f1-6a8bd37ce8c4","operation":"initialize","context_id":"c85vvuvz","t_ms":0,"time_origin_ms":1788952443904,"ts_ms":1788952443904,"stage":"WORKER_REQUEST_POSTED"}
[play-trace] {"request_id":"98b908ee-8a4f-4229-91f1-6a8bd37ce8c4","operation":"initialize","ok":true,"context_id":"c85vvuvz","t_ms":0,"time_origin_ms":1788952443904,"ts_ms":1788952443904,"stage":"WORKER_RESPONSE_RECEIVED"}

[90mstdout[2m | tests/component-dom/webTransportWorkerClient.test.ts[2m > [22m[2mGaler Cloud Web transport bootstrap deadlines[2m > [22m[2mreapplies the latest focus after initialize before reporting readiness
[22m[39m[play-trace] {"message_id":77,"context_id":"c85vvuvz","t_ms":0,"time_origin_ms":1788952443904,"ts_ms":1788952443904,"stage":"WORKER_PLAYBACK_FOCUS_REAPPLIED"}

[90mstdout[2m | tests/component-dom/webTransportWorkerClient.test.ts[2m > [22m[2mGaler Cloud Web transport bootstrap deadlines[2m > [22m[2mroutes warm-prefix progress and cancels one batch member without cancelling the batch
[22m[39m[play-trace] {"context_id":"c85vvuvz","t_ms":0,"time_origin_ms":1788952443908,"ts_ms":1788952443908,"stage":"WORKER_CREATE_BEGIN"}
[play-trace] {"context_id":"c85vvuvz","t_ms":0,"time_origin_ms":1788952443908,"ts_ms":1788952443908,"stage":"WORKER_CREATED"}

[90mstdout[2m | tests/component-dom/webTransportWorkerClient.test.ts[2m > [22m[2mGaler Cloud Web transport bootstrap deadlines[2m > [22m[2mrejects a foreground partial prefix that cannot resume without repeating offset zero
[22m[39m[play-trace] {"context_id":"c85vvuvz","t_ms":0,"time_origin_ms":1788952443914,"ts_ms":1788952443914,"stage":"WORKER_CREATE_BEGIN"}
[play-trace] {"context_id":"c85vvuvz","t_ms":0,"time_origin_ms":1788952443914,"ts_ms":1788952443914,"stage":"WORKER_CREATED"}

[90mstdout[2m | tests/component-dom/webTransportWorkerClient.test.ts[2m > [22m[2mGaler Cloud Web transport bootstrap deadlines[2m > [22m[2maccepts aligned partial prefixes and short EOF prefixes
[22m[39m[play-trace] {"context_id":"c85vvuvz","t_ms":0,"time_origin_ms":1788952443918,"ts_ms":1788952443918,"stage":"WORKER_CREATE_BEGIN"}
[play-trace] {"context_id":"c85vvuvz","t_ms":0,"time_origin_ms":1788952443918,"ts_ms":1788952443918,"stage":"WORKER_CREATED"}

[90mstdout[2m | tests/component-dom/webTransportWorkerClient.test.ts[2m > [22m[2mGaler Cloud Web transport bootstrap deadlines[2m > [22m[2mfails only the non-resumable member of a warm batch and never publishes its bytes
[22m[39m[play-trace] {"context_id":"c85vvuvz","t_ms":0,"time_origin_ms":1788952443920,"ts_ms":1788952443920,"stage":"WORKER_CREATE_BEGIN"}
[play-trace] {"context_id":"c85vvuvz","t_ms":0,"time_origin_ms":1788952443920,"ts_ms":1788952443920,"stage":"WORKER_CREATED"}
[play-trace] {"message_id":31,"offset_bytes":0,"bytes":60000,"total_bytes":200000,"context_id":"c85vvuvz","t_ms":0,"time_origin_ms":1788952443920,"ts_ms":1788952443920,"stage":"WORKER_PREFETCH_NON_RESUMABLE"}

 [32m✓[39m tests/component-dom/webTransportWorkerClient.test.ts [2m([22m[2m8 tests[22m[2m)[22m[32m 47[2mms[22m[39m
[90mstdout[2m | tests/component-dom/componentDom.test.tsx[2m > [22m[2mBeatCard real DOM[2m > [22m[2mclicking synced artwork calls onPlay with the rendered beat
[22m[39m[play-trace] {"beat_id":"beat-1","playback_interactive":true,"playback_blocked":false,"interactive":true,"cloud_status":"SYNCED","context_id":"4b5f7oi4","t_ms":1442.2,"time_origin_ms":1788952442487.412,"ts_ms":1788952443929.6,"stage":"CARD_PLAY_CLICK"}
[play-trace] {"beat_id":"beat-1","context_id":"4b5f7oi4","t_ms":1443,"time_origin_ms":1788952442487.412,"ts_ms":1788952443930.5,"stage":"CARD_PLAY_ACCEPTED"}

[90mstdout[2m | tests/component-dom/componentDom.test.tsx[2m > [22m[2mBeatCard real DOM[2m > [22m[2mUPLOADING artwork stays DOM-disabled and ignores clicks
[22m[39m[play-trace] {"beat_id":"beat-1","playback_interactive":true,"playback_blocked":true,"interactive":true,"cloud_status":"UPLOADING","context_id":"4b5f7oi4","t_ms":1452.8,"time_origin_ms":1788952442487.412,"ts_ms":1788952443940.2,"stage":"CARD_PLAY_CLICK"}
[play-trace] {"beat_id":"beat-1","context_id":"4b5f7oi4","t_ms":1452.9,"time_origin_ms":1788952442487.412,"ts_ms":1788952443940.3,"stage":"CARD_PLAY_REJECTED"}

 [32m✓[39m tests/component-dom/componentDom.test.tsx [2m([22m[2m7 tests[22m[2m)[22m[33m 335[2mms[22m[39m
[90mstdout[2m | tests/component-dom/webTransportController.test.ts[2m > [22m[2mGaler Cloud Web transport lifecycle[2m > [22m[2moverlaps activation with temp-auth binding and starts background verification after Worker media initialization
[22m[39m[play-trace] {"startup_beat_count":0,"context_id":"hyamho7t","t_ms":1623.3,"time_origin_ms":1788952442667.041,"ts_ms":1788952444290.3,"stage":"CONTROLLER_CONNECT_NEW"}
[play-trace] {"startup_beat_count":0,"context_id":"hyamho7t","t_ms":1624.2,"time_origin_ms":1788952442667.041,"ts_ms":1788952444291.3,"stage":"CONTROLLER_SESSION_PREPARE_BEGIN"}
[play-trace] {"context_id":"hyamho7t","t_ms":1624.6,"time_origin_ms":1788952442667.041,"ts_ms":1788952444291.6,"stage":"CONTROLLER_CONNECT_JOIN"}
[play-trace] {"span_id":1,"context_id":"hyamho7t","t_ms":1626.4,"time_origin_ms":1788952442667.041,"ts_ms":1788952444293.4,"stage":"DIRECT_ACTIVATE_BEGIN"}
[play-trace] {"span_id":2,"context_id":"hyamho7t","t_ms":1626.5,"time_origin_ms":1788952442667.041,"ts_ms":1788952444293.5,"stage":"DIRECT_PREPARE_BEGIN"}

[90mstdout[2m | tests/component-dom/webTransportController.test.ts[2m > [22m[2mGaler Cloud Web transport lifecycle[2m > [22m[2moverlaps activation with temp-auth binding and starts background verification after Worker media initialization
[22m[39m[play-trace] {"span_id":2,"elapsed_ms":51.6,"context_id":"hyamho7t","t_ms":1678.1,"time_origin_ms":1788952442667.041,"ts_ms":1788952444345.1,"stage":"DIRECT_PREPARE_DONE"}
[play-trace] {"span_id":1,"elapsed_ms":51.9,"context_id":"hyamho7t","t_ms":1678.2,"time_origin_ms":1788952442667.041,"ts_ms":1788952444345.3,"stage":"DIRECT_ACTIVATE_DONE"}
[play-trace] {"elapsed_ms":54,"startup_message_count":0,"context_id":"hyamho7t","t_ms":1678.3,"time_origin_ms":1788952442667.041,"ts_ms":1788952444345.4,"stage":"CONTROLLER_SESSION_PREPARE_DONE"}

[90mstdout[2m | tests/component-dom/webTransportController.test.ts[2m > [22m[2mGaler Cloud Web transport lifecycle[2m > [22m[2moverlaps activation with temp-auth binding and starts background verification after Worker media initialization
[22m[39m[play-trace] {"elapsed_ms":52,"context_id":"hyamho7t","t_ms":1678.6,"time_origin_ms":1788952442667.041,"ts_ms":1788952444345.6,"stage":"CONTROLLER_SESSION_ACTIVATE_DONE"}

[90mstdout[2m | tests/component-dom/webTransportController.test.ts[2m > [22m[2mGaler Cloud Web transport lifecycle[2m > [22m[2moverlaps activation with temp-auth binding and starts background verification after Worker media initialization
[22m[39m[play-trace] {"context_id":"hyamho7t","t_ms":1679.7,"time_origin_ms":1788952442667.041,"ts_ms":1788952444346.7,"stage":"CONTROLLER_SESSION_MEDIA_GATE_OPEN"}
[play-trace] {"span_id":3,"context_id":"hyamho7t","t_ms":1679.8,"time_origin_ms":1788952442667.041,"ts_ms":1788952444346.9,"stage":"DIRECT_INITIALIZE_BEGIN"}

[90mstdout[2m | tests/component-dom/webTransportController.test.ts[2m > [22m[2mGaler Cloud Web transport lifecycle[2m > [22m[2moverlaps activation with temp-auth binding and starts background verification after Worker media initialization
[22m[39m[play-trace] {"span_id":3,"elapsed_ms":0.4,"context_id":"hyamho7t","t_ms":1680.2,"time_origin_ms":1788952442667.041,"ts_ms":1788952444347.2,"stage":"DIRECT_INITIALIZE_DONE"}

[90mstdout[2m | tests/component-dom/webTransportController.test.ts[2m > [22m[2mGaler Cloud Web transport lifecycle[2m > [22m[2moverlaps activation with temp-auth binding and starts background verification after Worker media initialization
[22m[39m[play-trace] {"elapsed_ms":1,"context_id":"hyamho7t","t_ms":1680.5,"time_origin_ms":1788952442667.041,"ts_ms":1788952444347.5,"stage":"CONTROLLER_SESSION_INITIALIZE_DONE"}
[play-trace] {"span_id":4,"context_id":"hyamho7t","t_ms":1680.7,"time_origin_ms":1788952442667.041,"ts_ms":1788952444347.7,"stage":"DIRECT_BACKGROUND_GET_ME_BEGIN"}
[play-trace] {"span_id":5,"context_id":"hyamho7t","t_ms":1680.8,"time_origin_ms":1788952442667.041,"ts_ms":1788952444347.8,"stage":"DIRECT_BACKGROUND_GET_CHAT_BEGIN"}
[play-trace] {"total_ms":56,"context_id":"hyamho7t","t_ms":1680.9,"time_origin_ms":1788952442667.041,"ts_ms":1788952444347.9,"stage":"CONTROLLER_SESSION_DATA_PLANE_READY"}
[play-trace] {"span_id":4,"elapsed_ms":0.3,"context_id":"hyamho7t","t_ms":1681,"time_origin_ms":1788952442667.041,"ts_ms":1788952444348,"stage":"DIRECT_BACKGROUND_GET_ME_DONE"}
[play-trace] {"span_id":5,"elapsed_ms":0.2,"context_id":"hyamho7t","t_ms":1681,"time_origin_ms":1788952442667.041,"ts_ms":1788952444348,"stage":"DIRECT_BACKGROUND_GET_CHAT_DONE"}

[90mstdout[2m | tests/component-dom/webTransportController.test.ts[2m > [22m[2mGaler Cloud Web transport lifecycle[2m > [22m[2moverlaps activation with temp-auth binding and starts background verification after Worker media initialization
[22m[39m[play-trace] {"context_id":"hyamho7t","t_ms":1681.4,"time_origin_ms":1788952442667.041,"ts_ms":1788952444348.4,"stage":"CONTROLLER_BACKGROUND_VERIFY_READY"}

[90mstdout[2m | tests/component-dom/webTransportController.test.ts[2m > [22m[2mGaler Cloud Web transport lifecycle[2m > [22m[2msingleflights concurrent session startup and begins background verification once
[22m[39m[play-trace] {"startup_beat_count":0,"context_id":"hyamho7t","t_ms":1683.4,"time_origin_ms":1788952442667.041,"ts_ms":1788952444350.5,"stage":"CONTROLLER_CONNECT_NEW"}
[play-trace] {"startup_beat_count":0,"context_id":"hyamho7t","t_ms":1683.5,"time_origin_ms":1788952442667.041,"ts_ms":1788952444350.5,"stage":"CONTROLLER_SESSION_PREPARE_BEGIN"}
[play-trace] {"context_id":"hyamho7t","t_ms":1683.6,"time_origin_ms":1788952442667.041,"ts_ms":1788952444350.7,"stage":"CONTROLLER_CONNECT_JOIN"}
[play-trace] {"span_id":6,"context_id":"hyamho7t","t_ms":1683.7,"time_origin_ms":1788952442667.041,"ts_ms":1788952444350.7,"stage":"DIRECT_ACTIVATE_BEGIN"}
[play-trace] {"span_id":7,"context_id":"hyamho7t","t_ms":1683.8,"time_origin_ms":1788952442667.041,"ts_ms":1788952444350.8,"stage":"DIRECT_PREPARE_BEGIN"}
[play-trace] {"span_id":6,"elapsed_ms":0.2,"context_id":"hyamho7t","t_ms":1683.9,"time_origin_ms":1788952442667.041,"ts_ms":1788952444351,"stage":"DIRECT_ACTIVATE_DONE"}
[play-trace] {"span_id":7,"elapsed_ms":0.2,"context_id":"hyamho7t","t_ms":1684,"time_origin_ms":1788952442667.041,"ts_ms":1788952444351.1,"stage":"DIRECT_PREPARE_DONE"}

[90mstdout[2m | tests/component-dom/webTransportController.test.ts[2m > [22m[2mGaler Cloud Web transport lifecycle[2m > [22m[2msingleflights concurrent session startup and begins background verification once
[22m[39m[play-trace] {"elapsed_ms":1,"startup_message_count":0,"context_id":"hyamho7t","t_ms":1684.4,"time_origin_ms":1788952442667.041,"ts_ms":1788952444351.4,"stage":"CONTROLLER_SESSION_PREPARE_DONE"}
[play-trace] {"elapsed_ms":1,"context_id":"hyamho7t","t_ms":1684.4,"time_origin_ms":1788952442667.041,"ts_ms":1788952444351.5,"stage":"CONTROLLER_SESSION_ACTIVATE_DONE"}

[90mstdout[2m | tests/component-dom/webTransportController.test.ts[2m > [22m[2mGaler Cloud Web transport lifecycle[2m > [22m[2msingleflights concurrent session startup and begins background verification once
[22m[39m[play-trace] {"context_id":"hyamho7t","t_ms":1684.7,"time_origin_ms":1788952442667.041,"ts_ms":1788952444351.7,"stage":"CONTROLLER_SESSION_MEDIA_GATE_OPEN"}
[play-trace] {"span_id":8,"context_id":"hyamho7t","t_ms":1684.8,"time_origin_ms":1788952442667.041,"ts_ms":1788952444351.8,"stage":"DIRECT_INITIALIZE_BEGIN"}

[90mstdout[2m | tests/component-dom/webTransportController.test.ts[2m > [22m[2mGaler Cloud Web transport lifecycle[2m > [22m[2msingleflights concurrent session startup and begins background verification once
[22m[39m[play-trace] {"span_id":8,"elapsed_ms":0.4,"context_id":"hyamho7t","t_ms":1685.2,"time_origin_ms":1788952442667.041,"ts_ms":1788952444352.2,"stage":"DIRECT_INITIALIZE_DONE"}

[90mstdout[2m | tests/component-dom/webTransportController.test.ts[2m > [22m[2mGaler Cloud Web transport lifecycle[2m > [22m[2msingleflights concurrent session startup and begins background verification once
[22m[39m[play-trace] {"elapsed_ms":1,"context_id":"hyamho7t","t_ms":1685.3,"time_origin_ms":1788952442667.041,"ts_ms":1788952444352.4,"stage":"CONTROLLER_SESSION_INITIALIZE_DONE"}
[play-trace] {"span_id":9,"context_id":"hyamho7t","t_ms":1685.4,"time_origin_ms":1788952442667.041,"ts_ms":1788952444352.4,"stage":"DIRECT_BACKGROUND_GET_ME_BEGIN"}
[play-trace] {"span_id":10,"context_id":"hyamho7t","t_ms":1685.5,"time_origin_ms":1788952442667.041,"ts_ms":1788952444352.5,"stage":"DIRECT_BACKGROUND_GET_CHAT_BEGIN"}
[play-trace] {"total_ms":2,"context_id":"hyamho7t","t_ms":1685.5,"time_origin_ms":1788952442667.041,"ts_ms":1788952444352.6,"stage":"CONTROLLER_SESSION_DATA_PLANE_READY"}
[play-trace] {"span_id":9,"elapsed_ms":0.2,"context_id":"hyamho7t","t_ms":1685.6,"time_origin_ms":1788952442667.041,"ts_ms":1788952444352.6,"stage":"DIRECT_BACKGROUND_GET_ME_DONE"}
[play-trace] {"span_id":10,"elapsed_ms":0.1,"context_id":"hyamho7t","t_ms":1685.6,"time_origin_ms":1788952442667.041,"ts_ms":1788952444352.7,"stage":"DIRECT_BACKGROUND_GET_CHAT_DONE"}

[90mstdout[2m | tests/component-dom/webTransportController.test.ts[2m > [22m[2mGaler Cloud Web transport lifecycle[2m > [22m[2msingleflights concurrent session startup and begins background verification once
[22m[39m[play-trace] {"context_id":"hyamho7t","t_ms":1685.7,"time_origin_ms":1788952442667.041,"ts_ms":1788952444352.8,"stage":"CONTROLLER_BACKGROUND_VERIFY_READY"}

[90mstdout[2m | tests/component-dom/webTransportController.test.ts[2m > [22m[2mGaler Cloud Web transport lifecycle[2m > [22m[2mkeeps startup message ids local and never sends playback routing to Cloud reserve
[22m[39m[play-trace] {"startup_beat_count":2,"context_id":"hyamho7t","t_ms":1691.9,"time_origin_ms":1788952442667.041,"ts_ms":1788952444358.9,"stage":"CONTROLLER_CONNECT_NEW"}
[play-trace] {"startup_beat_count":2,"context_id":"hyamho7t","t_ms":1691.9,"time_origin_ms":1788952442667.041,"ts_ms":1788952444359,"stage":"CONTROLLER_SESSION_PREPARE_BEGIN"}

[90mstdout[2m | tests/component-dom/webTransportController.test.ts[2m > [22m[2mGaler Cloud Web transport lifecycle[2m > [22m[2mkeeps startup message ids local and never sends playback routing to Cloud reserve
[22m[39m[play-trace] {"span_id":11,"context_id":"hyamho7t","t_ms":1692.2,"time_origin_ms":1788952442667.041,"ts_ms":1788952444359.3,"stage":"DIRECT_ACTIVATE_BEGIN"}
[play-trace] {"span_id":12,"context_id":"hyamho7t","t_ms":1692.3,"time_origin_ms":1788952442667.041,"ts_ms":1788952444359.3,"stage":"DIRECT_PREPARE_BEGIN"}
[play-trace] {"span_id":11,"elapsed_ms":0.1,"context_id":"hyamho7t","t_ms":1692.3,"time_origin_ms":1788952442667.041,"ts_ms":1788952444359.4,"stage":"DIRECT_ACTIVATE_DONE"}
[play-trace] {"span_id":12,"elapsed_ms":0.1,"context_id":"hyamho7t","t_ms":1692.4,"time_origin_ms":1788952442667.041,"ts_ms":1788952444359.4,"stage":"DIRECT_PREPARE_DONE"}

[90mstdout[2m | tests/component-dom/webTransportController.test.ts[2m > [22m[2mGaler Cloud Web transport lifecycle[2m > [22m[2mkeeps startup message ids local and never sends playback routing to Cloud reserve
[22m[39m[play-trace] {"elapsed_ms":1,"startup_message_count":2,"context_id":"hyamho7t","t_ms":1692.7,"time_origin_ms":1788952442667.041,"ts_ms":1788952444359.7,"stage":"CONTROLLER_SESSION_PREPARE_DONE"}
[play-trace] {"elapsed_ms":0,"context_id":"hyamho7t","t_ms":1692.7,"time_origin_ms":1788952442667.041,"ts_ms":1788952444359.7,"stage":"CONTROLLER_SESSION_ACTIVATE_DONE"}

[90mstdout[2m | tests/component-dom/webTransportController.test.ts[2m > [22m[2mGaler Cloud Web transport lifecycle[2m > [22m[2mkeeps startup message ids local and never sends playback routing to Cloud reserve
[22m[39m[play-trace] {"context_id":"hyamho7t","t_ms":1693,"time_origin_ms":1788952442667.041,"ts_ms":1788952444360,"stage":"CONTROLLER_SESSION_MEDIA_GATE_OPEN"}
[play-trace] {"span_id":13,"context_id":"hyamho7t","t_ms":1693,"time_origin_ms":1788952442667.041,"ts_ms":1788952444360,"stage":"DIRECT_INITIALIZE_BEGIN"}

[90mstdout[2m | tests/component-dom/webTransportController.test.ts[2m > [22m[2mGaler Cloud Web transport lifecycle[2m > [22m[2mkeeps startup message ids local and never sends playback routing to Cloud reserve
[22m[39m[play-trace] {"span_id":13,"elapsed_ms":0.2,"context_id":"hyamho7t","t_ms":1693.2,"time_origin_ms":1788952442667.041,"ts_ms":1788952444360.3,"stage":"DIRECT_INITIALIZE_DONE"}

[90mstdout[2m | tests/component-dom/webTransportController.test.ts[2m > [22m[2mGaler Cloud Web transport lifecycle[2m > [22m[2mkeeps startup message ids local and never sends playback routing to Cloud reserve
[22m[39m[play-trace] {"elapsed_ms":0,"context_id":"hyamho7t","t_ms":1693.3,"time_origin_ms":1788952442667.041,"ts_ms":1788952444360.4,"stage":"CONTROLLER_SESSION_INITIALIZE_DONE"}
[play-trace] {"span_id":14,"context_id":"hyamho7t","t_ms":1693.4,"time_origin_ms":1788952442667.041,"ts_ms":1788952444360.4,"stage":"DIRECT_BACKGROUND_GET_ME_BEGIN"}
[play-trace] {"span_id":15,"context_id":"hyamho7t","t_ms":1693.4,"time_origin_ms":1788952442667.041,"ts_ms":1788952444360.5,"stage":"DIRECT_BACKGROUND_GET_CHAT_BEGIN"}
[play-trace] {"total_ms":2,"context_id":"hyamho7t","t_ms":1693.5,"time_origin_ms":1788952442667.041,"ts_ms":1788952444360.5,"stage":"CONTROLLER_SESSION_DATA_PLANE_READY"}
[play-trace] {"span_id":14,"elapsed_ms":0.1,"context_id":"hyamho7t","t_ms":1693.5,"time_origin_ms":1788952442667.041,"ts_ms":1788952444360.5,"stage":"DIRECT_BACKGROUND_GET_ME_DONE"}
[play-trace] {"span_id":15,"elapsed_ms":0.1,"context_id":"hyamho7t","t_ms":1693.5,"time_origin_ms":1788952442667.041,"ts_ms":1788952444360.6,"stage":"DIRECT_BACKGROUND_GET_CHAT_DONE"}

[90mstdout[2m | tests/component-dom/webTransportController.test.ts[2m > [22m[2mGaler Cloud Web transport lifecycle[2m > [22m[2mkeeps startup message ids local and never sends playback routing to Cloud reserve
[22m[39m[play-trace] {"context_id":"hyamho7t","t_ms":1693.6,"time_origin_ms":1788952442667.041,"ts_ms":1788952444360.7,"stage":"CONTROLLER_BACKGROUND_VERIFY_READY"}

[90mstdout[2m | tests/component-dom/webTransportController.test.ts[2m > [22m[2mGaler Cloud Web transport lifecycle[2m > [22m[2mwaits for in-flight activation before stopping when temp auth binding fails
[22m[39m[play-trace] {"startup_beat_count":0,"context_id":"hyamho7t","t_ms":1695.4,"time_origin_ms":1788952442667.041,"ts_ms":1788952444362.5,"stage":"CONTROLLER_CONNECT_NEW"}
[play-trace] {"startup_beat_count":0,"context_id":"hyamho7t","t_ms":1695.5,"time_origin_ms":1788952442667.041,"ts_ms":1788952444362.5,"stage":"CONTROLLER_SESSION_PREPARE_BEGIN"}

[90mstdout[2m | tests/component-dom/webTransportController.test.ts[2m > [22m[2mGaler Cloud Web transport lifecycle[2m > [22m[2mwaits for in-flight activation before stopping when temp auth binding fails
[22m[39m[play-trace] {"span_id":16,"context_id":"hyamho7t","t_ms":1696,"time_origin_ms":1788952442667.041,"ts_ms":1788952444363.1,"stage":"DIRECT_ACTIVATE_BEGIN"}
[play-trace] {"span_id":17,"context_id":"hyamho7t","t_ms":1696.1,"time_origin_ms":1788952442667.041,"ts_ms":1788952444363.1,"stage":"DIRECT_PREPARE_BEGIN"}

[90mstdout[2m | tests/component-dom/webTransportController.test.ts[2m > [22m[2mGaler Cloud Web transport lifecycle[2m > [22m[2mwaits for in-flight activation before stopping when temp auth binding fails
[22m[39m[play-trace] {"span_id":17,"elapsed_ms":0.4,"context_id":"hyamho7t","t_ms":1696.4,"time_origin_ms":1788952442667.041,"ts_ms":1788952444363.5,"stage":"DIRECT_PREPARE_ERROR"}

[90mstdout[2m | tests/component-dom/webTransportController.test.ts[2m > [22m[2mGaler Cloud Web transport lifecycle[2m > [22m[2mwaits for in-flight activation before stopping when temp auth binding fails
[22m[39m[play-trace] {"span_id":16,"elapsed_ms":51.3,"context_id":"hyamho7t","t_ms":1747.4,"time_origin_ms":1788952442667.041,"ts_ms":1788952444414.4,"stage":"DIRECT_ACTIVATE_DONE"}

[90mstdout[2m | tests/component-dom/webTransportController.test.ts[2m > [22m[2mGaler Cloud Web transport lifecycle[2m > [22m[2mwaits for in-flight activation before stopping when temp auth binding fails
[22m[39m[play-trace] {"elapsed_ms":51,"context_id":"hyamho7t","t_ms":1747.6,"time_origin_ms":1788952442667.041,"ts_ms":1788952444414.6,"stage":"CONTROLLER_SESSION_ACTIVATE_DONE"}

[90mstdout[2m | tests/component-dom/webTransportController.test.ts[2m > [22m[2mGaler Cloud Web transport lifecycle[2m > [22m[2mwaits for vault activation before running Worker initialization and then cleans up an initialization failure
[22m[39m[play-trace] {"startup_beat_count":0,"context_id":"hyamho7t","t_ms":1753.1,"time_origin_ms":1788952442667.041,"ts_ms":1788952444420.1,"stage":"CONTROLLER_CONNECT_NEW"}
[play-trace] {"startup_beat_count":0,"context_id":"hyamho7t","t_ms":1753.1,"time_origin_ms":1788952442667.041,"ts_ms":1788952444420.2,"stage":"CONTROLLER_SESSION_PREPARE_BEGIN"}

[90mstdout[2m | tests/component-dom/webTransportController.test.ts[2m > [22m[2mGaler Cloud Web transport lifecycle[2m > [22m[2mwaits for vault activation before running Worker initialization and then cleans up an initialization failure
[22m[39m[play-trace] {"span_id":18,"context_id":"hyamho7t","t_ms":1753.6,"time_origin_ms":1788952442667.041,"ts_ms":1788952444420.7,"stage":"DIRECT_ACTIVATE_BEGIN"}
[play-trace] {"span_id":19,"context_id":"hyamho7t","t_ms":1753.7,"time_origin_ms":1788952442667.041,"ts_ms":1788952444420.7,"stage":"DIRECT_PREPARE_BEGIN"}

[90mstdout[2m | tests/component-dom/webTransportController.test.ts[2m > [22m[2mGaler Cloud Web transport lifecycle[2m > [22m[2mwaits for vault activation before running Worker initialization and then cleans up an initialization failure
[22m[39m[play-trace] {"span_id":19,"elapsed_ms":0.3,"context_id":"hyamho7t","t_ms":1754,"time_origin_ms":1788952442667.041,"ts_ms":1788952444421.1,"stage":"DIRECT_PREPARE_DONE"}

[90mstdout[2m | tests/component-dom/webTransportController.test.ts[2m > [22m[2mGaler Cloud Web transport lifecycle[2m > [22m[2mwaits for vault activation before running Worker initialization and then cleans up an initialization failure
[22m[39m[play-trace] {"elapsed_ms":3,"startup_message_count":0,"context_id":"hyamho7t","t_ms":1756.8,"time_origin_ms":1788952442667.041,"ts_ms":1788952444423.8,"stage":"CONTROLLER_SESSION_PREPARE_DONE"}

[90mstdout[2m | tests/component-dom/webTransportController.test.ts[2m > [22m[2mGaler Cloud Web transport lifecycle[2m > [22m[2mwaits for vault activation before running Worker initialization and then cleans up an initialization failure
[22m[39m[play-trace] {"span_id":18,"elapsed_ms":50,"context_id":"hyamho7t","t_ms":1803.6,"time_origin_ms":1788952442667.041,"ts_ms":1788952444470.7,"stage":"DIRECT_ACTIVATE_DONE"}

[90mstdout[2m | tests/component-dom/webTransportController.test.ts[2m > [22m[2mGaler Cloud Web transport lifecycle[2m > [22m[2mwaits for vault activation before running Worker initialization and then cleans up an initialization failure
[22m[39m[play-trace] {"elapsed_ms":51,"context_id":"hyamho7t","t_ms":1804.2,"time_origin_ms":1788952442667.041,"ts_ms":1788952444471.3,"stage":"CONTROLLER_SESSION_ACTIVATE_DONE"}

[90mstdout[2m | tests/component-dom/webTransportController.test.ts[2m > [22m[2mGaler Cloud Web transport lifecycle[2m > [22m[2mwaits for vault activation before running Worker initialization and then cleans up an initialization failure
[22m[39m[play-trace] {"context_id":"hyamho7t","t_ms":1804.3,"time_origin_ms":1788952442667.041,"ts_ms":1788952444471.3,"stage":"CONTROLLER_SESSION_MEDIA_GATE_OPEN"}
[play-trace] {"span_id":20,"context_id":"hyamho7t","t_ms":1804.3,"time_origin_ms":1788952442667.041,"ts_ms":1788952444471.4,"stage":"DIRECT_INITIALIZE_BEGIN"}

[90mstdout[2m | tests/component-dom/webTransportController.test.ts[2m > [22m[2mGaler Cloud Web transport lifecycle[2m > [22m[2mwaits for vault activation before running Worker initialization and then cleans up an initialization failure
[22m[39m[play-trace] {"span_id":20,"elapsed_ms":0.1,"context_id":"hyamho7t","t_ms":1804.5,"time_origin_ms":1788952442667.041,"ts_ms":1788952444471.5,"stage":"DIRECT_INITIALIZE_ERROR"}

[90mstdout[2m | tests/component-dom/webTransportController.test.ts[2m > [22m[2mGaler Cloud Web transport lifecycle[2m > [22m[2mdoes not initialize Telegram media when activation fails while temp auth binding is still in flight
[22m[39m[play-trace] {"startup_beat_count":0,"context_id":"hyamho7t","t_ms":1806,"time_origin_ms":1788952442667.041,"ts_ms":1788952444473.1,"stage":"CONTROLLER_CONNECT_NEW"}
[play-trace] {"startup_beat_count":0,"context_id":"hyamho7t","t_ms":1806.1,"time_origin_ms":1788952442667.041,"ts_ms":1788952444473.1,"stage":"CONTROLLER_SESSION_PREPARE_BEGIN"}

[90mstdout[2m | tests/component-dom/webTransportController.test.ts[2m > [22m[2mGaler Cloud Web transport lifecycle[2m > [22m[2mdoes not initialize Telegram media when activation fails while temp auth binding is still in flight
[22m[39m[play-trace] {"span_id":21,"context_id":"hyamho7t","t_ms":1806.4,"time_origin_ms":1788952442667.041,"ts_ms":1788952444473.5,"stage":"DIRECT_ACTIVATE_BEGIN"}
[play-trace] {"span_id":22,"context_id":"hyamho7t","t_ms":1806.5,"time_origin_ms":1788952442667.041,"ts_ms":1788952444473.5,"stage":"DIRECT_PREPARE_BEGIN"}
[play-trace] {"span_id":21,"elapsed_ms":0.2,"context_id":"hyamho7t","t_ms":1806.6,"time_origin_ms":1788952442667.041,"ts_ms":1788952444473.7,"stage":"DIRECT_ACTIVATE_ERROR"}

[90mstdout[2m | tests/component-dom/webTransportController.test.ts[2m > [22m[2mGaler Cloud Web transport lifecycle[2m > [22m[2mdoes not initialize Telegram media when activation fails while temp auth binding is still in flight
[22m[39m[play-trace] {"span_id":22,"elapsed_ms":50.3,"context_id":"hyamho7t","t_ms":1856.8,"time_origin_ms":1788952442667.041,"ts_ms":1788952444523.9,"stage":"DIRECT_PREPARE_DONE"}

[90mstdout[2m | tests/component-dom/webTransportController.test.ts[2m > [22m[2mGaler Cloud Web transport lifecycle[2m > [22m[2mdoes not initialize Telegram media when activation fails while temp auth binding is still in flight
[22m[39m[play-trace] {"elapsed_ms":51,"startup_message_count":0,"context_id":"hyamho7t","t_ms":1857,"time_origin_ms":1788952442667.041,"ts_ms":1788952444524,"stage":"CONTROLLER_SESSION_PREPARE_DONE"}

[90mstdout[2m | tests/component-dom/webTransportController.test.ts[2m > [22m[2mGaler Cloud Web transport lifecycle[2m > [22m[2minstalls temporary-auth refreshes before retrying and authorizing an operation
[22m[39m[play-trace] {"startup_beat_count":0,"context_id":"hyamho7t","t_ms":1858.4,"time_origin_ms":1788952442667.041,"ts_ms":1788952444525.5,"stage":"CONTROLLER_CONNECT_NEW"}
[play-trace] {"startup_beat_count":0,"context_id":"hyamho7t","t_ms":1858.5,"time_origin_ms":1788952442667.041,"ts_ms":1788952444525.5,"stage":"CONTROLLER_SESSION_PREPARE_BEGIN"}

[90mstdout[2m | tests/component-dom/webTransportController.test.ts[2m > [22m[2mGaler Cloud Web transport lifecycle[2m > [22m[2minstalls temporary-auth refreshes before retrying and authorizing an operation
[22m[39m[play-trace] {"span_id":23,"context_id":"hyamho7t","t_ms":1858.6,"time_origin_ms":1788952442667.041,"ts_ms":1788952444525.6,"stage":"DIRECT_ACTIVATE_BEGIN"}
[play-trace] {"span_id":24,"context_id":"hyamho7t","t_ms":1858.6,"time_origin_ms":1788952442667.041,"ts_ms":1788952444525.7,"stage":"DIRECT_PREPARE_BEGIN"}
[play-trace] {"span_id":23,"elapsed_ms":0.1,"context_id":"hyamho7t","t_ms":1858.7,"time_origin_ms":1788952442667.041,"ts_ms":1788952444525.7,"stage":"DIRECT_ACTIVATE_DONE"}
[play-trace] {"span_id":24,"elapsed_ms":0.1,"context_id":"hyamho7t","t_ms":1858.7,"time_origin_ms":1788952442667.041,"ts_ms":1788952444525.7,"stage":"DIRECT_PREPARE_DONE"}

[90mstdout[2m | tests/component-dom/webTransportController.test.ts[2m > [22m[2mGaler Cloud Web transport lifecycle[2m > [22m[2minstalls temporary-auth refreshes before retrying and authorizing an operation
[22m[39m[play-trace] {"elapsed_ms":0,"startup_message_count":0,"context_id":"hyamho7t","t_ms":1858.8,"time_origin_ms":1788952442667.041,"ts_ms":1788952444525.9,"stage":"CONTROLLER_SESSION_PREPARE_DONE"}
[play-trace] {"elapsed_ms":0,"context_id":"hyamho7t","t_ms":1858.9,"time_origin_ms":1788952442667.041,"ts_ms":1788952444525.9,"stage":"CONTROLLER_SESSION_ACTIVATE_DONE"}

[90mstdout[2m | tests/component-dom/webTransportController.test.ts[2m > [22m[2mGaler Cloud Web transport lifecycle[2m > [22m[2minstalls temporary-auth refreshes before retrying and authorizing an operation
[22m[39m[play-trace] {"context_id":"hyamho7t","t_ms":1858.9,"time_origin_ms":1788952442667.041,"ts_ms":1788952444526,"stage":"CONTROLLER_SESSION_MEDIA_GATE_OPEN"}
[play-trace] {"span_id":25,"context_id":"hyamho7t","t_ms":1859,"time_origin_ms":1788952442667.041,"ts_ms":1788952444526,"stage":"DIRECT_INITIALIZE_BEGIN"}

[90mstdout[2m | tests/component-dom/webTransportController.test.ts[2m > [22m[2mGaler Cloud Web transport lifecycle[2m > [22m[2minstalls temporary-auth refreshes before retrying and authorizing an operation
[22m[39m[play-trace] {"span_id":25,"elapsed_ms":0.1,"context_id":"hyamho7t","t_ms":1859,"time_origin_ms":1788952442667.041,"ts_ms":1788952444526.1,"stage":"DIRECT_INITIALIZE_DONE"}

[90mstdout[2m | tests/component-dom/webTransportController.test.ts[2m > [22m[2mGaler Cloud Web transport lifecycle[2m > [22m[2minstalls temporary-auth refreshes before retrying and authorizing an operation
[22m[39m[play-trace] {"elapsed_ms":1,"context_id":"hyamho7t","t_ms":1859.1,"time_origin_ms":1788952442667.041,"ts_ms":1788952444526.2,"stage":"CONTROLLER_SESSION_INITIALIZE_DONE"}
[play-trace] {"span_id":26,"context_id":"hyamho7t","t_ms":1859.1,"time_origin_ms":1788952442667.041,"ts_ms":1788952444526.2,"stage":"DIRECT_BACKGROUND_GET_ME_BEGIN"}
[play-trace] {"span_id":27,"context_id":"hyamho7t","t_ms":1859.2,"time_origin_ms":1788952442667.041,"ts_ms":1788952444526.2,"stage":"DIRECT_BACKGROUND_GET_CHAT_BEGIN"}
[play-trace] {"total_ms":1,"context_id":"hyamho7t","t_ms":1859.2,"time_origin_ms":1788952442667.041,"ts_ms":1788952444526.2,"stage":"CONTROLLER_SESSION_DATA_PLANE_READY"}
[play-trace] {"span_id":26,"elapsed_ms":0.1,"context_id":"hyamho7t","t_ms":1859.2,"time_origin_ms":1788952442667.041,"ts_ms":1788952444526.3,"stage":"DIRECT_BACKGROUND_GET_ME_DONE"}
[play-trace] {"span_id":27,"elapsed_ms":0.1,"context_id":"hyamho7t","t_ms":1859.2,"time_origin_ms":1788952442667.041,"ts_ms":1788952444526.3,"stage":"DIRECT_BACKGROUND_GET_CHAT_DONE"}

[90mstdout[2m | tests/component-dom/webTransportController.test.ts[2m > [22m[2mGaler Cloud Web transport lifecycle[2m > [22m[2minstalls temporary-auth refreshes before retrying and authorizing an operation
[22m[39m[play-trace] {"context_id":"hyamho7t","t_ms":1859.3,"time_origin_ms":1788952442667.041,"ts_ms":1788952444526.4,"stage":"CONTROLLER_BACKGROUND_VERIFY_READY"}

[90mstdout[2m | tests/component-dom/webTransportController.test.ts[2m > [22m[2mGaler Cloud Web transport lifecycle[2m > [22m[2minstalls temporary-auth refreshes before retrying and authorizing an operation
[22m[39m[play-trace] {"context_id":"hyamho7t","t_ms":1859.6,"time_origin_ms":1788952442667.041,"ts_ms":1788952444526.6,"stage":"CONTROLLER_CREDENTIAL_REFRESH_BEGIN"}

[90mstdout[2m | tests/component-dom/webTransportController.test.ts[2m > [22m[2mGaler Cloud Web transport lifecycle[2m > [22m[2minstalls temporary-auth refreshes before retrying and authorizing an operation
[22m[39m[play-trace] {"context_id":"hyamho7t","t_ms":1859.7,"time_origin_ms":1788952442667.041,"ts_ms":1788952444526.8,"stage":"CONTROLLER_CREDENTIAL_REFRESH_READY"}

[90mstdout[2m | tests/component-dom/webTransportController.test.ts[2m > [22m[2mGaler Cloud Web transport lifecycle[2m > [22m[2minstalls temporary-auth refreshes before retrying and authorizing an operation
[22m[39m[play-trace] {"context_id":"hyamho7t","t_ms":1859.9,"time_origin_ms":1788952442667.041,"ts_ms":1788952444526.9,"stage":"CONTROLLER_CONNECT_REUSE"}

[90mstdout[2m | tests/component-dom/webTransportController.test.ts[2m > [22m[2mGaler Cloud Web transport lifecycle[2m > [22m[2malways releases a control-plane operation when data-plane work fails
[22m[39m[play-trace] {"startup_beat_count":0,"context_id":"hyamho7t","t_ms":1864.5,"time_origin_ms":1788952442667.041,"ts_ms":1788952444531.5,"stage":"CONTROLLER_CONNECT_NEW"}
[play-trace] {"startup_beat_count":0,"context_id":"hyamho7t","t_ms":1864.5,"time_origin_ms":1788952442667.041,"ts_ms":1788952444531.6,"stage":"CONTROLLER_SESSION_PREPARE_BEGIN"}

[90mstdout[2m | tests/component-dom/webTransportController.test.ts[2m > [22m[2mGaler Cloud Web transport lifecycle[2m > [22m[2malways releases a control-plane operation when data-plane work fails
[22m[39m[play-trace] {"span_id":28,"context_id":"hyamho7t","t_ms":1868.1,"time_origin_ms":1788952442667.041,"ts_ms":1788952444535.2,"stage":"DIRECT_ACTIVATE_BEGIN"}
[play-trace] {"span_id":29,"context_id":"hyamho7t","t_ms":1868.2,"time_origin_ms":1788952442667.041,"ts_ms":1788952444535.2,"stage":"DIRECT_PREPARE_BEGIN"}
[play-trace] {"span_id":28,"elapsed_ms":0.1,"context_id":"hyamho7t","t_ms":1868.3,"time_origin_ms":1788952442667.041,"ts_ms":1788952444535.3,"stage":"DIRECT_ACTIVATE_DONE"}
[play-trace] {"span_id":29,"elapsed_ms":0.1,"context_id":"hyamho7t","t_ms":1868.3,"time_origin_ms":1788952442667.041,"ts_ms":1788952444535.3,"stage":"DIRECT_PREPARE_DONE"}

[90mstdout[2m | tests/component-dom/webTransportController.test.ts[2m > [22m[2mGaler Cloud Web transport lifecycle[2m > [22m[2malways releases a control-plane operation when data-plane work fails
[22m[39m[play-trace] {"elapsed_ms":4,"startup_message_count":0,"context_id":"hyamho7t","t_ms":1868.4,"time_origin_ms":1788952442667.041,"ts_ms":1788952444535.4,"stage":"CONTROLLER_SESSION_PREPARE_DONE"}
[play-trace] {"elapsed_ms":0,"context_id":"hyamho7t","t_ms":1868.4,"time_origin_ms":1788952442667.041,"ts_ms":1788952444535.5,"stage":"CONTROLLER_SESSION_ACTIVATE_DONE"}

[90mstdout[2m | tests/component-dom/webTransportController.test.ts[2m > [22m[2mGaler Cloud Web transport lifecycle[2m > [22m[2malways releases a control-plane operation when data-plane work fails
[22m[39m[play-trace] {"context_id":"hyamho7t","t_ms":1868.5,"time_origin_ms":1788952442667.041,"ts_ms":1788952444535.5,"stage":"CONTROLLER_SESSION_MEDIA_GATE_OPEN"}
[play-trace] {"span_id":30,"context_id":"hyamho7t","t_ms":1868.5,"time_origin_ms":1788952442667.041,"ts_ms":1788952444535.6,"stage":"DIRECT_INITIALIZE_BEGIN"}

[90mstdout[2m | tests/component-dom/webTransportController.test.ts[2m > [22m[2mGaler Cloud Web transport lifecycle[2m > [22m[2malways releases a control-plane operation when data-plane work fails
[22m[39m[play-trace] {"span_id":30,"elapsed_ms":0.1,"context_id":"hyamho7t","t_ms":1868.6,"time_origin_ms":1788952442667.041,"ts_ms":1788952444535.6,"stage":"DIRECT_INITIALIZE_DONE"}

[90mstdout[2m | tests/component-dom/webTransportController.test.ts[2m > [22m[2mGaler Cloud Web transport lifecycle[2m > [22m[2malways releases a control-plane operation when data-plane work fails
[22m[39m[play-trace] {"elapsed_ms":0,"context_id":"hyamho7t","t_ms":1868.7,"time_origin_ms":1788952442667.041,"ts_ms":1788952444535.7,"stage":"CONTROLLER_SESSION_INITIALIZE_DONE"}
[play-trace] {"span_id":31,"context_id":"hyamho7t","t_ms":1868.7,"time_origin_ms":1788952442667.041,"ts_ms":1788952444535.8,"stage":"DIRECT_BACKGROUND_GET_ME_BEGIN"}
[play-trace] {"span_id":32,"context_id":"hyamho7t","t_ms":1868.8,"time_origin_ms":1788952442667.041,"ts_ms":1788952444535.8,"stage":"DIRECT_BACKGROUND_GET_CHAT_BEGIN"}
[play-trace] {"total_ms":4,"context_id":"hyamho7t","t_ms":1868.8,"time_origin_ms":1788952442667.041,"ts_ms":1788952444535.8,"stage":"CONTROLLER_SESSION_DATA_PLANE_READY"}
[play-trace] {"span_id":31,"elapsed_ms":0.1,"context_id":"hyamho7t","t_ms":1868.8,"time_origin_ms":1788952442667.041,"ts_ms":1788952444535.9,"stage":"DIRECT_BACKGROUND_GET_ME_DONE"}
[play-trace] {"span_id":32,"elapsed_ms":0.1,"context_id":"hyamho7t","t_ms":1868.8,"time_origin_ms":1788952442667.041,"ts_ms":1788952444535.9,"stage":"DIRECT_BACKGROUND_GET_CHAT_DONE"}

[90mstdout[2m | tests/component-dom/webTransportController.test.ts[2m > [22m[2mGaler Cloud Web transport lifecycle[2m > [22m[2malways releases a control-plane operation when data-plane work fails
[22m[39m[play-trace] {"context_id":"hyamho7t","t_ms":1868.9,"time_origin_ms":1788952442667.041,"ts_ms":1788952444536,"stage":"CONTROLLER_BACKGROUND_VERIFY_READY"}

[90mstdout[2m | tests/component-dom/webTransportController.test.ts[2m > [22m[2mGaler Cloud Web transport lifecycle[2m > [22m[2mdoes not execute data-plane work when scoped capability authorization fails
[22m[39m[play-trace] {"startup_beat_count":0,"context_id":"hyamho7t","t_ms":1872.2,"time_origin_ms":1788952442667.041,"ts_ms":1788952444539.2,"stage":"CONTROLLER_CONNECT_NEW"}
[play-trace] {"startup_beat_count":0,"context_id":"hyamho7t","t_ms":1872.2,"time_origin_ms":1788952442667.041,"ts_ms":1788952444539.2,"stage":"CONTROLLER_SESSION_PREPARE_BEGIN"}

[90mstdout[2m | tests/component-dom/webTransportController.test.ts[2m > [22m[2mGaler Cloud Web transport lifecycle[2m > [22m[2mdoes not execute data-plane work when scoped capability authorization fails
[22m[39m[play-trace] {"span_id":33,"context_id":"hyamho7t","t_ms":1872.4,"time_origin_ms":1788952442667.041,"ts_ms":1788952444539.4,"stage":"DIRECT_ACTIVATE_BEGIN"}
[play-trace] {"span_id":34,"context_id":"hyamho7t","t_ms":1872.4,"time_origin_ms":1788952442667.041,"ts_ms":1788952444539.5,"stage":"DIRECT_PREPARE_BEGIN"}
[play-trace] {"span_id":33,"elapsed_ms":0.1,"context_id":"hyamho7t","t_ms":1872.5,"time_origin_ms":1788952442667.041,"ts_ms":1788952444539.5,"stage":"DIRECT_ACTIVATE_DONE"}
[play-trace] {"span_id":34,"elapsed_ms":0.1,"context_id":"hyamho7t","t_ms":1872.5,"time_origin_ms":1788952442667.041,"ts_ms":1788952444539.5,"stage":"DIRECT_PREPARE_DONE"}

[90mstdout[2m | tests/component-dom/webTransportController.test.ts[2m > [22m[2mGaler Cloud Web transport lifecycle[2m > [22m[2mdoes not execute data-plane work when scoped capability authorization fails
[22m[39m[play-trace] {"elapsed_ms":0,"startup_message_count":0,"context_id":"hyamho7t","t_ms":1872.6,"time_origin_ms":1788952442667.041,"ts_ms":1788952444539.6,"stage":"CONTROLLER_SESSION_PREPARE_DONE"}
[play-trace] {"elapsed_ms":0,"context_id":"hyamho7t","t_ms":1872.6,"time_origin_ms":1788952442667.041,"ts_ms":1788952444539.7,"stage":"CONTROLLER_SESSION_ACTIVATE_DONE"}

[90mstdout[2m | tests/component-dom/webTransportController.test.ts[2m > [22m[2mGaler Cloud Web transport lifecycle[2m > [22m[2mdoes not execute data-plane work when scoped capability authorization fails
[22m[39m[play-trace] {"context_id":"hyamho7t","t_ms":1872.7,"time_origin_ms":1788952442667.041,"ts_ms":1788952444539.7,"stage":"CONTROLLER_SESSION_MEDIA_GATE_OPEN"}
[play-trace] {"span_id":35,"context_id":"hyamho7t","t_ms":1872.7,"time_origin_ms":1788952442667.041,"ts_ms":1788952444539.8,"stage":"DIRECT_INITIALIZE_BEGIN"}

[90mstdout[2m | tests/component-dom/webTransportController.test.ts[2m > [22m[2mGaler Cloud Web transport lifecycle[2m > [22m[2mdoes not execute data-plane work when scoped capability authorization fails
[22m[39m[play-trace] {"span_id":35,"elapsed_ms":3.3,"context_id":"hyamho7t","t_ms":1876,"time_origin_ms":1788952442667.041,"ts_ms":1788952444543.1,"stage":"DIRECT_INITIALIZE_DONE"}

[90mstdout[2m | tests/component-dom/webTransportController.test.ts[2m > [22m[2mGaler Cloud Web transport lifecycle[2m > [22m[2mdoes not execute data-plane work when scoped capability authorization fails
[22m[39m[play-trace] {"elapsed_ms":4,"context_id":"hyamho7t","t_ms":1876.2,"time_origin_ms":1788952442667.041,"ts_ms":1788952444543.3,"stage":"CONTROLLER_SESSION_INITIALIZE_DONE"}
[play-trace] {"span_id":36,"context_id":"hyamho7t","t_ms":1876.3,"time_origin_ms":1788952442667.041,"ts_ms":1788952444543.3,"stage":"DIRECT_BACKGROUND_GET_ME_BEGIN"}
[play-trace] {"span_id":37,"context_id":"hyamho7t","t_ms":1876.3,"time_origin_ms":1788952442667.041,"ts_ms":1788952444543.3,"stage":"DIRECT_BACKGROUND_GET_CHAT_BEGIN"}
[play-trace] {"total_ms":4,"context_id":"hyamho7t","t_ms":1876.3,"time_origin_ms":1788952442667.041,"ts_ms":1788952444543.4,"stage":"CONTROLLER_SESSION_DATA_PLANE_READY"}
[play-trace] {"span_id":36,"elapsed_ms":0.1,"context_id":"hyamho7t","t_ms":1876.3,"time_origin_ms":1788952442667.041,"ts_ms":1788952444543.4,"stage":"DIRECT_BACKGROUND_GET_ME_DONE"}
[play-trace] {"span_id":37,"elapsed_ms":0.1,"context_id":"hyamho7t","t_ms":1876.4,"time_origin_ms":1788952442667.041,"ts_ms":1788952444543.4,"stage":"DIRECT_BACKGROUND_GET_CHAT_DONE"}

[90mstdout[2m | tests/component-dom/webTransportController.test.ts[2m > [22m[2mGaler Cloud Web transport lifecycle[2m > [22m[2mdoes not execute data-plane work when scoped capability authorization fails
[22m[39m[play-trace] {"context_id":"hyamho7t","t_ms":1876.6,"time_origin_ms":1788952442667.041,"ts_ms":1788952444543.7,"stage":"CONTROLLER_BACKGROUND_VERIFY_READY"}

 [32m✓[39m tests/component-dom/webTransportController.test.ts [2m([22m[2m9 tests[22m[2m)[22m[32m 259[2mms[22m[39m
 [32m✓[39m tests/component-dom/webPlaybackRoutingCache.test.ts [2m([22m[2m8 tests[22m[2m)[22m[32m 54[2mms[22m[39m
 [32m✓[39m tests/component-dom/libraryUxBridge.test.ts [2m([22m[2m6 tests[22m[2m)[22m[32m 198[2mms[22m[39m
[90mstdout[2m | tests/component-dom/webTransportWorkerClientRefresh.behavior.test.ts[2m > [22m[2mWorkerClient playback continuity during credential refresh[2m > [22m[2mresumes the same focused stream from the last consumer-confirmed byte after a valid refresh
[22m[39m[play-trace] {"context_id":"sv594b4u","t_ms":847.2,"time_origin_ms":1788952445076.437,"ts_ms":1788952445923.7,"stage":"WORKER_CREATE_BEGIN"}
[play-trace] {"context_id":"sv594b4u","t_ms":849.7,"time_origin_ms":1788952445076.437,"ts_ms":1788952445926.1,"stage":"WORKER_CREATED"}

[90mstdout[2m | tests/component-dom/webTransportWorkerClientRefresh.behavior.test.ts[2m > [22m[2mWorkerClient playback continuity during credential refresh[2m > [22m[2mresumes the same focused stream from the last consumer-confirmed byte after a valid refresh
[22m[39m[play-trace] {"request_id":"b5a74786-fee7-4888-8664-a97729658c29","operation":"initialize","context_id":"sv594b4u","t_ms":903.9,"time_origin_ms":1788952445076.437,"ts_ms":1788952445980.3,"stage":"WORKER_REQUEST_POSTED"}
[play-trace] {"request_id":"b5a74786-fee7-4888-8664-a97729658c29","operation":"initialize","ok":true,"context_id":"sv594b4u","t_ms":904.2,"time_origin_ms":1788952445076.437,"ts_ms":1788952445980.6,"stage":"WORKER_RESPONSE_RECEIVED"}

[90mstdout[2m | tests/component-dom/webTransportWorkerClientRefresh.behavior.test.ts[2m > [22m[2mWorkerClient playback continuity during credential refresh[2m > [22m[2mresumes the same focused stream from the last consumer-confirmed byte after a valid refresh
[22m[39m[play-trace] {"message_id":77,"context_id":"sv594b4u","t_ms":955.9,"time_origin_ms":1788952445076.437,"ts_ms":1788952446032.3,"stage":"WORKER_PLAYBACK_FOCUS_REAPPLIED"}

[90mstdout[2m | tests/component-dom/webTransportWorkerClientRefresh.behavior.test.ts[2m > [22m[2mWorkerClient playback continuity during credential refresh[2m > [22m[2mresumes the same focused stream from the last consumer-confirmed byte after a valid refresh
[22m[39m[play-trace] {"message_id":77,"offset_bytes":69632,"refresh_epoch":1,"context_id":"sv594b4u","t_ms":956.2,"time_origin_ms":1788952445076.437,"ts_ms":1788952446032.6,"stage":"WORKER_STREAM_REFRESH_RESUME"}

[90mstdout[2m | tests/component-dom/webTransportWorkerClientRefresh.behavior.test.ts[2m > [22m[2mWorkerClient playback continuity during credential refresh[2m > [22m[2mdoes not resume playback when credential refresh is invalid
[22m[39m[play-trace] {"context_id":"sv594b4u","t_ms":961.9,"time_origin_ms":1788952445076.437,"ts_ms":1788952446038.3,"stage":"WORKER_CREATE_BEGIN"}
[play-trace] {"context_id":"sv594b4u","t_ms":963.7,"time_origin_ms":1788952445076.437,"ts_ms":1788952446040.1,"stage":"WORKER_CREATED"}
[play-trace] {"request_id":"40e900ea-3742-4310-8916-573c1dbb6f6f","operation":"initialize","context_id":"sv594b4u","t_ms":964.1,"time_origin_ms":1788952445076.437,"ts_ms":1788952446040.5,"stage":"WORKER_REQUEST_POSTED"}
[play-trace] {"request_id":"40e900ea-3742-4310-8916-573c1dbb6f6f","operation":"initialize","ok":false,"context_id":"sv594b4u","t_ms":964.6,"time_origin_ms":1788952445076.437,"ts_ms":1788952446041.1,"stage":"WORKER_RESPONSE_RECEIVED"}

[90mstdout[2m | tests/component-dom/webTransportWorkerClientRefresh.behavior.test.ts[2m > [22m[2mWorkerClient playback continuity during credential refresh[2m > [22m[2mphysically cancels a secondary stream for Play and resumes from the last consumer-confirmed byte only after stable
[22m[39m[play-trace] {"context_id":"sv594b4u","t_ms":971.8,"time_origin_ms":1788952445076.437,"ts_ms":1788952446048.3,"stage":"WORKER_CREATE_BEGIN"}
[play-trace] {"context_id":"sv594b4u","t_ms":972.8,"time_origin_ms":1788952445076.437,"ts_ms":1788952446049.2,"stage":"WORKER_CREATED"}

[90mstdout[2m | tests/component-dom/webTransportControllerLifecycle.behavior.test.ts[2m > [22m[2mWebTransportController lifecycle behavior[2m > [22m[2mresolves playback connect while getMe/getChat remain pending and blocks writes until both finish
[22m[39m[play-trace] {"startup_beat_count":0,"context_id":"ftvwa21t","t_ms":1507.5,"time_origin_ms":1788952444576.133,"ts_ms":1788952446083.6,"stage":"CONTROLLER_CONNECT_NEW"}
[play-trace] {"startup_beat_count":0,"context_id":"ftvwa21t","t_ms":1508.5,"time_origin_ms":1788952444576.133,"ts_ms":1788952446084.6,"stage":"CONTROLLER_SESSION_PREPARE_BEGIN"}

[90mstdout[2m | tests/component-dom/webTransportControllerLifecycle.behavior.test.ts[2m > [22m[2mWebTransportController lifecycle behavior[2m > [22m[2mresolves playback connect while getMe/getChat remain pending and blocks writes until both finish
[22m[39m[play-trace] {"span_id":1,"context_id":"ftvwa21t","t_ms":1509.3,"time_origin_ms":1788952444576.133,"ts_ms":1788952446085.4,"stage":"DIRECT_ACTIVATE_BEGIN"}
[play-trace] {"span_id":2,"context_id":"ftvwa21t","t_ms":1509.4,"time_origin_ms":1788952444576.133,"ts_ms":1788952446085.6,"stage":"DIRECT_PREPARE_BEGIN"}
[play-trace] {"span_id":1,"elapsed_ms":0.4,"context_id":"ftvwa21t","t_ms":1509.7,"time_origin_ms":1788952444576.133,"ts_ms":1788952446085.9,"stage":"DIRECT_ACTIVATE_DONE"}
[play-trace] {"span_id":2,"elapsed_ms":0.4,"context_id":"ftvwa21t","t_ms":1509.8,"time_origin_ms":1788952444576.133,"ts_ms":1788952446085.9,"stage":"DIRECT_PREPARE_DONE"}

[90mstdout[2m | tests/component-dom/webTransportControllerLifecycle.behavior.test.ts[2m > [22m[2mWebTransportController lifecycle behavior[2m > [22m[2mresolves playback connect while getMe/getChat remain pending and blocks writes until both finish
[22m[39m[play-trace] {"elapsed_ms":2,"startup_message_count":0,"context_id":"ftvwa21t","t_ms":1509.9,"time_origin_ms":1788952444576.133,"ts_ms":1788952446086.1,"stage":"CONTROLLER_SESSION_PREPARE_DONE"}
[play-trace] {"elapsed_ms":1,"context_id":"ftvwa21t","t_ms":1510,"time_origin_ms":1788952444576.133,"ts_ms":1788952446086.2,"stage":"CONTROLLER_SESSION_ACTIVATE_DONE"}

[90mstdout[2m | tests/component-dom/webTransportControllerLifecycle.behavior.test.ts[2m > [22m[2mWebTransportController lifecycle behavior[2m > [22m[2mresolves playback connect while getMe/getChat remain pending and blocks writes until both finish
[22m[39m[play-trace] {"context_id":"ftvwa21t","t_ms":1510.1,"time_origin_ms":1788952444576.133,"ts_ms":1788952446086.3,"stage":"CONTROLLER_SESSION_MEDIA_GATE_OPEN"}
[play-trace] {"span_id":3,"context_id":"ftvwa21t","t_ms":1510.4,"time_origin_ms":1788952444576.133,"ts_ms":1788952446086.5,"stage":"DIRECT_INITIALIZE_BEGIN"}

[90mstdout[2m | tests/component-dom/webTransportControllerLifecycle.behavior.test.ts[2m > [22m[2mWebTransportController lifecycle behavior[2m > [22m[2mresolves playback connect while getMe/getChat remain pending and blocks writes until both finish
[22m[39m[play-trace] {"span_id":3,"elapsed_ms":0.3,"context_id":"ftvwa21t","t_ms":1510.7,"time_origin_ms":1788952444576.133,"ts_ms":1788952446086.8,"stage":"DIRECT_INITIALIZE_DONE"}

[90mstdout[2m | tests/component-dom/webTransportControllerLifecycle.behavior.test.ts[2m > [22m[2mWebTransportController lifecycle behavior[2m > [22m[2mresolves playback connect while getMe/getChat remain pending and blocks writes until both finish
[22m[39m[play-trace] {"elapsed_ms":0,"context_id":"ftvwa21t","t_ms":1510.8,"time_origin_ms":1788952444576.133,"ts_ms":1788952446086.9,"stage":"CONTROLLER_SESSION_INITIALIZE_DONE"}
[play-trace] {"span_id":4,"context_id":"ftvwa21t","t_ms":1511,"time_origin_ms":1788952444576.133,"ts_ms":1788952446087.1,"stage":"DIRECT_BACKGROUND_GET_ME_BEGIN"}
[play-trace] {"span_id":5,"context_id":"ftvwa21t","t_ms":1511,"time_origin_ms":1788952444576.133,"ts_ms":1788952446087.1,"stage":"DIRECT_BACKGROUND_GET_CHAT_BEGIN"}
[play-trace] {"total_ms":3,"context_id":"ftvwa21t","t_ms":1511.1,"time_origin_ms":1788952444576.133,"ts_ms":1788952446087.2,"stage":"CONTROLLER_SESSION_DATA_PLANE_READY"}

[90mstdout[2m | tests/component-dom/webTransportControllerLifecycle.behavior.test.ts[2m > [22m[2mWebTransportController lifecycle behavior[2m > [22m[2mresolves playback connect while getMe/getChat remain pending and blocks writes until both finish
[22m[39m[play-trace] {"context_id":"ftvwa21t","t_ms":1511.9,"time_origin_ms":1788952444576.133,"ts_ms":1788952446088.1,"stage":"CONTROLLER_CONNECT_REUSE"}

[90mstdout[2m | tests/component-dom/webTransportControllerLifecycle.behavior.test.ts[2m > [22m[2mWebTransportController lifecycle behavior[2m > [22m[2mresolves playback connect while getMe/getChat remain pending and blocks writes until both finish
[22m[39m[play-trace] {"span_id":4,"elapsed_ms":1.4,"context_id":"ftvwa21t","t_ms":1512.4,"time_origin_ms":1788952444576.133,"ts_ms":1788952446088.5,"stage":"DIRECT_BACKGROUND_GET_ME_DONE"}

[90mstdout[2m | tests/component-dom/webTransportControllerLifecycle.behavior.test.ts[2m > [22m[2mWebTransportController lifecycle behavior[2m > [22m[2mresolves playback connect while getMe/getChat remain pending and blocks writes until both finish
[22m[39m[play-trace] {"span_id":5,"elapsed_ms":2.2,"context_id":"ftvwa21t","t_ms":1513.2,"time_origin_ms":1788952444576.133,"ts_ms":1788952446089.3,"stage":"DIRECT_BACKGROUND_GET_CHAT_DONE"}

[90mstdout[2m | tests/component-dom/webTransportControllerLifecycle.behavior.test.ts[2m > [22m[2mWebTransportController lifecycle behavior[2m > [22m[2mresolves playback connect while getMe/getChat remain pending and blocks writes until both finish
[22m[39m[play-trace] {"context_id":"ftvwa21t","t_ms":1513.3,"time_origin_ms":1788952444576.133,"ts_ms":1788952446089.5,"stage":"CONTROLLER_BACKGROUND_VERIFY_READY"}

[90mstdout[2m | tests/component-dom/webTransportControllerLifecycle.behavior.test.ts[2m > [22m[2mWebTransportController lifecycle behavior[2m > [22m[2mfails closed when background identity verification fails after playback readiness
[22m[39m[play-trace] {"startup_beat_count":0,"context_id":"ftvwa21t","t_ms":1517.1,"time_origin_ms":1788952444576.133,"ts_ms":1788952446093.2,"stage":"CONTROLLER_CONNECT_NEW"}
[play-trace] {"startup_beat_count":0,"context_id":"ftvwa21t","t_ms":1517.2,"time_origin_ms":1788952444576.133,"ts_ms":1788952446093.3,"stage":"CONTROLLER_SESSION_PREPARE_BEGIN"}

[90mstdout[2m | tests/component-dom/webTransportControllerLifecycle.behavior.test.ts[2m > [22m[2mWebTransportController lifecycle behavior[2m > [22m[2mfails closed when background identity verification fails after playback readiness
[22m[39m[play-trace] {"span_id":6,"context_id":"ftvwa21t","t_ms":1517.3,"time_origin_ms":1788952444576.133,"ts_ms":1788952446093.5,"stage":"DIRECT_ACTIVATE_BEGIN"}
[play-trace] {"span_id":7,"context_id":"ftvwa21t","t_ms":1517.4,"time_origin_ms":1788952444576.133,"ts_ms":1788952446093.5,"stage":"DIRECT_PREPARE_BEGIN"}
[play-trace] {"span_id":6,"elapsed_ms":0.1,"context_id":"ftvwa21t","t_ms":1517.4,"time_origin_ms":1788952444576.133,"ts_ms":1788952446093.6,"stage":"DIRECT_ACTIVATE_DONE"}
[play-trace] {"span_id":7,"elapsed_ms":0.1,"context_id":"ftvwa21t","t_ms":1517.5,"time_origin_ms":1788952444576.133,"ts_ms":1788952446093.6,"stage":"DIRECT_PREPARE_DONE"}

[90mstdout[2m | tests/component-dom/webTransportControllerLifecycle.behavior.test.ts[2m > [22m[2mWebTransportController lifecycle behavior[2m > [22m[2mfails closed when background identity verification fails after playback readiness
[22m[39m[play-trace] {"elapsed_ms":0,"startup_message_count":0,"context_id":"ftvwa21t","t_ms":1517.6,"time_origin_ms":1788952444576.133,"ts_ms":1788952446093.7,"stage":"CONTROLLER_SESSION_PREPARE_DONE"}
[play-trace] {"elapsed_ms":0,"context_id":"ftvwa21t","t_ms":1517.6,"time_origin_ms":1788952444576.133,"ts_ms":1788952446093.7,"stage":"CONTROLLER_SESSION_ACTIVATE_DONE"}

[90mstdout[2m | tests/component-dom/webTransportControllerLifecycle.behavior.test.ts[2m > [22m[2mWebTransportController lifecycle behavior[2m > [22m[2mfails closed when background identity verification fails after playback readiness
[22m[39m[play-trace] {"context_id":"ftvwa21t","t_ms":1517.7,"time_origin_ms":1788952444576.133,"ts_ms":1788952446093.8,"stage":"CONTROLLER_SESSION_MEDIA_GATE_OPEN"}
[play-trace] {"span_id":8,"context_id":"ftvwa21t","t_ms":1517.7,"time_origin_ms":1788952444576.133,"ts_ms":1788952446093.9,"stage":"DIRECT_INITIALIZE_BEGIN"}

[90mstdout[2m | tests/component-dom/webTransportControllerLifecycle.behavior.test.ts[2m > [22m[2mWebTransportController lifecycle behavior[2m > [22m[2mfails closed when background identity verification fails after playback readiness
[22m[39m[play-trace] {"span_id":8,"elapsed_ms":0.1,"context_id":"ftvwa21t","t_ms":1517.8,"time_origin_ms":1788952444576.133,"ts_ms":1788952446093.9,"stage":"DIRECT_INITIALIZE_DONE"}

[90mstdout[2m | tests/component-dom/webTransportControllerLifecycle.behavior.test.ts[2m > [22m[2mWebTransportController lifecycle behavior[2m > [22m[2mfails closed when background identity verification fails after playback readiness
[22m[39m[play-trace] {"elapsed_ms":0,"context_id":"ftvwa21t","t_ms":1517.9,"time_origin_ms":1788952444576.133,"ts_ms":1788952446094,"stage":"CONTROLLER_SESSION_INITIALIZE_DONE"}
[play-trace] {"span_id":9,"context_id":"ftvwa21t","t_ms":1518,"time_origin_ms":1788952444576.133,"ts_ms":1788952446094.1,"stage":"DIRECT_BACKGROUND_GET_ME_BEGIN"}
[play-trace] {"span_id":10,"context_id":"ftvwa21t","t_ms":1518,"time_origin_ms":1788952444576.133,"ts_ms":1788952446094.2,"stage":"DIRECT_BACKGROUND_GET_CHAT_BEGIN"}
[play-trace] {"total_ms":1,"context_id":"ftvwa21t","t_ms":1518,"time_origin_ms":1788952444576.133,"ts_ms":1788952446094.2,"stage":"CONTROLLER_SESSION_DATA_PLANE_READY"}

[90mstdout[2m | tests/component-dom/webTransportControllerLifecycle.behavior.test.ts[2m > [22m[2mWebTransportController lifecycle behavior[2m > [22m[2mfails closed when background identity verification fails after playback readiness
[22m[39m[play-trace] {"span_id":9,"elapsed_ms":1.1,"context_id":"ftvwa21t","t_ms":1519.1,"time_origin_ms":1788952444576.133,"ts_ms":1788952446095.3,"stage":"DIRECT_BACKGROUND_GET_ME_ERROR"}
[play-trace] {"span_id":10,"elapsed_ms":1.1,"context_id":"ftvwa21t","t_ms":1519.2,"time_origin_ms":1788952444576.133,"ts_ms":1788952446095.3,"stage":"DIRECT_BACKGROUND_GET_CHAT_DONE"}

[90mstdout[2m | tests/component-dom/webTransportControllerLifecycle.behavior.test.ts[2m > [22m[2mWebTransportController lifecycle behavior[2m > [22m[2mfails closed when background identity verification fails after playback readiness
[22m[39m[play-trace] {"error_name":"Error","context_id":"ftvwa21t","t_ms":1519.2,"time_origin_ms":1788952444576.133,"ts_ms":1788952446095.4,"stage":"CONTROLLER_BACKGROUND_VERIFY_FAILED"}

[90mstdout[2m | tests/component-dom/webTransportWorkerClientRefresh.behavior.test.ts[2m > [22m[2mWorkerClient playback continuity during credential refresh[2m > [22m[2mphysically cancels a secondary stream for Play and resumes from the last consumer-confirmed byte only after stable
[22m[39m[play-trace] {"request_id":"c731a3f1-7763-42f6-a364-d1a9605a0fac","context_id":"sv594b4u","t_ms":1023.1,"time_origin_ms":1788952445076.437,"ts_ms":1788952446099.5,"stage":"WORKER_BACKGROUND_STREAM_PREEMPTED_PLAY"}

[90mstderr[2m | tests/component-dom/startupBootstrap.test.tsx[2m > [22m[2museStartupBootstrap[2m > [22m[2mpreserves cached presentation when online authority stays temporarily unknown
[22m[39mTelegram vault startup check failed: Error: temporary authority failure
    at [90m/home/runner/work/BeatGaler/BeatGaler/[39mtests/component-dom/startupBootstrap.test.tsx:194:49
    at [90mfile:///home/runner/work/BeatGaler/BeatGaler/[39mnode_modules/[4m@vitest/runner[24m/dist/chunk-hooks.js:155:11
    at [90mfile:///home/runner/work/BeatGaler/BeatGaler/[39mnode_modules/[4m@vitest/runner[24m/dist/chunk-hooks.js:752:26
    at [90mfile:///home/runner/work/BeatGaler/BeatGaler/[39mnode_modules/[4m@vitest/runner[24m/dist/chunk-hooks.js:1897:20
    at new Promise (<anonymous>)
    at runWithTimeout [90m(file:///home/runner/work/BeatGaler/BeatGaler/[39mnode_modules/[4m@vitest/runner[24m/dist/chunk-hooks.js:1863:10[90m)[39m
    at runTest [90m(file:///home/runner/work/BeatGaler/BeatGaler/[39mnode_modules/[4m@vitest/runner[24m/dist/chunk-hooks.js:1574:12[90m)[39m
    at runSuite [90m(file:///home/runner/work/BeatGaler/BeatGaler/[39mnode_modules/[4m@vitest/runner[24m/dist/chunk-hooks.js:1729:8[90m)[39m
    at runSuite [90m(file:///home/runner/work/BeatGaler/BeatGaler/[39mnode_modules/[4m@vitest/runner[24m/dist/chunk-hooks.js:1729:8[90m)[39m
    at runFiles [90m(file:///home/runner/work/BeatGaler/BeatGaler/[39mnode_modules/[4m@vitest/runner[24m/dist/chunk-hooks.js:1787:3[90m)[39m

 [32m✓[39m tests/component-dom/startupBootstrap.test.tsx [2m([22m[2m4 tests[22m[2m)[22m[32m 36[2mms[22m[39m
[90mstdout[2m | tests/component-dom/webTransportControllerLifecycle.behavior.test.ts[2m > [22m[2mWebTransportController lifecycle behavior[2m > [22m[2mfails closed when background identity verification fails after playback readiness
[22m[39m[play-trace] {"startup_beat_count":0,"context_id":"ftvwa21t","t_ms":1570.7,"time_origin_ms":1788952444576.133,"ts_ms":1788952446146.9,"stage":"CONTROLLER_CONNECT_NEW"}
[play-trace] {"startup_beat_count":0,"context_id":"ftvwa21t","t_ms":1570.8,"time_origin_ms":1788952444576.133,"ts_ms":1788952446146.9,"stage":"CONTROLLER_SESSION_PREPARE_BEGIN"}

[90mstdout[2m | tests/component-dom/webTransportControllerLifecycle.behavior.test.ts[2m > [22m[2mWebTransportController lifecycle behavior[2m > [22m[2mfails closed when background identity verification fails after playback readiness
[22m[39m[play-trace] {"span_id":11,"context_id":"ftvwa21t","t_ms":1571.2,"time_origin_ms":1788952444576.133,"ts_ms":1788952446147.3,"stage":"DIRECT_ACTIVATE_BEGIN"}
[play-trace] {"span_id":12,"context_id":"ftvwa21t","t_ms":1571.2,"time_origin_ms":1788952444576.133,"ts_ms":1788952446147.3,"stage":"DIRECT_PREPARE_BEGIN"}
[play-trace] {"span_id":11,"elapsed_ms":0.1,"context_id":"ftvwa21t","t_ms":1571.3,"time_origin_ms":1788952444576.133,"ts_ms":1788952446147.4,"stage":"DIRECT_ACTIVATE_DONE"}
[play-trace] {"span_id":12,"elapsed_ms":0.2,"context_id":"ftvwa21t","t_ms":1571.4,"time_origin_ms":1788952444576.133,"ts_ms":1788952446147.5,"stage":"DIRECT_PREPARE_DONE"}

[90mstdout[2m | tests/component-dom/webTransportControllerLifecycle.behavior.test.ts[2m > [22m[2mWebTransportController lifecycle behavior[2m > [22m[2mfails closed when background identity verification fails after playback readiness
[22m[39m[play-trace] {"elapsed_ms":1,"startup_message_count":0,"context_id":"ftvwa21t","t_ms":1571.5,"time_origin_ms":1788952444576.133,"ts_ms":1788952446147.6,"stage":"CONTROLLER_SESSION_PREPARE_DONE"}
[play-trace] {"elapsed_ms":0,"context_id":"ftvwa21t","t_ms":1571.5,"time_origin_ms":1788952444576.133,"ts_ms":1788952446147.7,"stage":"CONTROLLER_SESSION_ACTIVATE_DONE"}

[90mstdout[2m | tests/component-dom/webTransportControllerLifecycle.behavior.test.ts[2m > [22m[2mWebTransportController lifecycle behavior[2m > [22m[2mfails closed when background identity verification fails after playback readiness
[22m[39m[play-trace] {"context_id":"ftvwa21t","t_ms":1571.6,"time_origin_ms":1788952444576.133,"ts_ms":1788952446147.7,"stage":"CONTROLLER_SESSION_MEDIA_GATE_OPEN"}
[play-trace] {"span_id":13,"context_id":"ftvwa21t","t_ms":1571.7,"time_origin_ms":1788952444576.133,"ts_ms":1788952446147.8,"stage":"DIRECT_INITIALIZE_BEGIN"}

[90mstdout[2m | tests/component-dom/webTransportControllerLifecycle.behavior.test.ts[2m > [22m[2mWebTransportController lifecycle behavior[2m > [22m[2mfails closed when background identity verification fails after playback readiness
[22m[39m[play-trace] {"span_id":13,"elapsed_ms":0.1,"context_id":"ftvwa21t","t_ms":1571.8,"time_origin_ms":1788952444576.133,"ts_ms":1788952446147.9,"stage":"DIRECT_INITIALIZE_DONE"}

[90mstdout[2m | tests/component-dom/webTransportControllerLifecycle.behavior.test.ts[2m > [22m[2mWebTransportController lifecycle behavior[2m > [22m[2mfails closed when background identity verification fails after playback readiness
[22m[39m[play-trace] {"elapsed_ms":0,"context_id":"ftvwa21t","t_ms":1571.9,"time_origin_ms":1788952444576.133,"ts_ms":1788952446148,"stage":"CONTROLLER_SESSION_INITIALIZE_DONE"}
[play-trace] {"span_id":14,"context_id":"ftvwa21t","t_ms":1571.9,"time_origin_ms":1788952444576.133,"ts_ms":1788952446148,"stage":"DIRECT_BACKGROUND_GET_ME_BEGIN"}
[play-trace] {"span_id":15,"context_id":"ftvwa21t","t_ms":1571.9,"time_origin_ms":1788952444576.133,"ts_ms":1788952446148.1,"stage":"DIRECT_BACKGROUND_GET_CHAT_BEGIN"}
[play-trace] {"total_ms":2,"context_id":"ftvwa21t","t_ms":1572,"time_origin_ms":1788952444576.133,"ts_ms":1788952446148.1,"stage":"CONTROLLER_SESSION_DATA_PLANE_READY"}
[play-trace] {"span_id":14,"elapsed_ms":0.1,"context_id":"ftvwa21t","t_ms":1572,"time_origin_ms":1788952444576.133,"ts_ms":1788952446148.1,"stage":"DIRECT_BACKGROUND_GET_ME_ERROR"}
[play-trace] {"span_id":15,"elapsed_ms":0.1,"context_id":"ftvwa21t","t_ms":1572,"time_origin_ms":1788952444576.133,"ts_ms":1788952446148.2,"stage":"DIRECT_BACKGROUND_GET_CHAT_DONE"}

[90mstdout[2m | tests/component-dom/webTransportControllerLifecycle.behavior.test.ts[2m > [22m[2mWebTransportController lifecycle behavior[2m > [22m[2mfails closed when background identity verification fails after playback readiness
[22m[39m[play-trace] {"error_name":"Error","context_id":"ftvwa21t","t_ms":1572.1,"time_origin_ms":1788952444576.133,"ts_ms":1788952446148.3,"stage":"CONTROLLER_BACKGROUND_VERIFY_FAILED"}

[90mstdout[2m | tests/component-dom/webTransportControllerLifecycle.behavior.test.ts[2m > [22m[2mWebTransportController lifecycle behavior[2m > [22m[2mfails closed when background chat verification fails after playback readiness
[22m[39m[play-trace] {"startup_beat_count":0,"context_id":"ftvwa21t","t_ms":1573.5,"time_origin_ms":1788952444576.133,"ts_ms":1788952446149.7,"stage":"CONTROLLER_CONNECT_NEW"}
[play-trace] {"startup_beat_count":0,"context_id":"ftvwa21t","t_ms":1573.6,"time_origin_ms":1788952444576.133,"ts_ms":1788952446149.7,"stage":"CONTROLLER_SESSION_PREPARE_BEGIN"}

[90mstdout[2m | tests/component-dom/webTransportControllerLifecycle.behavior.test.ts[2m > [22m[2mWebTransportController lifecycle behavior[2m > [22m[2mfails closed when background chat verification fails after playback readiness
[22m[39m[play-trace] {"span_id":16,"context_id":"ftvwa21t","t_ms":1573.8,"time_origin_ms":1788952444576.133,"ts_ms":1788952446149.9,"stage":"DIRECT_ACTIVATE_BEGIN"}
[play-trace] {"span_id":17,"context_id":"ftvwa21t","t_ms":1573.8,"time_origin_ms":1788952444576.133,"ts_ms":1788952446149.9,"stage":"DIRECT_PREPARE_BEGIN"}
[play-trace] {"span_id":16,"elapsed_ms":0.1,"context_id":"ftvwa21t","t_ms":1573.9,"time_origin_ms":1788952444576.133,"ts_ms":1788952446150,"stage":"DIRECT_ACTIVATE_DONE"}
[play-trace] {"span_id":17,"elapsed_ms":0.1,"context_id":"ftvwa21t","t_ms":1573.9,"time_origin_ms":1788952444576.133,"ts_ms":1788952446150,"stage":"DIRECT_PREPARE_DONE"}

[90mstdout[2m | tests/component-dom/webTransportControllerLifecycle.behavior.test.ts[2m > [22m[2mWebTransportController lifecycle behavior[2m > [22m[2mfails closed when background chat verification fails after playback readiness
[22m[39m[play-trace] {"elapsed_ms":1,"startup_message_count":0,"context_id":"ftvwa21t","t_ms":1574,"time_origin_ms":1788952444576.133,"ts_ms":1788952446150.1,"stage":"CONTROLLER_SESSION_PREPARE_DONE"}
[play-trace] {"elapsed_ms":1,"context_id":"ftvwa21t","t_ms":1574,"time_origin_ms":1788952444576.133,"ts_ms":1788952446150.1,"stage":"CONTROLLER_SESSION_ACTIVATE_DONE"}

[90mstdout[2m | tests/component-dom/webTransportControllerLifecycle.behavior.test.ts[2m > [22m[2mWebTransportController lifecycle behavior[2m > [22m[2mfails closed when background chat verification fails after playback readiness
[22m[39m[play-trace] {"context_id":"ftvwa21t","t_ms":1574.1,"time_origin_ms":1788952444576.133,"ts_ms":1788952446150.2,"stage":"CONTROLLER_SESSION_MEDIA_GATE_OPEN"}
[play-trace] {"span_id":18,"context_id":"ftvwa21t","t_ms":1574.1,"time_origin_ms":1788952444576.133,"ts_ms":1788952446150.3,"stage":"DIRECT_INITIALIZE_BEGIN"}

[90mstdout[2m | tests/component-dom/webTransportControllerLifecycle.behavior.test.ts[2m > [22m[2mWebTransportController lifecycle behavior[2m > [22m[2mfails closed when background chat verification fails after playback readiness
[22m[39m[play-trace] {"span_id":18,"elapsed_ms":0.1,"context_id":"ftvwa21t","t_ms":1574.2,"time_origin_ms":1788952444576.133,"ts_ms":1788952446150.4,"stage":"DIRECT_INITIALIZE_DONE"}

[90mstdout[2m | tests/component-dom/webTransportControllerLifecycle.behavior.test.ts[2m > [22m[2mWebTransportController lifecycle behavior[2m > [22m[2mfails closed when background chat verification fails after playback readiness
[22m[39m[play-trace] {"elapsed_ms":0,"context_id":"ftvwa21t","t_ms":1574.3,"time_origin_ms":1788952444576.133,"ts_ms":1788952446150.4,"stage":"CONTROLLER_SESSION_INITIALIZE_DONE"}
[play-trace] {"span_id":19,"context_id":"ftvwa21t","t_ms":1574.3,"time_origin_ms":1788952444576.133,"ts_ms":1788952446150.5,"stage":"DIRECT_BACKGROUND_GET_ME_BEGIN"}
[play-trace] {"span_id":20,"context_id":"ftvwa21t","t_ms":1574.4,"time_origin_ms":1788952444576.133,"ts_ms":1788952446150.5,"stage":"DIRECT_BACKGROUND_GET_CHAT_BEGIN"}
[play-trace] {"total_ms":1,"context_id":"ftvwa21t","t_ms":1574.4,"time_origin_ms":1788952444576.133,"ts_ms":1788952446150.5,"stage":"CONTROLLER_SESSION_DATA_PLANE_READY"}

[90mstdout[2m | tests/component-dom/webTransportControllerLifecycle.behavior.test.ts[2m > [22m[2mWebTransportController lifecycle behavior[2m > [22m[2mfails closed when background chat verification fails after playback readiness
[22m[39m[play-trace] {"span_id":19,"elapsed_ms":0.4,"context_id":"ftvwa21t","t_ms":1574.8,"time_origin_ms":1788952444576.133,"ts_ms":1788952446150.9,"stage":"DIRECT_BACKGROUND_GET_ME_DONE"}
[play-trace] {"span_id":20,"elapsed_ms":0.4,"context_id":"ftvwa21t","t_ms":1574.8,"time_origin_ms":1788952444576.133,"ts_ms":1788952446150.9,"stage":"DIRECT_BACKGROUND_GET_CHAT_ERROR"}

[90mstdout[2m | tests/component-dom/webTransportControllerLifecycle.behavior.test.ts[2m > [22m[2mWebTransportController lifecycle behavior[2m > [22m[2mfails closed when background chat verification fails after playback readiness
[22m[39m[play-trace] {"error_name":"Error","context_id":"ftvwa21t","t_ms":1574.9,"time_origin_ms":1788952444576.133,"ts_ms":1788952446151,"stage":"CONTROLLER_BACKGROUND_VERIFY_FAILED"}

[90mstdout[2m | tests/component-dom/webTransportWorkerClientRefresh.behavior.test.ts[2m > [22m[2mWorkerClient playback continuity during credential refresh[2m > [22m[2mphysically cancels a secondary stream for Play and resumes from the last consumer-confirmed byte only after stable
[22m[39m[play-trace] {"message_id":91,"offset_bytes":4096,"context_id":"sv594b4u","t_ms":1075.2,"time_origin_ms":1788952445076.437,"ts_ms":1788952446151.7,"stage":"WORKER_BACKGROUND_STREAM_RESUME"}

[90mstdout[2m | tests/component-dom/webTransportControllerLifecycle.behavior.test.ts[2m > [22m[2mWebTransportController lifecycle behavior[2m > [22m[2mfails closed when background chat verification fails after playback readiness
[22m[39m[play-trace] {"startup_beat_count":0,"context_id":"ftvwa21t","t_ms":1625.9,"time_origin_ms":1788952444576.133,"ts_ms":1788952446202,"stage":"CONTROLLER_CONNECT_NEW"}
[play-trace] {"startup_beat_count":0,"context_id":"ftvwa21t","t_ms":1625.9,"time_origin_ms":1788952444576.133,"ts_ms":1788952446202.1,"stage":"CONTROLLER_SESSION_PREPARE_BEGIN"}

[90mstdout[2m | tests/component-dom/webTransportControllerLifecycle.behavior.test.ts[2m > [22m[2mWebTransportController lifecycle behavior[2m > [22m[2mfails closed when background chat verification fails after playback readiness
[22m[39m[play-trace] {"span_id":21,"context_id":"ftvwa21t","t_ms":1626.1,"time_origin_ms":1788952444576.133,"ts_ms":1788952446202.3,"stage":"DIRECT_ACTIVATE_BEGIN"}
[play-trace] {"span_id":22,"context_id":"ftvwa21t","t_ms":1626.2,"time_origin_ms":1788952444576.133,"ts_ms":1788952446202.3,"stage":"DIRECT_PREPARE_BEGIN"}
[play-trace] {"span_id":21,"elapsed_ms":0.1,"context_id":"ftvwa21t","t_ms":1626.2,"time_origin_ms":1788952444576.133,"ts_ms":1788952446202.3,"stage":"DIRECT_ACTIVATE_DONE"}
[play-trace] {"span_id":22,"elapsed_ms":0.1,"context_id":"ftvwa21t","t_ms":1626.2,"time_origin_ms":1788952444576.133,"ts_ms":1788952446202.4,"stage":"DIRECT_PREPARE_DONE"}

[90mstdout[2m | tests/component-dom/webTransportControllerLifecycle.behavior.test.ts[2m > [22m[2mWebTransportController lifecycle behavior[2m > [22m[2mfails closed when background chat verification fails after playback readiness
[22m[39m[play-trace] {"elapsed_ms":0,"startup_message_count":0,"context_id":"ftvwa21t","t_ms":1626.3,"time_origin_ms":1788952444576.133,"ts_ms":1788952446202.5,"stage":"CONTROLLER_SESSION_PREPARE_DONE"}
[play-trace] {"elapsed_ms":0,"context_id":"ftvwa21t","t_ms":1626.4,"time_origin_ms":1788952444576.133,"ts_ms":1788952446202.5,"stage":"CONTROLLER_SESSION_ACTIVATE_DONE"}

[90mstdout[2m | tests/component-dom/webTransportControllerLifecycle.behavior.test.ts[2m > [22m[2mWebTransportController lifecycle behavior[2m > [22m[2mfails closed when background chat verification fails after playback readiness
[22m[39m[play-trace] {"context_id":"ftvwa21t","t_ms":1626.5,"time_origin_ms":1788952444576.133,"ts_ms":1788952446202.6,"stage":"CONTROLLER_SESSION_MEDIA_GATE_OPEN"}
[play-trace] {"span_id":23,"context_id":"ftvwa21t","t_ms":1626.5,"time_origin_ms":1788952444576.133,"ts_ms":1788952446202.6,"stage":"DIRECT_INITIALIZE_BEGIN"}

[90mstdout[2m | tests/component-dom/webTransportControllerLifecycle.behavior.test.ts[2m > [22m[2mWebTransportController lifecycle behavior[2m > [22m[2mfails closed when background chat verification fails after playback readiness
[22m[39m[play-trace] {"span_id":23,"elapsed_ms":0.1,"context_id":"ftvwa21t","t_ms":1626.6,"time_origin_ms":1788952444576.133,"ts_ms":1788952446202.7,"stage":"DIRECT_INITIALIZE_DONE"}

[90mstdout[2m | tests/component-dom/webTransportControllerLifecycle.behavior.test.ts[2m > [22m[2mWebTransportController lifecycle behavior[2m > [22m[2mfails closed when background chat verification fails after playback readiness
[22m[39m[play-trace] {"elapsed_ms":0,"context_id":"ftvwa21t","t_ms":1626.7,"time_origin_ms":1788952444576.133,"ts_ms":1788952446202.8,"stage":"CONTROLLER_SESSION_INITIALIZE_DONE"}
[play-trace] {"span_id":24,"context_id":"ftvwa21t","t_ms":1626.7,"time_origin_ms":1788952444576.133,"ts_ms":1788952446202.9,"stage":"DIRECT_BACKGROUND_GET_ME_BEGIN"}
[play-trace] {"span_id":25,"context_id":"ftvwa21t","t_ms":1626.8,"time_origin_ms":1788952444576.133,"ts_ms":1788952446202.9,"stage":"DIRECT_BACKGROUND_GET_CHAT_BEGIN"}
[play-trace] {"total_ms":0,"context_id":"ftvwa21t","t_ms":1626.8,"time_origin_ms":1788952444576.133,"ts_ms":1788952446202.9,"stage":"CONTROLLER_SESSION_DATA_PLANE_READY"}
[play-trace] {"span_id":24,"elapsed_ms":0.1,"context_id":"ftvwa21t","t_ms":1626.8,"time_origin_ms":1788952444576.133,"ts_ms":1788952446203,"stage":"DIRECT_BACKGROUND_GET_ME_DONE"}
[play-trace] {"span_id":25,"elapsed_ms":0.1,"context_id":"ftvwa21t","t_ms":1626.9,"time_origin_ms":1788952444576.133,"ts_ms":1788952446203,"stage":"DIRECT_BACKGROUND_GET_CHAT_ERROR"}

[90mstdout[2m | tests/component-dom/webTransportControllerLifecycle.behavior.test.ts[2m > [22m[2mWebTransportController lifecycle behavior[2m > [22m[2mfails closed when background chat verification fails after playback readiness
[22m[39m[play-trace] {"error_name":"Error","context_id":"ftvwa21t","t_ms":1627,"time_origin_ms":1788952444576.133,"ts_ms":1788952446203.1,"stage":"CONTROLLER_BACKGROUND_VERIFY_FAILED"}

[90mstdout[2m | tests/component-dom/webTransportControllerLifecycle.behavior.test.ts[2m > [22m[2mWebTransportController lifecycle behavior[2m > [22m[2mdoes not publish a late session when logout wins during reserve
[22m[39m[play-trace] {"startup_beat_count":0,"context_id":"ftvwa21t","t_ms":1628.2,"time_origin_ms":1788952444576.133,"ts_ms":1788952446204.3,"stage":"CONTROLLER_CONNECT_NEW"}
[play-trace] {"startup_beat_count":0,"context_id":"ftvwa21t","t_ms":1628.2,"time_origin_ms":1788952444576.133,"ts_ms":1788952446204.3,"stage":"CONTROLLER_SESSION_PREPARE_BEGIN"}

[90mstdout[2m | tests/component-dom/webTransportWorkerClientRefresh.behavior.test.ts[2m > [22m[2mWorkerClient playback continuity during credential refresh[2m > [22m[2mnever preempts a playback stream when applying Play focus
[22m[39m[play-trace] {"context_id":"sv594b4u","t_ms":1126.9,"time_origin_ms":1788952445076.437,"ts_ms":1788952446203.4,"stage":"WORKER_CREATE_BEGIN"}
[play-trace] {"context_id":"sv594b4u","t_ms":1127.8,"time_origin_ms":1788952445076.437,"ts_ms":1788952446204.2,"stage":"WORKER_CREATED"}

[90mstdout[2m | tests/component-dom/webTransportControllerLifecycle.behavior.test.ts[2m > [22m[2mWebTransportController lifecycle behavior[2m > [22m[2mdoes not publish a late session when logout wins during bind/activate
[22m[39m[play-trace] {"startup_beat_count":0,"context_id":"ftvwa21t","t_ms":1629.9,"time_origin_ms":1788952444576.133,"ts_ms":1788952446206,"stage":"CONTROLLER_CONNECT_NEW"}
[play-trace] {"startup_beat_count":0,"context_id":"ftvwa21t","t_ms":1629.9,"time_origin_ms":1788952444576.133,"ts_ms":1788952446206,"stage":"CONTROLLER_SESSION_PREPARE_BEGIN"}

[90mstdout[2m | tests/component-dom/webTransportControllerLifecycle.behavior.test.ts[2m > [22m[2mWebTransportController lifecycle behavior[2m > [22m[2mdoes not publish a late session when logout wins during bind/activate
[22m[39m[play-trace] {"span_id":26,"context_id":"ftvwa21t","t_ms":1630.3,"time_origin_ms":1788952444576.133,"ts_ms":1788952446206.5,"stage":"DIRECT_ACTIVATE_BEGIN"}
[play-trace] {"span_id":27,"context_id":"ftvwa21t","t_ms":1630.4,"time_origin_ms":1788952444576.133,"ts_ms":1788952446206.5,"stage":"DIRECT_PREPARE_BEGIN"}

 [32m✓[39m tests/component-dom/webTransportWorkerClientRefresh.behavior.test.ts [2m([22m[2m4 tests[22m[2m)[22m[32m 284[2mms[22m[39m
[90mstdout[2m | tests/component-dom/webTransportControllerLifecycle.behavior.test.ts[2m > [22m[2mWebTransportController lifecycle behavior[2m > [22m[2mdoes not publish a late session when logout wins during bind/activate
[22m[39m[play-trace] {"span_id":27,"elapsed_ms":50.7,"context_id":"ftvwa21t","t_ms":1681.1,"time_origin_ms":1788952444576.133,"ts_ms":1788952446257.2,"stage":"DIRECT_PREPARE_DONE"}
[play-trace] {"span_id":26,"elapsed_ms":50.9,"context_id":"ftvwa21t","t_ms":1681.2,"time_origin_ms":1788952444576.133,"ts_ms":1788952446257.3,"stage":"DIRECT_ACTIVATE_DONE"}

[90mstdout[2m | tests/component-dom/webTransportControllerLifecycle.behavior.test.ts[2m > [22m[2mWebTransportController lifecycle behavior[2m > [22m[2mdoes not publish a late session when logout wins during bind/activate
[22m[39m[play-trace] {"elapsed_ms":51,"context_id":"ftvwa21t","t_ms":1681.4,"time_origin_ms":1788952444576.133,"ts_ms":1788952446257.5,"stage":"CONTROLLER_SESSION_ACTIVATE_DONE"}

[90mstdout[2m | tests/component-dom/webTransportControllerLifecycle.behavior.test.ts[2m > [22m[2mWebTransportController lifecycle behavior[2m > [22m[2mdoes not publish a late session when logout wins during Worker initialize
[22m[39m[play-trace] {"startup_beat_count":0,"context_id":"ftvwa21t","t_ms":1684,"time_origin_ms":1788952444576.133,"ts_ms":1788952446260.1,"stage":"CONTROLLER_CONNECT_NEW"}
[play-trace] {"startup_beat_count":0,"context_id":"ftvwa21t","t_ms":1684,"time_origin_ms":1788952444576.133,"ts_ms":1788952446260.2,"stage":"CONTROLLER_SESSION_PREPARE_BEGIN"}

[90mstdout[2m | tests/component-dom/webTransportControllerLifecycle.behavior.test.ts[2m > [22m[2mWebTransportController lifecycle behavior[2m > [22m[2mdoes not publish a late session when logout wins during Worker initialize
[22m[39m[play-trace] {"span_id":28,"context_id":"ftvwa21t","t_ms":1684.6,"time_origin_ms":1788952444576.133,"ts_ms":1788952446260.7,"stage":"DIRECT_ACTIVATE_BEGIN"}
[play-trace] {"span_id":29,"context_id":"ftvwa21t","t_ms":1684.6,"time_origin_ms":1788952444576.133,"ts_ms":1788952446260.8,"stage":"DIRECT_PREPARE_BEGIN"}
[play-trace] {"span_id":28,"elapsed_ms":0.1,"context_id":"ftvwa21t","t_ms":1684.7,"time_origin_ms":1788952444576.133,"ts_ms":1788952446260.9,"stage":"DIRECT_ACTIVATE_DONE"}
[play-trace] {"span_id":29,"elapsed_ms":0.1,"context_id":"ftvwa21t","t_ms":1684.8,"time_origin_ms":1788952444576.133,"ts_ms":1788952446260.9,"stage":"DIRECT_PREPARE_DONE"}

[90mstdout[2m | tests/component-dom/webTransportControllerLifecycle.behavior.test.ts[2m > [22m[2mWebTransportController lifecycle behavior[2m > [22m[2mdoes not publish a late session when logout wins during Worker initialize
[22m[39m[play-trace] {"elapsed_ms":1,"startup_message_count":0,"context_id":"ftvwa21t","t_ms":1685.1,"time_origin_ms":1788952444576.133,"ts_ms":1788952446261.2,"stage":"CONTROLLER_SESSION_PREPARE_DONE"}
[play-trace] {"elapsed_ms":1,"context_id":"ftvwa21t","t_ms":1685.1,"time_origin_ms":1788952444576.133,"ts_ms":1788952446261.2,"stage":"CONTROLLER_SESSION_ACTIVATE_DONE"}

[90mstdout[2m | tests/component-dom/webTransportControllerLifecycle.behavior.test.ts[2m > [22m[2mWebTransportController lifecycle behavior[2m > [22m[2mdoes not publish a late session when logout wins during Worker initialize
[22m[39m[play-trace] {"context_id":"ftvwa21t","t_ms":1685.3,"time_origin_ms":1788952444576.133,"ts_ms":1788952446261.5,"stage":"CONTROLLER_SESSION_MEDIA_GATE_OPEN"}
[play-trace] {"span_id":30,"context_id":"ftvwa21t","t_ms":1685.4,"time_origin_ms":1788952444576.133,"ts_ms":1788952446261.5,"stage":"DIRECT_INITIALIZE_BEGIN"}

[90mstdout[2m | tests/component-dom/webTransportControllerLifecycle.behavior.test.ts[2m > [22m[2mWebTransportController lifecycle behavior[2m > [22m[2mdoes not publish a late session when logout wins during Worker initialize
[22m[39m[play-trace] {"span_id":30,"elapsed_ms":51.1,"context_id":"ftvwa21t","t_ms":1736.5,"time_origin_ms":1788952444576.133,"ts_ms":1788952446312.6,"stage":"DIRECT_INITIALIZE_DONE"}

[90mstdout[2m | tests/component-dom/webTransportControllerLifecycle.behavior.test.ts[2m > [22m[2mWebTransportController lifecycle behavior[2m > [22m[2mdoes not revive an older generation when logout races a credential refresh
[22m[39m[play-trace] {"startup_beat_count":0,"context_id":"ftvwa21t","t_ms":1738.1,"time_origin_ms":1788952444576.133,"ts_ms":1788952446314.2,"stage":"CONTROLLER_CONNECT_NEW"}
[play-trace] {"startup_beat_count":0,"context_id":"ftvwa21t","t_ms":1738.1,"time_origin_ms":1788952444576.133,"ts_ms":1788952446314.2,"stage":"CONTROLLER_SESSION_PREPARE_BEGIN"}

[90mstdout[2m | tests/component-dom/webTransportControllerLifecycle.behavior.test.ts[2m > [22m[2mWebTransportController lifecycle behavior[2m > [22m[2mdoes not revive an older generation when logout races a credential refresh
[22m[39m[play-trace] {"span_id":31,"context_id":"ftvwa21t","t_ms":1738.2,"time_origin_ms":1788952444576.133,"ts_ms":1788952446314.3,"stage":"DIRECT_ACTIVATE_BEGIN"}
[play-trace] {"span_id":32,"context_id":"ftvwa21t","t_ms":1738.2,"time_origin_ms":1788952444576.133,"ts_ms":1788952446314.4,"stage":"DIRECT_PREPARE_BEGIN"}
[play-trace] {"span_id":31,"elapsed_ms":0.1,"context_id":"ftvwa21t","t_ms":1738.3,"time_origin_ms":1788952444576.133,"ts_ms":1788952446314.4,"stage":"DIRECT_ACTIVATE_DONE"}
[play-trace] {"span_id":32,"elapsed_ms":0.1,"context_id":"ftvwa21t","t_ms":1738.3,"time_origin_ms":1788952444576.133,"ts_ms":1788952446314.4,"stage":"DIRECT_PREPARE_DONE"}

[90mstdout[2m | tests/component-dom/webTransportControllerLifecycle.behavior.test.ts[2m > [22m[2mWebTransportController lifecycle behavior[2m > [22m[2mdoes not revive an older generation when logout races a credential refresh
[22m[39m[play-trace] {"elapsed_ms":0,"startup_message_count":0,"context_id":"ftvwa21t","t_ms":1738.4,"time_origin_ms":1788952444576.133,"ts_ms":1788952446314.5,"stage":"CONTROLLER_SESSION_PREPARE_DONE"}
[play-trace] {"elapsed_ms":0,"context_id":"ftvwa21t","t_ms":1738.4,"time_origin_ms":1788952444576.133,"ts_ms":1788952446314.5,"stage":"CONTROLLER_SESSION_ACTIVATE_DONE"}

[90mstdout[2m | tests/component-dom/webTransportControllerLifecycle.behavior.test.ts[2m > [22m[2mWebTransportController lifecycle behavior[2m > [22m[2mdoes not revive an older generation when logout races a credential refresh
[22m[39m[play-trace] {"context_id":"ftvwa21t","t_ms":1738.5,"time_origin_ms":1788952444576.133,"ts_ms":1788952446314.6,"stage":"CONTROLLER_SESSION_MEDIA_GATE_OPEN"}
[play-trace] {"span_id":33,"context_id":"ftvwa21t","t_ms":1738.5,"time_origin_ms":1788952444576.133,"ts_ms":1788952446314.7,"stage":"DIRECT_INITIALIZE_BEGIN"}

[90mstdout[2m | tests/component-dom/webTransportControllerLifecycle.behavior.test.ts[2m > [22m[2mWebTransportController lifecycle behavior[2m > [22m[2mdoes not revive an older generation when logout races a credential refresh
[22m[39m[play-trace] {"span_id":33,"elapsed_ms":0.1,"context_id":"ftvwa21t","t_ms":1738.6,"time_origin_ms":1788952444576.133,"ts_ms":1788952446314.7,"stage":"DIRECT_INITIALIZE_DONE"}

[90mstdout[2m | tests/component-dom/webTransportControllerLifecycle.behavior.test.ts[2m > [22m[2mWebTransportController lifecycle behavior[2m > [22m[2mdoes not revive an older generation when logout races a credential refresh
[22m[39m[play-trace] {"elapsed_ms":0,"context_id":"ftvwa21t","t_ms":1738.8,"time_origin_ms":1788952444576.133,"ts_ms":1788952446314.9,"stage":"CONTROLLER_SESSION_INITIALIZE_DONE"}
[play-trace] {"span_id":34,"context_id":"ftvwa21t","t_ms":1738.8,"time_origin_ms":1788952444576.133,"ts_ms":1788952446315,"stage":"DIRECT_BACKGROUND_GET_ME_BEGIN"}
[play-trace] {"span_id":35,"context_id":"ftvwa21t","t_ms":1738.9,"time_origin_ms":1788952444576.133,"ts_ms":1788952446315,"stage":"DIRECT_BACKGROUND_GET_CHAT_BEGIN"}
[play-trace] {"total_ms":1,"context_id":"ftvwa21t","t_ms":1738.9,"time_origin_ms":1788952444576.133,"ts_ms":1788952446315.1,"stage":"CONTROLLER_SESSION_DATA_PLANE_READY"}
[play-trace] {"span_id":34,"elapsed_ms":0.1,"context_id":"ftvwa21t","t_ms":1739,"time_origin_ms":1788952444576.133,"ts_ms":1788952446315.1,"stage":"DIRECT_BACKGROUND_GET_ME_DONE"}
[play-trace] {"span_id":35,"elapsed_ms":0.1,"context_id":"ftvwa21t","t_ms":1739,"time_origin_ms":1788952444576.133,"ts_ms":1788952446315.1,"stage":"DIRECT_BACKGROUND_GET_CHAT_DONE"}

[90mstdout[2m | tests/component-dom/webTransportControllerLifecycle.behavior.test.ts[2m > [22m[2mWebTransportController lifecycle behavior[2m > [22m[2mdoes not revive an older generation when logout races a credential refresh
[22m[39m[play-trace] {"context_id":"ftvwa21t","t_ms":1739.1,"time_origin_ms":1788952444576.133,"ts_ms":1788952446315.2,"stage":"CONTROLLER_BACKGROUND_VERIFY_READY"}

[90mstdout[2m | tests/component-dom/webTransportControllerLifecycle.behavior.test.ts[2m > [22m[2mWebTransportController lifecycle behavior[2m > [22m[2mdoes not revive an older generation when logout races a credential refresh
[22m[39m[play-trace] {"context_id":"ftvwa21t","t_ms":1739.4,"time_origin_ms":1788952444576.133,"ts_ms":1788952446315.5,"stage":"CONTROLLER_CONNECT_REUSE"}

[90mstdout[2m | tests/component-dom/webTransportControllerLifecycle.behavior.test.ts[2m > [22m[2mWebTransportController lifecycle behavior[2m > [22m[2mdoes not revive an older generation when logout races a credential refresh
[22m[39m[play-trace] {"context_id":"ftvwa21t","t_ms":1739.8,"time_origin_ms":1788952444576.133,"ts_ms":1788952446316,"stage":"CONTROLLER_CREDENTIAL_REFRESH_BEGIN"}

[90mstdout[2m | tests/component-dom/webTransportControllerLifecycle.behavior.test.ts[2m > [22m[2mWebTransportController lifecycle behavior[2m > [22m[2mdoes not revive an older generation when logout races a credential refresh
[22m[39m[play-trace] {"error_name":"Error","context_id":"ftvwa21t","t_ms":1791,"time_origin_ms":1788952444576.133,"ts_ms":1788952446367.2,"stage":"CONTROLLER_CREDENTIAL_REFRESH_FAILED"}

[90mstdout[2m | tests/component-dom/webTransportControllerLifecycle.behavior.test.ts[2m > [22m[2mWebTransportController lifecycle behavior[2m > [22m[2mtreats heartbeat expiry as integral local invalidation and denies subsequent reuse
[22m[39m[play-trace] {"startup_beat_count":0,"context_id":"ftvwa21t","t_ms":0,"time_origin_ms":1788952446369,"ts_ms":1788952446369,"stage":"CONTROLLER_CONNECT_NEW"}
[play-trace] {"startup_beat_count":0,"context_id":"ftvwa21t","t_ms":0,"time_origin_ms":1788952446369,"ts_ms":1788952446369,"stage":"CONTROLLER_SESSION_PREPARE_BEGIN"}

[90mstdout[2m | tests/component-dom/webTransportControllerLifecycle.behavior.test.ts[2m > [22m[2mWebTransportController lifecycle behavior[2m > [22m[2mtreats heartbeat expiry as integral local invalidation and denies subsequent reuse
[22m[39m[play-trace] {"span_id":36,"context_id":"ftvwa21t","t_ms":0,"time_origin_ms":1788952446369,"ts_ms":1788952446369,"stage":"DIRECT_ACTIVATE_BEGIN"}
[play-trace] {"span_id":37,"context_id":"ftvwa21t","t_ms":0,"time_origin_ms":1788952446369,"ts_ms":1788952446369,"stage":"DIRECT_PREPARE_BEGIN"}
[play-trace] {"span_id":36,"elapsed_ms":0,"context_id":"ftvwa21t","t_ms":0,"time_origin_ms":1788952446369,"ts_ms":1788952446369,"stage":"DIRECT_ACTIVATE_DONE"}
[play-trace] {"span_id":37,"elapsed_ms":0,"context_id":"ftvwa21t","t_ms":0,"time_origin_ms":1788952446369,"ts_ms":1788952446369,"stage":"DIRECT_PREPARE_DONE"}

[90mstdout[2m | tests/component-dom/webTransportControllerLifecycle.behavior.test.ts[2m > [22m[2mWebTransportController lifecycle behavior[2m > [22m[2mtreats heartbeat expiry as integral local invalidation and denies subsequent reuse
[22m[39m[play-trace] {"elapsed_ms":0,"startup_message_count":0,"context_id":"ftvwa21t","t_ms":0,"time_origin_ms":1788952446369,"ts_ms":1788952446369,"stage":"CONTROLLER_SESSION_PREPARE_DONE"}
[play-trace] {"elapsed_ms":0,"context_id":"ftvwa21t","t_ms":0,"time_origin_ms":1788952446369,"ts_ms":1788952446369,"stage":"CONTROLLER_SESSION_ACTIVATE_DONE"}

[90mstdout[2m | tests/component-dom/webTransportControllerLifecycle.behavior.test.ts[2m > [22m[2mWebTransportController lifecycle behavior[2m > [22m[2mtreats heartbeat expiry as integral local invalidation and denies subsequent reuse
[22m[39m[play-trace] {"context_id":"ftvwa21t","t_ms":0,"time_origin_ms":1788952446369,"ts_ms":1788952446369,"stage":"CONTROLLER_SESSION_MEDIA_GATE_OPEN"}
[play-trace] {"span_id":38,"context_id":"ftvwa21t","t_ms":0,"time_origin_ms":1788952446369,"ts_ms":1788952446369,"stage":"DIRECT_INITIALIZE_BEGIN"}

[90mstdout[2m | tests/component-dom/webTransportControllerLifecycle.behavior.test.ts[2m > [22m[2mWebTransportController lifecycle behavior[2m > [22m[2mtreats heartbeat expiry as integral local invalidation and denies subsequent reuse
[22m[39m[play-trace] {"span_id":38,"elapsed_ms":0,"context_id":"ftvwa21t","t_ms":0,"time_origin_ms":1788952446369,"ts_ms":1788952446369,"stage":"DIRECT_INITIALIZE_DONE"}

[90mstdout[2m | tests/component-dom/webTransportControllerLifecycle.behavior.test.ts[2m > [22m[2mWebTransportController lifecycle behavior[2m > [22m[2mtreats heartbeat expiry as integral local invalidation and denies subsequent reuse
[22m[39m[play-trace] {"elapsed_ms":0,"context_id":"ftvwa21t","t_ms":0,"time_origin_ms":1788952446369,"ts_ms":1788952446369,"stage":"CONTROLLER_SESSION_INITIALIZE_DONE"}
[play-trace] {"span_id":39,"context_id":"ftvwa21t","t_ms":0,"time_origin_ms":1788952446369,"ts_ms":1788952446369,"stage":"DIRECT_BACKGROUND_GET_ME_BEGIN"}
[play-trace] {"span_id":40,"context_id":"ftvwa21t","t_ms":0,"time_origin_ms":1788952446369,"ts_ms":1788952446369,"stage":"DIRECT_BACKGROUND_GET_CHAT_BEGIN"}
[play-trace] {"total_ms":0,"context_id":"ftvwa21t","t_ms":0,"time_origin_ms":1788952446369,"ts_ms":1788952446369,"stage":"CONTROLLER_SESSION_DATA_PLANE_READY"}
[play-trace] {"span_id":39,"elapsed_ms":0,"context_id":"ftvwa21t","t_ms":0,"time_origin_ms":1788952446369,"ts_ms":1788952446369,"stage":"DIRECT_BACKGROUND_GET_ME_DONE"}
[play-trace] {"span_id":40,"elapsed_ms":0,"context_id":"ftvwa21t","t_ms":0,"time_origin_ms":1788952446369,"ts_ms":1788952446369,"stage":"DIRECT_BACKGROUND_GET_CHAT_DONE"}

[90mstdout[2m | tests/component-dom/webTransportControllerLifecycle.behavior.test.ts[2m > [22m[2mWebTransportController lifecycle behavior[2m > [22m[2mtreats heartbeat expiry as integral local invalidation and denies subsequent reuse
[22m[39m[play-trace] {"context_id":"ftvwa21t","t_ms":0,"time_origin_ms":1788952446369,"ts_ms":1788952446369,"stage":"CONTROLLER_BACKGROUND_VERIFY_READY"}

 [32m✓[39m tests/component-dom/webTransportControllerLifecycle.behavior.test.ts [2m([22m[2m8 tests[22m[2m)[22m[33m 302[2mms[22m[39m
[90mstdout[2m | tests/component-dom/libraryReload.test.tsx[2m > [22m[2museLibraryReload[2m > [22m[2mapplies authoritative Reload and keeps the minimum refresh feedback
[22m[39m[library-refresh] APPLIED beats=1 attempt=1

 [32m✓[39m tests/component-dom/importSaveAll.test.tsx [2m([22m[2m4 tests[22m[2m)[22m[32m 43[2mms[22m[39m
 [32m✓[39m tests/component-dom/webImportCommit.test.ts [2m([22m[2m3 tests[22m[2m)[22m[32m 19[2mms[22m[39m
[90mstderr[2m | tests/component-dom/libraryReload.test.tsx[2m > [22m[2museLibraryReload[2m > [22m[2mapplies authoritative Reload and keeps the minimum refresh feedback
[22m[39mWarning: An update to Harness inside a test was not wrapped in act(...).

When testing, code that causes React state updates should be wrapped into act(...):

act(() => {
  /* fire events that update state */
});
/* assert on the output */

This ensures that you're testing the behavior the user would see in the browser. Learn more at https://reactjs.org/link/wrap-tests-with-act
    at Harness (/home/runner/work/BeatGaler/BeatGaler/tests/component-dom/libraryReload.test.tsx:55:20)

[90mstderr[2m | tests/component-dom/libraryReload.test.tsx[2m > [22m[2museLibraryReload[2m > [22m[2mapplies authoritative Reload and keeps the minimum refresh feedback
[22m[39mWarning: An update to Harness inside a test was not wrapped in act(...).

When testing, code that causes React state updates should be wrapped into act(...):

act(() => {
  /* fire events that update state */
});
/* assert on the output */

This ensures that you're testing the behavior the user would see in the browser. Learn more at https://reactjs.org/link/wrap-tests-with-act
    at Harness (/home/runner/work/BeatGaler/BeatGaler/tests/component-dom/libraryReload.test.tsx:55:20)

[90mstderr[2m | tests/component-dom/libraryReload.test.tsx[2m > [22m[2museLibraryReload[2m > [22m[2mdefers while uploads are active and consumes the queue event after drain
[22m[39mWarning: An update to Harness inside a test was not wrapped in act(...).

When testing, code that causes React state updates should be wrapped into act(...):

act(() => {
  /* fire events that update state */
});
/* assert on the output */

This ensures that you're testing the behavior the user would see in the browser. Learn more at https://reactjs.org/link/wrap-tests-with-act
    at Harness (/home/runner/work/BeatGaler/BeatGaler/tests/component-dom/libraryReload.test.tsx:55:20)

[90mstderr[2m | tests/component-dom/libraryReload.test.tsx[2m > [22m[2museLibraryReload[2m > [22m[2mdefers while uploads are active and consumes the queue event after drain
[22m[39mWarning: An update to Harness inside a test was not wrapped in act(...).

When testing, code that causes React state updates should be wrapped into act(...):

act(() => {
  /* fire events that update state */
});
/* assert on the output */

This ensures that you're testing the behavior the user would see in the browser. Learn more at https://reactjs.org/link/wrap-tests-with-act
    at Harness (/home/runner/work/BeatGaler/BeatGaler/tests/component-dom/libraryReload.test.tsx:55:20)

[90mstdout[2m | tests/component-dom/libraryReload.test.tsx[2m > [22m[2museLibraryReload[2m > [22m[2mdefers while uploads are active and consumes the queue event after drain
[22m[39m[library-refresh] APPLIED beats=1 attempt=1

[90mstdout[2m | tests/component-dom/webStartupPlaybackCoordinator.behavior.test.ts[2m > [22m[2mWebStartupPlaybackCoordinator behavior[2m > [22m[2mstarts exactly one Direct connection with zero candidates and opens the INDEX barrier
[22m[39m[play-trace] {"count":0,"context_id":"lx4zctx8","t_ms":751.3,"time_origin_ms":1788952447281.499,"ts_ms":1788952448032.8,"stage":"STARTUP_LOCAL_ROUTING_READY"}
[play-trace] {"startup_candidate_count":0,"context_id":"lx4zctx8","t_ms":752,"time_origin_ms":1788952447281.499,"ts_ms":1788952448033.5,"stage":"DIRECT_START_DISPATCHED"}

[90mstdout[2m | tests/component-dom/webStartupPlaybackCoordinator.behavior.test.ts[2m > [22m[2mWebStartupPlaybackCoordinator behavior[2m > [22m[2mstarts exactly one Direct connection with zero candidates and opens the INDEX barrier
[22m[39m[play-trace] {"count":0,"failures":0,"context_id":"lx4zctx8","t_ms":753.3,"time_origin_ms":1788952447281.499,"ts_ms":1788952448034.8,"stage":"ADAPTER_STARTUP_WARM_SETTLED"}

[90mstdout[2m | tests/component-dom/webStartupPlaybackCoordinator.behavior.test.ts[2m > [22m[2mWebStartupPlaybackCoordinator behavior[2m > [22m[2mcaptures fourteen local candidates once and keeps INDEX closed until every candidate reaches READY or FAILED
[22m[39m[play-trace] {"count":14,"context_id":"lx4zctx8","t_ms":758,"time_origin_ms":1788952447281.499,"ts_ms":1788952448039.5,"stage":"STARTUP_LOCAL_ROUTING_READY"}
[play-trace] {"startup_candidate_count":14,"context_id":"lx4zctx8","t_ms":759,"time_origin_ms":1788952447281.499,"ts_ms":1788952448040.5,"stage":"DIRECT_START_DISPATCHED"}
[play-trace] {"count":14,"context_id":"lx4zctx8","t_ms":759,"time_origin_ms":1788952447281.499,"ts_ms":1788952448040.5,"stage":"INDEX_WAIT_STARTUP"}
[play-trace] {"count":14,"context_id":"lx4zctx8","t_ms":760.1,"time_origin_ms":1788952447281.499,"ts_ms":1788952448041.6,"stage":"WARM_BATCH_BEGIN"}

[90mstdout[2m | tests/component-dom/webStartupPlaybackCoordinator.behavior.test.ts[2m > [22m[2mWebStartupPlaybackCoordinator behavior[2m > [22m[2mcaptures fourteen local candidates once and keeps INDEX closed until every candidate reaches READY or FAILED
[22m[39m[play-trace] {"count":14,"failures":1,"context_id":"lx4zctx8","t_ms":810.2,"time_origin_ms":1788952447281.499,"ts_ms":1788952448091.7,"stage":"ADAPTER_STARTUP_WARM_SETTLED"}

[90mstdout[2m | tests/component-dom/webStartupPlaybackCoordinator.behavior.test.ts[2m > [22m[2mWebStartupPlaybackCoordinator behavior[2m > [22m[2mretries a transient Direct startup failure without creating a second coordinator or changing its candidate set
[22m[39m[play-trace] {"count":1,"context_id":"lx4zctx8","t_ms":811.8,"time_origin_ms":1788952447281.499,"ts_ms":1788952448093.2,"stage":"STARTUP_LOCAL_ROUTING_READY"}
[play-trace] {"startup_candidate_count":1,"context_id":"lx4zctx8","t_ms":812.1,"time_origin_ms":1788952447281.499,"ts_ms":1788952448093.6,"stage":"DIRECT_START_DISPATCHED"}

[90mstdout[2m | tests/component-dom/webStartupPlaybackCoordinator.behavior.test.ts[2m > [22m[2mWebStartupPlaybackCoordinator behavior[2m > [22m[2mretries a transient Direct startup failure without creating a second coordinator or changing its candidate set
[22m[39m[play-trace] {"error_name":"Error","context_id":"lx4zctx8","t_ms":814.8,"time_origin_ms":1788952447281.499,"ts_ms":1788952448096.3,"stage":"DIRECT_START_RETRYABLE_FAILURE"}

[90mstdout[2m | tests/component-dom/webStartupPlaybackCoordinator.behavior.test.ts[2m > [22m[2mWebStartupPlaybackCoordinator behavior[2m > [22m[2mretries a transient Direct startup failure without creating a second coordinator or changing its candidate set
[22m[39m[play-trace] {"startup_candidate_count":1,"context_id":"lx4zctx8","t_ms":817.8,"time_origin_ms":1788952447281.499,"ts_ms":1788952448099.3,"stage":"DIRECT_START_DISPATCHED"}

[90mstdout[2m | tests/component-dom/webStartupPlaybackCoordinator.behavior.test.ts[2m > [22m[2mWebStartupPlaybackCoordinator behavior[2m > [22m[2mretries a transient Direct startup failure without creating a second coordinator or changing its candidate set
[22m[39m[play-trace] {"count":1,"context_id":"lx4zctx8","t_ms":818,"time_origin_ms":1788952447281.499,"ts_ms":1788952448099.5,"stage":"WARM_BATCH_BEGIN"}

[90mstdout[2m | tests/component-dom/webStartupPlaybackCoordinator.behavior.test.ts[2m > [22m[2mWebStartupPlaybackCoordinator behavior[2m > [22m[2mretries a transient Direct startup failure without creating a second coordinator or changing its candidate set
[22m[39m[play-trace] {"count":1,"failures":0,"context_id":"lx4zctx8","t_ms":818.2,"time_origin_ms":1788952447281.499,"ts_ms":1788952448099.7,"stage":"ADAPTER_STARTUP_WARM_SETTLED"}

[90mstdout[2m | tests/component-dom/webStartupPlaybackCoordinator.behavior.test.ts[2m > [22m[2mWebStartupPlaybackCoordinator behavior[2m > [22m[2mpurges SourceManager state on transport invalidation and detaches the listener on dispose
[22m[39m[play-trace] {"count":0,"context_id":"lx4zctx8","t_ms":819.8,"time_origin_ms":1788952447281.499,"ts_ms":1788952448101.3,"stage":"STARTUP_LOCAL_ROUTING_READY"}
[play-trace] {"context_id":"lx4zctx8","t_ms":820.4,"time_origin_ms":1788952447281.499,"ts_ms":1788952448101.9,"stage":"SOURCE_SESSION_INVALIDATED"}

 [32m✓[39m tests/component-dom/webStartupPlaybackCoordinator.behavior.test.ts [2m([22m[2m4 tests[22m[2m)[22m[32m 76[2mms[22m[39m
[90mstdout[2m | tests/component-dom/accountGateWeb.test.tsx[2m > [22m[2mAccountGate Web adapter[2m > [22m[2muses credentialed cookie transport and never persists the Web bearer
[22m[39m[play-trace] {"context_id":"ipv8qiss","t_ms":930,"time_origin_ms":1788952447308.213,"ts_ms":1788952448238.2,"stage":"ADAPTER_TRANSPORT_PREWARM_BEGIN"}
[play-trace] {"span_id":1,"context_id":"ipv8qiss","t_ms":930.6,"time_origin_ms":1788952447308.213,"ts_ms":1788952448238.8,"stage":"DIRECT_CODE_IMPORT_BEGIN"}

[90mstdout[2m | tests/component-dom/accountGateWeb.test.tsx[2m > [22m[2mAccountGate Web adapter[2m > [22m[2mclears a saved session only for an explicit 401/expiry
[22m[39m[play-trace] {"context_id":"ipv8qiss","t_ms":933.7,"time_origin_ms":1788952447308.213,"ts_ms":1788952448241.9,"stage":"ADAPTER_TRANSPORT_PREWARM_BEGIN"}

 [32m✓[39m tests/component-dom/accountGateWeb.test.tsx [2m([22m[2m7 tests[22m[2m)[22m[32m 109[2mms[22m[39m
[90mstdout[2m | tests/component-dom/authUi11_2.test.tsx[2m > [22m[2mF2 11.2 complete Auth UI[2m > [22m[2mexposes reachable login, register, verify and password recovery flows with native labels/autocomplete
[22m[39m[play-trace] {"span_id":1,"context_id":"xvh9m124","t_ms":864.2,"time_origin_ms":1788952448127.38,"ts_ms":1788952448991.6,"stage":"AUTH_RESTORE_BEGIN"}

[90mstdout[2m | tests/component-dom/authUi11_2.test.tsx[2m > [22m[2mF2 11.2 complete Auth UI[2m > [22m[2mexposes reachable login, register, verify and password recovery flows with native labels/autocomplete
[22m[39m[play-trace] {"auth_session":"signed_out","cancelled":false,"span_id":1,"elapsed_ms":1.9,"context_id":"xvh9m124","t_ms":866,"time_origin_ms":1788952448127.38,"ts_ms":1788952448993.4,"stage":"AUTH_RESTORE_DONE"}

[90mstdout[2m | tests/component-dom/authUi11_2.test.tsx[2m > [22m[2mF2 11.2 complete Auth UI[2m > [22m[2mmoves a login that requires MFA into an accessible authenticator/recovery flow
[22m[39m[play-trace] {"span_id":2,"context_id":"xvh9m124","t_ms":926.1,"time_origin_ms":1788952448127.38,"ts_ms":1788952449053.5,"stage":"AUTH_RESTORE_BEGIN"}

[90mstdout[2m | tests/component-dom/authUi11_2.test.tsx[2m > [22m[2mF2 11.2 complete Auth UI[2m > [22m[2mmoves a login that requires MFA into an accessible authenticator/recovery flow
[22m[39m[play-trace] {"auth_session":"signed_out","cancelled":false,"span_id":2,"elapsed_ms":0.5,"context_id":"xvh9m124","t_ms":926.6,"time_origin_ms":1788952448127.38,"ts_ms":1788952449054,"stage":"AUTH_RESTORE_DONE"}

[90mstdout[2m | tests/component-dom/authUi11_2.test.tsx[2m > [22m[2mF2 11.2 complete Auth UI[2m > [22m[2moffers popup blocked recovery, redirect/new-tab fallback, cancel and retry semantics for OAuth
[22m[39m[play-trace] {"span_id":3,"context_id":"xvh9m124","t_ms":947,"time_origin_ms":1788952448127.38,"ts_ms":1788952449074.3,"stage":"AUTH_RESTORE_BEGIN"}

[90mstdout[2m | tests/component-dom/authUi11_2.test.tsx[2m > [22m[2mF2 11.2 complete Auth UI[2m > [22m[2moffers popup blocked recovery, redirect/new-tab fallback, cancel and retry semantics for OAuth
[22m[39m[play-trace] {"auth_session":"signed_out","cancelled":false,"span_id":3,"elapsed_ms":0.2,"context_id":"xvh9m124","t_ms":947.2,"time_origin_ms":1788952448127.38,"ts_ms":1788952449074.6,"stage":"AUTH_RESTORE_DONE"}

 [32m✓[39m tests/component-dom/webDownloads.test.ts [2m([22m[2m3 tests[22m[2m)[22m[32m 67[2mms[22m[39m
[90mstdout[2m | tests/component-dom/authUi11_2.test.tsx[2m > [22m[2mF2 11.2 complete Auth UI[2m > [22m[2mkeeps a remembered local shell visible when auth restore is transiently offline
[22m[39m[play-trace] {"span_id":4,"context_id":"xvh9m124","t_ms":967.5,"time_origin_ms":1788952448127.38,"ts_ms":1788952449094.9,"stage":"AUTH_RESTORE_BEGIN"}
[play-trace] {"context_id":"xvh9m124","t_ms":967.6,"time_origin_ms":1788952448127.38,"ts_ms":1788952449095,"stage":"AUTH_CACHE_REVEAL_OPTIMISTIC"}

[90mstdout[2m | tests/component-dom/authUi11_2.test.tsx[2m > [22m[2mF2 11.2 complete Auth UI[2m > [22m[2mkeeps a remembered local shell visible when auth restore is transiently offline
[22m[39m[play-trace] {"auth_session":"unknown","cancelled":false,"span_id":4,"elapsed_ms":0.9,"context_id":"xvh9m124","t_ms":968.3,"time_origin_ms":1788952448127.38,"ts_ms":1788952449095.7,"stage":"AUTH_RESTORE_ERROR"}

 [32m✓[39m tests/component-dom/authUi11_2.test.tsx [2m([22m[2m4 tests[22m[2m)[22m[32m 125[2mms[22m[39m
 [32m✓[39m tests/component-dom/webBeatEdit.test.ts [2m([22m[2m3 tests[22m[2m)[22m[32m 18[2mms[22m[39m
 [32m✓[39m tests/component-dom/webLibrary.test.ts [2m([22m[2m6 tests[22m[2m)[22m[32m 108[2mms[22m[39m
[90mstderr[2m | tests/component-dom/webTransportInvalidation.behavior.test.tsx[2m > [22m[2mWeb transport invalidation behavior[2m > [22m[2mstops audible playback, detaches src and releases the active beat when the Web session is invalidated
[22m[39mWarning: `ReactDOMTestUtils.act` is deprecated in favor of `React.act`. Import `act` from `react` instead of `react-dom/test-utils`. See https://react.dev/warnings/react-dom-test-utils for more info.
Warning: The current testing environment is not configured to support act(...)

[90mstdout[2m | tests/component-dom/webTransportInvalidation.behavior.test.tsx[2m > [22m[2mWeb transport invalidation behavior[2m > [22m[2mstops audible playback, detaches src and releases the active beat when the Web session is invalidated
[22m[39m[play-trace] {"beat_id":"beat-1","ready_state":4,"paused":true,"context_id":"k0ygfd7d","t_ms":814,"time_origin_ms":1788952449873.903,"ts_ms":1788952450687.9,"stage":"AUDIO_PLAY_FUNCTION_ENTER"}
[play-trace] {"beat_id":"beat-1","ready_state":4,"url_scheme":"blob","context_id":"k0ygfd7d","t_ms":815.1,"time_origin_ms":1788952449873.903,"ts_ms":1788952450689,"stage":"AUDIO_SRC_SET"}
[play-trace] {"beat_id":"beat-1","context_id":"k0ygfd7d","t_ms":815.3,"time_origin_ms":1788952449873.903,"ts_ms":1788952450689.2,"stage":"AUDIO_PLAY_PROMISE_BEGIN"}
[play-trace] {"beat_id":"beat-1","ready_state":4,"context_id":"k0ygfd7d","t_ms":815.5,"time_origin_ms":1788952449873.903,"ts_ms":1788952450689.4,"stage":"AUDIO_EVENT_PLAY"}
[play-trace] {"beat_id":"beat-1","ready_state":4,"current_time":0,"context_id":"k0ygfd7d","t_ms":816.3,"time_origin_ms":1788952449873.903,"ts_ms":1788952450690.2,"stage":"AUDIO_EVENT_PLAYING"}

[90mstderr[2m | tests/component-dom/webTransportInvalidation.behavior.test.tsx[2m > [22m[2mWeb transport invalidation behavior[2m > [22m[2mstops audible playback, detaches src and releases the active beat when the Web session is invalidated
[22m[39mWarning: The current testing environment is not configured to support act(...)
Warning: The current testing environment is not configured to support act(...)
Warning: The current testing environment is not configured to support act(...)
Warning: The current testing environment is not configured to support act(...)

[90mstdout[2m | tests/component-dom/webTransportInvalidation.behavior.test.tsx[2m > [22m[2mWeb transport invalidation behavior[2m > [22m[2mstops audible playback, detaches src and releases the active beat when the Web session is invalidated
[22m[39m[play-trace] {"beat_id":"beat-1","context_id":"k0ygfd7d","t_ms":817,"time_origin_ms":1788952449873.903,"ts_ms":1788952450690.9,"stage":"AUDIO_PLAY_PROMISE_RESOLVED"}

[90mstdout[2m | tests/component-dom/webTransportInvalidation.behavior.test.tsx[2m > [22m[2mWeb transport invalidation behavior[2m > [22m[2mstops audible playback, detaches src and releases the active beat when the Web session is invalidated
[22m[39m[play-trace] {"beat_id":"beat-1","context_id":"k0ygfd7d","t_ms":819.2,"time_origin_ms":1788952449873.903,"ts_ms":1788952450693.1,"stage":"AUDIO_SESSION_INVALIDATED"}

[90mstderr[2m | tests/component-dom/webTransportInvalidation.behavior.test.tsx[2m > [22m[2mWeb transport invalidation behavior[2m > [22m[2mstops audible playback, detaches src and releases the active beat when the Web session is invalidated
[22m[39mWarning: The current testing environment is not configured to support act(...)
Warning: The current testing environment is not configured to support act(...)

[90mstderr[2m | tests/component-dom/webTransportInvalidation.behavior.test.tsx[2m > [22m[2mWeb transport invalidation behavior[2m > [22m[2mstops audible playback, detaches src and releases the active beat when the Web session is invalidated
[22m[39mWarning: The current testing environment is not configured to support act(...)

[90mstderr[2m | tests/component-dom/webTransportInvalidation.behavior.test.tsx[2m > [22m[2mWeb transport invalidation behavior[2m > [22m[2mrejects a late tracked Web URL after transport invalidation
[22m[39mWarning: The current testing environment is not configured to support act(...)

[90mstdout[2m | tests/component-dom/webTransportInvalidation.behavior.test.tsx[2m > [22m[2mWeb transport invalidation behavior[2m > [22m[2mrejects a late tracked Web URL after transport invalidation
[22m[39m[play-trace] {"beat_id":"beat-1","ready_state":4,"paused":true,"context_id":"k0ygfd7d","t_ms":826.8,"time_origin_ms":1788952449873.903,"ts_ms":1788952450700.7,"stage":"AUDIO_PLAY_FUNCTION_ENTER"}
[play-trace] {"beat_id":"beat-1","ready_state":4,"url_scheme":"blob","context_id":"k0ygfd7d","t_ms":827.1,"time_origin_ms":1788952449873.903,"ts_ms":1788952450701,"stage":"AUDIO_SRC_SET"}
[play-trace] {"beat_id":"beat-1","context_id":"k0ygfd7d","t_ms":827.2,"time_origin_ms":1788952449873.903,"ts_ms":1788952450701.1,"stage":"AUDIO_PLAY_PROMISE_BEGIN"}
[play-trace] {"beat_id":"beat-1","ready_state":4,"context_id":"k0ygfd7d","t_ms":827.3,"time_origin_ms":1788952449873.903,"ts_ms":1788952450701.2,"stage":"AUDIO_EVENT_PLAY"}
[play-trace] {"beat_id":"beat-1","ready_state":4,"current_time":0,"context_id":"k0ygfd7d","t_ms":827.5,"time_origin_ms":1788952449873.903,"ts_ms":1788952450701.4,"stage":"AUDIO_EVENT_PLAYING"}

[90mstderr[2m | tests/component-dom/webTransportInvalidation.behavior.test.tsx[2m > [22m[2mWeb transport invalidation behavior[2m > [22m[2mrejects a late tracked Web URL after transport invalidation
[22m[39mWarning: The current testing environment is not configured to support act(...)
Warning: The current testing environment is not configured to support act(...)
Warning: The current testing environment is not configured to support act(...)
Warning: The current testing environment is not configured to support act(...)

[90mstdout[2m | tests/component-dom/webTransportInvalidation.behavior.test.tsx[2m > [22m[2mWeb transport invalidation behavior[2m > [22m[2mrejects a late tracked Web URL after transport invalidation
[22m[39m[play-trace] {"beat_id":"beat-1","context_id":"k0ygfd7d","t_ms":828.9,"time_origin_ms":1788952449873.903,"ts_ms":1788952450702.8,"stage":"AUDIO_PLAY_PROMISE_RESOLVED"}

[90mstdout[2m | tests/component-dom/webTransportInvalidation.behavior.test.tsx[2m > [22m[2mWeb transport invalidation behavior[2m > [22m[2mrejects a late tracked Web URL after transport invalidation
[22m[39m[play-trace] {"beat_id":"beat-1","context_id":"k0ygfd7d","t_ms":829.6,"time_origin_ms":1788952449873.903,"ts_ms":1788952450703.5,"stage":"AUDIO_SESSION_INVALIDATED"}
[play-trace] {"beat_id":"beat-1","ready_state":4,"paused":true,"context_id":"k0ygfd7d","t_ms":830.2,"time_origin_ms":1788952449873.903,"ts_ms":1788952450704.1,"stage":"AUDIO_PLAY_FUNCTION_ENTER"}
[play-trace] {"beat_id":"beat-1","context_id":"k0ygfd7d","t_ms":830.2,"time_origin_ms":1788952449873.903,"ts_ms":1788952450704.1,"stage":"AUDIO_SUPERSEDED_PLAY_IGNORED"}

[90mstderr[2m | tests/component-dom/webTransportInvalidation.behavior.test.tsx[2m > [22m[2mWeb transport invalidation behavior[2m > [22m[2mrejects a late tracked Web URL after transport invalidation
[22m[39mWarning: The current testing environment is not configured to support act(...)
Warning: The current testing environment is not configured to support act(...)

[90mstderr[2m | tests/component-dom/webTransportInvalidation.behavior.test.tsx[2m > [22m[2mWeb transport invalidation behavior[2m > [22m[2mrejects a late tracked Web URL after transport invalidation
[22m[39mWarning: The current testing environment is not configured to support act(...)

[90mstderr[2m | tests/component-dom/webTransportInvalidation.behavior.test.tsx[2m > [22m[2mWeb transport invalidation behavior[2m > [22m[2mholds the current intent through an async route error and resumes the repaired URL at the previous playback time
[22m[39mWarning: The current testing environment is not configured to support act(...)

[90mstdout[2m | tests/component-dom/webTransportInvalidation.behavior.test.tsx[2m > [22m[2mWeb transport invalidation behavior[2m > [22m[2mholds the current intent through an async route error and resumes the repaired URL at the previous playback time
[22m[39m[play-trace] {"beat_id":"beat-1","ready_state":4,"paused":true,"context_id":"k0ygfd7d","t_ms":834.1,"time_origin_ms":1788952449873.903,"ts_ms":1788952450708,"stage":"AUDIO_PLAY_FUNCTION_ENTER"}
[play-trace] {"beat_id":"beat-1","ready_state":4,"url_scheme":"blob","context_id":"k0ygfd7d","t_ms":834.2,"time_origin_ms":1788952449873.903,"ts_ms":1788952450708.1,"stage":"AUDIO_SRC_SET"}
[play-trace] {"beat_id":"beat-1","context_id":"k0ygfd7d","t_ms":834.3,"time_origin_ms":1788952449873.903,"ts_ms":1788952450708.2,"stage":"AUDIO_PLAY_PROMISE_BEGIN"}
[play-trace] {"beat_id":"beat-1","ready_state":4,"context_id":"k0ygfd7d","t_ms":834.3,"time_origin_ms":1788952449873.903,"ts_ms":1788952450708.2,"stage":"AUDIO_EVENT_PLAY"}
[play-trace] {"beat_id":"beat-1","ready_state":4,"current_time":0,"context_id":"k0ygfd7d","t_ms":834.4,"time_origin_ms":1788952449873.903,"ts_ms":1788952450708.3,"stage":"AUDIO_EVENT_PLAYING"}

[90mstderr[2m | tests/component-dom/webTransportInvalidation.behavior.test.tsx[2m > [22m[2mWeb transport invalidation behavior[2m > [22m[2mholds the current intent through an async route error and resumes the repaired URL at the previous playback time
[22m[39mWarning: The current testing environment is not configured to support act(...)
Warning: The current testing environment is not configured to support act(...)
Warning: The current testing environment is not configured to support act(...)
Warning: The current testing environment is not configured to support act(...)

[90mstdout[2m | tests/component-dom/webTransportInvalidation.behavior.test.tsx[2m > [22m[2mWeb transport invalidation behavior[2m > [22m[2mholds the current intent through an async route error and resumes the repaired URL at the previous playback time
[22m[39m[play-trace] {"beat_id":"beat-1","context_id":"k0ygfd7d","t_ms":834.9,"time_origin_ms":1788952449873.903,"ts_ms":1788952450708.8,"stage":"AUDIO_PLAY_PROMISE_RESOLVED"}

[90mstdout[2m | tests/component-dom/webTransportInvalidation.behavior.test.tsx[2m > [22m[2mWeb transport invalidation behavior[2m > [22m[2mholds the current intent through an async route error and resumes the repaired URL at the previous playback time
[22m[39m[play-trace] {"beat_id":"beat-1","current_time":7.25,"context_id":"k0ygfd7d","t_ms":835.7,"time_origin_ms":1788952449873.903,"ts_ms":1788952450709.6,"stage":"AUDIO_ROUTE_RECOVERY_BEGIN"}
[play-trace] {"beat_id":"beat-1","media_error":null,"priming":false,"context_id":"k0ygfd7d","t_ms":836,"time_origin_ms":1788952449873.903,"ts_ms":1788952450709.9,"stage":"AUDIO_EVENT_ERROR"}

[90mstdout[2m | tests/component-dom/webTransportInvalidation.behavior.test.tsx[2m > [22m[2mWeb transport invalidation behavior[2m > [22m[2mholds the current intent through an async route error and resumes the repaired URL at the previous playback time
[22m[39m[play-trace] {"beat_id":"beat-1","context_id":"k0ygfd7d","t_ms":836.3,"time_origin_ms":1788952449873.903,"ts_ms":1788952450710.2,"stage":"AUDIO_ROUTE_RECOVERY_ERROR_HELD"}

[90mstdout[2m | tests/component-dom/webTransportInvalidation.behavior.test.tsx[2m > [22m[2mWeb transport invalidation behavior[2m > [22m[2mholds the current intent through an async route error and resumes the repaired URL at the previous playback time
[22m[39m[play-trace] {"beat_id":"beat-1","ready_state":4,"context_id":"k0ygfd7d","t_ms":837.4,"time_origin_ms":1788952449873.903,"ts_ms":1788952450711.3,"stage":"AUDIO_EVENT_PLAY"}
[play-trace] {"beat_id":"beat-1","ready_state":4,"current_time":7.25,"context_id":"k0ygfd7d","t_ms":837.6,"time_origin_ms":1788952449873.903,"ts_ms":1788952450711.5,"stage":"AUDIO_EVENT_PLAYING"}
[play-trace] {"beat_id":"beat-1","resume_time":7.25,"context_id":"k0ygfd7d","t_ms":837.8,"time_origin_ms":1788952449873.903,"ts_ms":1788952450711.7,"stage":"AUDIO_ROUTE_RECOVERY_READY"}

[90mstderr[2m | tests/component-dom/webTransportInvalidation.behavior.test.tsx[2m > [22m[2mWeb transport invalidation behavior[2m > [22m[2mholds the current intent through an async route error and resumes the repaired URL at the previous playback time
[22m[39mWarning: The current testing environment is not configured to support act(...)
Warning: The current testing environment is not configured to support act(...)

[90mstderr[2m | tests/component-dom/webTransportInvalidation.behavior.test.tsx[2m > [22m[2mWeb transport invalidation behavior[2m > [22m[2mholds the current intent through an async route error and resumes the repaired URL at the previous playback time
[22m[39mWarning: The current testing environment is not configured to support act(...)

[90mstderr[2m | tests/component-dom/webTransportInvalidation.behavior.test.tsx[2m > [22m[2mWeb transport invalidation behavior[2m > [22m[2mignores a late repaired URL after a newer beat supersedes the recovering beat
[22m[39mWarning: The current testing environment is not configured to support act(...)

[90mstdout[2m | tests/component-dom/webTransportInvalidation.behavior.test.tsx[2m > [22m[2mWeb transport invalidation behavior[2m > [22m[2mignores a late repaired URL after a newer beat supersedes the recovering beat
[22m[39m[play-trace] {"beat_id":"beat-1","ready_state":4,"paused":true,"context_id":"k0ygfd7d","t_ms":842.4,"time_origin_ms":1788952449873.903,"ts_ms":1788952450716.3,"stage":"AUDIO_PLAY_FUNCTION_ENTER"}
[play-trace] {"beat_id":"beat-1","ready_state":4,"url_scheme":"blob","context_id":"k0ygfd7d","t_ms":842.5,"time_origin_ms":1788952449873.903,"ts_ms":1788952450716.4,"stage":"AUDIO_SRC_SET"}
[play-trace] {"beat_id":"beat-1","context_id":"k0ygfd7d","t_ms":842.6,"time_origin_ms":1788952449873.903,"ts_ms":1788952450716.5,"stage":"AUDIO_PLAY_PROMISE_BEGIN"}
[play-trace] {"beat_id":"beat-1","ready_state":4,"context_id":"k0ygfd7d","t_ms":842.6,"time_origin_ms":1788952449873.903,"ts_ms":1788952450716.5,"stage":"AUDIO_EVENT_PLAY"}
[play-trace] {"beat_id":"beat-1","ready_state":4,"current_time":0,"context_id":"k0ygfd7d","t_ms":842.7,"time_origin_ms":1788952449873.903,"ts_ms":1788952450716.6,"stage":"AUDIO_EVENT_PLAYING"}

[90mstderr[2m | tests/component-dom/webTransportInvalidation.behavior.test.tsx[2m > [22m[2mWeb transport invalidation behavior[2m > [22m[2mignores a late repaired URL after a newer beat supersedes the recovering beat
[22m[39mWarning: The current testing environment is not configured to support act(...)
Warning: The current testing environment is not configured to support act(...)
Warning: The current testing environment is not configured to support act(...)
Warning: The current testing environment is not configured to support act(...)

[90mstdout[2m | tests/component-dom/webTransportInvalidation.behavior.test.tsx[2m > [22m[2mWeb transport invalidation behavior[2m > [22m[2mignores a late repaired URL after a newer beat supersedes the recovering beat
[22m[39m[play-trace] {"beat_id":"beat-1","context_id":"k0ygfd7d","t_ms":843.3,"time_origin_ms":1788952449873.903,"ts_ms":1788952450717.2,"stage":"AUDIO_PLAY_PROMISE_RESOLVED"}

[90mstdout[2m | tests/component-dom/webTransportInvalidation.behavior.test.tsx[2m > [22m[2mWeb transport invalidation behavior[2m > [22m[2mignores a late repaired URL after a newer beat supersedes the recovering beat
[22m[39m[play-trace] {"beat_id":"beat-1","current_time":0,"context_id":"k0ygfd7d","t_ms":843.9,"time_origin_ms":1788952449873.903,"ts_ms":1788952450717.8,"stage":"AUDIO_ROUTE_RECOVERY_BEGIN"}
[play-trace] {"beat_id":"beat-2","ready_state":4,"paused":false,"context_id":"k0ygfd7d","t_ms":844,"time_origin_ms":1788952449873.903,"ts_ms":1788952450717.9,"stage":"AUDIO_PLAY_FUNCTION_ENTER"}
[play-trace] {"beat_id":"beat-2","ready_state":4,"url_scheme":"blob","context_id":"k0ygfd7d","t_ms":844.2,"time_origin_ms":1788952449873.903,"ts_ms":1788952450718.1,"stage":"AUDIO_SRC_SET"}
[play-trace] {"beat_id":"beat-2","context_id":"k0ygfd7d","t_ms":844.2,"time_origin_ms":1788952449873.903,"ts_ms":1788952450718.2,"stage":"AUDIO_PLAY_PROMISE_BEGIN"}
[play-trace] {"beat_id":"beat-2","ready_state":4,"context_id":"k0ygfd7d","t_ms":844.3,"time_origin_ms":1788952449873.903,"ts_ms":1788952450718.2,"stage":"AUDIO_EVENT_PLAY"}
[play-trace] {"beat_id":"beat-2","ready_state":4,"current_time":0,"context_id":"k0ygfd7d","t_ms":844.4,"time_origin_ms":1788952449873.903,"ts_ms":1788952450718.3,"stage":"AUDIO_EVENT_PLAYING"}

[90mstderr[2m | tests/component-dom/webTransportInvalidation.behavior.test.tsx[2m > [22m[2mWeb transport invalidation behavior[2m > [22m[2mignores a late repaired URL after a newer beat supersedes the recovering beat
[22m[39mWarning: The current testing environment is not configured to support act(...)
Warning: The current testing environment is not configured to support act(...)
Warning: The current testing environment is not configured to support act(...)
Warning: The current testing environment is not configured to support act(...)

[90mstdout[2m | tests/component-dom/webTransportInvalidation.behavior.test.tsx[2m > [22m[2mWeb transport invalidation behavior[2m > [22m[2mignores a late repaired URL after a newer beat supersedes the recovering beat
[22m[39m[play-trace] {"beat_id":"beat-2","context_id":"k0ygfd7d","t_ms":845,"time_origin_ms":1788952449873.903,"ts_ms":1788952450718.9,"stage":"AUDIO_PLAY_PROMISE_RESOLVED"}

[90mstderr[2m | tests/component-dom/webTransportInvalidation.behavior.test.tsx[2m > [22m[2mWeb transport invalidation behavior[2m > [22m[2mignores a late repaired URL after a newer beat supersedes the recovering beat
[22m[39mWarning: The current testing environment is not configured to support act(...)

 [32m✓[39m tests/component-dom/webTransportInvalidation.behavior.test.tsx [2m([22m[2m4 tests[22m[2m)[22m[32m 46[2mms[22m[39m
[90mstdout[2m | tests/component-dom/importDiscovery.test.tsx[2m > [22m[2mincremental import discovery[2m > [22m[2mpublishes Beat 1 before the background scan finishes and then appends later beats
[22m[39m[review-diag] run=mtu03ldx-2jv4 IMPORT_BEGIN path_count=1 names=drop-root
[review-diag] run=mtu03ldx-2jv4 SKELETON_STATE_REQUESTED elapsed_ms=1
[review-diag] run=mtu03ldx-2jv4 SKELETON_FRAME elapsed_ms=1
[review-perf] DROP_RECEIVED 0 ms
[review-diag] run=mtu03ldx-2jv4 STREAM_INVOKE_START elapsed_ms=1

[90mstdout[2m | tests/component-dom/importDiscovery.test.tsx[2m > [22m[2mincremental import discovery[2m > [22m[2mpublishes Beat 1 before the background scan finishes and then appends later beats
[22m[39m[review-diag] run=mtu03ldx-2jv4 STREAM_INVOKE_END elapsed_ms=2 batch=batch-1
[review-perf] STREAM_READY 2 ms
[review-diag] run=mtu03ldx-2jv4 FIRST_PREPARE_INVOKE_START elapsed_ms=2

[90mstdout[2m | tests/component-dom/importDiscovery.test.tsx[2m > [22m[2mincremental import discovery[2m > [22m[2mpublishes Beat 1 before the background scan finishes and then appends later beats
[22m[39m[review-diag] run=mtu03ldx-2jv4 FIRST_PREPARE_INVOKE_END elapsed_ms=2 has_beat=true discovery_complete=false
[review-diag] run=mtu03ldx-2jv4 FIRST_REVIEW_STATE_SET elapsed_ms=3 beat=first
[review-diag] run=mtu03ldx-2jv4 FIRST_REVIEW_FRAME elapsed_ms=3 beat=first

[90mstdout[2m | tests/component-dom/importDiscovery.test.tsx[2m > [22m[2mincremental import discovery[2m > [22m[2mpublishes Beat 1 before the background scan finishes and then appends later beats
[22m[39m[review-diag] run=mtu03ldx-2jv4 BACKGROUND_ALLOWED elapsed_ms=3
[review-perf] FIRST_REVIEW_READY 3 ms

[90mstdout[2m | tests/component-dom/importDiscovery.test.tsx[2m > [22m[2mincremental import discovery[2m > [22m[2mpublishes Beat 1 before the background scan finishes and then appends later beats
[22m[39m[review-diag] run=mtu03ldx-2jv4 BACKGROUND_PREPARE_START n=2 elapsed_ms=6

[90mstdout[2m | tests/component-dom/importDiscovery.test.tsx[2m > [22m[2mincremental import discovery[2m > [22m[2mpublishes Beat 1 before the background scan finishes and then appends later beats
[22m[39m[review-diag] run=mtu03ldx-2jv4 BACKGROUND_PREPARE_END n=2 step_ms=4 elapsed_ms=9 has_beat=true done=true

[90mstdout[2m | tests/component-dom/importDiscovery.test.tsx[2m > [22m[2mincremental import discovery[2m > [22m[2mpublishes Beat 1 before the background scan finishes and then appends later beats
[22m[39m[review-perf] DISCOVERY_FINISHED 10 ms (2 normal, 0 conflict)
[review-diag] run=mtu03ldx-2jv4 DISCOVERY_FINISHED elapsed_ms=10 normal=2 conflicts=0

[90mstdout[2m | tests/component-dom/importDiscovery.test.tsx[2m > [22m[2mincremental import discovery[2m > [22m[2mdiscards a stream that resolves after Cancel and never reopens stale candidates
[22m[39m[review-diag] run=mtu03lee-w4p5 IMPORT_BEGIN path_count=1 names=slow-root
[review-diag] run=mtu03lee-w4p5 SKELETON_STATE_REQUESTED elapsed_ms=0
[review-diag] run=mtu03lee-w4p5 SKELETON_FRAME elapsed_ms=0
[review-perf] DROP_RECEIVED 0 ms
[review-diag] run=mtu03lee-w4p5 STREAM_INVOKE_START elapsed_ms=0

[90mstdout[2m | tests/component-dom/importDiscovery.test.tsx[2m > [22m[2mincremental import discovery[2m > [22m[2mdiscards a stream that resolves after Cancel and never reopens stale candidates
[22m[39m[review-diag] run=mtu03lee-w4p5 STREAM_INVOKE_END elapsed_ms=1 batch=batch-1

 [32m✓[39m tests/component-dom/importDiscovery.test.tsx [2m([22m[2m2 tests[22m[2m)[22m[32m 36[2mms[22m[39m
[90mstderr[2m | tests/component-dom/libraryReload.test.tsx[2m > [22m[2museLibraryReload[2m > [22m[2mretries authority four times and preserves the visible gallery on failure
[22m[39mTelegram library refresh failed after retries; preserving verified gallery: Error: authority unavailable
    at [90m/home/runner/work/BeatGaler/BeatGaler/[39mtests/component-dom/libraryReload.test.tsx:212:49
    at [90mfile:///home/runner/work/BeatGaler/BeatGaler/[39mnode_modules/[4m@vitest/runner[24m/dist/chunk-hooks.js:155:11
    at [90mfile:///home/runner/work/BeatGaler/BeatGaler/[39mnode_modules/[4m@vitest/runner[24m/dist/chunk-hooks.js:752:26
    at [90mfile:///home/runner/work/BeatGaler/BeatGaler/[39mnode_modules/[4m@vitest/runner[24m/dist/chunk-hooks.js:1897:20
    at new Promise (<anonymous>)
    at runWithTimeout [90m(file:///home/runner/work/BeatGaler/BeatGaler/[39mnode_modules/[4m@vitest/runner[24m/dist/chunk-hooks.js:1863:10[90m)[39m
    at runTest [90m(file:///home/runner/work/BeatGaler/BeatGaler/[39mnode_modules/[4m@vitest/runner[24m/dist/chunk-hooks.js:1574:12[90m)[39m
    at runSuite [90m(file:///home/runner/work/BeatGaler/BeatGaler/[39mnode_modules/[4m@vitest/runner[24m/dist/chunk-hooks.js:1729:8[90m)[39m
    at runSuite [90m(file:///home/runner/work/BeatGaler/BeatGaler/[39mnode_modules/[4m@vitest/runner[24m/dist/chunk-hooks.js:1729:8[90m)[39m
    at runFiles [90m(file:///home/runner/work/BeatGaler/BeatGaler/[39mnode_modules/[4m@vitest/runner[24m/dist/chunk-hooks.js:1787:3[90m)[39m
Warning: An update to Harness inside a test was not wrapped in act(...).

When testing, code that causes React state updates should be wrapped into act(...):

act(() => {
  /* fire events that update state */
});
/* assert on the output */

This ensures that you're testing the behavior the user would see in the browser. Learn more at https://reactjs.org/link/wrap-tests-with-act
    at Harness (/home/runner/work/BeatGaler/BeatGaler/tests/component-dom/libraryReload.test.tsx:55:20)
Warning: An update to Harness inside a test was not wrapped in act(...).

When testing, code that causes React state updates should be wrapped into act(...):

act(() => {
  /* fire events that update state */
});
/* assert on the output */

This ensures that you're testing the behavior the user would see in the browser. Learn more at https://reactjs.org/link/wrap-tests-with-act
    at Harness (/home/runner/work/BeatGaler/BeatGaler/tests/component-dom/libraryReload.test.tsx:55:20)
Warning: An update to Harness inside a test was not wrapped in act(...).

When testing, code that causes React state updates should be wrapped into act(...):

act(() => {
  /* fire events that update state */
});
/* assert on the output */

This ensures that you're testing the behavior the user would see in the browser. Learn more at https://reactjs.org/link/wrap-tests-with-act
    at Harness (/home/runner/work/BeatGaler/BeatGaler/tests/component-dom/libraryReload.test.tsx:55:20)

[90mstderr[2m | tests/component-dom/libraryReload.test.tsx[2m > [22m[2museLibraryReload[2m > [22m[2mretries authority four times and preserves the visible gallery on failure
[22m[39mWarning: An update to Harness inside a test was not wrapped in act(...).

When testing, code that causes React state updates should be wrapped into act(...):

act(() => {
  /* fire events that update state */
});
/* assert on the output */

This ensures that you're testing the behavior the user would see in the browser. Learn more at https://reactjs.org/link/wrap-tests-with-act
    at Harness (/home/runner/work/BeatGaler/BeatGaler/tests/component-dom/libraryReload.test.tsx:55:20)

 [32m✓[39m tests/component-dom/libraryReload.test.tsx [2m([22m[2m3 tests[22m[2m)[22m[33m 3786[2mms[22m[39m
   [33m[2m✓[22m[39m useLibraryReload[2m > [22mapplies authoritative Reload and keeps the minimum refresh feedback [33m 366[2mms[22m[39m
   [33m[2m✓[22m[39m useLibraryReload[2m > [22mdefers while uploads are active and consumes the queue event after drain [33m 692[2mms[22m[39m
   [33m[2m✓[22m[39m useLibraryReload[2m > [22mretries authority four times and preserves the visible gallery on failure [33m 2726[2mms[22m[39m
[90mstdout[2m | tests/component-dom/webTransportWorkerStartupVector.behavior.test.ts
[22m[39m[play-trace] {"context_id":"38o3r5b4","t_ms":893.4,"time_origin_ms":1788952450865.16,"ts_ms":1788952451758.5,"stage":"WORKER_MODULE_READY"}

[90mstdout[2m | tests/component-dom/webTransportWorkerStartupVector.behavior.test.ts[2m > [22m[2mWorker startup metadata vector[2m > [22m[2mresolves fourteen startup messages once and reuses both positive and negative results during warm
[22m[39m[play-trace] {"request_id":"vector-init","operation":"initialize","context_id":"38o3r5b4","t_ms":896.9,"time_origin_ms":1788952450865.16,"ts_ms":1788952451762.1,"stage":"WORKER_REQUEST_RECEIVED"}
[play-trace] {"context_id":"38o3r5b4","t_ms":897.4,"time_origin_ms":1788952450865.16,"ts_ms":1788952451762.6,"stage":"WORKER_INITIALIZE_BEGIN"}

[90mstdout[2m | tests/component-dom/webTransportWorkerStartupVector.behavior.test.ts[2m > [22m[2mWorker startup metadata vector[2m > [22m[2mresolves fourteen startup messages once and reuses both positive and negative results during warm
[22m[39m[play-trace] {"span_id":1,"context_id":"38o3r5b4","t_ms":901.9,"time_origin_ms":1788952450865.16,"ts_ms":1788952451767.1,"stage":"WORKER_MTPROTO_CONNECT_BEGIN"}

[90mstdout[2m | tests/component-dom/webTransportWorkerStartupVector.behavior.test.ts[2m > [22m[2mWorker startup metadata vector[2m > [22m[2mresolves fourteen startup messages once and reuses both positive and negative results during warm
[22m[39m[play-trace] {"span_id":1,"elapsed_ms":0.7,"context_id":"38o3r5b4","t_ms":902.6,"time_origin_ms":1788952450865.16,"ts_ms":1788952451767.8,"stage":"WORKER_MTPROTO_CONNECT_DONE"}
[play-trace] {"elapsed_ms":5,"context_id":"38o3r5b4","t_ms":902.7,"time_origin_ms":1788952450865.16,"ts_ms":1788952451767.9,"stage":"DIRECT_MTPROTO_READY"}
[play-trace] {"count":14,"attempt":1,"context_id":"38o3r5b4","t_ms":903.2,"time_origin_ms":1788952450865.16,"ts_ms":1788952451768.4,"stage":"WORKER_PLAYBACK_MEDIA_BATCH_RPC"}

[90mstdout[2m | tests/component-dom/webTransportWorkerStartupVector.behavior.test.ts[2m > [22m[2mWorker startup metadata vector[2m > [22m[2mresolves fourteen startup messages once and reuses both positive and negative results during warm
[22m[39m[play-trace] {"requested":14,"resolved":13,"missing":1,"context_id":"38o3r5b4","t_ms":904.1,"time_origin_ms":1788952450865.16,"ts_ms":1788952451769.3,"stage":"WORKER_STARTUP_MEDIA_BATCH_READY"}
[play-trace] {"elapsed_ms":7,"context_id":"38o3r5b4","t_ms":904.2,"time_origin_ms":1788952450865.16,"ts_ms":1788952451769.3,"stage":"WORKER_INITIALIZE_DONE"}

[90mstdout[2m | tests/component-dom/webTransportWorkerStartupVector.behavior.test.ts[2m > [22m[2mWorker startup metadata vector[2m > [22m[2mresolves fourteen startup messages once and reuses both positive and negative results during warm
[22m[39m[play-trace] {"count":14,"prefix_bytes":65536,"lanes":7,"context_id":"38o3r5b4","t_ms":953,"time_origin_ms":1788952450865.16,"ts_ms":1788952451818.2,"stage":"WARM_BATCH_BEGIN"}
[play-trace] {"message_id":501,"context_id":"38o3r5b4","t_ms":953.5,"time_origin_ms":1788952450865.16,"ts_ms":1788952451818.6,"stage":"WORKER_PLAYBACK_MEDIA_CACHE_HIT"}
[play-trace] {"message_id":502,"context_id":"38o3r5b4","t_ms":953.5,"time_origin_ms":1788952450865.16,"ts_ms":1788952451818.7,"stage":"WORKER_PLAYBACK_MEDIA_CACHE_HIT"}
[play-trace] {"message_id":503,"context_id":"38o3r5b4","t_ms":953.6,"time_origin_ms":1788952450865.16,"ts_ms":1788952451818.7,"stage":"WORKER_PLAYBACK_MEDIA_CACHE_HIT"}
[play-trace] {"message_id":504,"context_id":"38o3r5b4","t_ms":953.6,"time_origin_ms":1788952450865.16,"ts_ms":1788952451818.7,"stage":"WORKER_PLAYBACK_MEDIA_CACHE_HIT"}
[play-trace] {"message_id":505,"context_id":"38o3r5b4","t_ms":953.6,"time_origin_ms":1788952450865.16,"ts_ms":1788952451818.8,"stage":"WORKER_PLAYBACK_MEDIA_CACHE_HIT"}
[play-trace] {"message_id":506,"context_id":"38o3r5b4","t_ms":953.7,"time_origin_ms":1788952450865.16,"ts_ms":1788952451818.8,"stage":"WORKER_PLAYBACK_MEDIA_CACHE_HIT"}
[play-trace] {"message_id":507,"context_id":"38o3r5b4","t_ms":953.7,"time_origin_ms":1788952450865.16,"ts_ms":1788952451818.8,"stage":"WORKER_PLAYBACK_MEDIA_CACHE_HIT"}
[play-trace] {"message_id":508,"context_id":"38o3r5b4","t_ms":953.7,"time_origin_ms":1788952450865.16,"ts_ms":1788952451818.9,"stage":"WORKER_PLAYBACK_MEDIA_CACHE_HIT"}
[play-trace] {"message_id":509,"context_id":"38o3r5b4","t_ms":953.7,"time_origin_ms":1788952450865.16,"ts_ms":1788952451818.9,"stage":"WORKER_PLAYBACK_MEDIA_CACHE_HIT"}
[play-trace] {"message_id":510,"context_id":"38o3r5b4","t_ms":953.7,"time_origin_ms":1788952450865.16,"ts_ms":1788952451818.9,"stage":"WORKER_PLAYBACK_MEDIA_CACHE_HIT"}
[play-trace] {"message_id":511,"context_id":"38o3r5b4","t_ms":953.7,"time_origin_ms":1788952450865.16,"ts_ms":1788952451818.9,"stage":"WORKER_PLAYBACK_MEDIA_CACHE_HIT"}
[play-trace] {"message_id":512,"context_id":"38o3r5b4","t_ms":953.7,"time_origin_ms":1788952450865.16,"ts_ms":1788952451818.9,"stage":"WORKER_PLAYBACK_MEDIA_CACHE_HIT"}
[play-trace] {"message_id":513,"context_id":"38o3r5b4","t_ms":953.8,"time_origin_ms":1788952450865.16,"ts_ms":1788952451818.9,"stage":"WORKER_PLAYBACK_MEDIA_CACHE_HIT"}
[play-trace] {"message_id":514,"code":"ROUTE_MISSING","context_id":"38o3r5b4","t_ms":953.8,"time_origin_ms":1788952450865.16,"ts_ms":1788952451819,"stage":"WORKER_PLAYBACK_MEDIA_NEGATIVE_CACHE_HIT"}

[90mstdout[2m | tests/component-dom/webTransportWorkerStartupVector.behavior.test.ts[2m > [22m[2mWorker startup metadata vector[2m > [22m[2mresolves fourteen startup messages once and reuses both positive and negative results during warm
[22m[39m[play-trace] {"message_id":514,"status":"FAILED","code":"ROUTE_MISSING","context_id":"38o3r5b4","t_ms":955.1,"time_origin_ms":1788952450865.16,"ts_ms":1788952451820.3,"stage":"WORKER_PREFETCH_TERMINAL"}

[90mstdout[2m | tests/component-dom/webTransportWorkerStartupVector.behavior.test.ts[2m > [22m[2mWorker startup metadata vector[2m > [22m[2mresolves fourteen startup messages once and reuses both positive and negative results during warm
[22m[39m[play-trace] {"lane":1,"message_id":501,"scheduler":"IDLE","context_id":"38o3r5b4","t_ms":955.8,"time_origin_ms":1788952450865.16,"ts_ms":1788952451821,"stage":"WORKER_PREFETCH_LANE_TAKE"}
[play-trace] {"lane":2,"message_id":502,"scheduler":"IDLE","context_id":"38o3r5b4","t_ms":956.3,"time_origin_ms":1788952450865.16,"ts_ms":1788952451821.5,"stage":"WORKER_PREFETCH_LANE_TAKE"}
[play-trace] {"lane":3,"message_id":503,"scheduler":"IDLE","context_id":"38o3r5b4","t_ms":956.4,"time_origin_ms":1788952450865.16,"ts_ms":1788952451821.6,"stage":"WORKER_PREFETCH_LANE_TAKE"}
[play-trace] {"lane":4,"message_id":504,"scheduler":"IDLE","context_id":"38o3r5b4","t_ms":956.5,"time_origin_ms":1788952450865.16,"ts_ms":1788952451821.7,"stage":"WORKER_PREFETCH_LANE_TAKE"}
[play-trace] {"lane":5,"message_id":505,"scheduler":"IDLE","context_id":"38o3r5b4","t_ms":956.6,"time_origin_ms":1788952450865.16,"ts_ms":1788952451821.7,"stage":"WORKER_PREFETCH_LANE_TAKE"}
[play-trace] {"lane":6,"message_id":506,"scheduler":"IDLE","context_id":"38o3r5b4","t_ms":956.7,"time_origin_ms":1788952450865.16,"ts_ms":1788952451821.8,"stage":"WORKER_PREFETCH_LANE_TAKE"}
[play-trace] {"lane":7,"message_id":507,"scheduler":"IDLE","context_id":"38o3r5b4","t_ms":956.9,"time_origin_ms":1788952450865.16,"ts_ms":1788952451822,"stage":"WORKER_PREFETCH_LANE_TAKE"}

[90mstdout[2m | tests/component-dom/webTransportWorkerStartupVector.behavior.test.ts[2m > [22m[2mWorker startup metadata vector[2m > [22m[2mresolves fourteen startup messages once and reuses both positive and negative results during warm
[22m[39m[play-trace] {"message_id":501,"status":"READY","code":null,"context_id":"38o3r5b4","t_ms":957.7,"time_origin_ms":1788952450865.16,"ts_ms":1788952451822.8,"stage":"WORKER_PREFETCH_TERMINAL"}
[play-trace] {"message_id":501,"bytes":65536,"offset_bytes":0,"context_id":"38o3r5b4","t_ms":957.7,"time_origin_ms":1788952450865.16,"ts_ms":1788952451822.9,"stage":"WARM_PREFIX_READY"}
[play-trace] {"message_id":502,"status":"READY","code":null,"context_id":"38o3r5b4","t_ms":957.9,"time_origin_ms":1788952450865.16,"ts_ms":1788952451823.1,"stage":"WORKER_PREFETCH_TERMINAL"}
[play-trace] {"message_id":502,"bytes":65536,"offset_bytes":0,"context_id":"38o3r5b4","t_ms":958,"time_origin_ms":1788952450865.16,"ts_ms":1788952451823.1,"stage":"WARM_PREFIX_READY"}
[play-trace] {"message_id":503,"status":"READY","code":null,"context_id":"38o3r5b4","t_ms":958.1,"time_origin_ms":1788952450865.16,"ts_ms":1788952451823.3,"stage":"WORKER_PREFETCH_TERMINAL"}
[play-trace] {"message_id":503,"bytes":65536,"offset_bytes":0,"context_id":"38o3r5b4","t_ms":958.2,"time_origin_ms":1788952450865.16,"ts_ms":1788952451823.3,"stage":"WARM_PREFIX_READY"}
[play-trace] {"message_id":504,"status":"READY","code":null,"context_id":"38o3r5b4","t_ms":958.4,"time_origin_ms":1788952450865.16,"ts_ms":1788952451823.5,"stage":"WORKER_PREFETCH_TERMINAL"}
[play-trace] {"message_id":504,"bytes":65536,"offset_bytes":0,"context_id":"38o3r5b4","t_ms":958.4,"time_origin_ms":1788952450865.16,"ts_ms":1788952451823.6,"stage":"WARM_PREFIX_READY"}
[play-trace] {"message_id":505,"status":"READY","code":null,"context_id":"38o3r5b4","t_ms":958.6,"time_origin_ms":1788952450865.16,"ts_ms":1788952451823.7,"stage":"WORKER_PREFETCH_TERMINAL"}
[play-trace] {"message_id":505,"bytes":65536,"offset_bytes":0,"context_id":"38o3r5b4","t_ms":958.6,"time_origin_ms":1788952450865.16,"ts_ms":1788952451823.8,"stage":"WARM_PREFIX_READY"}
[play-trace] {"message_id":506,"status":"READY","code":null,"context_id":"38o3r5b4","t_ms":958.9,"time_origin_ms":1788952450865.16,"ts_ms":1788952451824,"stage":"WORKER_PREFETCH_TERMINAL"}
[play-trace] {"message_id":506,"bytes":65536,"offset_bytes":0,"context_id":"38o3r5b4","t_ms":958.9,"time_origin_ms":1788952450865.16,"ts_ms":1788952451824.1,"stage":"WARM_PREFIX_READY"}
[play-trace] {"message_id":507,"status":"READY","code":null,"context_id":"38o3r5b4","t_ms":959.1,"time_origin_ms":1788952450865.16,"ts_ms":1788952451824.3,"stage":"WORKER_PREFETCH_TERMINAL"}
[play-trace] {"message_id":507,"bytes":65536,"offset_bytes":0,"context_id":"38o3r5b4","t_ms":959.1,"time_origin_ms":1788952450865.16,"ts_ms":1788952451824.3,"stage":"WARM_PREFIX_READY"}

[90mstdout[2m | tests/component-dom/webTransportWorkerStartupVector.behavior.test.ts[2m > [22m[2mWorker startup metadata vector[2m > [22m[2mresolves fourteen startup messages once and reuses both positive and negative results during warm
[22m[39m[play-trace] {"lane":1,"message_id":508,"scheduler":"IDLE","context_id":"38o3r5b4","t_ms":961.3,"time_origin_ms":1788952450865.16,"ts_ms":1788952451826.5,"stage":"WORKER_PREFETCH_LANE_TAKE"}

[90mstdout[2m | tests/component-dom/webTransportWorkerStartupVector.behavior.test.ts[2m > [22m[2mWorker startup metadata vector[2m > [22m[2mresolves fourteen startup messages once and reuses both positive and negative results during warm
[22m[39m[play-trace] {"message_id":508,"status":"READY","code":null,"context_id":"38o3r5b4","t_ms":961.8,"time_origin_ms":1788952450865.16,"ts_ms":1788952451827,"stage":"WORKER_PREFETCH_TERMINAL"}
[play-trace] {"message_id":508,"bytes":65536,"offset_bytes":0,"context_id":"38o3r5b4","t_ms":961.9,"time_origin_ms":1788952450865.16,"ts_ms":1788952451827.1,"stage":"WARM_PREFIX_READY"}

[90mstdout[2m | tests/component-dom/webTransportWorkerStartupVector.behavior.test.ts[2m > [22m[2mWorker startup metadata vector[2m > [22m[2mresolves fourteen startup messages once and reuses both positive and negative results during warm
[22m[39m[play-trace] {"lane":2,"message_id":509,"scheduler":"IDLE","context_id":"38o3r5b4","t_ms":962.1,"time_origin_ms":1788952450865.16,"ts_ms":1788952451827.3,"stage":"WORKER_PREFETCH_LANE_TAKE"}

[90mstdout[2m | tests/component-dom/webTransportWorkerStartupVector.behavior.test.ts[2m > [22m[2mWorker startup metadata vector[2m > [22m[2mresolves fourteen startup messages once and reuses both positive and negative results during warm
[22m[39m[play-trace] {"message_id":509,"status":"READY","code":null,"context_id":"38o3r5b4","t_ms":962.5,"time_origin_ms":1788952450865.16,"ts_ms":1788952451827.7,"stage":"WORKER_PREFETCH_TERMINAL"}
[play-trace] {"message_id":509,"bytes":65536,"offset_bytes":0,"context_id":"38o3r5b4","t_ms":962.5,"time_origin_ms":1788952450865.16,"ts_ms":1788952451827.7,"stage":"WARM_PREFIX_READY"}

[90mstdout[2m | tests/component-dom/webTransportWorkerStartupVector.behavior.test.ts[2m > [22m[2mWorker startup metadata vector[2m > [22m[2mresolves fourteen startup messages once and reuses both positive and negative results during warm
[22m[39m[play-trace] {"lane":3,"message_id":510,"scheduler":"IDLE","context_id":"38o3r5b4","t_ms":964.6,"time_origin_ms":1788952450865.16,"ts_ms":1788952451829.8,"stage":"WORKER_PREFETCH_LANE_TAKE"}

[90mstdout[2m | tests/component-dom/webTransportWorkerStartupVector.behavior.test.ts[2m > [22m[2mWorker startup metadata vector[2m > [22m[2mresolves fourteen startup messages once and reuses both positive and negative results during warm
[22m[39m[play-trace] {"message_id":510,"status":"READY","code":null,"context_id":"38o3r5b4","t_ms":965.2,"time_origin_ms":1788952450865.16,"ts_ms":1788952451830.3,"stage":"WORKER_PREFETCH_TERMINAL"}
[play-trace] {"message_id":510,"bytes":65536,"offset_bytes":0,"context_id":"38o3r5b4","t_ms":965.2,"time_origin_ms":1788952450865.16,"ts_ms":1788952451830.4,"stage":"WARM_PREFIX_READY"}

[90mstdout[2m | tests/component-dom/webTransportWorkerStartupVector.behavior.test.ts[2m > [22m[2mWorker startup metadata vector[2m > [22m[2mresolves fourteen startup messages once and reuses both positive and negative results during warm
[22m[39m[play-trace] {"lane":4,"message_id":511,"scheduler":"IDLE","context_id":"38o3r5b4","t_ms":965.5,"time_origin_ms":1788952450865.16,"ts_ms":1788952451830.7,"stage":"WORKER_PREFETCH_LANE_TAKE"}

[90mstdout[2m | tests/component-dom/webTransportWorkerStartupVector.behavior.test.ts[2m > [22m[2mWorker startup metadata vector[2m > [22m[2mresolves fourteen startup messages once and reuses both positive and negative results during warm
[22m[39m[play-trace] {"message_id":511,"status":"READY","code":null,"context_id":"38o3r5b4","t_ms":966.1,"time_origin_ms":1788952450865.16,"ts_ms":1788952451831.3,"stage":"WORKER_PREFETCH_TERMINAL"}
[play-trace] {"message_id":511,"bytes":65536,"offset_bytes":0,"context_id":"38o3r5b4","t_ms":966.1,"time_origin_ms":1788952450865.16,"ts_ms":1788952451831.3,"stage":"WARM_PREFIX_READY"}

[90mstdout[2m | tests/component-dom/webTransportWorkerStartupVector.behavior.test.ts[2m > [22m[2mWorker startup metadata vector[2m > [22m[2mresolves fourteen startup messages once and reuses both positive and negative results during warm
[22m[39m[play-trace] {"lane":5,"message_id":512,"scheduler":"IDLE","context_id":"38o3r5b4","t_ms":966.4,"time_origin_ms":1788952450865.16,"ts_ms":1788952451831.6,"stage":"WORKER_PREFETCH_LANE_TAKE"}

[90mstdout[2m | tests/component-dom/webTransportWorkerStartupVector.behavior.test.ts[2m > [22m[2mWorker startup metadata vector[2m > [22m[2mresolves fourteen startup messages once and reuses both positive and negative results during warm
[22m[39m[play-trace] {"message_id":512,"status":"READY","code":null,"context_id":"38o3r5b4","t_ms":967,"time_origin_ms":1788952450865.16,"ts_ms":1788952451832.1,"stage":"WORKER_PREFETCH_TERMINAL"}
[play-trace] {"message_id":512,"bytes":65536,"offset_bytes":0,"context_id":"38o3r5b4","t_ms":967,"time_origin_ms":1788952450865.16,"ts_ms":1788952451832.2,"stage":"WARM_PREFIX_READY"}

[90mstdout[2m | tests/component-dom/webTransportWorkerStartupVector.behavior.test.ts[2m > [22m[2mWorker startup metadata vector[2m > [22m[2mresolves fourteen startup messages once and reuses both positive and negative results during warm
[22m[39m[play-trace] {"lane":6,"message_id":513,"scheduler":"IDLE","context_id":"38o3r5b4","t_ms":967.3,"time_origin_ms":1788952450865.16,"ts_ms":1788952451832.5,"stage":"WORKER_PREFETCH_LANE_TAKE"}

[90mstdout[2m | tests/component-dom/webTransportWorkerStartupVector.behavior.test.ts[2m > [22m[2mWorker startup metadata vector[2m > [22m[2mresolves fourteen startup messages once and reuses both positive and negative results during warm
[22m[39m[play-trace] {"message_id":513,"status":"READY","code":null,"context_id":"38o3r5b4","t_ms":967.8,"time_origin_ms":1788952450865.16,"ts_ms":1788952451833,"stage":"WORKER_PREFETCH_TERMINAL"}
[play-trace] {"message_id":513,"bytes":65536,"offset_bytes":0,"context_id":"38o3r5b4","t_ms":967.9,"time_origin_ms":1788952450865.16,"ts_ms":1788952451833,"stage":"WARM_PREFIX_READY"}

[90mstdout[2m | tests/component-dom/webTransportWorkerStartupVector.behavior.test.ts[2m > [22m[2mWorker startup metadata vector[2m > [22m[2mresolves fourteen startup messages once and reuses both positive and negative results during warm
[22m[39m[play-trace] {"count":14,"elapsed_ms":19,"failures":1,"context_id":"38o3r5b4","t_ms":971.3,"time_origin_ms":1788952450865.16,"ts_ms":1788952451836.5,"stage":"WORKER_PREFETCH_BATCH_DONE"}

 [32m✓[39m tests/component-dom/webTransportWorkerStartupVector.behavior.test.ts [2m([22m[2m1 test[22m[2m)[22m[32m 128[2mms[22m[39m
 [32m✓[39m tests/component-dom/webTrash.test.ts [2m([22m[2m4 tests[22m[2m)[22m[32m 34[2mms[22m[39m
[90mstdout[2m | tests/component-dom/webPlaybackBackgroundPriority.behavior.test.ts[2m > [22m[2mWeb playback priority over secondary reads[2m > [22m[2mphysically holds a background stream before Worker start while Play is critical
[22m[39m[play-trace] {"startup_beat_count":0,"context_id":"o488lhkx","t_ms":1437.9,"time_origin_ms":1788952450744.718,"ts_ms":1788952452182.6,"stage":"TRANSPORT_CODE_PREWARM_ENTER"}
[play-trace] {"context_id":"o488lhkx","t_ms":1439,"time_origin_ms":1788952450744.718,"ts_ms":1788952452183.7,"stage":"BACKGROUND_PAUSED_PLAY"}

[90mstdout[2m | tests/component-dom/webPlaybackBackgroundPriority.behavior.test.ts[2m > [22m[2mWeb playback priority over secondary reads[2m > [22m[2mphysically holds a background stream before Worker start while Play is critical
[22m[39m[play-trace] {"purpose":"other","context_id":"o488lhkx","t_ms":1439.8,"time_origin_ms":1788952450744.718,"ts_ms":1788952452184.5,"stage":"TRANSPORT_STREAM_ENTER"}

[90mstdout[2m | tests/component-dom/webPlaybackBackgroundPriority.behavior.test.ts[2m > [22m[2mWeb playback priority over secondary reads[2m > [22m[2mphysically holds a background stream before Worker start while Play is critical
[22m[39m[play-trace] {"wait_ms":1,"purpose":"other","context_id":"o488lhkx","t_ms":1440.3,"time_origin_ms":1788952450744.718,"ts_ms":1788952452185,"stage":"TRANSPORT_STREAM_CONNECTED"}
[play-trace] {"context_id":"o488lhkx","t_ms":1440.5,"time_origin_ms":1788952450744.718,"ts_ms":1788952452185.2,"stage":"BACKGROUND_WAIT_PLAY"}

[90mstdout[2m | tests/component-dom/webPlaybackBackgroundPriority.behavior.test.ts[2m > [22m[2mWeb playback priority over secondary reads[2m > [22m[2mphysically holds a background stream before Worker start while Play is critical
[22m[39m[play-trace] {"context_id":"o488lhkx","t_ms":1442.8,"time_origin_ms":1788952450744.718,"ts_ms":1788952452187.5,"stage":"BACKGROUND_RESUMED_PLAY"}

[90mstdout[2m | tests/component-dom/webPlaybackBackgroundPriority.behavior.test.ts[2m > [22m[2mWeb playback priority over secondary reads[2m > [22m[2mphysically holds a background stream before Worker start while Play is critical
[22m[39m[play-trace] {"total_ms":3,"purpose":"other","context_id":"o488lhkx","t_ms":1443.2,"time_origin_ms":1788952450744.718,"ts_ms":1788952452187.9,"stage":"TRANSPORT_STREAM_WORKER_STARTED"}

[90mstdout[2m | tests/component-dom/webPlaybackBackgroundPriority.behavior.test.ts[2m > [22m[2mWeb playback priority over secondary reads[2m > [22m[2mphysically holds a background stream before Worker start while Play is critical
[22m[39m[play-trace] {"total_ms":4,"purpose":"other","context_id":"o488lhkx","t_ms":1443.5,"time_origin_ms":1788952450744.718,"ts_ms":1788952452188.3,"stage":"TRANSPORT_STREAM_DONE"}

[90mstdout[2m | tests/component-dom/webPlaybackBackgroundPriority.behavior.test.ts[2m > [22m[2mWeb playback priority over secondary reads[2m > [22m[2mbackpressures the next background chunk/ACK when Play becomes critical mid-stream
[22m[39m[play-trace] {"startup_beat_count":0,"context_id":"o488lhkx","t_ms":1444.8,"time_origin_ms":1788952450744.718,"ts_ms":1788952452189.5,"stage":"TRANSPORT_CODE_PREWARM_ENTER"}
[play-trace] {"purpose":"other","context_id":"o488lhkx","t_ms":1445.4,"time_origin_ms":1788952450744.718,"ts_ms":1788952452190.2,"stage":"TRANSPORT_STREAM_ENTER"}

[90mstdout[2m | tests/component-dom/webPlaybackBackgroundPriority.behavior.test.ts[2m > [22m[2mWeb playback priority over secondary reads[2m > [22m[2mbackpressures the next background chunk/ACK when Play becomes critical mid-stream
[22m[39m[play-trace] {"wait_ms":0,"purpose":"other","context_id":"o488lhkx","t_ms":1445.9,"time_origin_ms":1788952450744.718,"ts_ms":1788952452190.7,"stage":"TRANSPORT_STREAM_CONNECTED"}

[90mstdout[2m | tests/component-dom/webPlaybackBackgroundPriority.behavior.test.ts[2m > [22m[2mWeb playback priority over secondary reads[2m > [22m[2mbackpressures the next background chunk/ACK when Play becomes critical mid-stream
[22m[39m[play-trace] {"total_ms":1,"purpose":"other","context_id":"o488lhkx","t_ms":1446.4,"time_origin_ms":1788952450744.718,"ts_ms":1788952452191.1,"stage":"TRANSPORT_STREAM_WORKER_STARTED"}

[90mstdout[2m | tests/component-dom/webPlaybackBackgroundPriority.behavior.test.ts[2m > [22m[2mWeb playback priority over secondary reads[2m > [22m[2mbackpressures the next background chunk/ACK when Play becomes critical mid-stream
[22m[39m[play-trace] {"context_id":"o488lhkx","t_ms":1446.9,"time_origin_ms":1788952450744.718,"ts_ms":1788952452191.6,"stage":"BACKGROUND_PAUSED_PLAY"}
[play-trace] {"total_ms":1,"purpose":"other","context_id":"o488lhkx","t_ms":1446.9,"time_origin_ms":1788952450744.718,"ts_ms":1788952452191.6,"stage":"TRANSPORT_STREAM_DONE"}

[90mstdout[2m | tests/component-dom/webPlaybackBackgroundPriority.behavior.test.ts[2m > [22m[2mWeb playback priority over secondary reads[2m > [22m[2mbackpressures the next background chunk/ACK when Play becomes critical mid-stream
[22m[39m[play-trace] {"context_id":"o488lhkx","t_ms":1447.3,"time_origin_ms":1788952450744.718,"ts_ms":1788952452192,"stage":"BACKGROUND_WAIT_PLAY"}

[90mstdout[2m | tests/component-dom/webPlaybackBackgroundPriority.behavior.test.ts[2m > [22m[2mWeb playback priority over secondary reads[2m > [22m[2mbackpressures the next background chunk/ACK when Play becomes critical mid-stream
[22m[39m[play-trace] {"context_id":"o488lhkx","t_ms":1448.1,"time_origin_ms":1788952450744.718,"ts_ms":1788952452192.9,"stage":"BACKGROUND_RESUMED_PLAY"}

[90mstdout[2m | tests/component-dom/webPlaybackBackgroundPriority.behavior.test.ts[2m > [22m[2mWeb playback priority over secondary reads[2m > [22m[2mkeeps playback lease-free while an export retains scoped authorization
[22m[39m[play-trace] {"startup_beat_count":0,"context_id":"o488lhkx","t_ms":1449,"time_origin_ms":1788952450744.718,"ts_ms":1788952452193.7,"stage":"TRANSPORT_CODE_PREWARM_ENTER"}
[play-trace] {"purpose":"playback","context_id":"o488lhkx","t_ms":1449,"time_origin_ms":1788952450744.718,"ts_ms":1788952452193.7,"stage":"TRANSPORT_STREAM_ENTER"}

[90mstdout[2m | tests/component-dom/webPlaybackBackgroundPriority.behavior.test.ts[2m > [22m[2mWeb playback priority over secondary reads[2m > [22m[2mkeeps playback lease-free while an export retains scoped authorization
[22m[39m[play-trace] {"wait_ms":1,"purpose":"playback","context_id":"o488lhkx","t_ms":1449.3,"time_origin_ms":1788952450744.718,"ts_ms":1788952452194,"stage":"TRANSPORT_STREAM_CONNECTED"}
[play-trace] {"total_ms":1,"purpose":"playback","context_id":"o488lhkx","t_ms":1449.4,"time_origin_ms":1788952450744.718,"ts_ms":1788952452194.1,"stage":"TRANSPORT_STREAM_WORKER_STARTED"}

[90mstdout[2m | tests/component-dom/webPlaybackBackgroundPriority.behavior.test.ts[2m > [22m[2mWeb playback priority over secondary reads[2m > [22m[2mkeeps playback lease-free while an export retains scoped authorization
[22m[39m[play-trace] {"purpose":"export","context_id":"o488lhkx","t_ms":1449.7,"time_origin_ms":1788952450744.718,"ts_ms":1788952452194.4,"stage":"TRANSPORT_STREAM_ENTER"}
[play-trace] {"total_ms":1,"purpose":"playback","context_id":"o488lhkx","t_ms":1449.7,"time_origin_ms":1788952450744.718,"ts_ms":1788952452194.5,"stage":"TRANSPORT_STREAM_DONE"}
[play-trace] {"wait_ms":0,"purpose":"export","context_id":"o488lhkx","t_ms":1449.8,"time_origin_ms":1788952450744.718,"ts_ms":1788952452194.5,"stage":"TRANSPORT_STREAM_CONNECTED"}

[90mstdout[2m | tests/component-dom/webPlaybackBackgroundPriority.behavior.test.ts[2m > [22m[2mWeb playback priority over secondary reads[2m > [22m[2mkeeps playback lease-free while an export retains scoped authorization
[22m[39m[play-trace] {"total_ms":0,"purpose":"export","context_id":"o488lhkx","t_ms":1450.2,"time_origin_ms":1788952450744.718,"ts_ms":1788952452194.9,"stage":"TRANSPORT_STREAM_WORKER_STARTED"}

[90mstdout[2m | tests/component-dom/webPlaybackBackgroundPriority.behavior.test.ts[2m > [22m[2mWeb playback priority over secondary reads[2m > [22m[2mkeeps playback lease-free while an export retains scoped authorization
[22m[39m[play-trace] {"total_ms":1,"purpose":"export","context_id":"o488lhkx","t_ms":1450.5,"time_origin_ms":1788952450744.718,"ts_ms":1788952452195.2,"stage":"TRANSPORT_STREAM_DONE"}

[90mstdout[2m | tests/component-dom/webPlaybackBackgroundPriority.behavior.test.ts[2m > [22m[2mWeb playback priority over secondary reads[2m > [22m[2mkeeps artwork hydration inside load_artwork authorization and the background stream gate
[22m[39m[play-trace] {"startup_beat_count":0,"context_id":"o488lhkx","t_ms":1452.7,"time_origin_ms":1788952450744.718,"ts_ms":1788952452197.4,"stage":"TRANSPORT_CODE_PREWARM_ENTER"}
[play-trace] {"context_id":"o488lhkx","t_ms":1452.7,"time_origin_ms":1788952450744.718,"ts_ms":1788952452197.4,"stage":"BACKGROUND_PAUSED_PLAY"}

[90mstdout[2m | tests/component-dom/webPlaybackBackgroundPriority.behavior.test.ts[2m > [22m[2mWeb playback priority over secondary reads[2m > [22m[2mkeeps artwork hydration inside load_artwork authorization and the background stream gate
[22m[39m[play-trace] {"purpose":"other","context_id":"o488lhkx","t_ms":1453.3,"time_origin_ms":1788952450744.718,"ts_ms":1788952452198,"stage":"TRANSPORT_STREAM_ENTER"}

[90mstdout[2m | tests/component-dom/webPlaybackBackgroundPriority.behavior.test.ts[2m > [22m[2mWeb playback priority over secondary reads[2m > [22m[2mkeeps artwork hydration inside load_artwork authorization and the background stream gate
[22m[39m[play-trace] {"wait_ms":0,"purpose":"other","context_id":"o488lhkx","t_ms":1453.6,"time_origin_ms":1788952450744.718,"ts_ms":1788952452198.3,"stage":"TRANSPORT_STREAM_CONNECTED"}
[play-trace] {"context_id":"o488lhkx","t_ms":1453.6,"time_origin_ms":1788952450744.718,"ts_ms":1788952452198.4,"stage":"BACKGROUND_WAIT_PLAY"}

[90mstdout[2m | tests/component-dom/webPlaybackBackgroundPriority.behavior.test.ts[2m > [22m[2mWeb playback priority over secondary reads[2m > [22m[2mkeeps artwork hydration inside load_artwork authorization and the background stream gate
[22m[39m[play-trace] {"context_id":"o488lhkx","t_ms":1454.7,"time_origin_ms":1788952450744.718,"ts_ms":1788952452199.4,"stage":"BACKGROUND_RESUMED_PLAY"}

[90mstdout[2m | tests/component-dom/webPlaybackBackgroundPriority.behavior.test.ts[2m > [22m[2mWeb playback priority over secondary reads[2m > [22m[2mkeeps artwork hydration inside load_artwork authorization and the background stream gate
[22m[39m[play-trace] {"total_ms":1,"purpose":"other","context_id":"o488lhkx","t_ms":1455,"time_origin_ms":1788952450744.718,"ts_ms":1788952452199.7,"stage":"TRANSPORT_STREAM_WORKER_STARTED"}

[90mstdout[2m | tests/component-dom/webPlaybackBackgroundPriority.behavior.test.ts[2m > [22m[2mWeb playback priority over secondary reads[2m > [22m[2mkeeps artwork hydration inside load_artwork authorization and the background stream gate
[22m[39m[play-trace] {"total_ms":1,"purpose":"other","context_id":"o488lhkx","t_ms":1455.1,"time_origin_ms":1788952450744.718,"ts_ms":1788952452199.8,"stage":"TRANSPORT_STREAM_DONE"}

 [32m✓[39m tests/component-dom/webPlaybackBackgroundPriority.behavior.test.ts [2m([22m[2m4 tests[22m[2m)[22m[32m 21[2mms[22m[39m
 [32m✓[39m tests/component-dom/designFoundations.test.tsx [2m([22m[2m4 tests[22m[2m)[22m[32m 67[2mms[22m[39m
 [32m✓[39m tests/component-dom/sessionState.test.tsx [2m([22m[2m3 tests[22m[2m)[22m[32m 48[2mms[22m[39m
 [32m✓[39m tests/component-dom/webLibraryWindow.test.ts [2m([22m[2m4 tests[22m[2m)[22m[33m 874[2mms[22m[39m
   [33m[2m✓[22m[39m WebLibraryWindowConsumer[2m > [22mwalks 10k+ next/previous windows without duplicates or omissions and stays bounded [33m 816[2mms[22m[39m
 [32m✓[39m tests/component-dom/appAuxiliaryModals.test.tsx [2m([22m[2m3 tests[22m[2m)[22m[32m 124[2mms[22m[39m
 [32m✓[39m tests/component-dom/importReviewBasics.test.tsx [2m([22m[2m3 tests[22m[2m)[22m[32m 35[2mms[22m[39m
[90mstderr[2m | tests/component-dom/webCsrfFetchCoordinator.test.ts[2m > [22m[2mWeb CSRF fetch coordinator[2m > [22m[2mclassifies an event-ticket 403 as event-sync degradation without changing transport semantics
[22m[39m[event-sync] ticket authorization degraded; transport state unchanged {
  state: [32m'degraded'[39m,
  source: [32m'event_ticket'[39m,
  status: [33m403[39m,
  code: [32m'EVENT_AUTH_FORBIDDEN'[39m
}

 [32m✓[39m tests/component-dom/webCsrfFetchCoordinator.test.ts [2m([22m[2m4 tests[22m[2m)[22m[32m 46[2mms[22m[39m
 [31m❯[39m tests/component-dom/startupRevealArchitecture.test.ts [2m([22m[2m9 tests[22m[2m | [22m[31m1 failed[39m[2m)[22m[32m 22[2mms[22m[39m
   [32m✓[39m Issue #97 startup reveal architecture[2m > [22mboots the presentation layer from the last verified lightweight manifest[32m 2[2mms[22m[39m
   [32m✓[39m Issue #97 startup reveal architecture[2m > [22mreserves every filtered beat slot while revealing only artwork-ready cards[32m 1[2mms[22m[39m
[31m   [31m×[31m Issue #97 startup reveal architecture[2m > [22mdoes not gate card reveal on audio cooking[39m[32m 15[2mms[22m[39m
[31m     → expected 'import React, { useState, useCallback…' to contain 'title + artwork are enough to show a …'[39m
   [32m✓[39m Issue #97 startup reveal architecture[2m > [22mrenders Empty Gallery only after online authority is verified[32m 0[2mms[22m[39m
   [32m✓[39m Issue #97 startup reveal architecture[2m > [22mkeeps Web auth to one gate while preserving Desktop AccountGate[32m 0[2mms[22m[39m
   [32m✓[39m Issue #97 startup reveal architecture[2m > [22mkeeps online reveal monotonic across transport refreshes[32m 0[2mms[22m[39m
   [32m✓[39m Issue #97 startup reveal architecture[2m > [22mrefreshes cloud-backed playback even when cached metadata contains a stale blob URL[32m 0[2mms[22m[39m
   [32m✓[39m Issue #97 startup reveal architecture[2m > [22mkeeps productive Web auth on the same-origin proxy and clears remembered legacy endpoints[32m 0[2mms[22m[39m
   [32m✓[39m Issue #97 startup reveal architecture[2m > [22mserves WebAssembly with the streaming MIME type[32m 0[2mms[22m[39m
 [32m✓[39m tests/component-dom/artworkHydration.test.tsx [2m([22m[2m4 tests[22m[2m)[22m[32m 47[2mms[22m[39m
[90mstdout[2m | tests/component-dom/webTransportControllerRefresh.test.ts[2m > [22m[2mWebTransportController credential refresh[2m > [22m[2mre-verifies refreshed Worker credentials before authorizing the next sensitive write
[22m[39m[play-trace] {"startup_beat_count":0,"context_id":"05zfd9lm","t_ms":1517.6,"time_origin_ms":1788952454298.806,"ts_ms":1788952455816.4,"stage":"CONTROLLER_CONNECT_NEW"}
[play-trace] {"startup_beat_count":0,"context_id":"05zfd9lm","t_ms":1518.5,"time_origin_ms":1788952454298.806,"ts_ms":1788952455817.3,"stage":"CONTROLLER_SESSION_PREPARE_BEGIN"}

[90mstdout[2m | tests/component-dom/webTransportControllerRefresh.test.ts[2m > [22m[2mWebTransportController credential refresh[2m > [22m[2mre-verifies refreshed Worker credentials before authorizing the next sensitive write
[22m[39m[play-trace] {"span_id":1,"context_id":"05zfd9lm","t_ms":1519.2,"time_origin_ms":1788952454298.806,"ts_ms":1788952455818,"stage":"DIRECT_ACTIVATE_BEGIN"}
[play-trace] {"span_id":2,"context_id":"05zfd9lm","t_ms":1519.3,"time_origin_ms":1788952454298.806,"ts_ms":1788952455818.1,"stage":"DIRECT_PREPARE_BEGIN"}
[play-trace] {"span_id":1,"elapsed_ms":0.3,"context_id":"05zfd9lm","t_ms":1519.5,"time_origin_ms":1788952454298.806,"ts_ms":1788952455818.3,"stage":"DIRECT_ACTIVATE_DONE"}
[play-trace] {"span_id":2,"elapsed_ms":0.2,"context_id":"05zfd9lm","t_ms":1519.5,"time_origin_ms":1788952454298.806,"ts_ms":1788952455818.3,"stage":"DIRECT_PREPARE_DONE"}

[90mstdout[2m | tests/component-dom/webTransportControllerRefresh.test.ts[2m > [22m[2mWebTransportController credential refresh[2m > [22m[2mre-verifies refreshed Worker credentials before authorizing the next sensitive write
[22m[39m[play-trace] {"elapsed_ms":1,"startup_message_count":0,"context_id":"05zfd9lm","t_ms":1519.7,"time_origin_ms":1788952454298.806,"ts_ms":1788952455818.5,"stage":"CONTROLLER_SESSION_PREPARE_DONE"}
[play-trace] {"elapsed_ms":1,"context_id":"05zfd9lm","t_ms":1519.8,"time_origin_ms":1788952454298.806,"ts_ms":1788952455818.6,"stage":"CONTROLLER_SESSION_ACTIVATE_DONE"}

[90mstdout[2m | tests/component-dom/webTransportControllerRefresh.test.ts[2m > [22m[2mWebTransportController credential refresh[2m > [22m[2mre-verifies refreshed Worker credentials before authorizing the next sensitive write
[22m[39m[play-trace] {"context_id":"05zfd9lm","t_ms":1519.9,"time_origin_ms":1788952454298.806,"ts_ms":1788952455818.7,"stage":"CONTROLLER_SESSION_MEDIA_GATE_OPEN"}
[play-trace] {"span_id":3,"context_id":"05zfd9lm","t_ms":1520.7,"time_origin_ms":1788952454298.806,"ts_ms":1788952455819.5,"stage":"DIRECT_INITIALIZE_BEGIN"}

[90mstdout[2m | tests/component-dom/webTransportControllerRefresh.test.ts[2m > [22m[2mWebTransportController credential refresh[2m > [22m[2mre-verifies refreshed Worker credentials before authorizing the next sensitive write
[22m[39m[play-trace] {"span_id":3,"elapsed_ms":0.6,"context_id":"05zfd9lm","t_ms":1521.2,"time_origin_ms":1788952454298.806,"ts_ms":1788952455820,"stage":"DIRECT_INITIALIZE_DONE"}

[90mstdout[2m | tests/component-dom/webTransportControllerRefresh.test.ts[2m > [22m[2mWebTransportController credential refresh[2m > [22m[2mre-verifies refreshed Worker credentials before authorizing the next sensitive write
[22m[39m[play-trace] {"elapsed_ms":1,"context_id":"05zfd9lm","t_ms":1521.5,"time_origin_ms":1788952454298.806,"ts_ms":1788952455820.3,"stage":"CONTROLLER_SESSION_INITIALIZE_DONE"}
[play-trace] {"span_id":4,"context_id":"05zfd9lm","t_ms":1521.7,"time_origin_ms":1788952454298.806,"ts_ms":1788952455820.5,"stage":"DIRECT_BACKGROUND_GET_ME_BEGIN"}
[play-trace] {"span_id":5,"context_id":"05zfd9lm","t_ms":1521.8,"time_origin_ms":1788952454298.806,"ts_ms":1788952455820.6,"stage":"DIRECT_BACKGROUND_GET_CHAT_BEGIN"}
[play-trace] {"total_ms":3,"context_id":"05zfd9lm","t_ms":1521.9,"time_origin_ms":1788952454298.806,"ts_ms":1788952455820.7,"stage":"CONTROLLER_SESSION_DATA_PLANE_READY"}
[play-trace] {"span_id":4,"elapsed_ms":0.2,"context_id":"05zfd9lm","t_ms":1521.9,"time_origin_ms":1788952454298.806,"ts_ms":1788952455820.7,"stage":"DIRECT_BACKGROUND_GET_ME_DONE"}
[play-trace] {"span_id":5,"elapsed_ms":0.2,"context_id":"05zfd9lm","t_ms":1522,"time_origin_ms":1788952454298.806,"ts_ms":1788952455820.8,"stage":"DIRECT_BACKGROUND_GET_CHAT_DONE"}

[90mstdout[2m | tests/component-dom/webTransportControllerRefresh.test.ts[2m > [22m[2mWebTransportController credential refresh[2m > [22m[2mre-verifies refreshed Worker credentials before authorizing the next sensitive write
[22m[39m[play-trace] {"context_id":"05zfd9lm","t_ms":1522.3,"time_origin_ms":1788952454298.806,"ts_ms":1788952455821.1,"stage":"CONTROLLER_BACKGROUND_VERIFY_READY"}

[90mstdout[2m | tests/component-dom/webTransportControllerRefresh.test.ts[2m > [22m[2mWebTransportController credential refresh[2m > [22m[2mre-verifies refreshed Worker credentials before authorizing the next sensitive write
[22m[39m[play-trace] {"context_id":"05zfd9lm","t_ms":1522.8,"time_origin_ms":1788952454298.806,"ts_ms":1788952455821.6,"stage":"CONTROLLER_CREDENTIAL_REFRESH_BEGIN"}

[90mstdout[2m | tests/component-dom/webTransportControllerRefresh.test.ts[2m > [22m[2mWebTransportController credential refresh[2m > [22m[2mre-verifies refreshed Worker credentials before authorizing the next sensitive write
[22m[39m[play-trace] {"context_id":"05zfd9lm","t_ms":1523.3,"time_origin_ms":1788952454298.806,"ts_ms":1788952455822.1,"stage":"CONTROLLER_CREDENTIAL_REFRESH_READY"}

[90mstdout[2m | tests/component-dom/webTransportControllerRefresh.test.ts[2m > [22m[2mWebTransportController credential refresh[2m > [22m[2mre-verifies refreshed Worker credentials before authorizing the next sensitive write
[22m[39m[play-trace] {"context_id":"05zfd9lm","t_ms":1523.6,"time_origin_ms":1788952454298.806,"ts_ms":1788952455822.4,"stage":"CONTROLLER_CONNECT_REUSE"}

 [32m✓[39m tests/component-dom/webTransportControllerRefresh.test.ts [2m([22m[2m1 test[22m[2m)[22m[32m 14[2mms[22m[39m
[90mstdout[2m | tests/component-dom/webPlatformShell.test.tsx[2m > [22m[2mBeatGaler Web platform shell[2m > [22m[2mloads an authenticated browser shell without Desktop bootstrap
[22m[39m[play-trace] {"span_id":1,"context_id":"osluhs86","t_ms":1078.2,"time_origin_ms":1788952455417.888,"ts_ms":1788952456496.1,"stage":"DIRECT_CODE_IMPORT_BEGIN"}

[90mstdout[2m | tests/component-dom/webPlatformShell.test.tsx[2m > [22m[2mBeatGaler Web platform shell[2m > [22m[2mloads an authenticated browser shell without Desktop bootstrap
[22m[39m[play-trace] {"span_id":1,"elapsed_ms":11.1,"context_id":"osluhs86","t_ms":1089.2,"time_origin_ms":1788952455417.888,"ts_ms":1788952456507.1,"stage":"DIRECT_CODE_IMPORT_DONE"}

[90mstdout[2m | tests/component-dom/webPlatformShell.test.tsx[2m > [22m[2mBeatGaler Web platform shell[2m > [22m[2mloads an authenticated browser shell without Desktop bootstrap
[22m[39m[play-trace] {"count":0,"context_id":"osluhs86","t_ms":1090.9,"time_origin_ms":1788952455417.888,"ts_ms":1788952456508.8,"stage":"STARTUP_LOCAL_ROUTING_READY"}

[90mstdout[2m | tests/component-dom/webPlatformShell.test.tsx[2m > [22m[2mBeatGaler Web platform shell[2m > [22m[2mloads an authenticated browser shell without Desktop bootstrap
[22m[39m[play-trace] {"startup_candidate_count":0,"context_id":"osluhs86","t_ms":1091.4,"time_origin_ms":1788952455417.888,"ts_ms":1788952456509.2,"stage":"DIRECT_START_DISPATCHED"}

[90mstdout[2m | tests/component-dom/webPlatformShell.test.tsx[2m > [22m[2mBeatGaler Web platform shell[2m > [22m[2mloads an authenticated browser shell without Desktop bootstrap
[22m[39m[play-trace] {"count":0,"failures":0,"context_id":"osluhs86","t_ms":1091.8,"time_origin_ms":1788952455417.888,"ts_ms":1788952456509.6,"stage":"ADAPTER_STARTUP_WARM_SETTLED"}

[90mstdout[2m | tests/component-dom/webPlatformShell.test.tsx[2m > [22m[2mBeatGaler Web platform shell[2m > [22m[2mloads an authenticated browser shell without Desktop bootstrap
[22m[39m[web/library-window] load offset=0 materialized=0/0 max=0 avoided=0 ratio=0.0000

 [32m✓[39m tests/component-dom/webPlatformShell.test.tsx [2m([22m[2m3 tests[22m[2m)[22m[32m 153[2mms[22m[39m
 [32m✓[39m tests/component-dom/libraryState.test.tsx [2m([22m[2m2 tests[22m[2m)[22m[32m 49[2mms[22m[39m
 [32m✓[39m tests/component-dom/browserImport.test.tsx [2m([22m[2m2 tests[22m[2m)[22m[32m 35[2mms[22m[39m
 [32m✓[39m tests/component-dom/beatRuntimeRegistry.test.tsx [2m([22m[2m4 tests[22m[2m)[22m[32m 29[2mms[22m[39m
 [32m✓[39m tests/component-dom/webRememberedDirectPreconnect.behavior.test.ts [2m([22m[2m5 tests[22m[2m)[22m[32m 8[2mms[22m[39m
 [32m✓[39m tests/component-dom/appLibraryMenus.test.tsx [2m([22m[2m3 tests[22m[2m)[22m[32m 155[2mms[22m[39m
 [32m✓[39m tests/component-dom/mp3PlayablePrefix.test.ts [2m([22m[2m5 tests[22m[2m)[22m[32m 7[2mms[22m[39m
 [32m✓[39m tests/component-dom/webBeatEditDrawer.test.tsx [2m([22m[2m1 test[22m[2m)[22m[32m 166[2mms[22m[39m
[90mstderr[2m | tests/component-dom/webPlaybackSortCaller.test.tsx[2m > [22m[2mWeb playback sort caller[2m > [22m[2mupdates persisted startup14 immediately for every UI sort without a new OPEN
[22m[39mWarning: `ReactDOMTestUtils.act` is deprecated in favor of `React.act`. Import `act` from `react` instead of `react-dom/test-utils`. See https://react.dev/warnings/react-dom-test-utils for more info.
Warning: The current testing environment is not configured to support act(...)

[90mstderr[2m | tests/component-dom/webPlaybackSortCaller.test.tsx[2m > [22m[2mWeb playback sort caller[2m > [22m[2mupdates persisted startup14 immediately for every UI sort without a new OPEN
[22m[39mWarning: The current testing environment is not configured to support act(...)

[90mstderr[2m | tests/component-dom/webPlaybackSortCaller.test.tsx[2m > [22m[2mWeb playback sort caller[2m > [22m[2mupdates persisted startup14 immediately for every UI sort without a new OPEN
[22m[39mWarning: The current testing environment is not configured to support act(...)

[90mstderr[2m | tests/component-dom/webPlaybackSortCaller.test.tsx[2m > [22m[2mWeb playback sort caller[2m > [22m[2mupdates persisted startup14 immediately for every UI sort without a new OPEN
[22m[39mWarning: The current testing environment is not configured to support act(...)

[90mstderr[2m | tests/component-dom/webPlaybackSortCaller.test.tsx[2m > [22m[2mWeb playback sort caller[2m > [22m[2mupdates persisted startup14 immediately for every UI sort without a new OPEN
[22m[39mWarning: The current testing environment is not configured to support act(...)

[90mstderr[2m | tests/component-dom/webPlaybackSortCaller.test.tsx[2m > [22m[2mWeb playback sort caller[2m > [22m[2mis a Web-only hook and leaves routing unchanged when disabled
[22m[39mWarning: The current testing environment is not configured to support act(...)

[90mstderr[2m | tests/component-dom/webPlaybackSortCaller.test.tsx[2m > [22m[2mWeb playback sort caller[2m > [22m[2mis a Web-only hook and leaves routing unchanged when disabled
[22m[39mWarning: The current testing environment is not configured to support act(...)

 [32m✓[39m tests/component-dom/webPlaybackSortCaller.test.tsx [2m([22m[2m2 tests[22m[2m)[22m[32m 49[2mms[22m[39m
[90mstdout[2m | tests/component-dom/webNoTauri.test.ts[2m > [22m[2mBeatGaler Web no-Tauri contract[2m > [22m[2mruns Web platform flows without invoking any Tauri surface
[22m[39m[play-trace] {"span_id":1,"context_id":"0eymghvf","t_ms":1026.2,"time_origin_ms":1788952458844.957,"ts_ms":1788952459871.2,"stage":"DIRECT_CODE_IMPORT_BEGIN"}

[90mstdout[2m | tests/component-dom/webNoTauri.test.ts[2m > [22m[2mBeatGaler Web no-Tauri contract[2m > [22m[2mruns Web platform flows without invoking any Tauri surface
[22m[39m[play-trace] {"span_id":1,"elapsed_ms":10.4,"context_id":"0eymghvf","t_ms":1036.5,"time_origin_ms":1788952458844.957,"ts_ms":1788952459881.4,"stage":"DIRECT_CODE_IMPORT_DONE"}

[90mstdout[2m | tests/component-dom/webNoTauri.test.ts[2m > [22m[2mBeatGaler Web no-Tauri contract[2m > [22m[2mruns Web platform flows without invoking any Tauri surface
[22m[39m[play-trace] {"count":0,"context_id":"0eymghvf","t_ms":1039,"time_origin_ms":1788952458844.957,"ts_ms":1788952459883.9,"stage":"STARTUP_LOCAL_ROUTING_READY"}

[90mstdout[2m | tests/component-dom/webNoTauri.test.ts[2m > [22m[2mBeatGaler Web no-Tauri contract[2m > [22m[2mruns Web platform flows without invoking any Tauri surface
[22m[39m[play-trace] {"startup_candidate_count":0,"context_id":"0eymghvf","t_ms":1039.4,"time_origin_ms":1788952458844.957,"ts_ms":1788952459884.4,"stage":"DIRECT_START_DISPATCHED"}

[90mstdout[2m | tests/component-dom/webNoTauri.test.ts[2m > [22m[2mBeatGaler Web no-Tauri contract[2m > [22m[2mruns Web platform flows without invoking any Tauri surface
[22m[39m[play-trace] {"count":0,"failures":0,"context_id":"0eymghvf","t_ms":1039.9,"time_origin_ms":1788952458844.957,"ts_ms":1788952459884.9,"stage":"ADAPTER_STARTUP_WARM_SETTLED"}

[90mstdout[2m | tests/component-dom/webNoTauri.test.ts[2m > [22m[2mBeatGaler Web no-Tauri contract[2m > [22m[2mruns Web platform flows without invoking any Tauri surface
[22m[39m[web/library-window] load offset=0 materialized=0/0 max=0 avoided=0 ratio=0.0000

[90mstdout[2m | tests/component-dom/webNoTauri.test.ts[2m > [22m[2mBeatGaler Web no-Tauri contract[2m > [22m[2mruns Web platform flows without invoking any Tauri surface
[22m[39m[play-trace] {"context_id":"0eymghvf","t_ms":1049.5,"time_origin_ms":1788952458844.957,"ts_ms":1788952459894.5,"stage":"ADAPTER_TRANSPORT_PREWARM_BEGIN"}

[90mstdout[2m | tests/component-dom/webNoTauri.test.ts[2m > [22m[2mBeatGaler Web no-Tauri contract[2m > [22m[2mruns Web platform flows without invoking any Tauri surface
[22m[39m[play-trace] {"context_id":"0eymghvf","t_ms":1050.5,"time_origin_ms":1788952458844.957,"ts_ms":1788952459895.5,"stage":"ADAPTER_TRANSPORT_PREWARM_DISPATCHED"}

 [32m✓[39m tests/component-dom/webNoTauri.test.ts [2m([22m[2m1 test[22m[2m)[22m[32m 29[2mms[22m[39m
[90mstdout[2m | tests/component-dom/webTransportWorkerClientIndex.behavior.test.ts[2m > [22m[2mWorkerClient INDEX active-time accounting[2m > [22m[2mdoes not count more than 30 seconds of scheduler/preemption pause against the INDEX deadline
[22m[39m[play-trace] {"context_id":"awc7jh2j","t_ms":0,"time_origin_ms":1788952460237,"ts_ms":1788952460237,"stage":"WORKER_CREATE_BEGIN"}
[play-trace] {"context_id":"awc7jh2j","t_ms":0,"time_origin_ms":1788952460237,"ts_ms":1788952460237,"stage":"WORKER_CREATED"}
[play-trace] {"request_id":"9157dca0-b110-4cf1-bee9-3da51ff2da22","timeout_ms":1000,"context_id":"awc7jh2j","t_ms":0,"time_origin_ms":1788952460237,"ts_ms":1788952460237,"stage":"WORKER_INDEX_DEADLINE_ACTIVE"}

[90mstdout[2m | tests/component-dom/webTransportWorkerClientIndex.behavior.test.ts[2m > [22m[2mWorkerClient INDEX active-time accounting[2m > [22m[2mdoes not count more than 30 seconds of scheduler/preemption pause against the INDEX deadline
[22m[39m[play-trace] {"request_id":"9157dca0-b110-4cf1-bee9-3da51ff2da22","context_id":"awc7jh2j","t_ms":700,"time_origin_ms":1788952460237,"ts_ms":1788952460937,"stage":"WORKER_INDEX_DEADLINE_PAUSED"}

[90mstdout[2m | tests/component-dom/webTransportWorkerClientIndex.behavior.test.ts[2m > [22m[2mWorkerClient INDEX active-time accounting[2m > [22m[2mdoes not count more than 30 seconds of scheduler/preemption pause against the INDEX deadline
[22m[39m[play-trace] {"request_id":"9157dca0-b110-4cf1-bee9-3da51ff2da22","timeout_ms":1000,"context_id":"awc7jh2j","t_ms":31700,"time_origin_ms":1788952460237,"ts_ms":1788952491937,"stage":"WORKER_INDEX_DEADLINE_ACTIVE"}

[90mstdout[2m | tests/component-dom/webTransportWorkerClientIndex.behavior.test.ts[2m > [22m[2mWorkerClient INDEX active-time accounting[2m > [22m[2mcancels only an INDEX read that hangs while active and keeps the Worker usable
[22m[39m[play-trace] {"context_id":"awc7jh2j","t_ms":0,"time_origin_ms":1788952460252,"ts_ms":1788952460252,"stage":"WORKER_CREATE_BEGIN"}
[play-trace] {"context_id":"awc7jh2j","t_ms":0,"time_origin_ms":1788952460252,"ts_ms":1788952460252,"stage":"WORKER_CREATED"}
[play-trace] {"request_id":"5d651e86-55b4-42ec-bce4-a763329cd913","timeout_ms":1000,"context_id":"awc7jh2j","t_ms":0,"time_origin_ms":1788952460252,"ts_ms":1788952460252,"stage":"WORKER_INDEX_DEADLINE_ACTIVE"}

[90mstdout[2m | tests/component-dom/webTransportWorkerClientIndex.behavior.test.ts[2m > [22m[2mWorkerClient INDEX active-time accounting[2m > [22m[2mcancels only an INDEX read that hangs while active and keeps the Worker usable
[22m[39m[play-trace] {"request_id":"5d651e86-55b4-42ec-bce4-a763329cd913","context_id":"awc7jh2j","t_ms":1000,"time_origin_ms":1788952460252,"ts_ms":1788952461252,"stage":"WORKER_INDEX_ACTIVE_TIMEOUT"}

[90mstdout[2m | tests/component-dom/webTransportWorkerClientIndex.behavior.test.ts[2m > [22m[2mWorkerClient INDEX active-time accounting[2m > [22m[2mcancels only an INDEX read that hangs while active and keeps the Worker usable
[22m[39m[play-trace] {"request_id":"dcdd3936-e07e-4ab8-a720-3b3deab0ef85","operation":"verify","context_id":"awc7jh2j","t_ms":1000,"time_origin_ms":1788952460252,"ts_ms":1788952461252,"stage":"WORKER_REQUEST_POSTED"}
[play-trace] {"request_id":"dcdd3936-e07e-4ab8-a720-3b3deab0ef85","operation":"verify","ok":true,"context_id":"awc7jh2j","t_ms":1000,"time_origin_ms":1788952460252,"ts_ms":1788952461252,"stage":"WORKER_RESPONSE_RECEIVED"}

 [32m✓[39m tests/component-dom/webTransportWorkerClientIndex.behavior.test.ts [2m([22m[2m2 tests[22m[2m)[22m[32m 25[2mms[22m[39m
 [32m✓[39m tests/component-dom/directStartupDiagnostics.test.ts [2m([22m[2m4 tests[22m[2m)[22m[32m 15[2mms[22m[39m
 [32m✓[39m tests/component-dom/webReviewSave.test.tsx [2m([22m[2m1 test[22m[2m)[22m[32m 164[2mms[22m[39m
 [32m✓[39m tests/component-dom/startupTrace.test.ts [2m([22m[2m6 tests[22m[2m)[22m[32m 41[2mms[22m[39m
 [32m✓[39m tests/component-dom/webPlaybackBackgroundPriority.test.ts [2m([22m[2m5 tests[22m[2m)[22m[32m 6[2mms[22m[39m
 [32m✓[39m tests/component-dom/webImport.test.ts [2m([22m[2m3 tests[22m[2m)[22m[32m 14[2mms[22m[39m
 [32m✓[39m tests/component-dom/webPlaybackIntent.test.ts [2m([22m[2m4 tests[22m[2m)[22m[32m 4[2mms[22m[39m
 [32m✓[39m tests/component-dom/beatSelection.test.tsx [2m([22m[2m1 test[22m[2m)[22m[32m 29[2mms[22m[39m
[90mstderr[2m | tests/component-dom/webLibraryReconciledCaller.test.tsx[2m > [22m[2mWeb reconciled library caller[2m > [22m[2mdelivers the authoritative reconciled page immediately to the live UI caller
[22m[39mWarning: `ReactDOMTestUtils.act` is deprecated in favor of `React.act`. Import `act` from `react` instead of `react-dom/test-utils`. See https://react.dev/warnings/react-dom-test-utils for more info.
Warning: The current testing environment is not configured to support act(...)

[90mstderr[2m | tests/component-dom/webLibraryReconciledCaller.test.tsx[2m > [22m[2mWeb reconciled library caller[2m > [22m[2mdelivers the authoritative reconciled page immediately to the live UI caller
[22m[39mWarning: The current testing environment is not configured to support act(...)

[90mstderr[2m | tests/component-dom/webLibraryReconciledCaller.test.tsx[2m > [22m[2mWeb reconciled library caller[2m > [22m[2mdoes nothing on Desktop/disabled callers
[22m[39mWarning: The current testing environment is not configured to support act(...)

[90mstderr[2m | tests/component-dom/webLibraryReconciledCaller.test.tsx[2m > [22m[2mWeb reconciled library caller[2m > [22m[2mdoes nothing on Desktop/disabled callers
[22m[39mWarning: The current testing environment is not configured to support act(...)

 [32m✓[39m tests/component-dom/webLibraryReconciledCaller.test.tsx [2m([22m[2m2 tests[22m[2m)[22m[32m 31[2mms[22m[39m
 [32m✓[39m tests/component-dom/webLibraryNavigation.test.ts [2m([22m[2m3 tests[22m[2m)[22m[32m 16[2mms[22m[39m
 [32m✓[39m tests/component-dom/libraryViewState.test.tsx [2m([22m[2m1 test[22m[2m)[22m[32m 31[2mms[22m[39m
 [32m✓[39m tests/component-dom/tagFilters.test.tsx [2m([22m[2m1 test[22m[2m)[22m[32m 30[2mms[22m[39m
 [32m✓[39m tests/component-dom/webPlaybackRouteRecovery.test.ts [2m([22m[2m3 tests[22m[2m)[22m[32m 5[2mms[22m[39m
[90mstdout[2m | tests/component-dom/webPlaybackDeletePurge.test.ts[2m > [22m[2mforgets a deleted beat by cancelling its warm member and removing its job
[22m[39m[play-trace] {"beat_id":"deleted-beat","message_id":88,"priority":"visible","context_id":"hh2uzlsi","t_ms":966.3,"time_origin_ms":1788952463441.477,"ts_ms":1788952464407.8,"stage":"SOURCE_PREFETCH_QUEUED"}

[90mstdout[2m | tests/component-dom/webPlaybackDeletePurge.test.ts[2m > [22m[2mforgets a deleted beat by cancelling its warm member and removing its job
[22m[39m[play-trace] {"priority":"visible","count":1,"context_id":"hh2uzlsi","t_ms":969.5,"time_origin_ms":1788952463441.477,"ts_ms":1788952464411,"stage":"SOURCE_PREFETCH_BATCH_BEGIN"}

[90mstdout[2m | tests/component-dom/webPlaybackDeletePurge.test.ts[2m > [22m[2mforgets a deleted beat by cancelling its warm member and removing its job
[22m[39m[play-trace] {"beat_id":"deleted-beat","context_id":"hh2uzlsi","t_ms":1021.1,"time_origin_ms":1788952463441.477,"ts_ms":1788952464462.6,"stage":"SOURCE_BEAT_FORGOTTEN"}

[90mstdout[2m | tests/component-dom/webPlaybackDeletePurge.test.ts[2m > [22m[2mforgets a deleted beat by cancelling its warm member and removing its job
[22m[39m[play-trace] {"beat_id":"deleted-beat","message_id":89,"priority":"visible","context_id":"hh2uzlsi","t_ms":1027.6,"time_origin_ms":1788952463441.477,"ts_ms":1788952464469,"stage":"SOURCE_PREFETCH_QUEUED"}

[90mstdout[2m | tests/component-dom/webPlaybackDeletePurge.test.ts[2m > [22m[2mforgets a deleted beat by cancelling its warm member and removing its job
[22m[39m[play-trace] {"priority":"visible","count":1,"context_id":"hh2uzlsi","t_ms":1028.6,"time_origin_ms":1788952463441.477,"ts_ms":1788952464470.1,"stage":"SOURCE_PREFETCH_BATCH_BEGIN"}

[90mstdout[2m | tests/component-dom/webPlaybackDeletePurge.test.ts[2m > [22m[2mforgets a deleted beat by cancelling its warm member and removing its job
[22m[39m[play-trace] {"beat_id":"deleted-beat","context_id":"hh2uzlsi","t_ms":1078.2,"time_origin_ms":1788952463441.477,"ts_ms":1788952464519.7,"stage":"SOURCE_BEAT_FORGOTTEN"}

 [32m✓[39m tests/component-dom/webPlaybackDeletePurge.test.ts [2m([22m[2m2 tests[22m[2m)[22m[32m 123[2mms[22m[39m
 [32m✓[39m tests/component-dom/webSessionBootstrap.test.ts [2m([22m[2m4 tests[22m[2m)[22m[32m 5[2mms[22m[39m
 [32m✓[39m tests/component-dom/webTransportInvalidation.test.ts [2m([22m[2m3 tests[22m[2m)[22m[32m 4[2mms[22m[39m
 [32m✓[39m tests/component-dom/platformAccount.test.ts [2m([22m[2m2 tests[22m[2m)[22m[32m 7[2mms[22m[39m
 [32m✓[39m tests/component-dom/artworkThumbnailCache.test.ts [2m([22m[2m3 tests[22m[2m)[22m[32m 5[2mms[22m[39m
 [32m✓[39m tests/component-dom/webStartupPlaybackCoordinator.test.ts [2m([22m[2m2 tests[22m[2m)[22m[32m 4[2mms[22m[39m
 [32m✓[39m tests/component-dom/webTransportSession.test.ts [2m([22m[2m2 tests[22m[2m)[22m[32m 5[2mms[22m[39m
 [32m✓[39m tests/component-dom/webVisiblePlaybackPrefetch.test.ts [2m([22m[2m3 tests[22m[2m)[22m[32m 3[2mms[22m[39m

[31m⎯⎯⎯⎯⎯⎯⎯[39m[1m[41m Failed Tests 1 [49m[22m[31m⎯⎯⎯⎯⎯⎯⎯[39m

[41m[1m FAIL [22m[49m tests/component-dom/startupRevealArchitecture.test.ts[2m > [22mIssue #97 startup reveal architecture[2m > [22mdoes not gate card reveal on audio cooking
[31m[1mAssertionError[22m: expected 'import React, { useState, useCallback…' to contain 'title + artwork are enough to show a …'[39m

[32m- Expected[39m
[31m+ Received[39m

[32m- title + artwork are enough to show a beat[39m
[31m+ import React, { useState, useCallback, useEffect, useRef, useMemo } from "react";[39m
[31m+ import type { Beat } from "./types";[39m
[31m+ import BeatCard from "./components/BeatCard";[39m
[31m+ import Drawer from "./components/Drawer";[39m
[31m+ import Player from "./components/Player";[39m
[31m+ import AddBeatModal from "./components/AddBeatModal";[39m
[31m+ import SettingsPanel from "./components/SettingsPanel";[39m
[31m+ import AccountGate, { logoutBeatGalerAccount } from "./components/AccountGate";[39m
[31m+ import UploadModal from "./components/UploadModal";[39m
[31m+ import JobStatusBar from "./components/JobStatusBar";[39m
[31m+ import { PlusIcon, Artwork } from "./components/ui";[39m
[31m+ import { useAudio } from "./hooks/useAudio";[39m
[31m+ import { loadLibrary, readBeatMeta, saveBeatMeta, discardImportReviewBatch, uploadBeatToTelegram, downloadBeatFromTelegram, prepareBeatForPlayback, warmBeatForPlayback, getDownloadCookingStatus, downloadCookingDiagnosticEvent, uploadProjectToTelegram, uploadDroppedFileToTelegram, downloadCloudFileToCache, downloadProjectToCache, revealInExplorer, syncBeatMetadataToTelegram, copyExportFile, copyAudioMetadata, prepareUniqueExportFolder, type CloudFileType, isTauriAvailable } from "./lib/tauri";[39m
[31m+ import { libraryStateManager } from "./lib/libraryStateManager";[39m
[31m+ import { platform } from "./platform";[39m
[31m+ import { DndContext, DragOverlay, closestCenter } from "@dnd-kit/core";[39m
[31m+ import { SortableContext, rectSortingStrategy } from "@dnd-kit/sortable";[39m
[31m+ import { appAlert, appConfirm } from "./lib/dialog";[39m
[31m+ import { sanitizeUserVisibleText } from "./lib/userVisibleError";[39m
[31m+ import { useTagColors, setTagColor } from "./lib/tagColors";[39m
[31m+ import { registerJob, updateJob } from "./lib/jobStore";[39m
[31m+ import { cleanTags } from "./lib/metadataValidation";[39m
[31m+ import { cleanupOrphanedDropStaging, cleanupStagedDropPaths } from "./features/dragdrop/dropStaging";[39m
[31m+ import CloudFilesModal from "./features/downloads/components/CloudFilesModal";[39m
[31m+ import { useBeatDownloads } from "./features/downloads/useBeatDownloads";[39m
[31m+ import BeatFileDropModal, { type DroppedBeatFileRole } from "./features/dragdrop/components/BeatFileDropModal";[39m
[31m+ import SearchBar from "./features/library/components/SearchBar";[39m
[31m+ import SortMenu from "./features/library/components/SortMenu";[39m
[31m+ import TagColorMenu from "./features/tags/components/TagColorMenu";[39m
[31m+ import { useArtworkHydration } from "./features/artwork/useArtworkHydration";[39m
[31m+ import { useCloudUploadQueue } from "./features/cloud/useCloudUploadQueue";[39m
[31m+ import ImportReviewHost, { ImportResolutionHost } from "./features/import/components/ImportReviewHost";[39m
[31m+ import { useImportSession } from "./features/import/useImportSession";[39m
[31m+ import { useImportReview } from "./features/import/useImportReview";[39m
[31m+ import { useImportDiscovery } from "./features/import/useImportDiscovery";[39m
[31m+ import { useImportSaveAll } from "./features/import/useImportSaveAll";[39m
[31m+ import { useBrowserImport } from "./features/import/useBrowserImport";[39m
[31m+ import { extensionFromPath, fileNameFromPath, isBackupFolderPath } from "./features/dragdrop/pathHelpers";[39m
[31m+ import { useHtmlLibraryDrop } from "./features/dragdrop/useHtmlLibraryDrop";[39m
[31m+ import { useNativeLibraryDrop } from "./features/dragdrop/useNativeLibraryDrop";[39m
[31m+ import { cloudBeatFingerprint, drawerMetadataCommitFingerprint, libraryViewFingerprint } from "./features/library/libraryFingerprints";[39m
[31m+ import { clearUploadPreviewCache, preserveLoadedArtwork } from "./features/library/libraryPresentationCache";[39m
[31m+ import { selectFilteredAndSortedBeats } from "./features/library/librarySelectors";[39m
[31m+ import { useLibraryViewState } from "./features/library/useLibraryViewState";[39m
[31m+ import { useLibraryReorder } from "./features/library/useLibraryReorder";[39m
[31m+ import { useBeatSelection } from "./features/selection/useBeatSelection";[39m
[31m+ import { selectAllTags, selectTagFrequency, selectTagSuggestions } from "./features/tags/tagSelectors";[39m
[31m+ import { useTagFilters } from "./features/tags/useTagFilters";[39m
[31m+ import { useTagRename } from "./features/tags/useTagRename";[39m
[31m+ import TagRenameDialog from "./features/tags/components/TagRenameDialog";[39m
[31m+ import { useLibraryPresentationCache, useLibraryState } from "./features/library/useLibraryState";[39m
[31m+ import { useLibraryReload } from "./features/library/useLibraryReload";[39m
[31m+ import { useStartupBootstrap } from "./features/startup/useStartupBootstrap";[39m
[31m+ import { useLibraryReveal } from "./features/startup/useLibraryReveal";[39m
[31m+ import { dismissBeatGalerStartupLoader } from "./features/startup/startupLoader";[39m
[31m+ import { useWebPlaybackSortRouting } from "./features/playback/useWebPlaybackSortRouting";[39m
[31m+ import { usePlaybackController } from "./features/playback/usePlaybackController";[39m
[31m+ import { usePlaybackQueue } from "./features/playback/usePlaybackQueue";[39m
[31m+ import { useDrawerCloudPersistence } from "./features/edit/useDrawerCloudPersistence";[39m
[31m+ import { useBeatAssetUpdates } from "./features/edit/useBeatAssetUpdates";[39m
[31m+ import { useBeatProjects } from "./features/projects/useBeatProjects";[39m
[31m+ import { useOfflineAvailability } from "./features/offline/useOfflineAvailability";[39m
[31m+ import { useTrashActions } from "./features/trash/useTrashActions";[39m
[31m+ import { useWebLibraryReconciled } from "./features/library/useWebLibraryReconciled";[39m
[31m+ import { createBeatRuntimeState } from "./features/state/beatRuntimeState";[39m
[31m+ import { useBeatRuntimeRegistry } from "./features/state/useBeatRuntimeRegistry";[39m
[31m+ import { useSessionState } from "./features/session/useSessionState";[39m
[31m+ import { useSessionActions } from "./features/session/useSessionActions";[39m
[31m+ import { useCustomCursor } from "./features/session/useCustomCursor";[39m
[31m+ import { useConnectivity } from "./features/session/useConnectivity";[39m
[31m+ import { useCloudLibraryEvents } from "./features/cloud/useCloudLibraryEvents";[39m
[31m+[39m
[31m+ // Intentionally isolated: if real-world timings prove the skeleton unnecessary,[39m
[31m+ // flipping/removing this one constant deletes the visual layer without touching[39m
[31m+ // the staged Review architecture underneath it.[39m
[31m+ const REVIEW_SKELETON_ENABLED = true;[39m
[31m+[39m
[31m+ const beatCloudUpdateBusyIds = new Set<string>();[39m
[31m+[39m
[31m+ function setBeatCloudUpdateBusy(beatId: string, active: boolean, success = false) {[39m
[31m+   if (active) beatCloudUpdateBusyIds.add(beatId);[39m
[31m+   else beatCloudUpdateBusyIds.delete(beatId);[39m
[31m+   window.dispatchEvent(new CustomEvent("beatgaler:beat-cloud-busy", {[39m
[31m+     detail: { beatId, active, success }[39m
[31m+   }));[39m
[31m+ }[39m
[31m+[39m
[31m+ function formatCloudBytes(bytes: number) {[39m
[31m+   if (!bytes) return "0 B";[39m
[31m+   const units = ["B", "KB", "MB", "GB"];[39m
[31m+   let n = bytes; let i = 0;[39m
[31m+   while (n >= 1024 && i < units.length - 1) { n /= 1024; i++; }[39m
[31m+   return `${n.toFixed(i === 0 ? 0 : 1)} ${units[i]}`;[39m
[31m+ }[39m
[31m+[39m
[31m+ function runtimeErrorMessage(error: unknown): string {[39m
[31m+   return error instanceof Error ? error.message : String(error);[39m
[31m+ }[39m
[31m+[39m
[31m+ function isRuntimeConflictError(error: unknown): boolean {[39m
[31m+   const message = runtimeErrorMessage(error).toLowerCase();[39m
[31m+   return message.includes("409") || message.includes("conflict") || message.includes("revision mismatch") || message.includes("version mismatch");[39m
[31m+ }[39m
[31m+[39m
[31m+ function BeatGalerApp() {[39m
[31m+   const {[39m
[31m+     beats,[39m
[31m+     setBeats,[39m
[31m+     beatsLatestRef,[39m
[31m+     startupCachedBeatsRef,[39m
[31m+     initialLoading,[39m
[31m+   } = useLibraryState();[39m
[31m+   const cloudMetaSnapshotRef = useRef<Map<string, string> | null>(null);[39m
[31m+   const cloudLibraryTimerRef = useRef<number | null>(null);[39m
[31m+   const cloudLibrarySnapshotRef = useRef<string | null>(null);[39m
[31m+   const visibleLibraryFingerprintRef = useRef<string>("");[39m
[31m+   const {[39m
[31m+     beatRuntimeStates,[39m
[31m+     beatRuntimeStatesRef,[39m
[31m+     transitionRuntime,[39m
[31m+     forgetRuntimeState,[39m
[31m+     clearReconciledTrashRuntimeStates,[39m
[31m+   } = useBeatRuntimeRegistry(beats, beatsLatestRef);[39m
[31m+   const stagedImportPathsRef = useRef<Map<string, string[]>>(new Map());[39m
[31m+   const [loading, setLoading] = useState(() => initialLoading);[39m
[31m+   const startupCookingResolvedRef = useRef(false);[39m
[31m+   const startupPipelineStartedRef = useRef(false);[39m
[31m+   const startupEnginePrimeReadyRef = useRef(false);[39m
[31m+   const handleArtworkHydratedFromNetwork = useCallback((next: Beat[], beatId: string) => {[39m
[31m+     const hydrated = next.find(item => item.id === beatId);[39m
[31m+     if (hydrated && cloudMetaSnapshotRef.current) {[39m
[31m+       cloudMetaSnapshotRef.current.set(beatId, cloudBeatFingerprint(hydrated));[39m
[31m+     }[39m
[31m+     if (cloudLibrarySnapshotRef.current !== null) {[39m
[31m+       cloudLibrarySnapshotRef.current = next[39m
[31m+         .filter(item => !!item.telegram_file_id)[39m
[31m+         .map(cloudBeatFingerprint)[39m
[31m+         .join("\u001c");[39m
[31m+     }[39m
[31m+   }, []);[39m
[31m+   const { ensureArtworkReady, clearArtworkHydration, invalidateArtworkHydration } = useArtworkHydration({[39m
[31m+     setBeats,[39m
[31m+     onNetworkHydrated: handleArtworkHydratedFromNetwork,[39m
[31m+   });[39m
[31m+   const { search, setSearch, sortBy, setSortBy } = useLibraryViewState();[39m
[31m+   const {[39m
[31m+     includedTags,[39m
[31m+     excludedTags,[39m
[31m+     clearTagFilters,[39m
[31m+     toggleTagFilter,[39m
[31m+     replaceTagFilter,[39m
[31m+   } = useTagFilters();[39m
[31m+   const filteredBeats = selectFilteredAndSortedBeats([39m
[31m+     beats,[39m
[31m+     search,[39m
[31m+     includedTags,[39m
[31m+     excludedTags,[39m
[31m+     sortBy,[39m
[31m+   );[39m
[31m+[39m
[31m+   const [tagColorMenu, setTagColorMenu] = useState<{ tag: string; x: number; y: number } | null>(null);[39m
[31m+   const {[39m
[31m+     tagRename, tagRenameBusy, tagRenameError, affectedCount: tagRenameAffectedCount,[39m
[31m+     affectedMp3Count: tagRenameMp3Count, affectedWavCount: tagRenameWavCount,[39m
[31m+     openTagRename, setNewTag: setTagRenameNewTag, continueTagRename, backTagRename,[39m
[31m+     cancelTagRename, confirmTagRename,[39m
[31m+   } = useTagRename({ beats, setBeats, replaceTagFilter });[39m
[31m+   useWebPlaybackSortRouting(sortBy, beats, platform.kind === "web");[39m
[31m+   const onWebLibraryReconciled = useCallback((incoming: Beat[]) => {[39m
[31m+     setBeats(current => {[39m
[31m+       const next = preserveLoadedArtwork(incoming, current);[39m
[31m+       beatsLatestRef.current = next;[39m
[31m+       return next;[39m
[31m+     });[39m
[31m+   }, []);[39m
[31m+   useWebLibraryReconciled(platform.kind === "web", onWebLibraryReconciled);[39m
[31m+   const [drawer, setDrawer] = useState<{ beat: Beat; mode: "detail" | "edit" } | null>(null);[39m
[31m+   const [showAdd, setShowAdd] = useState(false);[39m
[31m+   const [dropActive, setDropActive] = useState(false);[39m
[31m+   const [dropImporting, setDropImporting] = useState(false);[39m
[31m+   // Covers the WebView2 staging window that happens BEFORE importDroppedPaths[39m
[31m+   // receives native paths. Without this state, the app can look frozen while[39m
[31m+   // large dropped files are being copied into drop-staging.[39m
[31m+   const [libraryDropStaging, setLibraryDropStaging] = useState(false);[39m
[31m+   const [beatFileDrop, setBeatFileDrop] = useState<{ beat: Beat; filePath: string; kind: "file" | "directory" } | null>(null);[39m
[31m+   const {[39m
[31m+     reviewQueue,[39m
[31m+     setReviewQueue,[39m
[31m+     reviewQueueLatestRef,[39m
[31m+     skippedReviewSourceKeysRef,[39m
[31m+     startReview,[39m
[31m+   } = useImportSession();[39m
[31m+   const [showSettings, setShowSettings] = useState(false);[39m
[31m+   const {[39m
[31m+     settings,[39m
[31m+     setSettings,[39m
[31m+     setupDone,[39m
[31m+     setSetupDone,[39m
[31m+     connectionState,[39m
[31m+     setConnectionState,[39m
[31m+     cloudSessionVerified,[39m
[31m+     setCloudSessionVerified,[39m
[31m+   } = useSessionState();[39m
[31m+   const {[39m
[31m+     startupCookingGate,[39m
[31m+     setStartupCookingGate,[39m
[31m+     revealedBeatIds,[39m
[31m+     setRevealedBeatIds,[39m
[31m+     progressiveRevealRunRef,[39m
[31m+   } = useLibraryReveal({[39m
[31m+     initialCachedBeats: startupCachedBeatsRef.current ?? [],[39m
[31m+     filteredBeats,[39m
[31m+     loading,[39m
[31m+     settings,[39m
[31m+     cloudSessionVerified,[39m
[31m+     connectionState,[39m
[31m+     ensureArtworkReady,[39m
[31m+     startupCookingResolvedRef,[39m
[31m+     startupPipelineStartedRef,[39m
[31m+     nativeParallelism: isTauriAvailable ? 6 : 1,[39m
[31m+   });[39m
[31m+   const {[39m
[31m+     cloudFilesBeat,[39m
[31m+     cloudFiles,[39m
[31m+     cloudFilesBusyId,[39m
[31m+     cloudFilesDownloadedIds,[39m
[31m+     cloudFilesDownloadError,[39m
[31m+     cloudDownloadNotice,[39m
[31m+     handleCloudFiles,[39m
[31m+     handleGetCloudFile,[39m
[31m+     closeCloudFiles,[39m
[31m+     dismissDownloadError,[39m
[31m+   } = useBeatDownloads({ connectionState, beatRuntimeStatesRef, transitionRuntime });[39m
[31m+   const [showUpload, setShowUpload] = useState<{ initialBeat: Beat | null; selectedIds?: string[] } | null>(null);[39m
[31m+[39m
[31m+   const {[39m
[31m+     selectedIds,[39m
[31m+     selectMode,[39m
[31m+     toggleSelection,[39m
[31m+     toggleSelectAll,[39m
[31m+     finishSelection,[39m
[31m+     clearSelection,[39m
[31m+   } = useBeatSelection(beats);[39m
[31m+   const {[39m
[31m+     sensors,[39m
[31m+     activeDragId,[39m
[31m+     handleDragStart,[39m
[31m+     handleDragEnd,[39m
[31m+     handleDragCancel,[39m
[31m+   } = useLibraryReorder({ sortBy, setSortBy, setBeats });[39m
[31m+   const { state: audio, play, togglePause, seek, setVolume, releaseFile } = useAudio();[39m
[31m+   const { clearPlaybackPreparation, ensureWarmPlaybackUrl, handlePlay, handleWarm, invalidatePlaybackPreparation, waitForUploadedBeatPlaybackReady } = usePlaybackController({[39m
[31m+     audio,[39m
[31m+     play,[39m
[31m+     beatsLatestRef,[39m
[31m+     beatRuntimeStatesRef,[39m
[31m+     transitionRuntime,[39m
[31m+     setBeats,[39m
[31m+     cloudSessionVerified,[39m
[31m+     connectionState,[39m
[31m+     isBeatCloudUpdateBusy: beatId => beatCloudUpdateBusyIds.has(beatId),[39m
[31m+   });[39m
[31m+   const { offlineBusyIds, handleToggleOffline } = useOfflineAvailability({[39m
[31m+     connectionState,[39m
[31m+     audioPlayingId: audio.playingId,[39m
[31m+     releaseFile,[39m
[31m+     invalidatePlaybackPreparation,[39m
[31m+     ensureWarmPlaybackUrl,[39m
[31m+     beatRuntimeStatesRef,[39m
[31m+     transitionRuntime,[39m
[31m+     setBeats,[39m
[31m+     setDrawer,[39m
[31m+     setRevealedBeatIds,[39m
[31m+   });[39m
[31m+[39m
[31m+   // Keep a ref to togglePause so the keydown handler never goes stale[39m
[31m+   const togglePauseRef = useRef(togglePause);[39m
[31m+   useEffect(() => { togglePauseRef.current = togglePause; }, [togglePause]);[39m
[31m+[39m
[31m+   const rejectOfflineMutation = useCallback((action: string): boolean => {[39m
[31m+     if (connectionState === "online") return false;[39m
[31m+     void appAlert({[39m
[31m+       title: connectionState === "offline" ? "Offline" : "Connection unavailable",[39m
[31m+       message: `${action} requires an internet connection. Offline mode is read-only except for moving beats to Trash.`,[39m
[31m+     });[39m
[31m+     return true;[39m
[31m+   }, [connectionState]);[39m
[31m+[39m
[31m+   const {[39m
[31m+     reviewBootstrap,[39m
[31m+     reviewPreparationDone,[39m
[31m+     reviewPreparationPromiseRef,[39m
[31m+     deferredImportBatch,[39m
[31m+     setDeferredImportBatch,[39m
[31m+     importDroppedPaths,[39m
[31m+     cancelPendingReviewWork,[39m
[31m+     completeImmediateReviewPreparation,[39m
[31m+   } = useImportDiscovery({[39m
[31m+     dropImporting,[39m
[31m+     setDropImporting,[39m
[31m+     rejectOfflineMutation,[39m
[31m+     setDropActive,[39m
[31m+     setShowAdd,[39m
[31m+     setReviewQueue,[39m
[31m+     skippedReviewSourceKeysRef,[39m
[31m+     stagedImportPathsRef,[39m
[31m+     skeletonEnabled: REVIEW_SKELETON_ENABLED,[39m
[31m+   });[39m
[31m+[39m
[31m+   const {[39m
[31m+     backgroundUploadErrors,[39m
[31m+     cloudifyImportedBeats,[39m
[31m+     retryBackgroundUpload,[39m
[31m+     getQueuedBeatsSnapshot,[39m
[31m+     deferLibraryReloadIfUploading,[39m
[31m+     deferredLibraryReloadRef,[39m
[31m+   } = useCloudUploadQueue({[39m
[31m+     settings,[39m
[31m+     setSettings,[39m
[31m+     setConnectionState,[39m
[31m+     setBeats,[39m
[31m+     beatsLatestRef,[39m
[31m+     beatRuntimeStatesRef,[39m
[31m+     transitionRuntime,[39m
[31m+     cloudLibrarySnapshotRef,[39m
[31m+     waitForUploadedBeatPlaybackReady,[39m
[31m+     rejectOfflineMutation,[39m
[31m+     isReviewActive: () => reviewQueueLatestRef.current !== null,[39m
[31m+     hasProtectedStaging: () => stagedImportPathsRef.current.size > 0,[39m
[31m+   });[39m
[31m+[39m
[31m+[39m
[31m+   const { libraryRefreshing, reloadLibrary } = useLibraryReload({[39m
[31m+     telegramCloudConnected: Boolean(settings?.telegram_cloud_connected),[39m
[31m+     beatsLatestRef,[39m
[31m+     setBeats,[39m
[31m+     setConnectionState,[39m
[31m+     setCloudSessionVerified,[39m
[31m+     cloudMetaSnapshotRef,[39m
[31m+     cloudLibrarySnapshotRef,[39m
[31m+     startupCookingResolvedRef,[39m
[31m+     startupPipelineStartedRef,[39m
[31m+     progressiveRevealRunRef,[39m
[31m+     setRevealedBeatIds,[39m
[31m+     setStartupCookingGate,[39m
[31m+     setLoading,[39m
[31m+     deferLibraryReloadIfUploading,[39m
[31m+   });[39m
[31m+[39m
[31m+   const { interruptedUploadNotices, dismissInterruptedUploadNotices } = useStartupBootstrap({[39m
[31m+     startupCachedBeatsRef,[39m
[31m+     cloudMetaSnapshotRef,[39m
[31m+     cloudLibrarySnapshotRef,[39m
[31m+     startupCookingResolvedRef,[39m
[31m+     startupPipelineStartedRef,[39m
[31m+     startupEnginePrimeReadyRef,[39m
[31m+     progressiveRevealRunRef,[39m
[31m+     setBeats,[39m
[31m+     setSettings,[39m
[31m+     setSetupDone,[39m
[31m+     setLoading,[39m
[31m+     setConnectionState,[39m
[31m+     setCloudSessionVerified,[39m
[31m+     setStartupCookingGate,[39m
[31m+     setRevealedBeatIds,[39m
[31m+     clearReconciledTrashRuntimeStates,[39m
[31m+     dismissStartupLoader: dismissBeatGalerStartupLoader,[39m
[31m+   });[39m
[31m+[39m
[31m+[39m
[31m+ useConnectivity({[39m
[31m+   setupDone,[39m
[31m+   setConnectionState,[39m
[31m+   setCloudSessionVerified,[39m
[31m+   setSettings,[39m
[31m+   setBeats,[39m
[31m+   cloudMetaSnapshotRef,[39m
[31m+   cloudLibrarySnapshotRef,[39m
[31m+   startupCookingResolvedRef,[39m
[31m+   startupPipelineStartedRef,[39m
[31m+   startupEnginePrimeReadyRef,[39m
[31m+   progressiveRevealRunRef,[39m
[31m+   clearReconciledTrashRuntimeStates,[39m
[31m+   clearPlaybackPreparation,[39m
[31m+   clearArtworkHydration,[39m
[31m+   setStartupCookingGate,[39m
[31m+ });[39m
[31m+[39m
[31m+   useCustomCursor(settings?.custom_cursor_enabled ?? true);[39m
[31m+[39m
[31m+[39m
[31m+[39m
[31m+ // BeatGaler synchronization remains push-based. SSE only notifies the app;[39m
[31m+ // the extracted owner verifies authority before hydrating library state.[39m
[31m+ useCloudLibraryEvents({[39m
[31m+   setupDone,[39m
[31m+   beatgalerUserId: settings?.beatgaler_user_id ?? null,[39m
[31m+   setConnectionState,[39m
[31m+   setCloudSessionVerified,[39m
[31m+   setSettings,[39m
[31m+   setBeats,[39m
[31m+   cloudMetaSnapshotRef,[39m
[31m+   cloudLibrarySnapshotRef,[39m
[31m+   visibleLibraryFingerprintRef,[39m
[31m+   startupCookingResolvedRef,[39m
[31m+   startupPipelineStartedRef,[39m
[31m+   startupEnginePrimeReadyRef,[39m
[31m+   progressiveRevealRunRef,[39m
[31m+   clearReconciledTrashRuntimeStates,[39m
[31m+   clearArtworkHydration,[39m
[31m+   clearPlaybackPreparation,[39m
[31m+   setStartupCookingGate,[39m
[31m+ });[39m
[31m+[39m
[31m+   useLibraryPresentationCache([39m
[31m+     beats,[39m
[31m+     cloudSessionVerified,[39m
[31m+     settings,[39m
[31m+   );[39m
[31m+[39m
[31m+   useEffect(() => {[39m
[31m+     visibleLibraryFingerprintRef.current = libraryViewFingerprint(beats);[39m
[31m+     beatsLatestRef.current = beats;[39m
[31m+   }, [beats]);[39m
[31m+[39m
[31m+[39m
[31m+[39m
[31m+   // One-time recovery for a cloud-only library after Telegram login/startup.[39m
[31m+   // No timer, no permanent synchronization.[39m
[31m+   const beatGalerCloudRecoveryAttemptedRef = useRef(false);[39m
[31m+[39m
[31m+   const recoverTelegramLibraryOnceIfEmpty = useCallback(async () => {[39m
[31m+     if (beatGalerCloudRecoveryAttemptedRef.current) return;[39m
[31m+     if (beats.length !== 0) return;[39m
[31m+[39m
[31m+     beatGalerCloudRecoveryAttemptedRef.current = true;[39m
[31m+     try {[39m
[31m+       const restored = await libraryStateManager.reloadAuthoritative();[39m
[31m+       if (restored.length > 0) {[39m
[31m+         setBeats(current => current.length === 0 ? restored : current);[39m
[31m+       }[39m
[31m+     } catch (error) {[39m
[31m+       console.warn("Telegram library one-time recovery skipped:", error);[39m
[31m+     }[39m
[31m+   }, [beats.length]);[39m
[31m+[39m
[31m+   // IMPORTANT: an empty library is a valid, authoritative state (for example[39m
[31m+   // immediately after Remove All). Never infer "Telegram recovery" merely from[39m
[31m+   // beats.length === 0; doing so races the pending trash/index commit and can[39m
[31m+   // resurrect the just-removed cards with their artwork unloaded. Recovery is[39m
[31m+   // only allowed from explicit Telegram connection/startup flows below.[39m
[31m+[39m
[31m+   useEffect(() => {[39m
[31m+     const onTelegramConnected = (event: Event) => {[39m
[31m+       const detail = (event as CustomEvent<{ connected?: boolean; username?: string | null }>).detail;[39m
[31m+       if (!detail?.connected) return;[39m
[31m+[39m
[31m+       setSettings(current => current ? {[39m
[31m+         ...current,[39m
[31m+         telegram_cloud_connected: true,[39m
[31m+         telegram_cloud_username: detail.username ?? current.telegram_cloud_username ?? null,[39m
[31m+       } : current);[39m
[31m+[39m
[31m+       void recoverTelegramLibraryOnceIfEmpty();[39m
[31m+     };[39m
[31m+[39m
[31m+     window.addEventListener("beatgaler:telegram-connected", onTelegramConnected);[39m
[31m+     return () => window.removeEventListener("beatgaler:telegram-connected", onTelegramConnected);[39m
[31m+   }, [recoverTelegramLibraryOnceIfEmpty]);[39m
[31m+[39m
[31m+   // Global keyboard shortcuts — stable handler via ref[39m
[31m+   useEffect(() => {[39m
[31m+     const handler = (e: KeyboardEvent) => {[39m
[31m+       const tag = (e.target as HTMLElement).tagName;[39m
[31m+       const isTyping = tag === "INPUT" || tag === "TEXTAREA";[39m
[31m+       if (e.key === "Escape") {[39m
[31m+         // Prevent Escape from leaving a focus ring or text selection behind[39m
[31m+         // on whatever element/button was last interacted with.[39m
[31m+         (document.activeElement as HTMLElement | null)?.blur();[39m
[31m+         window.getSelection()?.removeAllRanges();[39m
[31m+         clearSelection();[39m
[31m+         setDrawer(null);[39m
[31m+         setShowAdd(false);[39m
[31m+         setShowSettings(false);[39m
[31m+         closeQueue();[39m
[31m+         setShowUpload(null);[39m
[31m+       }[39m
[31m+       if (e.key === " " && !isTyping) { e.preventDefault(); togglePauseRef.current(); }[39m
[31m+     };[39m
[31m+     window.addEventListener("keydown", handler);[39m
[31m+     return () => window.removeEventListener("keydown", handler);[39m
[31m+   }, []); // empty deps — safe because we use ref[39m
[31m+[39m
[31m+   const handleUpload = useCallback((beat: Beat) => {[39m
[31m+     if (rejectOfflineMutation("Uploading to YouTube")) return;[39m
[31m+     setShowUpload({ initialBeat: beat, selectedIds: undefined });[39m
[31m+   }, [rejectOfflineMutation]);[39m
[31m+[39m
[31m+   const handleUploadTelegram = useCallback(async (beat: Beat) => {[39m
[31m+     if (rejectOfflineMutation("Uploading a beat")) return;[39m
[31m+     const existingCloudBeat = Boolean(beat.telegram_file_id);[39m
[31m+     transitionRuntime(beat.id, { type: existingCloudBeat ? "SYNC_QUEUE_UPDATE" : "SYNC_QUEUE_UPLOAD" }, beat);[39m
[31m+     transitionRuntime(beat.id, { type: existingCloudBeat ? "SYNC_UPDATE_STARTED" : "SYNC_UPLOAD_STARTED" }, beat);[39m
[31m+     try {[39m
[31m+       const updated = await uploadBeatToTelegram(beat);[39m
[31m+       await syncBeatMetadataToTelegram(updated);[39m
[31m+       transitionRuntime(updated.id, { type: existingCloudBeat ? "SYNC_UPDATE_SUCCEEDED" : "SYNC_UPLOAD_SUCCEEDED" }, updated);[39m
[31m+       setBeats(bs => bs.map(b => b.id === updated.id ? updated : b));[39m
[31m+     } catch (e: any) {[39m
[31m+       const message = sanitizeUserVisibleText(runtimeErrorMessage(e), "Cloud operation failed.");[39m
[31m+       if (existingCloudBeat && isRuntimeConflictError(e)) {[39m
[31m+         transitionRuntime(beat.id, { type: "SYNC_CONFLICT", message }, beat);[39m
[31m+       } else {[39m
[31m+         transitionRuntime(beat.id, { type: "SYNC_FAILED", code: "TELEGRAM_UPLOAD_FAILED", message, retryable: true }, beat);[39m
[31m+       }[39m
[31m+       await appAlert({[39m
[31m+         title: "Cloud upload failed",[39m
[31m+         message,[39m
[31m+         danger: true,[39m
[31m+       });[39m
[31m+     }[39m
[31m+   }, [rejectOfflineMutation, transitionRuntime]);[39m
[31m+[39m
[31m+   const handleDownloadTelegram = useCallback(async (_beat: Beat) => {[39m
[31m+     await appAlert({[39m
[31m+       title: "Cloud-only library",[39m
[31m+       message: "Files are fetched into temporary storage automatically when needed.",[39m
[31m+     });[39m
[31m+   }, []);[39m
[31m+[39m
[31m+   const handleUploadBulk = useCallback(() => {[39m
[31m+     if (rejectOfflineMutation("Bulk upload")) return;[39m
[31m+     setShowUpload({ initialBeat: null, selectedIds: Array.from(selectedIds) });[39m
[31m+   }, [selectedIds, rejectOfflineMutation]);[39m
[31m+[39m
[31m+   const handleEditBulk = useCallback(() => {[39m
[31m+     if (rejectOfflineMutation("Editing metadata")) return;[39m
[31m+     const firstSelected = beats.find(b => selectedIds.has(b.id));[39m
[31m+     if (firstSelected) setDrawer({ beat: firstSelected, mode: "edit" });[39m
[31m+   }, [beats, selectedIds, rejectOfflineMutation]);[39m
[31m+[39m
[31m+   const { deleteBeat, handleRemoveBulk, handleBeatRestored } = useTrashActions({[39m
[31m+     beats,[39m
[31m+     setBeats,[39m
[31m+     beatsLatestRef,[39m
[31m+     selectedIds,[39m
[31m+     clearSelection,[39m
[31m+     connectionState,[39m
[31m+     audioPlayingId: audio.playingId,[39m
[31m+     releaseFile,[39m
[31m+     beatRuntimeStatesRef,[39m
[31m+     transitionRuntime,[39m
[31m+     forgetRuntimeState,[39m
[31m+     cloudMetaSnapshotRef,[39m
[31m+     cloudLibrarySnapshotRef,[39m
[31m+     invalidateArtworkHydration,[39m
[31m+     ensureArtworkReady,[39m
[31m+   });[39m
[31m+[39m
[31m+   const addBeats = useCallback((newBeats: Beat[]) => {[39m
[31m+     setBeats(bs => {[39m
[31m+       const existing = new Set(bs.map(b => b.mp3_path));[39m
[31m+       const next = [...newBeats.filter(b => !existing.has(b.mp3_path)), ...bs];[39m
[31m+       beatsLatestRef.current = next;[39m
[31m+       return next;[39m
[31m+     });[39m
[31m+   }, []);[39m
[31m+[39m
[31m+   const addBeatsAndReview = useCallback((newBeats: Beat[]) => {[39m
[31m+     if (newBeats.length === 0) return;[39m
[31m+     if (connectionState !== "online") {[39m
[31m+       void appAlert({[39m
[31m+         title: "Internet connection required",[39m
[31m+         message: "BeatGaler does not import new beats while offline. Reconnect and import them again.",[39m
[31m+       });[39m
[31m+       void cleanupOrphanedDropStaging(beatsLatestRef.current);[39m
[31m+       return;[39m
[31m+     }[39m
[31m+     const sanitized = newBeats.map(beat => ({ ...beat, tags: cleanTags(beat.tags || []).tags }));[39m
[31m+[39m
[31m+     // Review candidates are NOT library beats yet.[39m
[31m+     // Keeping them out of `beats` means:[39m
[31m+     // 1) Cancel leaves absolutely nothing behind.[39m
[31m+     // 2) duplicate-name checks compare only against committed library items.[39m
[31m+     // 3) a re-dropped folder can never masquerade as an edit of the existing beat.[39m
[31m+     setShowAdd(false);[39m
[31m+     startReview(sanitized);[39m
[31m+     // Upload begins only after Review → Save.[39m
[31m+   }, [connectionState, startReview]);[39m
[31m+[39m
[31m+ const {[39m
[31m+   skipCurrentReviewBeat,[39m
[31m+   cancelReview,[39m
[31m+   handleReviewedBeatSaved,[39m
[31m+ } = useImportReview({[39m
[31m+   setBeats,[39m
[31m+   beatsLatestRef,[39m
[31m+   setReviewQueue,[39m
[31m+   skippedReviewSourceKeysRef,[39m
[31m+   cloudifyImportedBeats,[39m
[31m+   getQueuedBeatsSnapshot,[39m
[31m+   onCancelPendingWork: cancelPendingReviewWork,[39m
[31m+   releaseBeat: platform.capabilities.reviewBeatCloudCommit[39m
[31m+     ? beatId => platform.importer.releaseBeat(beatId)[39m
[31m+     : undefined,[39m
[31m+   discardBatch: batchId => discardImportReviewBatch(batchId),[39m
[31m+   cleanupStaging: protectedBeats => cleanupOrphanedDropStaging(protectedBeats),[39m
[31m+ });[39m
[31m+[39m
[31m+   const {[39m
[31m+     audioConflictBatch,[39m
[31m+     dropImportBatch,[39m
[31m+     resetImportResolutionState,[39m
[31m+     handleReviewedSaveAll,[39m
[31m+     cancelAudioConflicts,[39m
[31m+     resolveAudioConflicts,[39m
[31m+     closeImportDecisions,[39m
[31m+     importResolvedDecisions,[39m
[31m+   } = useImportSaveAll({[39m
[31m+     setBeats,[39m
[31m+     beatsLatestRef,[39m
[31m+     reviewQueue,[39m
[31m+     setReviewQueue,[39m
[31m+     reviewQueueLatestRef,[39m
[31m+     reviewBootstrap,[39m
[31m+     reviewPreparationDone,[39m
[31m+     reviewPreparationPromiseRef,[39m
[31m+     deferredImportBatch,[39m
[31m+     setDeferredImportBatch,[39m
[31m+     stagedImportPathsRef,[39m
[31m+     setDropImporting,[39m
[31m+     cloudifyImportedBeats,[39m
[31m+     addBeatsAndReview,[39m
[31m+   });[39m
[31m+[39m
[31m+   const { importDroppedBrowserFiles } = useBrowserImport({[39m
[31m+     dropImporting,[39m
[31m+     setDropImporting,[39m
[31m+     rejectOfflineMutation,[39m
[31m+     setDropActive,[39m
[31m+     setShowAdd,[39m
[31m+     setReviewQueue,[39m
[31m+     completeImmediateReviewPreparation,[39m
[31m+     resetImportResolutionState,[39m
[31m+   });[39m
[31m+[39m
[31m+   const updateExistingBeatFromFolder = useCallback(async (beat: Beat, folderPath: string): Promise<boolean> => {[39m
[31m+     if (rejectOfflineMutation("Updating beat files")) return true;[39m
[31m+     if (isBackupFolderPath(folderPath)) {[39m
[31m+       await appAlert({[39m
[31m+         title: "Backup folder skipped",[39m
[31m+         message: "BeatGaler keeps Backup/Backups folders out of PROJECT.zip so old project copies are not uploaded.",[39m
[31m+       });[39m
[31m+       return true;[39m
[31m+     }[39m
[31m+[39m
[31m+     const t = await import("./lib/tauri");[39m
[31m+[39m
[31m+     let preview;[39m
[31m+     try {[39m
[31m+       preview = await t.inspectBeatUpdateFolder(folderPath);[39m
[31m+     } catch {[39m
[31m+       return false;[39m
[31m+     }[39m
[31m+[39m
[31m+     let replaceMaster = false;[39m
[31m+     if (preview.has_mp3) {[39m
[31m+       const alreadyHasMaster = Boolean(beat.telegram_file_id) || Boolean(beat.mp3_path?.trim());[39m
[31m+       if (alreadyHasMaster) {[39m
[31m+         const incoming = preview.mp3_filename || "the incoming MP3";[39m
[31m+         const confirmed = window.confirm([39m
[31m+           `Replace current MASTER for "${beat.name}"?\n\n` +[39m
[31m+           `${incoming} will become the new MASTER.\n` +[39m
[31m+           `Its BPM, key, tags, rating and artwork will replace the current metadata.\n\n` +[39m
[31m+           `WAV and project files from this folder will also be added or updated.`[39m
[31m+         );[39m
[31m+         if (!confirmed) return true;[39m
[31m+       }[39m
[31m+       replaceMaster = true;[39m
[31m+     }[39m
[31m+[39m
[31m+     setBeatCloudUpdateBusy(beat.id, true);[39m
[31m+     const runtime = beatRuntimeStatesRef.current[beat.id] ?? createBeatRuntimeState(beat);[39m
[31m+     if (runtime.sync_state === "synced") transitionRuntime(beat.id, { type: "SYNC_QUEUE_UPDATE" }, beat);[39m
[31m+     transitionRuntime(beat.id, { type: "SYNC_UPDATE_STARTED" }, beat);[39m
[31m+     try {[39m
[31m+       let updated = await t.mergeFolderIntoExistingBeat(beat, folderPath, replaceMaster);[39m
[31m+       setBeats(bs => bs.map(b => b.id === beat.id ? updated : b));[39m
[31m+[39m
[31m+       if (replaceMaster) {[39m
[31m+         updated = await t.uploadBeatToTelegram(updated);[39m
[31m+         setBeats(bs => bs.map(b => b.id === beat.id ? updated : b));[39m
[31m+       }[39m
[31m+[39m
[31m+       if (preview.has_wav && updated.wav_path) {[39m
[31m+         await t.uploadDroppedFileToTelegram(updated, updated.wav_path, "WAV");[39m
[31m+       }[39m
[31m+[39m
[31m+       if (preview.has_project_assets) {[39m
[31m+         await t.uploadProjectToTelegram(updated);[39m
[31m+       }[39m
[31m+[39m
[31m+       if (replaceMaster && updated.telegram_file_id) {[39m
[31m+         await t.syncBeatMetadataToTelegram(updated);[39m
[31m+       }[39m
[31m+[39m
[31m+       window.dispatchEvent(new CustomEvent("beatgaler:project-cloud-updated", { detail: { beatId: beat.id } }));[39m
[31m+       await libraryStateManager.commitSnapshot(beatsLatestRef.current.map(item => item.id === beat.id ? updated : item), "metadata-update");[39m
[31m+       transitionRuntime(beat.id, { type: "SYNC_UPDATE_SUCCEEDED" }, updated);[39m
[31m+       setBeats(bs => bs.map(b => b.id === beat.id ? updated : b));[39m
[31m+       return true;[39m
[31m+     } catch (error) {[39m
[31m+       console.error(error);[39m
[31m+       const message = sanitizeUserVisibleText(runtimeErrorMessage(error), "Cloud operation failed.");[39m
[31m+       if (isRuntimeConflictError(error)) transitionRuntime(beat.id, { type: "SYNC_CONFLICT", message }, beat);[39m
[31m+       else transitionRuntime(beat.id, { type: "SYNC_FAILED", code: "FOLDER_UPDATE_FAILED", message, retryable: true }, beat);[39m
[31m+       alert(`Could not update "${beat.name}" from the dropped folder: ${message}`);[39m
[31m+       return true;[39m
[31m+     } finally {[39m
[31m+       setBeatCloudUpdateBusy(beat.id, false);[39m
[31m+     }[39m
[31m+   }, [rejectOfflineMutation, transitionRuntime]);[39m
[31m+[39m
[31m+   const { commitDrawerCloudMutation } = useDrawerCloudPersistence({[39m
[31m+   beats,[39m
[31m+   browserCloudEditing: platform.capabilities.browserCloudEditing,[39m
[31m+   connectionState,[39m
[31m+   cloudSessionVerified,[39m
[31m+   beatsLatestRef,[39m
[31m+   beatRuntimeStatesRef,[39m
[31m+   transitionRuntime,[39m
[31m+   cloudMetaSnapshotRef,[39m
[31m+   cloudLibraryTimerRef,[39m
[31m+   cloudLibrarySnapshotRef,[39m
[31m+ });[39m
[31m+[39m
[31m+   // V7: INDEX writes are explicit transactions only.[39m
[31m+   // There is deliberately no generic "beats changed => rewrite Telegram" observer.[39m
[31m+   // Upload, metadata, Trash/Restore and project/file operations commit through[39m
[31m+   // libraryStateManager at their actual logical commit boundary. This prevents[39m
[31m+   // render/cache hydration from becoming an accidental cloud mutation.[39m
[31m+[39m
[31m+   const {[39m
[31m+     handleIncompleteWarningsChanged,[39m
[31m+     handleCustomCursorChanged,[39m
[31m+     handleFolderChanged,[39m
[31m+     handleDisconnectTelegramAccount,[39m
[31m+   } = useSessionActions({[39m
[31m+     setSettings,[39m
[31m+     setCloudSessionVerified,[39m
[31m+     logoutAccount: logoutBeatGalerAccount,[39m
[31m+     releaseFile,[39m
[31m+     progressiveRevealRunRef,[39m
[31m+     clearPlaybackPreparation,[39m
[31m+     clearArtworkHydration,[39m
[31m+     setRevealedBeatIds,[39m
[31m+     setBeats,[39m
[31m+     clearSelection,[39m
[31m+   });[39m
[31m+[39m
[31m+   const updateBeat = useCallback((updated: Beat) => {[39m
[31m+     if (updated.telegram_file_id && connectionState === "online") {[39m
[31m+       const runtime = beatRuntimeStatesRef.current[updated.id] ?? createBeatRuntimeState(updated);[39m
[31m+       if (runtime.sync_state === "synced") transitionRuntime(updated.id, { type: "SYNC_QUEUE_UPDATE" }, updated);[39m
[31m+     }[39m
[31m+     setBeats(bs => bs.map(b => b.id === updated.id ? updated : b));[39m
[31m+     if (drawer?.beat.id === updated.id) setDrawer(d => d ? { ...d, beat: updated } : null);[39m
[31m+   }, [connectionState, drawer, transitionRuntime]);[39m
[31m+[39m
[31m+[39m
[31m+[39m
[31m+   const handleDropArtwork = useCallback(async (beat: Beat, imageBase64: string) => {[39m
[31m+     if (rejectOfflineMutation("Changing artwork")) return;[39m
[31m+[39m
[31m+     const updated = { ...beat, image_base64: imageBase64, image_preview_base64: null };[39m
[31m+[39m
[31m+     if (platform.capabilities.browserCloudEditing) {[39m
[31m+       // Publish the browser-decoded artwork immediately, then commit it through[39m
[31m+       // the Web editor/Direct transport. No Tauri metadata path participates.[39m
[31m+       updateBeat(updated);[39m
[31m+       transitionRuntime(updated.id, { type: "SYNC_UPDATE_STARTED" }, updated);[39m
[31m+       try {[39m
[31m+         const committed = await platform.editor.commit(beat, updated, {});[39m
[31m+         setBeats(current => {[39m
[31m+           const next = current.map(item => item.id === committed.id ? committed : item);[39m
[31m+           beatsLatestRef.current = next;[39m
[31m+           return next;[39m
[31m+         });[39m
[31m+         setDrawer(current => current?.beat.id === committed.id ? { ...current, beat: committed } : current);[39m
[31m+         transitionRuntime(updated.id, { type: "SYNC_UPDATE_SUCCEEDED" }, committed);[39m
[31m+       } catch (error) {[39m
[31m+         const message = sanitizeUserVisibleText(runtimeErrorMessage(error), "Cloud operation failed.");[39m
[31m+         transitionRuntime(updated.id, { type: "SYNC_FAILED", code: "ARTWORK_SYNC_FAILED", message, retryable: true }, updated);[39m
[31m+         throw error;[39m
[31m+       }[39m
[31m+       return;[39m
[31m+     }[39m
[31m+[39m
[31m+     // Desktop keeps its existing native metadata/artwork transaction.[39m
[31m+     await saveBeatMeta({[39m
[31m+       mp3_path: beat.mp3_path,[39m
[31m+       wav_path: beat.wav_path,[39m
[31m+       bpm: beat.bpm,[39m
[31m+       key: beat.key,[39m
[31m+       tags: beat.tags,[39m
[31m+       rating: beat.rating,[39m
[31m+       image_base64: imageBase64,[39m
[31m+       update_filename: false,[39m
[31m+     });[39m
[31m+[39m
[31m+     updateBeat(updated);[39m
[31m+[39m
[31m+     if (updated.telegram_file_id && connectionState === "online") {[39m
[31m+       const runtime = beatRuntimeStatesRef.current[updated.id] ?? createBeatRuntimeState(updated);[39m
[31m+       if (runtime.sync_state === "synced") transitionRuntime(updated.id, { type: "SYNC_QUEUE_UPDATE" }, updated);[39m
[31m+       transitionRuntime(updated.id, { type: "SYNC_UPDATE_STARTED" }, updated);[39m
[31m+       try {[39m
[31m+         await syncBeatMetadataToTelegram(updated);[39m
[31m+         const indexSnapshot = beatsLatestRef.current.map(item => item.id === updated.id ? updated : item);[39m
[31m+         await libraryStateManager.commitSnapshot(indexSnapshot, "upload-batch");[39m
[31m+         if (cloudLibraryTimerRef.current) {[39m
[31m+           window.clearTimeout(cloudLibraryTimerRef.current);[39m
[31m+           cloudLibraryTimerRef.current = null;[39m
[31m+         }[39m
[31m+         cloudLibrarySnapshotRef.current = indexSnapshot[39m
[31m+           .filter(item => !!item.telegram_file_id)[39m
[31m+           .map(cloudBeatFingerprint)[39m
[31m+           .join("\u001c");[39m
[31m+         cloudMetaSnapshotRef.current?.set(updated.id, cloudBeatFingerprint(updated));[39m
[31m+         transitionRuntime(updated.id, { type: "SYNC_UPDATE_SUCCEEDED" }, updated);[39m
[31m+       } catch (error) {[39m
[31m+         const message = sanitizeUserVisibleText(runtimeErrorMessage(error), "Cloud operation failed.");[39m
[31m+         transitionRuntime(updated.id, { type: "SYNC_FAILED", code: "ARTWORK_SYNC_FAILED", message, retryable: true }, updated);[39m
[31m+         throw error;[39m
[31m+       }[39m
[31m+     }[39m
[31m+   }, [updateBeat, rejectOfflineMutation, connectionState, transitionRuntime]);[39m
[31m+[39m
[31m+[39m
[31m+   const {[39m
[31m+     runBeatCloudUpdate,[39m
[31m+     startMasterAssetUpdate,[39m
[31m+     startWavAssetUpdate,[39m
[31m+     handleBrowserBeatAssetDrop,[39m
[31m+   } = useBeatAssetUpdates({[39m
[31m+     rejectOfflineMutation,[39m
[31m+     setBeatFileDrop,[39m
[31m+     setBeatCloudUpdateBusy,[39m
[31m+     beatRuntimeStatesRef,[39m
[31m+     transitionRuntime,[39m
[31m+     beatsLatestRef,[39m
[31m+     cloudLibrarySnapshotRef,[39m
[31m+     setBeats,[39m
[31m+     setDrawer,[39m
[31m+     waitForUploadedBeatPlaybackReady,[39m
[31m+   });[39m
[31m+[39m
[31m+   const {[39m
[31m+     openableCloudProjectIds,[39m
[31m+     projectUpdateNotice,[39m
[31m+     dismissProjectUpdateNotice,[39m
[31m+     hasStoredProject,[39m
[31m+     startProjectAssetUpdate,[39m
[31m+     handleAutoProjectDrop,[39m
[31m+     handleBrowserProjectDrop,[39m
[31m+     handleUploadProjectTelegram,[39m
[31m+     handleOpenProject,[39m
[31m+     handleUpdateProject,[39m
[31m+   } = useBeatProjects({[39m
[31m+     beats,[39m
[31m+     connectionState,[39m
[31m+     rejectOfflineMutation,[39m
[31m+     transitionRuntime,[39m
[31m+     beatsLatestRef,[39m
[31m+     setBeats,[39m
[31m+     setDrawer,[39m
[31m+     runBeatCloudUpdate,[39m
[31m+     setBeatCloudUpdateBusy,[39m
[31m+   });[39m
[31m+[39m
[31m+   const handleDroppedBeatFileRole = useCallback(async (role: DroppedBeatFileRole) => {[39m
[31m+     if (!beatFileDrop) return;[39m
[31m+     const { beat, filePath } = beatFileDrop;[39m
[31m+     const ext = extensionFromPath(filePath);[39m
[31m+[39m
[31m+     if (role === "loop" || role === "stems") return;[39m
[31m+[39m
[31m+     if (role === "main") {[39m
[31m+       if (ext !== "mp3") return;[39m
[31m+       startMasterAssetUpdate(beat, filePath);[39m
[31m+       return;[39m
[31m+     }[39m
[31m+[39m
[31m+     if (role === "wav") {[39m
[31m+       if (ext !== "wav") return;[39m
[31m+       startWavAssetUpdate(beat, filePath);[39m
[31m+       return;[39m
[31m+     }[39m
[31m+[39m
[31m+     if (role === "projectFolder") {[39m
[31m+       const existing = await hasStoredProject(beat).catch(() => false);[39m
[31m+       if (!existing) {[39m
[31m+         await cleanupStagedDropPaths([filePath]).catch(() => {});[39m
[31m+         setBeatFileDrop(null);[39m
[31m+         await appAlert({[39m
[31m+           title: "Project file required",[39m
[31m+           message: "Add a .flp, .als, .logicx, .ptx/.ptf file or a valid PROJECT ZIP first. Then folders can be added to that PROJECT.zip using their original folder name.",[39m
[31m+         });[39m
[31m+         return;[39m
[31m+       }[39m
[31m+       startProjectAssetUpdate(beat, filePath, "projectFolder");[39m
[31m+     }[39m
[31m+   }, [beatFileDrop, hasStoredProject, startMasterAssetUpdate, startProjectAssetUpdate, startWavAssetUpdate]);[39m
[31m+[39m
[31m+[39m
[31m+   useHtmlLibraryDrop({[39m
[31m+     nativeDropAvailable: isTauriAvailable,[39m
[31m+     browserFileImport: platform.capabilities.browserFileImport,[39m
[31m+     reviewSkeletonEnabled: REVIEW_SKELETON_ENABLED,[39m
[31m+     beatsLatestRef,[39m
[31m+     setDropActive,[39m
[31m+     setBeatCloudUpdateBusy,[39m
[31m+     setBeatFileDrop,[39m
[31m+     setLibraryDropStaging,[39m
[31m+     handleDropArtwork,[39m
[31m+     handleAutoProjectDrop,[39m
[31m+     handleBrowserBeatAssetDrop,[39m
[31m+     handleBrowserProjectDrop,[39m
[31m+     importDroppedBrowserFiles,[39m
[31m+     importDroppedPaths,[39m
[31m+   });[39m
[31m+[39m
[31m+   useNativeLibraryDrop({[39m
[31m+     nativeDropAvailable: isTauriAvailable,[39m
[31m+     reviewSkeletonEnabled: REVIEW_SKELETON_ENABLED,[39m
[31m+     beatsLatestRef,[39m
[31m+     setDropActive,[39m
[31m+     setBeatCloudUpdateBusy,[39m
[31m+     setBeatFileDrop,[39m
[31m+     setLibraryDropStaging,[39m
[31m+     handleDropArtwork,[39m
[31m+     handleAutoProjectDrop,[39m
[31m+     importDroppedPaths,[39m
[31m+   });[39m
[31m+[39m
[31m+   const applyBulkUpdate = useCallback((updates: Partial<Beat>, options?: { tagsMode?: "add" | "replace" | "remove" }) => {[39m
[31m+     setBeats(bs => bs.map(b => {[39m
[31m+       if (!selectedIds.has(b.id)) return b;[39m
[31m+       if (!updates.tags) return { ...b, ...updates };[39m
[31m+[39m
[31m+       const normalizedInput = Array.from(new Set([39m
[31m+         updates.tags.map(t => t.trim().toLowerCase()).filter(Boolean)[39m
[31m+       ));[39m
[31m+[39m
[31m+       if (options?.tagsMode === "replace") {[39m
[31m+         return { ...b, ...updates, tags: normalizedInput };[39m
[31m+       }[39m
[31m+[39m
[31m+       if (options?.tagsMode === "remove") {[39m
[31m+         const removeSet = new Set(normalizedInput);[39m
[31m+         const remainingTags = b.tags.filter(tag => !removeSet.has(tag.trim().toLowerCase()));[39m
[31m+         return { ...b, ...updates, tags: remainingTags };[39m
[31m+       }[39m
[31m+[39m
[31m+       const mergedTags = Array.from(new Set([39m
[31m+         [...b.tags, ...normalizedInput].map(t => t.trim().toLowerCase()).filter(Boolean)[39m
[31m+       ));[39m
[31m+       return { ...b, ...updates, tags: mergedTags };[39m
[31m+     }));[39m
[31m+     clearSelection();[39m
[31m+   }, [selectedIds]);[39m
[31m+[39m
[31m+[39m
[31m+   const tagColors = useTagColors();[39m
[31m+[39m
[31m+ const handleTagClick = useCallback((tag: string, e: React.MouseEvent) => {[39m
[31m+   toggleTagFilter(tag, e.altKey ? "exclude" : "include");[39m
[31m+ }, [toggleTagFilter]);[39m
[31m+[39m
[31m+   const tagFrequency = useMemo(() => selectTagFrequency(beats), [beats]);[39m
[31m+   const allTags = useMemo(() => selectAllTags(beats, tagFrequency), [beats, tagFrequency]);[39m
[31m+   const tagSuggestions = useMemo(() => selectTagSuggestions(beats), [beats]);[39m
[31m+   const displayedBeats = filteredBeats.filter(beat => revealedBeatIds.has(beat.id));[39m
[31m+[39m
[31m+   const {[39m
[31m+     shuffleEnabled,[39m
[31m+     repeatMode,[39m
[31m+     showQueue,[39m
[31m+     queuedBeats,[39m
[31m+     addToQueue,[39m
[31m+     handleNext,[39m
[31m+     handlePrev,[39m
[31m+     closeQueue,[39m
[31m+     toggleQueue,[39m
[31m+     toggleShuffle,[39m
[31m+     cycleRepeat,[39m
[31m+     playQueueIndex,[39m
[31m+   } = usePlaybackQueue({[39m
[31m+     beats,[39m
[31m+     displayedBeats,[39m
[31m+     playingId: audio.playingId,[39m
[31m+     progress: audio.progress,[39m
[31m+     endedSeq: audio.endedSeq,[39m
[31m+     handlePlay,[39m
[31m+     seek,[39m
[31m+     releaseFile,[39m
[31m+   });[39m
[31m+[39m
[31m+[39m
[31m+[39m
[31m+   const currentBeat = beats.find(b => b.id === audio.playingId);[39m
[31m+   const selectedBeats = beats.filter(b => selectedIds.has(b.id));[39m
[31m+   const activeDragBeat = activeDragId ? beats.find(b => b.id === activeDragId) ?? null : null;[39m
[31m+[39m
[31m+   return ([39m
[31m+     <div[39m
[31m+       style={{ height: "100vh", display: "flex", flexDirection: "column", background: "#0c0c0c", overflow: "hidden" }}[39m
[31m+     >[39m
[31m+       {(connectionState === "poor" || connectionState === "offline") && ([39m
[31m+         <div style={{[39m
[31m+           position: "fixed", top: 62, left: "50%", transform: "translateX(-50%)", zIndex: 20200,[39m
[31m+           maxWidth: "min(620px, calc(100vw - 36px))", padding: "10px 14px", borderRadius: 10,[39m
[31m+           border: "1px solid #7a6525", background: "#302913", color: "#f0d77d",[39m
[31m+           boxShadow: "0 12px 34px rgba(0,0,0,.4)", fontSize: 11.5, lineHeight: 1.4, textAlign: "center",[39m
[31m+         }}>[39m
[31m+           {connectionState === "offline"[39m
[31m+             ? "You're offline. This session can keep using already prepared audio; after restart only beats with the green Offline check are shown."[39m
[31m+             : "Poor connection. BeatGaler is retrying automatically; cloud actions may take longer."}[39m
[31m+         </div>[39m
[31m+       )}[39m
[31m+       {cloudFilesDownloadError && ([39m
[31m+         <div style={{[39m
[31m+           position: "fixed", top: 62, right: 18, zIndex: 20140, width: 360, maxWidth: "calc(100vw - 36px)",[39m
[31m+           padding: "12px 42px 12px 14px", borderRadius: 10, border: "1px solid #7a2525",[39m
[31m+           background: "#351414", color: "#ffd7d7", boxShadow: "0 14px 44px rgba(0,0,0,.65)",[39m
[31m+           fontSize: 12, lineHeight: 1.5,[39m
[31m+         }}>[39m
[31m+           <button[39m
[31m+             type="button"[39m
[31m+             aria-label="Close download error"[39m
[31m+             onClick={dismissDownloadError}[39m
[31m+             style={{[39m
[31m+               position: "absolute", top: 8, right: 8, width: 24, height: 24, border: "none",[39m
[31m+               borderRadius: 6, background: "transparent", color: "#ff9d9d", cursor: "pointer",[39m
[31m+               fontSize: 16, lineHeight: "24px", padding: 0, textAlign: "center",[39m
[31m+             }}[39m
[31m+           >×</button>[39m
[31m+           <div style={{ fontWeight: 700, marginBottom: 3 }}>Download failed</div>[39m
[31m+           <div>{cloudFilesDownloadError}</div>[39m
[31m+         </div>[39m
[31m+       )}[39m
[31m+       {projectUpdateNotice && ([39m
[31m+         <div style={{[39m
[31m+           position: "fixed", top: cloudDownloadNotice ? 116 : 62, right: 18, zIndex: 20130,[39m
[31m+           width: 360, maxWidth: "calc(100vw - 36px)", padding: "11px 38px 11px 14px",[39m
[31m+           borderRadius: 10, border: "1px solid #66521f", background: "#2d2714",[39m
[31m+           color: "#f1d783", boxShadow: "0 14px 44px rgba(0,0,0,.45)", fontSize: 12, lineHeight: 1.45,[39m
[31m+         }}>[39m
[31m+           <button[39m
[31m+             type="button"[39m
[31m+             aria-label="Close project notice"[39m
[31m+             onClick={dismissProjectUpdateNotice}[39m
[31m+             style={{[39m
[31m+               position: "absolute", top: 7, right: 8, width: 24, height: 24, border: "none",[39m
[31m+               borderRadius: 6, background: "transparent", color: "#d8bd67", cursor: "pointer",[39m
[31m+               fontSize: 16, lineHeight: "24px", padding: 0, textAlign: "center",[39m
[31m+             }}[39m
[31m+           >×</button>[39m
[31m+           <div style={{ fontWeight: 700, marginBottom: 2 }}>Project notice</div>[39m
[31m+           <div>{projectUpdateNotice}</div>[39m
[31m+         </div>[39m
[31m+       )}[39m
[31m+       {cloudDownloadNotice && ([39m
[31m+         <div style={{[39m
[31m+           position: "fixed", top: 62, right: 18, zIndex: 20120, width: 340, maxWidth: "calc(100vw - 36px)",[39m
[31m+           padding: "11px 14px", borderRadius: 10,[39m
[31m+           border: cloudDownloadNotice.status === "completed" ? "1px solid #257a3d" : "1px solid #303030",[39m
[31m+           background: cloudDownloadNotice.status === "completed" ? "#12351d" : "#171717",[39m
[31m+           color: cloudDownloadNotice.status === "completed" ? "#8ff0aa" : "#e8e8e8",[39m
[31m+           boxShadow: "0 14px 44px rgba(0,0,0,.45)", fontSize: 12, lineHeight: 1.45,[39m
[31m+         }}>[39m
[31m+           {cloudDownloadNotice.status === "downloading" ? ([39m
[31m+             cloudDownloadNotice.kind === "ALL"[39m
[31m+               ? <>Downloading everything from &quot;{cloudDownloadNotice.beatName}&quot;...</>[39m
[31m+               : cloudDownloadNotice.kind === "PROJECT"[39m
[31m+                 ? <>Downloading Full Project from &quot;{cloudDownloadNotice.beatName}&quot;...</>[39m
[31m+                 : <>Downloading {cloudDownloadNotice.kind} from &quot;{cloudDownloadNotice.beatName}&quot;...</>[39m
[31m+           ) : ([39m
[31m+             cloudDownloadNotice.kind === "ALL"[39m
[31m+               ? <>Downloaded everything from &quot;{cloudDownloadNotice.beatName}&quot;.</>[39m
[31m+               : cloudDownloadNotice.kind === "PROJECT"[39m
[31m+                 ? <>Downloaded Full Project from &quot;{cloudDownloadNotice.beatName}&quot;.</>[39m
[31m+                 : <>Downloaded {cloudDownloadNotice.kind} from &quot;{cloudDownloadNotice.beatName}&quot;.</>[39m
[31m+           )}[39m
[31m+         </div>[39m
[31m+       )}[39m
[31m+       {interruptedUploadNotices.length > 0 && ([39m
[31m+         <div style={{[39m
[31m+           position: "fixed", top: 62, right: 18, zIndex: 20000, width: 360, maxWidth: "calc(100vw - 36px)",[39m
[31m+           padding: "12px 42px 12px 14px", borderRadius: 10, border: "1px solid #7a2525",[39m
[31m+           background: "#351414", color: "#ffd7d7", boxShadow: "0 14px 44px rgba(0,0,0,.55)",[39m
[31m+           fontSize: 12, lineHeight: 1.5,[39m
[31m+         }}>[39m
[31m+           <button[39m
[31m+             type="button"[39m
[31m+             aria-label="Close notification"[39m
[31m+             title="Close"[39m
[31m+             onClick={dismissInterruptedUploadNotices}[39m
[31m+             style={{[39m
[31m+               position: "absolute", top: 8, right: 8, width: 24, height: 24, border: "none",[39m
[31m+               borderRadius: 6, background: "transparent", color: "#ff9d9d", cursor: "pointer",[39m
[31m+               fontSize: 16, lineHeight: "24px", padding: 0, textAlign: "center",[39m
[31m+             }}[39m
[31m+           >[39m
[31m+             ×[39m
[31m+           </button>[39m
[31m+           {interruptedUploadNotices.map(name => ([39m
[31m+             <div key={name}>Your last upload of &quot;{name}&quot; was interrupted. The incomplete upload was removed.</div>[39m
[31m+           ))}[39m
[31m+         </div>[39m
[31m+       )}[39m
[31m+       {/* Top bar */}[39m
[31m+       <div style={{ display: "flex", justifyContent: "space-between", alignItems: "center", padding: "0 24px", height: 50, flexShrink: 0, borderBottom: "1px solid #111" }}>[39m
[31m+         <span style={{ fontWeight: 400, fontSize: 14, color: "#aaa", letterSpacing: 0.3 }}>beat galer</span>[39m
[31m+         <div style={{ display: "flex", gap: 4, alignItems: "center" }}>[39m
[31m+           <SearchBar value={search} onChange={setSearch} />[39m
[31m+           <SortMenu value={sortBy} onChange={setSortBy} />[39m
[31m+           {/* Settings gear */}[39m
[31m+           <button[39m
[31m+             onClick={() => setShowSettings(true)}[39m
[31m+             title="Settings"[39m
[31m+             style={{ width: 32, height: 32, borderRadius: 8, background: "transparent", border: "none", color: "#444", cursor: "pointer", display: "flex", alignItems: "center", justifyContent: "center", fontSize: 15 }}[39m
[31m+             onMouseEnter={e => (e.currentTarget.style.color = "#aaa")}[39m
[31m+             onMouseLeave={e => (e.currentTarget.style.color = "#444")}[39m
[31m+           >[39m
[31m+             <svg width="15" height="15" viewBox="0 0 24 24" fill="none" aria-hidden="true">[39m
[31m+               <circle cx="12" cy="12" r="3" stroke="currentColor" strokeWidth="1.8" />[39m
[31m+               <path d="M19.4 15a1.7 1.7 0 0 0 .34 1.88l.06.06-2.83 2.83-.06-.06A1.7 1.7 0 0 0 15 19.4a1.7 1.7 0 0 0-1 .6 1.7 1.7 0 0 0-.4 1.1V21h-4v-.1a1.7 1.7 0 0 0-1.1-1.6 1.7 1.7 0 0 0-1.88.34l-.06.06-2.83-2.83.06-.06A1.7 1.7 0 0 0 4.6 15a1.7 1.7 0 0 0-.6-1 1.7 1.7 0 0 0-1.1-.4H3v-4h.1a1.7 1.7 0 0 0 1.6-1.1 1.7 1.7 0 0 0-.34-1.88l-.06-.06 2.83-2.83.06.06A1.7 1.7 0 0 0 9 4.6a1.7 1.7 0 0 0 1-.6 1.7 1.7 0 0 0 .4-1.1V3h4v.1a1.7 1.7 0 0 0 1.1 1.6 1.7 1.7 0 0 0 1.88-.34l.06-.06 2.83 2.83-.06.06A1.7 1.7 0 0 0 19.4 9c.1.38.3.72.6 1 .3.27.68.4 1.1.4h.1v4h-.1a1.7 1.7 0 0 0-1.7.6Z"[39m
[31m+                 stroke="currentColor" strokeWidth="1.5" strokeLinecap="round" strokeLinejoin="round" />[39m
[31m+             </svg></button>[39m
[31m+           <button[39m
[31m+             onClick={() => { clearUploadPreviewCache(); void reloadLibrary(); }}[39m
[31m+             title={deferredLibraryReloadRef.current ? "Reload queued until uploads finish" : "Reload Library"}[39m
[31m+             disabled={loading || libraryRefreshing}[39m
[31m+             style={{ width: 32, height: 32, borderRadius: 8, background: "transparent", border: "none", color: (loading || libraryRefreshing) ? "#666" : "#444", cursor: (loading || libraryRefreshing) ? "default" : "pointer", display: "flex", alignItems: "center", justifyContent: "center", fontSize: 15 }}[39m
[31m+             onMouseEnter={e => { if (!loading && !libraryRefreshing) e.currentTarget.style.color = "#aaa"; }}[39m
[31m+             onMouseLeave={e => { e.currentTarget.style.color = (loading || libraryRefreshing) ? "#666" : "#444"; }}[39m
[31m+           ><span style={{ display: "inline-block", animation: libraryRefreshing ? "beatgaler-refresh-spin .62s linear infinite" : "none" }}>↻</span></button>[39m
[31m+           {/* Apple-style Select / Select All / Done */}[39m
[31m+           {selectMode ? ([39m
[31m+             <>[39m
[31m+               <button[39m
[31m+                 onClick={() => toggleSelectAll(displayedBeats)}[39m
[31m+                 style={{ padding: "5px 12px", borderRadius: 7, background: "transparent", border: "1px solid #2a2a2a", color: "#888", fontSize: 12, cursor: "pointer" }}>[39m
[31m+                 {displayedBeats.length > 0 && displayedBeats.every(b => selectedIds.has(b.id)) ? "Deselect All" : "Select All"}[39m
[31m+               </button>[39m
[31m+               <button[39m
[31m+                 onClick={finishSelection}[39m
[31m+                 style={{ padding: "5px 12px", borderRadius: 7, background: "transparent", border: "1px solid #2a2a2a", color: "#ccc", fontSize: 12, cursor: "pointer", fontWeight: 500 }}>[39m
[31m+                 Done[39m
[31m+               </button>[39m
[31m+             </>[39m
[31m+           ) : ([39m
[31m+             <button[39m
[31m+               onClick={() => toggleSelection(null, false, displayedBeats)}[39m
[31m+               style={{ padding: "5px 12px", borderRadius: 7, background: "transparent", border: "1px solid #1e1e1e", color: "#555", fontSize: 12, cursor: "pointer" }}[39m
[31m+               onMouseEnter={e => { (e.currentTarget as HTMLElement).style.color = "#aaa"; (e.currentTarget as HTMLElement).style.borderColor = "#2a2a2a"; }}[39m
[31m+               onMouseLeave={e => { (e.currentTarget as HTMLElement).style.color = "#555"; (e.currentTarget as HTMLElement).style.borderColor = "#1e1e1e"; }}>[39m
[31m+               Select[39m
[31m+             </button>[39m
[31m+           )}[39m
[31m+         </div>[39m
[31m+       </div>[39m
[31m+[39m
[31m+       {/* Selection toolbar */}[39m
[31m+       {selectedIds.size > 0 && ([39m
[31m+         <div style={{ padding: "0 24px", height: 40, display: "flex", alignItems: "center", gap: 12, background: "#111", borderBottom: "1px solid #1a1a1a", flexShrink: 0 }}>[39m
[31m+           <span style={{ fontSize: 12, color: "#888" }}>{selectedIds.size} selected</span>[39m
[31m+           <button onClick={handleEditBulk}[39m
[31m+             style={{ padding: "5px 14px", background: "#1e1e1e", border: "1px solid #2a2a2a", borderRadius: 6, color: "#ccc", fontSize: 12, cursor: "pointer" }}>[39m
[31m+             Edit all[39m
[31m+           </button>[39m
[31m+           <button onClick={handleUploadBulk}[39m
[31m+             style={{ padding: "5px 14px", background: "#202020", border: "1px solid #2e2e2e", borderRadius: 6, color: "#e0e0e0", fontSize: 12, cursor: "pointer", fontWeight: 500 }}>[39m
[31m+             Upload to YouTube[39m
[31m+           </button>[39m
[31m+           <button onClick={handleRemoveBulk}[39m
[31m+             style={{ padding: "5px 14px", background: "transparent", border: "1px solid #3d0000", borderRadius: 6, color: "#f87171", fontSize: 12, cursor: "pointer" }}>[39m
[31m+             Remove all[39m
[31m+           </button>[39m
[31m+           <button onClick={finishSelection}[39m
[31m+             style={{ marginLeft: "auto", background: "none", border: "none", color: "#444", fontSize: 12, cursor: "pointer" }}>[39m
[31m+             Cancel[39m
[31m+           </button>[39m
[31m+         </div>[39m
[31m+       )}[39m
[31m+[39m
[31m+       {/* Tag filter */}[39m
[31m+ <div style={{ padding: "7px 24px", display: "flex", gap: 6, flexWrap: "wrap", borderBottom: "1px solid #111", flexShrink: 0 }}>[39m
[31m+   <button[39m
[31m+     onClick={clearTagFilters}[39m
[31m+     style={{[39m
[31m+       padding: "4px 12px", borderRadius: 20,[39m
[31m+       background: (!includedTags.size && !excludedTags.size) ? "#e5e5e5" : "transparent",[39m
[31m+       border: `1px solid ${(!includedTags.size && !excludedTags.size) ? "#e5e5e5" : "#1e1e1e"}`,[39m
[31m+       color: (!includedTags.size && !excludedTags.size) ? "#000" : "#444", fontSize: 12, cursor: "pointer",[39m
[31m+     }}>All</button>[39m
[31m+   {allTags.map(t => {[39m
[31m+     const color = tagColors[t.trim().toLowerCase()];[39m
[31m+     const included = includedTags.has(t);[39m
[31m+     const excluded = excludedTags.has(t);[39m
[31m+     const bg = excluded ? "rgba(248,113,113,0.14)" : included ? (color ?? "#e5e5e5") : (color ? `${color}22` : "transparent");[39m
[31m+     const border = excluded ? "#7f1d1d" : included ? (color ?? "#e5e5e5") : (color ? `${color}55` : "#1e1e1e");[39m
[31m+     const text = excluded ? "#f87171" : included ? (color ? "#fff" : "#000") : (color ?? "#444");[39m
[31m+     return ([39m
[31m+       <button key={t}[39m
[31m+         onClick={(e) => handleTagClick(t, e)}[39m
[31m+         onContextMenu={(e) => {[39m
[31m+           e.preventDefault();[39m
[31m+           window.dispatchEvent(new Event("beatcard:close-menus"));[39m
[31m+           setTagColorMenu({ tag: t, x: e.clientX, y: e.clientY });[39m
[31m+         }}[39m
[31m+         style={{[39m
[31m+           padding: "4px 12px", borderRadius: 20, background: bg,[39m
[31m+           border: `1px solid ${border}`, color: text, fontSize: 12, cursor: "pointer",[39m
[31m+           textDecoration: excluded ? "line-through" : "none",[39m
[31m+           display: "inline-flex", alignItems: "center", gap: 5,[39m
[31m+         }}>[39m
[31m+         {t}[39m
[31m+       </button>[39m
[31m+     );[39m
[31m+   })}[39m
[31m+ </div>[39m
[31m+[39m
[31m+ {tagColorMenu && ([39m
[31m+   <TagColorMenu[39m
[31m+     x={tagColorMenu.x}[39m
[31m+     y={tagColorMenu.y}[39m
[31m+     current={tagColors[tagColorMenu.tag.trim().toLowerCase()] ?? null}[39m
[31m+     onSelect={(hex) => { setTagColor(tagColorMenu.tag, hex); setTagColorMenu(null); }}[39m
[31m+     onRename={() => {[39m
[31m+       openTagRename(tagColorMenu.tag);[39m
[31m+       setTagColorMenu(null);[39m
[31m+     }}[39m
[31m+     onClose={() => setTagColorMenu(null)}[39m
[31m+   />[39m
[31m+ )}[39m
[31m+[39m
[31m+[39m
[31m+ {tagRename && ([39m
[31m+   <TagRenameDialog[39m
[31m+     rename={tagRename}[39m
[31m+     busy={tagRenameBusy}[39m
[31m+     error={tagRenameError}[39m
[31m+     affectedCount={tagRenameAffectedCount}[39m
[31m+     mp3Count={tagRenameMp3Count}[39m
[31m+     wavCount={tagRenameWavCount}[39m
[31m+     onNewTagChange={setTagRenameNewTag}[39m
[31m+     onContinue={continueTagRename}[39m
[31m+     onBack={backTagRename}[39m
[31m+     onCancel={cancelTagRename}[39m
[31m+     onConfirm={confirmTagRename}[39m
[31m+   />[39m
[31m+ )}[39m
[31m+[39m
[31m+       {/* Grid — OS file drag-drop */}[39m
[31m+       <div[39m
[31m+         data-library-scroll="true"[39m
[31m+         aria-busy={startupCookingGate || (connectionState === "online" && !cloudSessionVerified)}[39m
[31m+         style={{ flex: 1, position: "relative", overflowY: "auto", padding: "28px 24px", paddingBottom: currentBeat ? 90 : 28, opacity: libraryRefreshing ? 0.82 : 1, transform: libraryRefreshing ? "scale(0.997)" : "scale(1)", transition: "opacity 150ms ease, transform 150ms ease" }}[39m
[31m+[39m
[31m+       >[39m
[31m+         {libraryRefreshing && ([39m
[31m+           <div aria-hidden="true" style={{ position: "sticky", top: -28, left: 0, right: 0, height: 2, zIndex: 20, overflow: "hidden", pointerEvents: "none" }}>[39m
[31m+             <div style={{ width: "28%", height: "100%", background: "rgba(255,255,255,.38)", animation: "beatgaler-refresh-line .72s ease-in-out infinite" }} />[39m
[31m+           </div>[39m
[31m+         )}[39m
[31m+         {filteredBeats.length === 0 ? ([39m
[31m+           <div style={{ textAlign: "center", paddingTop: 92, color: "#383838" }}>[39m
[31m+             {beats.length === 0 ? ([39m
[31m+               cloudSessionVerified && connectionState === "online" ? ([39m
[31m+                 <div>[39m
[31m+                   <div style={{ fontSize: 15, color: "#555", fontWeight: 500 }}>Empty Gallery</div>[39m
[31m+                   <div style={{ marginTop: 7, fontSize: 12, color: "#2f2f2f" }}>Add a beat to start your library.</div>[39m
[31m+                 </div>[39m
[31m+               ) : connectionState === "offline" || connectionState === "poor" ? ([39m
[31m+                 <div>[39m
[31m+                   <div style={{ fontSize: 15, color: "#555", fontWeight: 500 }}>No offline beats available</div>[39m
[31m+                   <div style={{ marginTop: 7, fontSize: 12, color: "#2f2f2f" }}>Reconnect to verify your Galer Cloud library.</div>[39m
[31m+                 </div>[39m
[31m+               ) : ([39m
[31m+                 <div aria-label="Loading beat library" style={{ minHeight: 1 }} />[39m
[31m+               )[39m
[31m+             ) : <div style={{ fontSize: 13 }}>No beats match your search</div>}[39m
[31m+           </div>[39m
[31m+         ) : ([39m
[31m+           <DndContext[39m
[31m+             sensors={sensors}[39m
[31m+             collisionDetection={closestCenter}[39m
[31m+             onDragStart={handleDragStart}[39m
[31m+             onDragEnd={handleDragEnd}[39m
[31m+             onDragCancel={handleDragCancel}[39m
[31m+           >[39m
[31m+             <SortableContext items={filteredBeats.map((b) => b.id)} strategy={rectSortingStrategy}>[39m
[31m+               <div style={{ display: "flex", justifyContent: "center", width: "100%" }}>[39m
[31m+                 <div style={{ display: "flex", flexWrap: "wrap", justifyContent: "center", gap: "28px 22px", alignContent: "flex-start", maxWidth: 1300 }}>[39m
[31m+                 {filteredBeats.map((beat, i) => ([39m
[31m+                   <BeatCard[39m
[31m+                     key={beat.id}[39m
[31m+                     beat={beat}[39m
[31m+                     visible={revealedBeatIds.has(beat.id)}[39m
[31m+                     interactive={cloudSessionVerified || connectionState === "offline" || connectionState === "poor"}[39m
[31m+                     playbackInteractive={connectionState !== "offline" || Boolean(beat.offline_available)}[39m
[31m+                     openableProject={platform.capabilities.openProjectInDaw && (openableCloudProjectIds.has(beat.id) || Boolean(beat.offline_available && (beat.has_flp || beat.has_als) && (beat.flp_path || beat.als_path)))}[39m
[31m+                     cloudUploadErrorDetail={backgroundUploadErrors[beat.id]}[39m
[31m+                     tagFrequency={tagFrequency}[39m
[31m+                     showIncompleteWarnings={settings?.incomplete_warnings_enabled ?? true}[39m
[31m+                     playing={audio.playingId === beat.id && audio.isPlaying}[39m
[31m+                     selected={selectedIds.has(beat.id)}[39m
[31m+                     selectedCount={selectedIds.size}[39m
[31m+                     selectMode={selectMode}[39m
[31m+                     dragEnabled={!selectMode && platform.capabilities.manualLibraryReorder}[39m
[31m+                     networkOnline={connectionState === "online"}[39m
[31m+                     offlineBusy={offlineBusyIds.has(beat.id)}[39m
[31m+                     canUseOfflinePackage={platform.capabilities.offlinePackage}[39m
[31m+                     canUseLocalHelper={platform.capabilities.localHelper}[39m
[31m+                     canInspectNativeProject={platform.capabilities.openProjectInDaw}[39m
[31m+                     onToggleOffline={handleToggleOffline}[39m
[31m+                     onRetryUpload={retryBackgroundUpload}[39m
[31m+                     onBulkEdit={handleEditBulk}[39m
[31m+                     onBulkUpload={handleUploadBulk}[39m
[31m+                     onBulkDelete={handleRemoveBulk}[39m
[31m+                     onPlay={handlePlay}[39m
[31m+                     onWarm={handleWarm}[39m
[31m+                     onDetail={b => setDrawer({ beat: b, mode: "detail" })}[39m
[31m+                     onEdit={b => { if (!rejectOfflineMutation("Editing metadata")) setDrawer({ beat: b, mode: "edit" }); }}[39m
[31m+                     onDelete={deleteBeat}[39m
[31m+                     onAddToQueue={addToQueue}[39m
[31m+                     onUpload={handleUpload}[39m
[31m+                     onUploadTelegram={handleUploadTelegram}[39m
[31m+                     onDownloadTelegram={handleDownloadTelegram}[39m
[31m+                     onUploadProjectTelegram={handleUploadProjectTelegram}[39m
[31m+                     onOpenProject={handleOpenProject}[39m
[31m+                     onUpdateProject={handleUpdateProject}[39m
[31m+                     onCloudFiles={handleCloudFiles}[39m
[31m+                     onToggleSelect={(b, e) => toggleSelection(b, e.shiftKey, filteredBeats)}[39m
[31m+                     animDelay={0}[39m
[31m+                   />[39m
[31m+                 ))}[39m
[31m+                 </div>[39m
[31m+               </div>[39m
[31m+             </SortableContext>[39m
[31m+             <DragOverlay>[39m
[31m+               {activeDragBeat ? ([39m
[31m+                 <div style={{ width: 160, borderRadius: 12, transform: "scale(1.02)", boxShadow: "0 20px 40px rgba(0,0,0,0.6)" }}>[39m
[31m+                   <Artwork beat={activeDragBeat} size={160} playing={false} />[39m
[31m+                 </div>[39m
[31m+               ) : null}[39m
[31m+             </DragOverlay>[39m
[31m+           </DndContext>[39m
[31m+         )}[39m
[31m+       </div>[39m
[31m+[39m
[31m+       {/* + Add beat */}[39m
[31m+       {!currentBeat && ([39m
[31m+         <div style={{ position: "fixed", bottom: 24, left: "50%", transform: "translateX(-50%)", zIndex: 45 }}>[39m
[31m+           <button onClick={() => { if (!rejectOfflineMutation("Adding a beat")) setShowAdd(true); }}[39m
[31m+             style={{ padding: "9px 20px", borderRadius: 40, background: "#161616", border: "1px solid #242424", color: "#777", fontSize: 13, cursor: "pointer", display: "flex", alignItems: "center", gap: 8, boxShadow: "0 4px 24px rgba(0,0,0,0.6)" }}[39m
[31m+             onMouseEnter={e => { (e.currentTarget as HTMLElement).style.background = "#202020"; (e.currentTarget as HTMLElement).style.color = "#ccc"; }}[39m
[31m+             onMouseLeave={e => { (e.currentTarget as HTMLElement).style.background = "#161616"; (e.currentTarget as HTMLElement).style.color = "#777"; }}>[39m
[31m+             <PlusIcon size={11} /> Add beat[39m
[31m+           </button>[39m
[31m+         </div>[39m
[31m+       )}[39m
[31m+[39m
[31m+       {cloudFilesBeat && ([39m
[31m+         <CloudFilesModal[39m
[31m+           beat={cloudFilesBeat}[39m
[31m+           files={cloudFiles}[39m
[31m+           busyId={cloudFilesBusyId}[39m
[31m+           downloadedIds={cloudFilesDownloadedIds}[39m
[31m+           onDownload={handleGetCloudFile}[39m
[31m+           onClose={closeCloudFiles}[39m
[31m+         />[39m
[31m+       )}[39m
[31m+[39m
[31m+       {showAdd && <AddBeatModal onClose={() => setShowAdd(false)} onAdd={addBeatsAndReview} existingBeats={beats} />}[39m
[31m+[39m
[31m+       {showSettings && ([39m
[31m+         <SettingsPanel[39m
[31m+           currentFolder={settings?.beats_folder ?? null}[39m
[31m+           showIncompleteWarnings={settings?.incomplete_warnings_enabled ?? true}[39m
[31m+           onIncompleteWarningsChanged={handleIncompleteWarningsChanged}[39m
[31m+           customCursorEnabled={settings?.custom_cursor_enabled ?? true}[39m
[31m+           onCustomCursorChanged={handleCustomCursorChanged}[39m
[31m+           telegramConnected={settings?.telegram_cloud_connected ?? false}[39m
[31m+           networkOnline={connectionState === "online"}[39m
[31m+           telegramUsername={settings?.telegram_cloud_username ?? null}[39m
[31m+           onDisconnectTelegram={handleDisconnectTelegramAccount}[39m
[31m+           onClose={() => setShowSettings(false)}[39m
[31m+           onFolderChanged={handleFolderChanged}[39m
[31m+           onBeatRestored={handleBeatRestored}[39m
[31m+         />[39m
[31m+       )}[39m
[31m+[39m
[31m+       {drawer && !reviewQueue && !reviewBootstrap && ([39m
[31m+         <Drawer[39m
[31m+           beat={drawer.beat}[39m
[31m+           mode={drawer.mode}[39m
[31m+           tagSuggestions={tagSuggestions}[39m
[31m+           onClose={() => { setDrawer(null); clearSelection(); }}[39m
[31m+           onSaved={updateBeat}[39m
[31m+           onReleaseAudio={() => { if (audio.playingId === drawer.beat.id) releaseFile(); }}[39m
[31m+           selectedBeats={selectedBeats.length > 1 ? selectedBeats : undefined}[39m
[31m+           onBulkSaved={applyBulkUpdate}[39m
[31m+           mutationAllowed={connectionState === "online"}[39m
[31m+           onCloudMutationCommit={platform.capabilities.browserCloudEditing ? undefined : commitDrawerCloudMutation}[39m
[31m+         />[39m
[31m+       )}[39m
[31m+[39m
[31m+       <ImportReviewHost[39m
[31m+   libraryDropStaging={libraryDropStaging}[39m
[31m+   reviewBootstrap={reviewBootstrap}[39m
[31m+   reviewQueue={reviewQueue}[39m
[31m+   skeletonEnabled={REVIEW_SKELETON_ENABLED}[39m
[31m+   tagSuggestions={tagSuggestions}[39m
[31m+   mutationAllowed={connectionState === "online"}[39m
[31m+   onSkipCurrent={skipCurrentReviewBeat}[39m
[31m+   onCancel={cancelReview}[39m
[31m+   onSaveAll={platform.capabilities.reviewBeatCloudCommit ? undefined : handleReviewedSaveAll}[39m
[31m+   isReviewNameTaken={(candidateName) => {[39m
[31m+     const normalized = candidateName.trim().toLocaleLowerCase();[39m
[31m+     if (!normalized) return false;[39m
[31m+     return beats.some(existing =>[39m
[31m+       existing.name.trim().toLocaleLowerCase() === normalized[39m
[31m+     );[39m
[31m+   }}[39m
[31m+   onCloudMutationCommit={platform.capabilities.browserCloudEditing ? undefined : commitDrawerCloudMutation}[39m
[31m+   onSaved={handleReviewedBeatSaved}[39m
[31m+   onReleaseAudio={beat => {[39m
[31m+     if (audio.playingId === beat.id) releaseFile();[39m
[31m+   }}[39m
[31m+ />[39m
[31m+[39m
[31m+       {beatFileDrop && ([39m
[31m+         <BeatFileDropModal[39m
[31m+           beat={beatFileDrop.beat}[39m
[31m+           filePath={beatFileDrop.filePath}[39m
[31m+           fileName={fileNameFromPath(beatFileDrop.filePath)}[39m
[31m+           fileExtension={extensionFromPath(beatFileDrop.filePath)}[39m
[31m+           isDirectory={beatFileDrop.kind === "directory"}[39m
[31m+           onChoose={handleDroppedBeatFileRole}[39m
[31m+           onClose={() => {[39m
[31m+             void cleanupStagedDropPaths([beatFileDrop.filePath]);[39m
[31m+             setBeatFileDrop(null);[39m
[31m+           }}[39m
[31m+         />[39m
[31m+       )}[39m
[31m+[39m
[31m+       <ImportResolutionHost[39m
[31m+         audioConflictBatch={audioConflictBatch}[39m
[31m+         dropImportBatch={dropImportBatch}[39m
[31m+         onAudioConflictsCancel={cancelAudioConflicts}[39m
[31m+         onAudioConflictsResolved={resolveAudioConflicts}[39m
[31m+         onImportDecisionsClose={closeImportDecisions}[39m
[31m+         onImportDecisionsImported={importResolvedDecisions}[39m
[31m+       />[39m
[31m+[39m
[31m+       {(dropActive || dropImporting) && !libraryDropStaging && !reviewBootstrap && !reviewQueue && ([39m
[31m+         <div style={{[39m
[31m+           position: "fixed",[39m
[31m+           left: "50%",[39m
[31m+           bottom: currentBeat ? 86 : 24,[39m
[31m+           transform: "translateX(-50%)",[39m
[31m+           zIndex: 10000,[39m
[31m+           pointerEvents: "none",[39m
[31m+           width: "min(620px, calc(100vw - 48px))",[39m
[31m+         }}>[39m
[31m+           <div style={{[39m
[31m+             padding: "13px 18px",[39m
[31m+             borderRadius: 12,[39m
[31m+             border: "2px dashed #f5a623",[39m
[31m+             background: "rgba(17,17,17,0.94)",[39m
[31m+             textAlign: "center",[39m
[31m+             boxShadow: "0 10px 32px rgba(0,0,0,0.42)",[39m
[31m+           }}>[39m
[31m+             <div style={{ fontSize: 13, color: "#eee", fontWeight: 600 }}>[39m
[31m+               {dropImporting ? "Importando…" : "Suelta aquí para agregar como beat aparte"}[39m
[31m+             </div>[39m
[31m+             {!dropImporting && ([39m
[31m+               <div style={{ fontSize: 10, color: "#777", marginTop: 4, lineHeight: 1.45 }}>[39m
[31m+                 O arrástralo encima de un beat para agregarlo a ese beat.[39m
[31m+               </div>[39m
[31m+             )}[39m
[31m+           </div>[39m
[31m+         </div>[39m
[31m+       )}[39m
[31m+[39m
[31m+       {currentBeat && ([39m
[31m+         <Player[39m
[31m+           beat={currentBeat}[39m
[31m+           playing={audio.isPlaying}[39m
[31m+           progress={audio.progress}[39m
[31m+           duration={audio.duration}[39m
[31m+           volume={audio.volume}[39m
[31m+           queue={queuedBeats}[39m
[31m+           currentIndex={-1}[39m
[31m+           showQueue={showQueue}[39m
[31m+           shuffleEnabled={shuffleEnabled}[39m
[31m+           repeatMode={repeatMode}[39m
[31m+           canShowQueue={queuedBeats.length > 0}[39m
[31m+           onToggle={togglePause}[39m
[31m+           onSeek={seek}[39m
[31m+           onPrev={handlePrev}[39m
[31m+           onNext={() => handleNext(false)}[39m
[31m+           onVolumeChange={setVolume}[39m
[31m+           onToggleShuffle={toggleShuffle}[39m
[31m+           onCycleRepeat={cycleRepeat}[39m
[31m+           onToggleQueue={toggleQueue}[39m
[31m+           onPlayQueueIndex={playQueueIndex}[39m
[31m+           canAddBeat={platform.capabilities.browserFileImport || platform.capabilities.nativeFilesystemDrop}[39m
[31m+           onAddBeat={() => { if (!rejectOfflineMutation("Adding a beat")) setShowAdd(true); }}[39m
[31m+           onDetail={(b) => setDrawer({ beat: b, mode: "detail" })}[39m
[31m+           onEdit={(b) => { if (!rejectOfflineMutation("Editing metadata")) setDrawer({ beat: b, mode: "edit" }); }}[39m
[31m+           onDelete={deleteBeat}[39m
[31m+           onAddToQueue={addToQueue}[39m
[31m+         />[39m
[31m+       )}[39m
[31m+[39m
[31m+       {showUpload && ([39m
[31m+         <UploadModal[39m
[31m+           initialBeat={showUpload.initialBeat}[39m
[31m+           allBeats={beats}[39m
[31m+           initialSelectedIds={showUpload.selectedIds}[39m
[31m+           onClose={() => setShowUpload(null)}[39m
[31m+         />[39m
[31m+       )}[39m
[31m+[39m
[31m+       <JobStatusBar />[39m
[31m+     </div>[39m
[31m+   );[39m
[31m+ }[39m
[31m+[39m
[31m+[39m
[31m+ export default function App() {[39m
[31m+   return platform.kind === "web"[39m
[31m+     ? <BeatGalerApp />[39m
[31m+     : <AccountGate><BeatGalerApp /></AccountGate>;[39m
[31m+ }[39m
[31m+[39m

[36m [2m❯[22m tests/component-dom/startupRevealArchitecture.test.ts:[2m33:17[22m[39m
    [90m 31| [39m
    [90m 32| [39m  [34mit[39m([32m"does not gate card reveal on audio cooking"[39m[33m,[39m () [33m=>[39m {
    [90m 33| [39m    [34mexpect[39m(app)[33m.[39m[34mtoContain[39m([32m"title + artwork are enough to show a beat"[39m)[33m;[39m
    [90m   | [39m                [31m^[39m
    [90m 34| [39m    expect(app).not.toContain("After the first six are usable, prepare…
    [90m 35| [39m  })[33m;[39m

[31m[2m⎯⎯⎯⎯⎯⎯⎯⎯⎯⎯⎯⎯⎯⎯⎯⎯⎯⎯⎯⎯⎯⎯⎯⎯[1/1]⎯[22m[39m


[2m Test Files [22m [1m[31m1 failed[39m[22m[2m | [22m[1m[32m66 passed[39m[22m[90m (67)[39m
[2m      Tests [22m [1m[31m1 failed[39m[22m[2m | [22m[1m[32m267 passed[39m[22m[90m (268)[39m
[2m   Start at [22m 11:13:59
[2m   Duration [22m 27.70s[2m (transform 2.17s, setup 0ms, collect 8.11s, tests 14.04s, environment 39.04s, prepare 7.92s)[22m


::error file=/home/runner/work/BeatGaler/BeatGaler/tests/component-dom/startupRevealArchitecture.test.ts,title=tests/component-dom/startupRevealArchitecture.test.ts > Issue #97 startup reveal architecture > does not gate card reveal on audio cooking,line=33,column=17::AssertionError: expected 'import React, { useState, useCallback…' to contain 'title + artwork are enough to show a …'%0A%0A- Expected%0A+ Received%0A%0A- title + artwork are enough to show a beat%0A+ import React, { useState, useCallback, useEffect, useRef, useMemo } from "react";%0A+ import type { Beat } from "./types";%0A+ import BeatCard from "./components/BeatCard";%0A+ import Drawer from "./components/Drawer";%0A+ import Player from "./components/Player";%0A+ import AddBeatModal from "./components/AddBeatModal";%0A+ import SettingsPanel from "./components/SettingsPanel";%0A+ import AccountGate, { logoutBeatGalerAccount } from "./components/AccountGate";%0A+ import UploadModal from "./components/UploadModal";%0A+ import JobStatusBar from "./components/JobStatusBar";%0A+ import { PlusIcon, Artwork } from "./components/ui";%0A+ import { useAudio } from "./hooks/useAudio";%0A+ import { loadLibrary, readBeatMeta, saveBeatMeta, discardImportReviewBatch, uploadBeatToTelegram, downloadBeatFromTelegram, prepareBeatForPlayback, warmBeatForPlayback, getDownloadCookingStatus, downloadCookingDiagnosticEvent, uploadProjectToTelegram, uploadDroppedFileToTelegram, downloadCloudFileToCache, downloadProjectToCache, revealInExplorer, syncBeatMetadataToTelegram, copyExportFile, copyAudioMetadata, prepareUniqueExportFolder, type CloudFileType, isTauriAvailable } from "./lib/tauri";%0A+ import { libraryStateManager } from "./lib/libraryStateManager";%0A+ import { platform } from "./platform";%0A+ import { DndContext, DragOverlay, closestCenter } from "@dnd-kit/core";%0A+ import { SortableContext, rectSortingStrategy } from "@dnd-kit/sortable";%0A+ import { appAlert, appConfirm } from "./lib/dialog";%0A+ import { sanitizeUserVisibleText } from "./lib/userVisibleError";%0A+ import { useTagColors, setTagColor } from "./lib/tagColors";%0A+ import { registerJob, updateJob } from "./lib/jobStore";%0A+ import { cleanTags } from "./lib/metadataValidation";%0A+ import { cleanupOrphanedDropStaging, cleanupStagedDropPaths } from "./features/dragdrop/dropStaging";%0A+ import CloudFilesModal from "./features/downloads/components/CloudFilesModal";%0A+ import { useBeatDownloads } from "./features/downloads/useBeatDownloads";%0A+ import BeatFileDropModal, { type DroppedBeatFileRole } from "./features/dragdrop/components/BeatFileDropModal";%0A+ import SearchBar from "./features/library/components/SearchBar";%0A+ import SortMenu from "./features/library/components/SortMenu";%0A+ import TagColorMenu from "./features/tags/components/TagColorMenu";%0A+ import { useArtworkHydration } from "./features/artwork/useArtworkHydration";%0A+ import { useCloudUploadQueue } from "./features/cloud/useCloudUploadQueue";%0A+ import ImportReviewHost, { ImportResolutionHost } from "./features/import/components/ImportReviewHost";%0A+ import { useImportSession } from "./features/import/useImportSession";%0A+ import { useImportReview } from "./features/import/useImportReview";%0A+ import { useImportDiscovery } from "./features/import/useImportDiscovery";%0A+ import { useImportSaveAll } from "./features/import/useImportSaveAll";%0A+ import { useBrowserImport } from "./features/import/useBrowserImport";%0A+ import { extensionFromPath, fileNameFromPath, isBackupFolderPath } from "./features/dragdrop/pathHelpers";%0A+ import { useHtmlLibraryDrop } from "./features/dragdrop/useHtmlLibraryDrop";%0A+ import { useNativeLibraryDrop } from "./features/dragdrop/useNativeLibraryDrop";%0A+ import { cloudBeatFingerprint, drawerMetadataCommitFingerprint, libraryViewFingerprint } from "./features/library/libraryFingerprints";%0A+ import { clearUploadPreviewCache, preserveLoadedArtwork } from "./features/library/libraryPresentationCache";%0A+ import { selectFilteredAndSortedBeats } from "./features/library/librarySelectors";%0A+ import { useLibraryViewState } from "./features/library/useLibraryViewState";%0A+ import { useLibraryReorder } from "./features/library/useLibraryReorder";%0A+ import { useBeatSelection } from "./features/selection/useBeatSelection";%0A+ import { selectAllTags, selectTagFrequency, selectTagSuggestions } from "./features/tags/tagSelectors";%0A+ import { useTagFilters } from "./features/tags/useTagFilters";%0A+ import { useTagRename } from "./features/tags/useTagRename";%0A+ import TagRenameDialog from "./features/tags/components/TagRenameDialog";%0A+ import { useLibraryPresentationCache, useLibraryState } from "./features/library/useLibraryState";%0A+ import { useLibraryReload } from "./features/library/useLibraryReload";%0A+ import { useStartupBootstrap } from "./features/startup/useStartupBootstrap";%0A+ import { useLibraryReveal } from "./features/startup/useLibraryReveal";%0A+ import { dismissBeatGalerStartupLoader } from "./features/startup/startupLoader";%0A+ import { useWebPlaybackSortRouting } from "./features/playback/useWebPlaybackSortRouting";%0A+ import { usePlaybackController } from "./features/playback/usePlaybackController";%0A+ import { usePlaybackQueue } from "./features/playback/usePlaybackQueue";%0A+ import { useDrawerCloudPersistence } from "./features/edit/useDrawerCloudPersistence";%0A+ import { useBeatAssetUpdates } from "./features/edit/useBeatAssetUpdates";%0A+ import { useBeatProjects } from "./features/projects/useBeatProjects";%0A+ import { useOfflineAvailability } from "./features/offline/useOfflineAvailability";%0A+ import { useTrashActions } from "./features/trash/useTrashActions";%0A+ import { useWebLibraryReconciled } from "./features/library/useWebLibraryReconciled";%0A+ import { createBeatRuntimeState } from "./features/state/beatRuntimeState";%0A+ import { useBeatRuntimeRegistry } from "./features/state/useBeatRuntimeRegistry";%0A+ import { useSessionState } from "./features/session/useSessionState";%0A+ import { useSessionActions } from "./features/session/useSessionActions";%0A+ import { useCustomCursor } from "./features/session/useCustomCursor";%0A+ import { useConnectivity } from "./features/session/useConnectivity";%0A+ import { useCloudLibraryEvents } from "./features/cloud/useCloudLibraryEvents";%0A+%0A+ // Intentionally isolated: if real-world timings prove the skeleton unnecessary,%0A+ // flipping/removing this one constant deletes the visual layer without touching%0A+ // the staged Review architecture underneath it.%0A+ const REVIEW_SKELETON_ENABLED = true;%0A+%0A+ const beatCloudUpdateBusyIds = new Set<string>();%0A+%0A+ function setBeatCloudUpdateBusy(beatId: string, active: boolean, success = false) {%0A+   if (active) beatCloudUpdateBusyIds.add(beatId);%0A+   else beatCloudUpdateBusyIds.delete(beatId);%0A+   window.dispatchEvent(new CustomEvent("beatgaler:beat-cloud-busy", {%0A+     detail: { beatId, active, success }%0A+   }));%0A+ }%0A+%0A+ function formatCloudBytes(bytes: number) {%0A+   if (!bytes) return "0 B";%0A+   const units = ["B", "KB", "MB", "GB"];%0A+   let n = bytes; let i = 0;%0A+   while (n >= 1024 && i < units.length - 1) { n /= 1024; i++; }%0A+   return `${n.toFixed(i === 0 ? 0 : 1)} ${units[i]}`;%0A+ }%0A+%0A+ function runtimeErrorMessage(error: unknown): string {%0A+   return error instanceof Error ? error.message : String(error);%0A+ }%0A+%0A+ function isRuntimeConflictError(error: unknown): boolean {%0A+   const message = runtimeErrorMessage(error).toLowerCase();%0A+   return message.includes("409") || message.includes("conflict") || message.includes("revision mismatch") || message.includes("version mismatch");%0A+ }%0A+%0A+ function BeatGalerApp() {%0A+   const {%0A+     beats,%0A+     setBeats,%0A+     beatsLatestRef,%0A+     startupCachedBeatsRef,%0A+     initialLoading,%0A+   } = useLibraryState();%0A+   const cloudMetaSnapshotRef = useRef<Map<string, string> | null>(null);%0A+   const cloudLibraryTimerRef = useRef<number | null>(null);%0A+   const cloudLibrarySnapshotRef = useRef<string | null>(null);%0A+   const visibleLibraryFingerprintRef = useRef<string>("");%0A+   const {%0A+     beatRuntimeStates,%0A+     beatRuntimeStatesRef,%0A+     transitionRuntime,%0A+     forgetRuntimeState,%0A+     clearReconciledTrashRuntimeStates,%0A+   } = useBeatRuntimeRegistry(beats, beatsLatestRef);%0A+   const stagedImportPathsRef = useRef<Map<string, string[]>>(new Map());%0A+   const [loading, setLoading] = useState(() => initialLoading);%0A+   const startupCookingResolvedRef = useRef(false);%0A+   const startupPipelineStartedRef = useRef(false);%0A+   const startupEnginePrimeReadyRef = useRef(false);%0A+   const handleArtworkHydratedFromNetwork = useCallback((next: Beat[], beatId: string) => {%0A+     const hydrated = next.find(item => item.id === beatId);%0A+     if (hydrated && cloudMetaSnapshotRef.current) {%0A+       cloudMetaSnapshotRef.current.set(beatId, cloudBeatFingerprint(hydrated));%0A+     }%0A+     if (cloudLibrarySnapshotRef.current !== null) {%0A+       cloudLibrarySnapshotRef.current = next%0A+         .filter(item => !!item.telegram_file_id)%0A+         .map(cloudBeatFingerprint)%0A+         .join("\u001c");%0A+     }%0A+   }, []);%0A+   const { ensureArtworkReady, clearArtworkHydration, invalidateArtworkHydration } = useArtworkHydration({%0A+     setBeats,%0A+     onNetworkHydrated: handleArtworkHydratedFromNetwork,%0A+   });%0A+   const { search, setSearch, sortBy, setSortBy } = useLibraryViewState();%0A+   const {%0A+     includedTags,%0A+     excludedTags,%0A+     clearTagFilters,%0A+     toggleTagFilter,%0A+     replaceTagFilter,%0A+   } = useTagFilters();%0A+   const filteredBeats = selectFilteredAndSortedBeats(%0A+     beats,%0A+     search,%0A+     includedTags,%0A+     excludedTags,%0A+     sortBy,%0A+   );%0A+%0A+   const [tagColorMenu, setTagColorMenu] = useState<{ tag: string; x: number; y: number } | null>(null);%0A+   const {%0A+     tagRename, tagRenameBusy, tagRenameError, affectedCount: tagRenameAffectedCount,%0A+     affectedMp3Count: tagRenameMp3Count, affectedWavCount: tagRenameWavCount,%0A+     openTagRename, setNewTag: setTagRenameNewTag, continueTagRename, backTagRename,%0A+     cancelTagRename, confirmTagRename,%0A+   } = useTagRename({ beats, setBeats, replaceTagFilter });%0A+   useWebPlaybackSortRouting(sortBy, beats, platform.kind === "web");%0A+   const onWebLibraryReconciled = useCallback((incoming: Beat[]) => {%0A+     setBeats(current => {%0A+       const next = preserveLoadedArtwork(incoming, current);%0A+       beatsLatestRef.current = next;%0A+       return next;%0A+     });%0A+   }, []);%0A+   useWebLibraryReconciled(platform.kind === "web", onWebLibraryReconciled);%0A+   const [drawer, setDrawer] = useState<{ beat: Beat; mode: "detail" | "edit" } | null>(null);%0A+   const [showAdd, setShowAdd] = useState(false);%0A+   const [dropActive, setDropActive] = useState(false);%0A+   const [dropImporting, setDropImporting] = useState(false);%0A+   // Covers the WebView2 staging window that happens BEFORE importDroppedPaths%0A+   // receives native paths. Without this state, the app can look frozen while%0A+   // large dropped files are being copied into drop-staging.%0A+   const [libraryDropStaging, setLibraryDropStaging] = useState(false);%0A+   const [beatFileDrop, setBeatFileDrop] = useState<{ beat: Beat; filePath: string; kind: "file" | "directory" } | null>(null);%0A+   const {%0A+     reviewQueue,%0A+     setReviewQueue,%0A+     reviewQueueLatestRef,%0A+     skippedReviewSourceKeysRef,%0A+     startReview,%0A+   } = useImportSession();%0A+   const [showSettings, setShowSettings] = useState(false);%0A+   const {%0A+     settings,%0A+     setSettings,%0A+     setupDone,%0A+     setSetupDone,%0A+     connectionState,%0A+     setConnectionState,%0A+     cloudSessionVerified,%0A+     setCloudSessionVerified,%0A+   } = useSessionState();%0A+   const {%0A+     startupCookingGate,%0A+     setStartupCookingGate,%0A+     revealedBeatIds,%0A+     setRevealedBeatIds,%0A+     progressiveRevealRunRef,%0A+   } = useLibraryReveal({%0A+     initialCachedBeats: startupCachedBeatsRef.current ?? [],%0A+     filteredBeats,%0A+     loading,%0A+     settings,%0A+     cloudSessionVerified,%0A+     connectionState,%0A+     ensureArtworkReady,%0A+     startupCookingResolvedRef,%0A+     startupPipelineStartedRef,%0A+     nativeParallelism: isTauriAvailable ? 6 : 1,%0A+   });%0A+   const {%0A+     cloudFilesBeat,%0A+     cloudFiles,%0A+     cloudFilesBusyId,%0A+     cloudFilesDownloadedIds,%0A+     cloudFilesDownloadError,%0A+     cloudDownloadNotice,%0A+     handleCloudFiles,%0A+     handleGetCloudFile,%0A+     closeCloudFiles,%0A+     dismissDownloadError,%0A+   } = useBeatDownloads({ connectionState, beatRuntimeStatesRef, transitionRuntime });%0A+   const [showUpload, setShowUpload] = useState<{ initialBeat: Beat | null; selectedIds?: string[] } | null>(null);%0A+%0A+   const {%0A+     selectedIds,%0A+     selectMode,%0A+     toggleSelection,%0A+     toggleSelectAll,%0A+     finishSelection,%0A+     clearSelection,%0A+   } = useBeatSelection(beats);%0A+   const {%0A+     sensors,%0A+     activeDragId,%0A+     handleDragStart,%0A+     handleDragEnd,%0A+     handleDragCancel,%0A+   } = useLibraryReorder({ sortBy, setSortBy, setBeats });%0A+   const { state: audio, play, togglePause, seek, setVolume, releaseFile } = useAudio();%0A+   const { clearPlaybackPreparation, ensureWarmPlaybackUrl, handlePlay, handleWarm, invalidatePlaybackPreparation, waitForUploadedBeatPlaybackReady } = usePlaybackController({%0A+     audio,%0A+     play,%0A+     beatsLatestRef,%0A+     beatRuntimeStatesRef,%0A+     transitionRuntime,%0A+     setBeats,%0A+     cloudSessionVerified,%0A+     connectionState,%0A+     isBeatCloudUpdateBusy: beatId => beatCloudUpdateBusyIds.has(beatId),%0A+   });%0A+   const { offlineBusyIds, handleToggleOffline } = useOfflineAvailability({%0A+     connectionState,%0A+     audioPlayingId: audio.playingId,%0A+     releaseFile,%0A+     invalidatePlaybackPreparation,%0A+     ensureWarmPlaybackUrl,%0A+     beatRuntimeStatesRef,%0A+     transitionRuntime,%0A+     setBeats,%0A+     setDrawer,%0A+     setRevealedBeatIds,%0A+   });%0A+%0A+   // Keep a ref to togglePause so the keydown handler never goes stale%0A+   const togglePauseRef = useRef(togglePause);%0A+   useEffect(() => { togglePauseRef.current = togglePause; }, [togglePause]);%0A+%0A+   const rejectOfflineMutation = useCallback((action: string): boolean => {%0A+     if (connectionState === "online") return false;%0A+     void appAlert({%0A+       title: connectionState === "offline" ? "Offline" : "Connection unavailable",%0A+       message: `${action} requires an internet connection. Offline mode is read-only except for moving beats to Trash.`,%0A+     });%0A+     return true;%0A+   }, [connectionState]);%0A+%0A+   const {%0A+     reviewBootstrap,%0A+     reviewPreparationDone,%0A+     reviewPreparationPromiseRef,%0A+     deferredImportBatch,%0A+     setDeferredImportBatch,%0A+     importDroppedPaths,%0A+     cancelPendingReviewWork,%0A+     completeImmediateReviewPreparation,%0A+   } = useImportDiscovery({%0A+     dropImporting,%0A+     setDropImporting,%0A+     rejectOfflineMutation,%0A+     setDropActive,%0A+     setShowAdd,%0A+     setReviewQueue,%0A+     skippedReviewSourceKeysRef,%0A+     stagedImportPathsRef,%0A+     skeletonEnabled: REVIEW_SKELETON_ENABLED,%0A+   });%0A+%0A+   const {%0A+     backgroundUploadErrors,%0A+     cloudifyImportedBeats,%0A+     retryBackgroundUpload,%0A+     getQueuedBeatsSnapshot,%0A+     deferLibraryReloadIfUploading,%0A+     deferredLibraryReloadRef,%0A+   } = useCloudUploadQueue({%0A+     settings,%0A+     setSettings,%0A+     setConnectionState,%0A+     setBeats,%0A+     beatsLatestRef,%0A+     beatRuntimeStatesRef,%0A+     transitionRuntime,%0A+     cloudLibrarySnapshotRef,%0A+     waitForUploadedBeatPlaybackReady,%0A+     rejectOfflineMutation,%0A+     isReviewActive: () => reviewQueueLatestRef.current !== null,%0A+     hasProtectedStaging: () => stagedImportPathsRef.current.size > 0,%0A+   });%0A+%0A+%0A+   const { libraryRefreshing, reloadLibrary } = useLibraryReload({%0A+     telegramCloudConnected: Boolean(settings?.telegram_cloud_connected),%0A+     beatsLatestRef,%0A+     setBeats,%0A+     setConnectionState,%0A+     setCloudSessionVerified,%0A+     cloudMetaSnapshotRef,%0A+     cloudLibrarySnapshotRef,%0A+     startupCookingResolvedRef,%0A+     startupPipelineStartedRef,%0A+     progressiveRevealRunRef,%0A+     setRevealedBeatIds,%0A+     setStartupCookingGate,%0A+     setLoading,%0A+     deferLibraryReloadIfUploading,%0A+   });%0A+%0A+   const { interruptedUploadNotices, dismissInterruptedUploadNotices } = useStartupBootstrap({%0A+     startupCachedBeatsRef,%0A+     cloudMetaSnapshotRef,%0A+     cloudLibrarySnapshotRef,%0A+     startupCookingResolvedRef,%0A+     startupPipelineStartedRef,%0A+     startupEnginePrimeReadyRef,%0A+     progressiveRevealRunRef,%0A+     setBeats,%0A+     setSettings,%0A+     setSetupDone,%0A+     setLoading,%0A+     setConnectionState,%0A+     setCloudSessionVerified,%0A+     setStartupCookingGate,%0A+     setRevealedBeatIds,%0A+     clearReconciledTrashRuntimeStates,%0A+     dismissStartupLoader: dismissBeatGalerStartupLoader,%0A+   });%0A+%0A+%0A+ useConnectivity({%0A+   setupDone,%0A+   setConnectionState,%0A+   setCloudSessionVerified,%0A+   setSettings,%0A+   setBeats,%0A+   cloudMetaSnapshotRef,%0A+   cloudLibrarySnapshotRef,%0A+   startupCookingResolvedRef,%0A+   startupPipelineStartedRef,%0A+   startupEnginePrimeReadyRef,%0A+   progressiveRevealRunRef,%0A+   clearReconciledTrashRuntimeStates,%0A+   clearPlaybackPreparation,%0A+   clearArtworkHydration,%0A+   setStartupCookingGate,%0A+ });%0A+%0A+   useCustomCursor(settings?.custom_cursor_enabled ?? true);%0A+%0A+%0A+%0A+ // BeatGaler synchronization remains push-based. SSE only notifies the app;%0A+ // the extracted owner verifies authority before hydrating library state.%0A+ useCloudLibraryEvents({%0A+   setupDone,%0A+   beatgalerUserId: settings?.beatgaler_user_id ?? null,%0A+   setConnectionState,%0A+   setCloudSessionVerified,%0A+   setSettings,%0A+   setBeats,%0A+   cloudMetaSnapshotRef,%0A+   cloudLibrarySnapshotRef,%0A+   visibleLibraryFingerprintRef,%0A+   startupCookingResolvedRef,%0A+   startupPipelineStartedRef,%0A+   startupEnginePrimeReadyRef,%0A+   progressiveRevealRunRef,%0A+   clearReconciledTrashRuntimeStates,%0A+   clearArtworkHydration,%0A+   clearPlaybackPreparation,%0A+   setStartupCookingGate,%0A+ });%0A+%0A+   useLibraryPresentationCache(%0A+     beats,%0A+     cloudSessionVerified,%0A+     settings,%0A+   );%0A+%0A+   useEffect(() => {%0A+     visibleLibraryFingerprintRef.current = libraryViewFingerprint(beats);%0A+     beatsLatestRef.current = beats;%0A+   }, [beats]);%0A+%0A+%0A+%0A+   // One-time recovery for a cloud-only library after Telegram login/startup.%0A+   // No timer, no permanent synchronization.%0A+   const beatGalerCloudRecoveryAttemptedRef = useRef(false);%0A+%0A+   const recoverTelegramLibraryOnceIfEmpty = useCallback(async () => {%0A+     if (beatGalerCloudRecoveryAttemptedRef.current) return;%0A+     if (beats.length !== 0) return;%0A+%0A+     beatGalerCloudRecoveryAttemptedRef.current = true;%0A+     try {%0A+       const restored = await libraryStateManager.reloadAuthoritative();%0A+       if (restored.length > 0) {%0A+         setBeats(current => current.length === 0 ? restored : current);%0A+       }%0A+     } catch (error) {%0A+       console.warn("Telegram library one-time recovery skipped:", error);%0A+     }%0A+   }, [beats.length]);%0A+%0A+   // IMPORTANT: an empty library is a valid, authoritative state (for example%0A+   // immediately after Remove All). Never infer "Telegram recovery" merely from%0A+   // beats.length === 0; doing so races the pending trash/index commit and can%0A+   // resurrect the just-removed cards with their artwork unloaded. Recovery is%0A+   // only allowed from explicit Telegram connection/startup flows below.%0A+%0A+   useEffect(() => {%0A+     const onTelegramConnected = (event: Event) => {%0A+       const detail = (event as CustomEvent<{ connected?: boolean; username?: string | null }>).detail;%0A+       if (!detail?.connected) return;%0A+%0A+       setSettings(current => current ? {%0A+         ...current,%0A+         telegram_cloud_connected: true,%0A+         telegram_cloud_username: detail.username ?? current.telegram_cloud_username ?? null,%0A+       } : current);%0A+%0A+       void recoverTelegramLibraryOnceIfEmpty();%0A+     };%0A+%0A+     window.addEventListener("beatgaler:telegram-connected", onTelegramConnected);%0A+     return () => window.removeEventListener("beatgaler:telegram-connected", onTelegramConnected);%0A+   }, [recoverTelegramLibraryOnceIfEmpty]);%0A+%0A+   // Global keyboard shortcuts — stable handler via ref%0A+   useEffect(() => {%0A+     const handler = (e: KeyboardEvent) => {%0A+       const tag = (e.target as HTMLElement).tagName;%0A+       const isTyping = tag === "INPUT" || tag === "TEXTAREA";%0A+       if (e.key === "Escape") {%0A+         // Prevent Escape from leaving a focus ring or text selection behind%0A+         // on whatever element/button was last interacted with.%0A+         (document.activeElement as HTMLElement | null)?.blur();%0A+         window.getSelection()?.removeAllRanges();%0A+         clearSelection();%0A+         setDrawer(null);%0A+         setShowAdd(false);%0A+         setShowSettings(false);%0A+         closeQueue();%0A+         setShowUpload(null);%0A+       }%0A+       if (e.key === " " && !isTyping) { e.preventDefault(); togglePauseRef.current(); }%0A+     };%0A+     window.addEventListener("keydown", handler);%0A+     return () => window.removeEventListener("keydown", handler);%0A+   }, []); // empty deps — safe because we use ref%0A+%0A+   const handleUpload = useCallback((beat: Beat) => {%0A+     if (rejectOfflineMutation("Uploading to YouTube")) return;%0A+     setShowUpload({ initialBeat: beat, selectedIds: undefined });%0A+   }, [rejectOfflineMutation]);%0A+%0A+   const handleUploadTelegram = useCallback(async (beat: Beat) => {%0A+     if (rejectOfflineMutation("Uploading a beat")) return;%0A+     const existingCloudBeat = Boolean(beat.telegram_file_id);%0A+     transitionRuntime(beat.id, { type: existingCloudBeat ? "SYNC_QUEUE_UPDATE" : "SYNC_QUEUE_UPLOAD" }, beat);%0A+     transitionRuntime(beat.id, { type: existingCloudBeat ? "SYNC_UPDATE_STARTED" : "SYNC_UPLOAD_STARTED" }, beat);%0A+     try {%0A+       const updated = await uploadBeatToTelegram(beat);%0A+       await syncBeatMetadataToTelegram(updated);%0A+       transitionRuntime(updated.id, { type: existingCloudBeat ? "SYNC_UPDATE_SUCCEEDED" : "SYNC_UPLOAD_SUCCEEDED" }, updated);%0A+       setBeats(bs => bs.map(b => b.id === updated.id ? updated : b));%0A+     } catch (e: any) {%0A+       const message = sanitizeUserVisibleText(runtimeErrorMessage(e), "Cloud operation failed.");%0A+       if (existingCloudBeat && isRuntimeConflictError(e)) {%0A+         transitionRuntime(beat.id, { type: "SYNC_CONFLICT", message }, beat);%0A+       } else {%0A+         transitionRuntime(beat.id, { type: "SYNC_FAILED", code: "TELEGRAM_UPLOAD_FAILED", message, retryable: true }, beat);%0A+       }%0A+       await appAlert({%0A+         title: "Cloud upload failed",%0A+         message,%0A+         danger: true,%0A+       });%0A+     }%0A+   }, [rejectOfflineMutation, transitionRuntime]);%0A+%0A+   const handleDownloadTelegram = useCallback(async (_beat: Beat) => {%0A+     await appAlert({%0A+       title: "Cloud-only library",%0A+       message: "Files are fetched into temporary storage automatically when needed.",%0A+     });%0A+   }, []);%0A+%0A+   const handleUploadBulk = useCallback(() => {%0A+     if (rejectOfflineMutation("Bulk upload")) return;%0A+     setShowUpload({ initialBeat: null, selectedIds: Array.from(selectedIds) });%0A+   }, [selectedIds, rejectOfflineMutation]);%0A+%0A+   const handleEditBulk = useCallback(() => {%0A+     if (rejectOfflineMutation("Editing metadata")) return;%0A+     const firstSelected = beats.find(b => selectedIds.has(b.id));%0A+     if (firstSelected) setDrawer({ beat: firstSelected, mode: "edit" });%0A+   }, [beats, selectedIds, rejectOfflineMutation]);%0A+%0A+   const { deleteBeat, handleRemoveBulk, handleBeatRestored } = useTrashActions({%0A+     beats,%0A+     setBeats,%0A+     beatsLatestRef,%0A+     selectedIds,%0A+     clearSelection,%0A+     connectionState,%0A+     audioPlayingId: audio.playingId,%0A+     releaseFile,%0A+     beatRuntimeStatesRef,%0A+     transitionRuntime,%0A+     forgetRuntimeState,%0A+     cloudMetaSnapshotRef,%0A+     cloudLibrarySnapshotRef,%0A+     invalidateArtworkHydration,%0A+     ensureArtworkReady,%0A+   });%0A+%0A+   const addBeats = useCallback((newBeats: Beat[]) => {%0A+     setBeats(bs => {%0A+       const existing = new Set(bs.map(b => b.mp3_path));%0A+       const next = [...newBeats.filter(b => !existing.has(b.mp3_path)), ...bs];%0A+       beatsLatestRef.current = next;%0A+       return next;%0A+     });%0A+   }, []);%0A+%0A+   const addBeatsAndReview = useCallback((newBeats: Beat[]) => {%0A+     if (newBeats.length === 0) return;%0A+     if (connectionState !== "online") {%0A+       void appAlert({%0A+         title: "Internet connection required",%0A+         message: "BeatGaler does not import new beats while offline. Reconnect and import them again.",%0A+       });%0A+       void cleanupOrphanedDropStaging(beatsLatestRef.current);%0A+       return;%0A+     }%0A+     const sanitized = newBeats.map(beat => ({ ...beat, tags: cleanTags(beat.tags || []).tags }));%0A+%0A+     // Review candidates are NOT library beats yet.%0A+     // Keeping them out of `beats` means:%0A+     // 1) Cancel leaves absolutely nothing behind.%0A+     // 2) duplicate-name checks compare only against committed library items.%0A+     // 3) a re-dropped folder can never masquerade as an edit of the existing beat.%0A+     setShowAdd(false);%0A+     startReview(sanitized);%0A+     // Upload begins only after Review → Save.%0A+   }, [connectionState, startReview]);%0A+%0A+ const {%0A+   skipCurrentReviewBeat,%0A+   cancelReview,%0A+   handleReviewedBeatSaved,%0A+ } = useImportReview({%0A+   setBeats,%0A+   beatsLatestRef,%0A+   setReviewQueue,%0A+   skippedReviewSourceKeysRef,%0A+   cloudifyImportedBeats,%0A+   getQueuedBeatsSnapshot,%0A+   onCancelPendingWork: cancelPendingReviewWork,%0A+   releaseBeat: platform.capabilities.reviewBeatCloudCommit%0A+     ? beatId => platform.importer.releaseBeat(beatId)%0A+     : undefined,%0A+   discardBatch: batchId => discardImportReviewBatch(batchId),%0A+   cleanupStaging: protectedBeats => cleanupOrphanedDropStaging(protectedBeats),%0A+ });%0A+%0A+   const {%0A+     audioConflictBatch,%0A+     dropImportBatch,%0A+     resetImportResolutionState,%0A+     handleReviewedSaveAll,%0A+     cancelAudioConflicts,%0A+     resolveAudioConflicts,%0A+     closeImportDecisions,%0A+     importResolvedDecisions,%0A+   } = useImportSaveAll({%0A+     setBeats,%0A+     beatsLatestRef,%0A+     reviewQueue,%0A+     setReviewQueue,%0A+     reviewQueueLatestRef,%0A+     reviewBootstrap,%0A+     reviewPreparationDone,%0A+     reviewPreparationPromiseRef,%0A+     deferredImportBatch,%0A+     setDeferredImportBatch,%0A+     stagedImportPathsRef,%0A+     setDropImporting,%0A+     cloudifyImportedBeats,%0A+     addBeatsAndReview,%0A+   });%0A+%0A+   const { importDroppedBrowserFiles } = useBrowserImport({%0A+     dropImporting,%0A+     setDropImporting,%0A+     rejectOfflineMutation,%0A+     setDropActive,%0A+     setShowAdd,%0A+     setReviewQueue,%0A+     completeImmediateReviewPreparation,%0A+     resetImportResolutionState,%0A+   });%0A+%0A+   const updateExistingBeatFromFolder = useCallback(async (beat: Beat, folderPath: string): Promise<boolean> => {%0A+     if (rejectOfflineMutation("Updating beat files")) return true;%0A+     if (isBackupFolderPath(folderPath)) {%0A+       await appAlert({%0A+         title: "Backup folder skipped",%0A+         message: "BeatGaler keeps Backup/Backups folders out of PROJECT.zip so old project copies are not uploaded.",%0A+       });%0A+       return true;%0A+     }%0A+%0A+     const t = await import("./lib/tauri");%0A+%0A+     let preview;%0A+     try {%0A+       preview = await t.inspectBeatUpdateFolder(folderPath);%0A+     } catch {%0A+       return false;%0A+     }%0A+%0A+     let replaceMaster = false;%0A+     if (preview.has_mp3) {%0A+       const alreadyHasMaster = Boolean(beat.telegram_file_id) || Boolean(beat.mp3_path?.trim());%0A+       if (alreadyHasMaster) {%0A+         const incoming = preview.mp3_filename || "the incoming MP3";%0A+         const confirmed = window.confirm(%0A+           `Replace current MASTER for "${beat.name}"?\n\n` +%0A+           `${incoming} will become the new MASTER.\n` +%0A+           `Its BPM, key, tags, rating and artwork will replace the current metadata.\n\n` +%0A+           `WAV and project files from this folder will also be added or updated.`%0A+         );%0A+         if (!confirmed) return true;%0A+       }%0A+       replaceMaster = true;%0A+     }%0A+%0A+     setBeatCloudUpdateBusy(beat.id, true);%0A+     const runtime = beatRuntimeStatesRef.current[beat.id] ?? createBeatRuntimeState(beat);%0A+     if (runtime.sync_state === "synced") transitionRuntime(beat.id, { type: "SYNC_QUEUE_UPDATE" }, beat);%0A+     transitionRuntime(beat.id, { type: "SYNC_UPDATE_STARTED" }, beat);%0A+     try {%0A+       let updated = await t.mergeFolderIntoExistingBeat(beat, folderPath, replaceMaster);%0A+       setBeats(bs => bs.map(b => b.id === beat.id ? updated : b));%0A+%0A+       if (replaceMaster) {%0A+         updated = await t.uploadBeatToTelegram(updated);%0A+         setBeats(bs => bs.map(b => b.id === beat.id ? updated : b));%0A+       }%0A+%0A+       if (preview.has_wav && updated.wav_path) {%0A+         await t.uploadDroppedFileToTelegram(updated, updated.wav_path, "WAV");%0A+       }%0A+%0A+       if (preview.has_project_assets) {%0A+         await t.uploadProjectToTelegram(updated);%0A+       }%0A+%0A+       if (replaceMaster && updated.telegram_file_id) {%0A+         await t.syncBeatMetadataToTelegram(updated);%0A+       }%0A+%0A+       window.dispatchEvent(new CustomEvent("beatgaler:project-cloud-updated", { detail: { beatId: beat.id } }));%0A+       await libraryStateManager.commitSnapshot(beatsLatestRef.current.map(item => item.id === beat.id ? updated : item), "metadata-update");%0A+       transitionRuntime(beat.id, { type: "SYNC_UPDATE_SUCCEEDED" }, updated);%0A+       setBeats(bs => bs.map(b => b.id === beat.id ? updated : b));%0A+       return true;%0A+     } catch (error) {%0A+       console.error(error);%0A+       const message = sanitizeUserVisibleText(runtimeErrorMessage(error), "Cloud operation failed.");%0A+       if (isRuntimeConflictError(error)) transitionRuntime(beat.id, { type: "SYNC_CONFLICT", message }, beat);%0A+       else transitionRuntime(beat.id, { type: "SYNC_FAILED", code: "FOLDER_UPDATE_FAILED", message, retryable: true }, beat);%0A+       alert(`Could not update "${beat.name}" from the dropped folder: ${message}`);%0A+       return true;%0A+     } finally {%0A+       setBeatCloudUpdateBusy(beat.id, false);%0A+     }%0A+   }, [rejectOfflineMutation, transitionRuntime]);%0A+%0A+   const { commitDrawerCloudMutation } = useDrawerCloudPersistence({%0A+   beats,%0A+   browserCloudEditing: platform.capabilities.browserCloudEditing,%0A+   connectionState,%0A+   cloudSessionVerified,%0A+   beatsLatestRef,%0A+   beatRuntimeStatesRef,%0A+   transitionRuntime,%0A+   cloudMetaSnapshotRef,%0A+   cloudLibraryTimerRef,%0A+   cloudLibrarySnapshotRef,%0A+ });%0A+%0A+   // V7: INDEX writes are explicit transactions only.%0A+   // There is deliberately no generic "beats changed => rewrite Telegram" observer.%0A+   // Upload, metadata, Trash/Restore and project/file operations commit through%0A+   // libraryStateManager at their actual logical commit boundary. This prevents%0A+   // render/cache hydration from becoming an accidental cloud mutation.%0A+%0A+   const {%0A+     handleIncompleteWarningsChanged,%0A+     handleCustomCursorChanged,%0A+     handleFolderChanged,%0A+     handleDisconnectTelegramAccount,%0A+   } = useSessionActions({%0A+     setSettings,%0A+     setCloudSessionVerified,%0A+     logoutAccount: logoutBeatGalerAccount,%0A+     releaseFile,%0A+     progressiveRevealRunRef,%0A+     clearPlaybackPreparation,%0A+     clearArtworkHydration,%0A+     setRevealedBeatIds,%0A+     setBeats,%0A+     clearSelection,%0A+   });%0A+%0A+   const updateBeat = useCallback((updated: Beat) => {%0A+     if (updated.telegram_file_id && connectionState === "online") {%0A+       const runtime = beatRuntimeStatesRef.current[updated.id] ?? createBeatRuntimeState(updated);%0A+       if (runtime.sync_state === "synced") transitionRuntime(updated.id, { type: "SYNC_QUEUE_UPDATE" }, updated);%0A+     }%0A+     setBeats(bs => bs.map(b => b.id === updated.id ? updated : b));%0A+     if (drawer?.beat.id === updated.id) setDrawer(d => d ? { ...d, beat: updated } : null);%0A+   }, [connectionState, drawer, transitionRuntime]);%0A+%0A+%0A+%0A+   const handleDropArtwork = useCallback(async (beat: Beat, imageBase64: string) => {%0A+     if (rejectOfflineMutation("Changing artwork")) return;%0A+%0A+     const updated = { ...beat, image_base64: imageBase64, image_preview_base64: null };%0A+%0A+     if (platform.capabilities.browserCloudEditing) {%0A+       // Publish the browser-decoded artwork immediately, then commit it through%0A+       // the Web editor/Direct transport. No Tauri metadata path participates.%0A+       updateBeat(updated);%0A+       transitionRuntime(updated.id, { type: "SYNC_UPDATE_STARTED" }, updated);%0A+       try {%0A+         const committed = await platform.editor.commit(beat, updated, {});%0A+         setBeats(current => {%0A+           const next = current.map(item => item.id === committed.id ? committed : item);%0A+           beatsLatestRef.current = next;%0A+           return next;%0A+         });%0A+         setDrawer(current => current?.beat.id === committed.id ? { ...current, beat: committed } : current);%0A+         transitionRuntime(updated.id, { type: "SYNC_UPDATE_SUCCEEDED" }, committed);%0A+       } catch (error) {%0A+         const message = sanitizeUserVisibleText(runtimeErrorMessage(error), "Cloud operation failed.");%0A+         transitionRuntime(updated.id, { type: "SYNC_FAILED", code: "ARTWORK_SYNC_FAILED", message, retryable: true }, updated);%0A+         throw error;%0A+       }%0A+       return;%0A+     }%0A+%0A+     // Desktop keeps its existing native metadata/artwork transaction.%0A+     await saveBeatMeta({%0A+       mp3_path: beat.mp3_path,%0A+       wav_path: beat.wav_path,%0A+       bpm: beat.bpm,%0A+       key: beat.key,%0A+       tags: beat.tags,%0A+       rating: beat.rating,%0A+       image_base64: imageBase64,%0A+       update_filename: false,%0A+     });%0A+%0A+     updateBeat(updated);%0A+%0A+     if (updated.telegram_file_id && connectionState === "online") {%0A+       const runtime = beatRuntimeStatesRef.current[updated.id] ?? createBeatRuntimeState(updated);%0A+       if (runtime.sync_state === "synced") transitionRuntime(updated.id, { type: "SYNC_QUEUE_UPDATE" }, updated);%0A+       transitionRuntime(updated.id, { type: "SYNC_UPDATE_STARTED" }, updated);%0A+       try {%0A+         await syncBeatMetadataToTelegram(updated);%0A+         const indexSnapshot = beatsLatestRef.current.map(item => item.id === updated.id ? updated : item);%0A+         await libraryStateManager.commitSnapshot(indexSnapshot, "upload-batch");%0A+         if (cloudLibraryTimerRef.current) {%0A+           window.clearTimeout(cloudLibraryTimerRef.current);%0A+           cloudLibraryTimerRef.current = null;%0A+         }%0A+         cloudLibrarySnapshotRef.current = indexSnapshot%0A+           .filter(item => !!item.telegram_file_id)%0A+           .map(cloudBeatFingerprint)%0A+           .join("\u001c");%0A+         cloudMetaSnapshotRef.current?.set(updated.id, cloudBeatFingerprint(updated));%0A+         transitionRuntime(updated.id, { type: "SYNC_UPDATE_SUCCEEDED" }, updated);%0A+       } catch (error) {%0A+         const message = sanitizeUserVisibleText(runtimeErrorMessage(error), "Cloud operation failed.");%0A+         transitionRuntime(updated.id, { type: "SYNC_FAILED", code: "ARTWORK_SYNC_FAILED", message, retryable: true }, updated);%0A+         throw error;%0A+       }%0A+     }%0A+   }, [updateBeat, rejectOfflineMutation, connectionState, transitionRuntime]);%0A+%0A+%0A+   const {%0A+     runBeatCloudUpdate,%0A+     startMasterAssetUpdate,%0A+     startWavAssetUpdate,%0A+     handleBrowserBeatAssetDrop,%0A+   } = useBeatAssetUpdates({%0A+     rejectOfflineMutation,%0A+     setBeatFileDrop,%0A+     setBeatCloudUpdateBusy,%0A+     beatRuntimeStatesRef,%0A+     transitionRuntime,%0A+     beatsLatestRef,%0A+     cloudLibrarySnapshotRef,%0A+     setBeats,%0A+     setDrawer,%0A+     waitForUploadedBeatPlaybackReady,%0A+   });%0A+%0A+   const {%0A+     openableCloudProjectIds,%0A+     projectUpdateNotice,%0A+     dismissProjectUpdateNotice,%0A+     hasStoredProject,%0A+     startProjectAssetUpdate,%0A+     handleAutoProjectDrop,%0A+     handleBrowserProjectDrop,%0A+     handleUploadProjectTelegram,%0A+     handleOpenProject,%0A+     handleUpdateProject,%0A+   } = useBeatProjects({%0A+     beats,%0A+     connectionState,%0A+     rejectOfflineMutation,%0A+     transitionRuntime,%0A+     beatsLatestRef,%0A+     setBeats,%0A+     setDrawer,%0A+     runBeatCloudUpdate,%0A+     setBeatCloudUpdateBusy,%0A+   });%0A+%0A+   const handleDroppedBeatFileRole = useCallback(async (role: DroppedBeatFileRole) => {%0A+     if (!beatFileDrop) return;%0A+     const { beat, filePath } = beatFileDrop;%0A+     const ext = extensionFromPath(filePath);%0A+%0A+     if (role === "loop" || role === "stems") return;%0A+%0A+     if (role === "main") {%0A+       if (ext !== "mp3") return;%0A+       startMasterAssetUpdate(beat, filePath);%0A+       return;%0A+     }%0A+%0A+     if (role === "wav") {%0A+       if (ext !== "wav") return;%0A+       startWavAssetUpdate(beat, filePath);%0A+       return;%0A+     }%0A+%0A+     if (role === "projectFolder") {%0A+       const existing = await hasStoredProject(beat).catch(() => false);%0A+       if (!existing) {%0A+         await cleanupStagedDropPaths([filePath]).catch(() => {});%0A+         setBeatFileDrop(null);%0A+         await appAlert({%0A+           title: "Project file required",%0A+           message: "Add a .flp, .als, .logicx, .ptx/.ptf file or a valid PROJECT ZIP first. Then folders can be added to that PROJECT.zip using their original folder name.",%0A+         });%0A+         return;%0A+       }%0A+       startProjectAssetUpdate(beat, filePath, "projectFolder");%0A+     }%0A+   }, [beatFileDrop, hasStoredProject, startMasterAssetUpdate, startProjectAssetUpdate, startWavAssetUpdate]);%0A+%0A+%0A+   useHtmlLibraryDrop({%0A+     nativeDropAvailable: isTauriAvailable,%0A+     browserFileImport: platform.capabilities.browserFileImport,%0A+     reviewSkeletonEnabled: REVIEW_SKELETON_ENABLED,%0A+     beatsLatestRef,%0A+     setDropActive,%0A+     setBeatCloudUpdateBusy,%0A+     setBeatFileDrop,%0A+     setLibraryDropStaging,%0A+     handleDropArtwork,%0A+     handleAutoProjectDrop,%0A+     handleBrowserBeatAssetDrop,%0A+     handleBrowserProjectDrop,%0A+     importDroppedBrowserFiles,%0A+     importDroppedPaths,%0A+   });%0A+%0A+   useNativeLibraryDrop({%0A+     nativeDropAvailable: isTauriAvailable,%0A+     reviewSkeletonEnabled: REVIEW_SKELETON_ENABLED,%0A+     beatsLatestRef,%0A+     setDropActive,%0A+     setBeatCloudUpdateBusy,%0A+     setBeatFileDrop,%0A+     setLibraryDropStaging,%0A+     handleDropArtwork,%0A+     handleAutoProjectDrop,%0A+     importDroppedPaths,%0A+   });%0A+%0A+   const applyBulkUpdate = useCallback((updates: Partial<Beat>, options?: { tagsMode?: "add" | "replace" | "remove" }) => {%0A+     setBeats(bs => bs.map(b => {%0A+       if (!selectedIds.has(b.id)) return b;%0A+       if (!updates.tags) return { ...b, ...updates };%0A+%0A+       const normalizedInput = Array.from(new Set(%0A+         updates.tags.map(t => t.trim().toLowerCase()).filter(Boolean)%0A+       ));%0A+%0A+       if (options?.tagsMode === "replace") {%0A+         return { ...b, ...updates, tags: normalizedInput };%0A+       }%0A+%0A+       if (options?.tagsMode === "remove") {%0A+         const removeSet = new Set(normalizedInput);%0A+         const remainingTags = b.tags.filter(tag => !removeSet.has(tag.trim().toLowerCase()));%0A+         return { ...b, ...updates, tags: remainingTags };%0A+       }%0A+%0A+       const mergedTags = Array.from(new Set(%0A+         [...b.tags, ...normalizedInput].map(t => t.trim().toLowerCase()).filter(Boolean)%0A+       ));%0A+       return { ...b, ...updates, tags: mergedTags };%0A+     }));%0A+     clearSelection();%0A+   }, [selectedIds]);%0A+%0A+%0A+   const tagColors = useTagColors();%0A+%0A+ const handleTagClick = useCallback((tag: string, e: React.MouseEvent) => {%0A+   toggleTagFilter(tag, e.altKey ? "exclude" : "include");%0A+ }, [toggleTagFilter]);%0A+%0A+   const tagFrequency = useMemo(() => selectTagFrequency(beats), [beats]);%0A+   const allTags = useMemo(() => selectAllTags(beats, tagFrequency), [beats, tagFrequency]);%0A+   const tagSuggestions = useMemo(() => selectTagSuggestions(beats), [beats]);%0A+   const displayedBeats = filteredBeats.filter(beat => revealedBeatIds.has(beat.id));%0A+%0A+   const {%0A+     shuffleEnabled,%0A+     repeatMode,%0A+     showQueue,%0A+     queuedBeats,%0A+     addToQueue,%0A+     handleNext,%0A+     handlePrev,%0A+     closeQueue,%0A+     toggleQueue,%0A+     toggleShuffle,%0A+     cycleRepeat,%0A+     playQueueIndex,%0A+   } = usePlaybackQueue({%0A+     beats,%0A+     displayedBeats,%0A+     playingId: audio.playingId,%0A+     progress: audio.progress,%0A+     endedSeq: audio.endedSeq,%0A+     handlePlay,%0A+     seek,%0A+     releaseFile,%0A+   });%0A+%0A+%0A+%0A+   const currentBeat = beats.find(b => b.id === audio.playingId);%0A+   const selectedBeats = beats.filter(b => selectedIds.has(b.id));%0A+   const activeDragBeat = activeDragId ? beats.find(b => b.id === activeDragId) ?? null : null;%0A+%0A+   return (%0A+     <div%0A+       style={{ height: "100vh", display: "flex", flexDirection: "column", background: "#0c0c0c", overflow: "hidden" }}%0A+     >%0A+       {(connectionState === "poor" || connectionState === "offline") && (%0A+         <div style={{%0A+           position: "fixed", top: 62, left: "50%25", transform: "translateX(-50%25)", zIndex: 20200,%0A+           maxWidth: "min(620px, calc(100vw - 36px))", padding: "10px 14px", borderRadius: 10,%0A+           border: "1px solid #7a6525", background: "#302913", color: "#f0d77d",%0A+           boxShadow: "0 12px 34px rgba(0,0,0,.4)", fontSize: 11.5, lineHeight: 1.4, textAlign: "center",%0A+         }}>%0A+           {connectionState === "offline"%0A+             ? "You're offline. This session can keep using already prepared audio; after restart only beats with the green Offline check are shown."%0A+             : "Poor connection. BeatGaler is retrying automatically; cloud actions may take longer."}%0A+         </div>%0A+       )}%0A+       {cloudFilesDownloadError && (%0A+         <div style={{%0A+           position: "fixed", top: 62, right: 18, zIndex: 20140, width: 360, maxWidth: "calc(100vw - 36px)",%0A+           padding: "12px 42px 12px 14px", borderRadius: 10, border: "1px solid #7a2525",%0A+           background: "#351414", color: "#ffd7d7", boxShadow: "0 14px 44px rgba(0,0,0,.65)",%0A+           fontSize: 12, lineHeight: 1.5,%0A+         }}>%0A+           <button%0A+             type="button"%0A+             aria-label="Close download error"%0A+             onClick={dismissDownloadError}%0A+             style={{%0A+               position: "absolute", top: 8, right: 8, width: 24, height: 24, border: "none",%0A+               borderRadius: 6, background: "transparent", color: "#ff9d9d", cursor: "pointer",%0A+               fontSize: 16, lineHeight: "24px", padding: 0, textAlign: "center",%0A+             }}%0A+           >×</button>%0A+           <div style={{ fontWeight: 700, marginBottom: 3 }}>Download failed</div>%0A+           <div>{cloudFilesDownloadError}</div>%0A+         </div>%0A+       )}%0A+       {projectUpdateNotice && (%0A+         <div style={{%0A+           position: "fixed", top: cloudDownloadNotice ? 116 : 62, right: 18, zIndex: 20130,%0A+           width: 360, maxWidth: "calc(100vw - 36px)", padding: "11px 38px 11px 14px",%0A+           borderRadius: 10, border: "1px solid #66521f", background: "#2d2714",%0A+           color: "#f1d783", boxShadow: "0 14px 44px rgba(0,0,0,.45)", fontSize: 12, lineHeight: 1.45,%0A+         }}>%0A+           <button%0A+             type="button"%0A+             aria-label="Close project notice"%0A+             onClick={dismissProjectUpdateNotice}%0A+             style={{%0A+               position: "absolute", top: 7, right: 8, width: 24, height: 24, border: "none",%0A+               borderRadius: 6, background: "transparent", color: "#d8bd67", cursor: "pointer",%0A+               fontSize: 16, lineHeight: "24px", padding: 0, textAlign: "center",%0A+             }}%0A+           >×</button>%0A+           <div style={{ fontWeight: 700, marginBottom: 2 }}>Project notice</div>%0A+           <div>{projectUpdateNotice}</div>%0A+         </div>%0A+       )}%0A+       {cloudDownloadNotice && (%0A+         <div style={{%0A+           position: "fixed", top: 62, right: 18, zIndex: 20120, width: 340, maxWidth: "calc(100vw - 36px)",%0A+           padding: "11px 14px", borderRadius: 10,%0A+           border: cloudDownloadNotice.status === "completed" ? "1px solid #257a3d" : "1px solid #303030",%0A+           background: cloudDownloadNotice.status === "completed" ? "#12351d" : "#171717",%0A+           color: cloudDownloadNotice.status === "completed" ? "#8ff0aa" : "#e8e8e8",%0A+           boxShadow: "0 14px 44px rgba(0,0,0,.45)", fontSize: 12, lineHeight: 1.45,%0A+         }}>%0A+           {cloudDownloadNotice.status === "downloading" ? (%0A+             cloudDownloadNotice.kind === "ALL"%0A+               ? <>Downloading everything from &quot;{cloudDownloadNotice.beatName}&quot;...</>%0A+               : cloudDownloadNotice.kind === "PROJECT"%0A+                 ? <>Downloading Full Project from &quot;{cloudDownloadNotice.beatName}&quot;...</>%0A+                 : <>Downloading {cloudDownloadNotice.kind} from &quot;{cloudDownloadNotice.beatName}&quot;...</>%0A+           ) : (%0A+             cloudDownloadNotice.kind === "ALL"%0A+               ? <>Downloaded everything from &quot;{cloudDownloadNotice.beatName}&quot;.</>%0A+               : cloudDownloadNotice.kind === "PROJECT"%0A+                 ? <>Downloaded Full Project from &quot;{cloudDownloadNotice.beatName}&quot;.</>%0A+                 : <>Downloaded {cloudDownloadNotice.kind} from &quot;{cloudDownloadNotice.beatName}&quot;.</>%0A+           )}%0A+         </div>%0A+       )}%0A+       {interruptedUploadNotices.length > 0 && (%0A+         <div style={{%0A+           position: "fixed", top: 62, right: 18, zIndex: 20000, width: 360, maxWidth: "calc(100vw - 36px)",%0A+           padding: "12px 42px 12px 14px", borderRadius: 10, border: "1px solid #7a2525",%0A+           background: "#351414", color: "#ffd7d7", boxShadow: "0 14px 44px rgba(0,0,0,.55)",%0A+           fontSize: 12, lineHeight: 1.5,%0A+         }}>%0A+           <button%0A+             type="button"%0A+             aria-label="Close notification"%0A+             title="Close"%0A+             onClick={dismissInterruptedUploadNotices}%0A+             style={{%0A+               position: "absolute", top: 8, right: 8, width: 24, height: 24, border: "none",%0A+               borderRadius: 6, background: "transparent", color: "#ff9d9d", cursor: "pointer",%0A+               fontSize: 16, lineHeight: "24px", padding: 0, textAlign: "center",%0A+             }}%0A+           >%0A+             ×%0A+           </button>%0A+           {interruptedUploadNotices.map(name => (%0A+             <div key={name}>Your last upload of &quot;{name}&quot; was interrupted. The incomplete upload was removed.</div>%0A+           ))}%0A+         </div>%0A+       )}%0A+       {/* Top bar */}%0A+       <div style={{ display: "flex", justifyContent: "space-between", alignItems: "center", padding: "0 24px", height: 50, flexShrink: 0, borderBottom: "1px solid #111" }}>%0A+         <span style={{ fontWeight: 400, fontSize: 14, color: "#aaa", letterSpacing: 0.3 }}>beat galer</span>%0A+         <div style={{ display: "flex", gap: 4, alignItems: "center" }}>%0A+           <SearchBar value={search} onChange={setSearch} />%0A+           <SortMenu value={sortBy} onChange={setSortBy} />%0A+           {/* Settings gear */}%0A+           <button%0A+             onClick={() => setShowSettings(true)}%0A+             title="Settings"%0A+             style={{ width: 32, height: 32, borderRadius: 8, background: "transparent", border: "none", color: "#444", cursor: "pointer", display: "flex", alignItems: "center", justifyContent: "center", fontSize: 15 }}%0A+             onMouseEnter={e => (e.currentTarget.style.color = "#aaa")}%0A+             onMouseLeave={e => (e.currentTarget.style.color = "#444")}%0A+           >%0A+             <svg width="15" height="15" viewBox="0 0 24 24" fill="none" aria-hidden="true">%0A+               <circle cx="12" cy="12" r="3" stroke="currentColor" strokeWidth="1.8" />%0A+               <path d="M19.4 15a1.7 1.7 0 0 0 .34 1.88l.06.06-2.83 2.83-.06-.06A1.7 1.7 0 0 0 15 19.4a1.7 1.7 0 0 0-1 .6 1.7 1.7 0 0 0-.4 1.1V21h-4v-.1a1.7 1.7 0 0 0-1.1-1.6 1.7 1.7 0 0 0-1.88.34l-.06.06-2.83-2.83.06-.06A1.7 1.7 0 0 0 4.6 15a1.7 1.7 0 0 0-.6-1 1.7 1.7 0 0 0-1.1-.4H3v-4h.1a1.7 1.7 0 0 0 1.6-1.1 1.7 1.7 0 0 0-.34-1.88l-.06-.06 2.83-2.83.06.06A1.7 1.7 0 0 0 9 4.6a1.7 1.7 0 0 0 1-.6 1.7 1.7 0 0 0 .4-1.1V3h4v.1a1.7 1.7 0 0 0 1.1 1.6 1.7 1.7 0 0 0 1.88-.34l.06-.06 2.83 2.83-.06.06A1.7 1.7 0 0 0 19.4 9c.1.38.3.72.6 1 .3.27.68.4 1.1.4h.1v4h-.1a1.7 1.7 0 0 0-1.7.6Z"%0A+                 stroke="currentColor" strokeWidth="1.5" strokeLinecap="round" strokeLinejoin="round" />%0A+             </svg></button>%0A+           <button%0A+             onClick={() => { clearUploadPreviewCache(); void reloadLibrary(); }}%0A+             title={deferredLibraryReloadRef.current ? "Reload queued until uploads finish" : "Reload Library"}%0A+             disabled={loading || libraryRefreshing}%0A+             style={{ width: 32, height: 32, borderRadius: 8, background: "transparent", border: "none", color: (loading || libraryRefreshing) ? "#666" : "#444", cursor: (loading || libraryRefreshing) ? "default" : "pointer", display: "flex", alignItems: "center", justifyContent: "center", fontSize: 15 }}%0A+             onMouseEnter={e => { if (!loading && !libraryRefreshing) e.currentTarget.style.color = "#aaa"; }}%0A+             onMouseLeave={e => { e.currentTarget.style.color = (loading || libraryRefreshing) ? "#666" : "#444"; }}%0A+           ><span style={{ display: "inline-block", animation: libraryRefreshing ? "beatgaler-refresh-spin .62s linear infinite" : "none" }}>↻</span></button>%0A+           {/* Apple-style Select / Select All / Done */}%0A+           {selectMode ? (%0A+             <>%0A+               <button%0A+                 onClick={() => toggleSelectAll(displayedBeats)}%0A+                 style={{ padding: "5px 12px", borderRadius: 7, background: "transparent", border: "1px solid #2a2a2a", color: "#888", fontSize: 12, cursor: "pointer" }}>%0A+                 {displayedBeats.length > 0 && displayedBeats.every(b => selectedIds.has(b.id)) ? "Deselect All" : "Select All"}%0A+               </button>%0A+               <button%0A+                 onClick={finishSelection}%0A+                 style={{ padding: "5px 12px", borderRadius: 7, background: "transparent", border: "1px solid #2a2a2a", color: "#ccc", fontSize: 12, cursor: "pointer", fontWeight: 500 }}>%0A+                 Done%0A+               </button>%0A+             </>%0A+           ) : (%0A+             <button%0A+               onClick={() => toggleSelection(null, false, displayedBeats)}%0A+               style={{ padding: "5px 12px", borderRadius: 7, background: "transparent", border: "1px solid #1e1e1e", color: "#555", fontSize: 12, cursor: "pointer" }}%0A+               onMouseEnter={e => { (e.currentTarget as HTMLElement).style.color = "#aaa"; (e.currentTarget as HTMLElement).style.borderColor = "#2a2a2a"; }}%0A+               onMouseLeave={e => { (e.currentTarget as HTMLElement).style.color = "#555"; (e.currentTarget as HTMLElement).style.borderColor = "#1e1e1e"; }}>%0A+               Select%0A+             </button>%0A+           )}%0A+         </div>%0A+       </div>%0A+%0A+       {/* Selection toolbar */}%0A+       {selectedIds.size > 0 && (%0A+         <div style={{ padding: "0 24px", height: 40, display: "flex", alignItems: "center", gap: 12, background: "#111", borderBottom: "1px solid #1a1a1a", flexShrink: 0 }}>%0A+           <span style={{ fontSize: 12, color: "#888" }}>{selectedIds.size} selected</span>%0A+           <button onClick={handleEditBulk}%0A+             style={{ padding: "5px 14px", background: "#1e1e1e", border: "1px solid #2a2a2a", borderRadius: 6, color: "#ccc", fontSize: 12, cursor: "pointer" }}>%0A+             Edit all%0A+           </button>%0A+           <button onClick={handleUploadBulk}%0A+             style={{ padding: "5px 14px", background: "#202020", border: "1px solid #2e2e2e", borderRadius: 6, color: "#e0e0e0", fontSize: 12, cursor: "pointer", fontWeight: 500 }}>%0A+             Upload to YouTube%0A+           </button>%0A+           <button onClick={handleRemoveBulk}%0A+             style={{ padding: "5px 14px", background: "transparent", border: "1px solid #3d0000", borderRadius: 6, color: "#f87171", fontSize: 12, cursor: "pointer" }}>%0A+             Remove all%0A+           </button>%0A+           <button onClick={finishSelection}%0A+             style={{ marginLeft: "auto", background: "none", border: "none", color: "#444", fontSize: 12, cursor: "pointer" }}>%0A+             Cancel%0A+           </button>%0A+         </div>%0A+       )}%0A+%0A+       {/* Tag filter */}%0A+ <div style={{ padding: "7px 24px", display: "flex", gap: 6, flexWrap: "wrap", borderBottom: "1px solid #111", flexShrink: 0 }}>%0A+   <button%0A+     onClick={clearTagFilters}%0A+     style={{%0A+       padding: "4px 12px", borderRadius: 20,%0A+       background: (!includedTags.size && !excludedTags.size) ? "#e5e5e5" : "transparent",%0A+       border: `1px solid ${(!includedTags.size && !excludedTags.size) ? "#e5e5e5" : "#1e1e1e"}`,%0A+       color: (!includedTags.size && !excludedTags.size) ? "#000" : "#444", fontSize: 12, cursor: "pointer",%0A+     }}>All</button>%0A+   {allTags.map(t => {%0A+     const color = tagColors[t.trim().toLowerCase()];%0A+     const included = includedTags.has(t);%0A+     const excluded = excludedTags.has(t);%0A+     const bg = excluded ? "rgba(248,113,113,0.14)" : included ? (color ?? "#e5e5e5") : (color ? `${color}22` : "transparent");%0A+     const border = excluded ? "#7f1d1d" : included ? (color ?? "#e5e5e5") : (color ? `${color}55` : "#1e1e1e");%0A+     const text = excluded ? "#f87171" : included ? (color ? "#fff" : "#000") : (color ?? "#444");%0A+     return (%0A+       <button key={t}%0A+         onClick={(e) => handleTagClick(t, e)}%0A+         onContextMenu={(e) => {%0A+           e.preventDefault();%0A+           window.dispatchEvent(new Event("beatcard:close-menus"));%0A+           setTagColorMenu({ tag: t, x: e.clientX, y: e.clientY });%0A+         }}%0A+         style={{%0A+           padding: "4px 12px", borderRadius: 20, background: bg,%0A+           border: `1px solid ${border}`, color: text, fontSize: 12, cursor: "pointer",%0A+           textDecoration: excluded ? "line-through" : "none",%0A+           display: "inline-flex", alignItems: "center", gap: 5,%0A+         }}>%0A+         {t}%0A+       </button>%0A+     );%0A+   })}%0A+ </div>%0A+%0A+ {tagColorMenu && (%0A+   <TagColorMenu%0A+     x={tagColorMenu.x}%0A+     y={tagColorMenu.y}%0A+     current={tagColors[tagColorMenu.tag.trim().toLowerCase()] ?? null}%0A+     onSelect={(hex) => { setTagColor(tagColorMenu.tag, hex); setTagColorMenu(null); }}%0A+     onRename={() => {%0A+       openTagRename(tagColorMenu.tag);%0A+       setTagColorMenu(null);%0A+     }}%0A+     onClose={() => setTagColorMenu(null)}%0A+   />%0A+ )}%0A+%0A+%0A+ {tagRename && (%0A+   <TagRenameDialog%0A+     rename={tagRename}%0A+     busy={tagRenameBusy}%0A+     error={tagRenameError}%0A+     affectedCount={tagRenameAffectedCount}%0A+     mp3Count={tagRenameMp3Count}%0A+     wavCount={tagRenameWavCount}%0A+     onNewTagChange={setTagRenameNewTag}%0A+     onContinue={continueTagRename}%0A+     onBack={backTagRename}%0A+     onCancel={cancelTagRename}%0A+     onConfirm={confirmTagRename}%0A+   />%0A+ )}%0A+%0A+       {/* Grid — OS file drag-drop */}%0A+       <div%0A+         data-library-scroll="true"%0A+         aria-busy={startupCookingGate || (connectionState === "online" && !cloudSessionVerified)}%0A+         style={{ flex: 1, position: "relative", overflowY: "auto", padding: "28px 24px", paddingBottom: currentBeat ? 90 : 28, opacity: libraryRefreshing ? 0.82 : 1, transform: libraryRefreshing ? "scale(0.997)" : "scale(1)", transition: "opacity 150ms ease, transform 150ms ease" }}%0A+%0A+       >%0A+         {libraryRefreshing && (%0A+           <div aria-hidden="true" style={{ position: "sticky", top: -28, left: 0, right: 0, height: 2, zIndex: 20, overflow: "hidden", pointerEvents: "none" }}>%0A+             <div style={{ width: "28%25", height: "100%25", background: "rgba(255,255,255,.38)", animation: "beatgaler-refresh-line .72s ease-in-out infinite" }} />%0A+           </div>%0A+         )}%0A+         {filteredBeats.length === 0 ? (%0A+           <div style={{ textAlign: "center", paddingTop: 92, color: "#383838" }}>%0A+             {beats.length === 0 ? (%0A+               cloudSessionVerified && connectionState === "online" ? (%0A+                 <div>%0A+                   <div style={{ fontSize: 15, color: "#555", fontWeight: 500 }}>Empty Gallery</div>%0A+                   <div style={{ marginTop: 7, fontSize: 12, color: "#2f2f2f" }}>Add a beat to start your library.</div>%0A+                 </div>%0A+               ) : connectionState === "offline" || connectionState === "poor" ? (%0A+                 <div>%0A+                   <div style={{ fontSize: 15, color: "#555", fontWeight: 500 }}>No offline beats available</div>%0A+                   <div style={{ marginTop: 7, fontSize: 12, color: "#2f2f2f" }}>Reconnect to verify your Galer Cloud library.</div>%0A+                 </div>%0A+               ) : (%0A+                 <div aria-label="Loading beat library" style={{ minHeight: 1 }} />%0A+               )%0A+             ) : <div style={{ fontSize: 13 }}>No beats match your search</div>}%0A+           </div>%0A+         ) : (%0A+           <DndContext%0A+             sensors={sensors}%0A+             collisionDetection={closestCenter}%0A+             onDragStart={handleDragStart}%0A+             onDragEnd={handleDragEnd}%0A+             onDragCancel={handleDragCancel}%0A+           >%0A+             <SortableContext items={filteredBeats.map((b) => b.id)} strategy={rectSortingStrategy}>%0A+               <div style={{ display: "flex", justifyContent: "center", width: "100%25" }}>%0A+                 <div style={{ display: "flex", flexWrap: "wrap", justifyContent: "center", gap: "28px 22px", alignContent: "flex-start", maxWidth: 1300 }}>%0A+                 {filteredBeats.map((beat, i) => (%0A+                   <BeatCard%0A+                     key={beat.id}%0A+                     beat={beat}%0A+                     visible={revealedBeatIds.has(beat.id)}%0A+                     interactive={cloudSessionVerified || connectionState === "offline" || connectionState === "poor"}%0A+                     playbackInteractive={connectionState !== "offline" || Boolean(beat.offline_available)}%0A+                     openableProject={platform.capabilities.openProjectInDaw && (openableCloudProjectIds.has(beat.id) || Boolean(beat.offline_available && (beat.has_flp || beat.has_als) && (beat.flp_path || beat.als_path)))}%0A+                     cloudUploadErrorDetail={backgroundUploadErrors[beat.id]}%0A+                     tagFrequency={tagFrequency}%0A+                     showIncompleteWarnings={settings?.incomplete_warnings_enabled ?? true}%0A+                     playing={audio.playingId === beat.id && audio.isPlaying}%0A+                     selected={selectedIds.has(beat.id)}%0A+                     selectedCount={selectedIds.size}%0A+                     selectMode={selectMode}%0A+                     dragEnabled={!selectMode && platform.capabilities.manualLibraryReorder}%0A+                     networkOnline={connectionState === "online"}%0A+                     offlineBusy={offlineBusyIds.has(beat.id)}%0A+                     canUseOfflinePackage={platform.capabilities.offlinePackage}%0A+                     canUseLocalHelper={platform.capabilities.localHelper}%0A+                     canInspectNativeProject={platform.capabilities.openProjectInDaw}%0A+                     onToggleOffline={handleToggleOffline}%0A+                     onRetryUpload={retryBackgroundUpload}%0A+                     onBulkEdit={handleEditBulk}%0A+                     onBulkUpload={handleUploadBulk}%0A+                     onBulkDelete={handleRemoveBulk}%0A+                     onPlay={handlePlay}%0A+                     onWarm={handleWarm}%0A+                     onDetail={b => setDrawer({ beat: b, mode: "detail" })}%0A+                     onEdit={b => { if (!rejectOfflineMutation("Editing metadata")) setDrawer({ beat: b, mode: "edit" }); }}%0A+                     onDelete={deleteBeat}%0A+                     onAddToQueue={addToQueue}%0A+                     onUpload={handleUpload}%0A+                     onUploadTelegram={handleUploadTelegram}%0A+                     onDownloadTelegram={handleDownloadTelegram}%0A+                     onUploadProjectTelegram={handleUploadProjectTelegram}%0A+                     onOpenProject={handleOpenProject}%0A+                     onUpdateProject={handleUpdateProject}%0A+                     onCloudFiles={handleCloudFiles}%0A+                     onToggleSelect={(b, e) => toggleSelection(b, e.shiftKey, filteredBeats)}%0A+                     animDelay={0}%0A+                   />%0A+                 ))}%0A+                 </div>%0A+               </div>%0A+             </SortableContext>%0A+             <DragOverlay>%0A+               {activeDragBeat ? (%0A+                 <div style={{ width: 160, borderRadius: 12, transform: "scale(1.02)", boxShadow: "0 20px 40px rgba(0,0,0,0.6)" }}>%0A+                   <Artwork beat={activeDragBeat} size={160} playing={false} />%0A+                 </div>%0A+               ) : null}%0A+             </DragOverlay>%0A+           </DndContext>%0A+         )}%0A+       </div>%0A+%0A+       {/* + Add beat */}%0A+       {!currentBeat && (%0A+         <div style={{ position: "fixed", bottom: 24, left: "50%25", transform: "translateX(-50%25)", zIndex: 45 }}>%0A+           <button onClick={() => { if (!rejectOfflineMutation("Adding a beat")) setShowAdd(true); }}%0A+             style={{ padding: "9px 20px", borderRadius: 40, background: "#161616", border: "1px solid #242424", color: "#777", fontSize: 13, cursor: "pointer", display: "flex", alignItems: "center", gap: 8, boxShadow: "0 4px 24px rgba(0,0,0,0.6)" }}%0A+             onMouseEnter={e => { (e.currentTarget as HTMLElement).style.background = "#202020"; (e.currentTarget as HTMLElement).style.color = "#ccc"; }}%0A+             onMouseLeave={e => { (e.currentTarget as HTMLElement).style.background = "#161616"; (e.currentTarget as HTMLElement).style.color = "#777"; }}>%0A+             <PlusIcon size={11} /> Add beat%0A+           </button>%0A+         </div>%0A+       )}%0A+%0A+       {cloudFilesBeat && (%0A+         <CloudFilesModal%0A+           beat={cloudFilesBeat}%0A+           files={cloudFiles}%0A+           busyId={cloudFilesBusyId}%0A+           downloadedIds={cloudFilesDownloadedIds}%0A+           onDownload={handleGetCloudFile}%0A+           onClose={closeCloudFiles}%0A+         />%0A+       )}%0A+%0A+       {showAdd && <AddBeatModal onClose={() => setShowAdd(false)} onAdd={addBeatsAndReview} existingBeats={beats} />}%0A+%0A+       {showSettings && (%0A+         <SettingsPanel%0A+           currentFolder={settings?.beats_folder ?? null}%0A+           showIncompleteWarnings={settings?.incomplete_warnings_enabled ?? true}%0A+           onIncompleteWarningsChanged={handleIncompleteWarningsChanged}%0A+           customCursorEnabled={settings?.custom_cursor_enabled ?? true}%0A+           onCustomCursorChanged={handleCustomCursorChanged}%0A+           telegramConnected={settings?.telegram_cloud_connected ?? false}%0A+           networkOnline={connectionState === "online"}%0A+           telegramUsername={settings?.telegram_cloud_username ?? null}%0A+           onDisconnectTelegram={handleDisconnectTelegramAccount}%0A+           onClose={() => setShowSettings(false)}%0A+           onFolderChanged={handleFolderChanged}%0A+           onBeatRestored={handleBeatRestored}%0A+         />%0A+       )}%0A+%0A+       {drawer && !reviewQueue && !reviewBootstrap && (%0A+         <Drawer%0A+           beat={drawer.beat}%0A+           mode={drawer.mode}%0A+           tagSuggestions={tagSuggestions}%0A+           onClose={() => { setDrawer(null); clearSelection(); }}%0A+           onSaved={updateBeat}%0A+           onReleaseAudio={() => { if (audio.playingId === drawer.beat.id) releaseFile(); }}%0A+           selectedBeats={selectedBeats.length > 1 ? selectedBeats : undefined}%0A+           onBulkSaved={applyBulkUpdate}%0A+           mutationAllowed={connectionState === "online"}%0A+           onCloudMutationCommit={platform.capabilities.browserCloudEditing ? undefined : commitDrawerCloudMutation}%0A+         />%0A+       )}%0A+%0A+       <ImportReviewHost%0A+   libraryDropStaging={libraryDropStaging}%0A+   reviewBootstrap={reviewBootstrap}%0A+   reviewQueue={reviewQueue}%0A+   skeletonEnabled={REVIEW_SKELETON_ENABLED}%0A+   tagSuggestions={tagSuggestions}%0A+   mutationAllowed={connectionState === "online"}%0A+   onSkipCurrent={skipCurrentReviewBeat}%0A+   onCancel={cancelReview}%0A+   onSaveAll={platform.capabilities.reviewBeatCloudCommit ? undefined : handleReviewedSaveAll}%0A+   isReviewNameTaken={(candidateName) => {%0A+     const normalized = candidateName.trim().toLocaleLowerCase();%0A+     if (!normalized) return false;%0A+     return beats.some(existing =>%0A+       existing.name.trim().toLocaleLowerCase() === normalized%0A+     );%0A+   }}%0A+   onCloudMutationCommit={platform.capabilities.browserCloudEditing ? undefined : commitDrawerCloudMutation}%0A+   onSaved={handleReviewedBeatSaved}%0A+   onReleaseAudio={beat => {%0A+     if (audio.playingId === beat.id) releaseFile();%0A+   }}%0A+ />%0A+%0A+       {beatFileDrop && (%0A+         <BeatFileDropModal%0A+           beat={beatFileDrop.beat}%0A+           filePath={beatFileDrop.filePath}%0A+           fileName={fileNameFromPath(beatFileDrop.filePath)}%0A+           fileExtension={extensionFromPath(beatFileDrop.filePath)}%0A+           isDirectory={beatFileDrop.kind === "directory"}%0A+           onChoose={handleDroppedBeatFileRole}%0A+           onClose={() => {%0A+             void cleanupStagedDropPaths([beatFileDrop.filePath]);%0A+             setBeatFileDrop(null);%0A+           }}%0A+         />%0A+       )}%0A+%0A+       <ImportResolutionHost%0A+         audioConflictBatch={audioConflictBatch}%0A+         dropImportBatch={dropImportBatch}%0A+         onAudioConflictsCancel={cancelAudioConflicts}%0A+         onAudioConflictsResolved={resolveAudioConflicts}%0A+         onImportDecisionsClose={closeImportDecisions}%0A+         onImportDecisionsImported={importResolvedDecisions}%0A+       />%0A+%0A+       {(dropActive || dropImporting) && !libraryDropStaging && !reviewBootstrap && !reviewQueue && (%0A+         <div style={{%0A+           position: "fixed",%0A+           left: "50%25",%0A+           bottom: currentBeat ? 86 : 24,%0A+           transform: "translateX(-50%25)",%0A+           zIndex: 10000,%0A+           pointerEvents: "none",%0A+           width: "min(620px, calc(100vw - 48px))",%0A+         }}>%0A+           <div style={{%0A+             padding: "13px 18px",%0A+             borderRadius: 12,%0A+             border: "2px dashed #f5a623",%0A+             background: "rgba(17,17,17,0.94)",%0A+             textAlign: "center",%0A+             boxShadow: "0 10px 32px rgba(0,0,0,0.42)",%0A+           }}>%0A+             <div style={{ fontSize: 13, color: "#eee", fontWeight: 600 }}>%0A+               {dropImporting ? "Importando…" : "Suelta aquí para agregar como beat aparte"}%0A+             </div>%0A+             {!dropImporting && (%0A+               <div style={{ fontSize: 10, color: "#777", marginTop: 4, lineHeight: 1.45 }}>%0A+                 O arrástralo encima de un beat para agregarlo a ese beat.%0A+               </div>%0A+             )}%0A+           </div>%0A+         </div>%0A+       )}%0A+%0A+       {currentBeat && (%0A+         <Player%0A+           beat={currentBeat}%0A+           playing={audio.isPlaying}%0A+           progress={audio.progress}%0A+           duration={audio.duration}%0A+           volume={audio.volume}%0A+           queue={queuedBeats}%0A+           currentIndex={-1}%0A+           showQueue={showQueue}%0A+           shuffleEnabled={shuffleEnabled}%0A+           repeatMode={repeatMode}%0A+           canShowQueue={queuedBeats.length > 0}%0A+           onToggle={togglePause}%0A+           onSeek={seek}%0A+           onPrev={handlePrev}%0A+           onNext={() => handleNext(false)}%0A+           onVolumeChange={setVolume}%0A+           onToggleShuffle={toggleShuffle}%0A+           onCycleRepeat={cycleRepeat}%0A+           onToggleQueue={toggleQueue}%0A+           onPlayQueueIndex={playQueueIndex}%0A+           canAddBeat={platform.capabilities.browserFileImport || platform.capabilities.nativeFilesystemDrop}%0A+           onAddBeat={() => { if (!rejectOfflineMutation("Adding a beat")) setShowAdd(true); }}%0A+           onDetail={(b) => setDrawer({ beat: b, mode: "detail" })}%0A+           onEdit={(b) => { if (!rejectOfflineMutation("Editing metadata")) setDrawer({ beat: b, mode: "edit" }); }}%0A+           onDelete={deleteBeat}%0A+           onAddToQueue={addToQueue}%0A+         />%0A+       )}%0A+%0A+       {showUpload && (%0A+         <UploadModal%0A+           initialBeat={showUpload.initialBeat}%0A+           allBeats={beats}%0A+           initialSelectedIds={showUpload.selectedIds}%0A+           onClose={() => setShowUpload(null)}%0A+         />%0A+       )}%0A+%0A+       <JobStatusBar />%0A+     </div>%0A+   );%0A+ }%0A+%0A+%0A+ export default function App() {%0A+   return platform.kind === "web"%0A+     ? <BeatGalerApp />%0A+     : <AccountGate><BeatGalerApp /></AccountGate>;%0A+ }%0A+%0A%0A ❯ tests/component-dom/startupRevealArchitecture.test.ts:33:17%0A%0A
EXIT_CODE=1
